MANUFACTURER,MANUFACTURER IMG,Brand,Brand aka,Brand IMG,Line,Cigar,Cigar IMG,Vitola,Length,RG,Shape,Wrapper,Binder,Filler,Origin,Wrapper Shade,Strength,Cuban,Box Pressed,Tubo,F/S,TIN,Pack,Barber,Favorite,MSRP,Box MSRP,Box Count,Inventory,Keystone1,Box Cost,Cigar Cost,Net,PRODUCT #,Master Case,Excerpt,Media,Year,Rank,key
,img/icons/manufacturers/gpc.svg,1502,,,Ruby,Conquistador,,,,,,Ecuador,Nicaragua,Nicaragua,Nicaragua,,,,,,,,,,,0.0,,,89,,,,,,,,Cigar Journal,2014.0,22.0,1502|conquistador|
,img/icons/manufacturers/gpc.svg,1502,,,XO,Toro,,Toro,,,Parejo,Undisclosed,Undisclosed,Undisclosed,Nicaragua,,,,,,,,,,,0.0,,,89,,,,,,,,Cigar Journal,2016.0,16.0,1502|toro|toro
,img/icons/manufacturers/gpc.svg,1502,,,XO,Churchill,,Churchill,,,Parejo,Undisclosed,Undisclosed,Undisclosed,Nicaragua,,,,,,,,,,,0.0,,,89,,,,,,,,Cigar Journal,2017.0,21.0,1502|churchill|churchill
,img/icons/manufacturers/gpc.svg,1502,,,,1502 ANIVERSARIO 10,,,,,,Ecuador,Mexico,Nicaragua,Nicaragua,,,,,,,,,,,0.0,,,89,,,,,,,,Cigar Journal,2022.0,25.0,1502|1502 aniversario 10|
Global Premium Cigars GPC,img/icons/manufacturers/gpc.svg,1502,,img/icons/brands/1502.svg,,1502 Blue Sapphire Rob Gordo,,Gordo,,,Parejo,,,,,,,,,,,,,,,14.25,,,89,,,,0.0,,,,,,,1502|1502 blue sapphire rob gordo|gordo
Global Premium Cigars GPC,img/icons/manufacturers/gpc.svg,1502,,img/icons/brands/1502.svg,,1502 Black Gold Robusto,,Robusto,,,Parejo,,,,,,,,,,,,,,,11.0,,,89,,,,0.0,,,,,,,1502|1502 black gold robusto|robusto
Global Premium Cigars GPC,img/icons/manufacturers/gpc.svg,1502,,img/icons/brands/1502.svg,,1502 Emerald Robusto BP,,Robusto,,,Parejo,,,,,,,,BP,,,,,,,11.0,,,89,,,,0.0,,,,,,,1502|1502 emerald robusto bp|robusto
Global Premium Cigars GPC,img/icons/manufacturers/gpc.svg,1502,,img/icons/brands/1502.svg,,1502 Nicaragua Robusto,,Robusto,,,Parejo,,,,,,,,,,,,,,,12.05,,,89,,,,0.0,,,,,,,1502|1502 nicaragua robusto|robusto
Global Premium Cigars GPC,img/icons/manufacturers/gpc.svg,1502,,img/icons/brands/1502.svg,,1502 Ruby Robusto BP,,Robusto,,,Parejo,,,,,,,,BP,,,,,,,11.0,,,89,,,,0.0,,,,,,,1502|1502 ruby robusto bp|robusto
Global Premium Cigars GPC,img/icons/manufacturers/gpc.svg,1502,,img/icons/brands/1502.svg,,1502 Anniversario 10 Toro,,Toro,,,Parejo,,,,,,,,,,,,,,,17.25,,,89,,,,0.0,,,,,,,1502|1502 anniversario 10 toro|toro
Drew Estate,img/icons/manufacturers/drewestate.svg,20 Acre Farm,20af,img/icons/brands/20acrefarm.svg,20 Acre Farm,Robusto,,Robusto,5.25,54,Parejo,USA Connecticut Shade,"Habano, Honduras","Nicaragua, USA",Nicaragua,Claro,Medium,,,,,,,,,14.7,294,20,89,15.95,149.5,7.475,8.475,Q-01-82-001,30.0,,,,,20 acre farm|robusto|robusto
Drew Estate,img/icons/manufacturers/drewestate.svg,20 Acre Farm,20af,img/icons/brands/20acrefarm.svg,20 Acre Farm,Toro,,Toro,6,52,Parejo,USA Connecticut Shade,"Habano, Honduras","Nicaragua, USA",Nicaragua,Claro,Medium,,,,,,,,,15.7,314,20,89,16.95,159.5,7.975,8.975,Q-01-82-002,30.0,,,,,20 acre farm|toro|toro
Drew Estate,img/icons/manufacturers/drewestate.svg,20 Acre Farm,20af,img/icons/brands/20acrefarm.svg,20 Acre Farm,Gordito,,Gordo,6,60,Parejo,USA Connecticut Shade,"Habano, Honduras","Nicaragua, USA",Nicaragua,Claro,Medium,,,,,,,,,16.7,334,20,89,17.95,169.5,8.475,9.475,Q-01-82-003,30.0,,,,,20 acre farm|gordito|gordo
,,2012 by Oscar,,,Corojo,Toro,,Toro,,,Parejo,Honduras,Nicaragua,Honduras; Nicaragua,Honduras,,,,,,,,,,,0.0,,,89,,,,,,,,Cigar Journal,2017.0,17.0,2012 by oscar|toro|toro
,,601 La Bomba,,,,601 La Bomba Warhead X,https://www.cigaraficionado.com/top25cigar/601-la-bomba-warhead-x-2024,Toro,6,52,Parejo,Nicaragua,Nicaragua,Nicaragua,Nicaragua,,,,,,,,,,,0.0,,,89,,,,,,,,Aficionado,2024.0,18.0,601 la bomba|601 la bomba warhead x|toro
Kurt Kendall,,7-20-04,,img/icons/brands/72004.svg,,7-20-4 Lancero,,Lancero,,,Parejo,,,,,,,,,,,,,,,9.3,,,89,,,,0.0,,,,,,,7-20-04|7-20-4 lancero|lancero
Kurt Kendall,,7-20-04,,img/icons/brands/72004.svg,,7-20-4 1874 Robusto,,Robusto,,,Parejo,,,,,,,,,,,,,,,11.05,,,89,,,,0.0,,,,,,,7-20-04|7-20-4 1874 robusto|robusto
Kurt Kendall,,7-20-04,,img/icons/brands/72004.svg,,7-20-4 Hustler Robusto,,Robusto,,,Parejo,,,,,,,,,,,,,,,10.75,,,89,,,,0.0,,,,,,,7-20-04|7-20-4 hustler robusto|robusto
Kurt Kendall,,7-20-04,,img/icons/brands/72004.svg,,7-20-4 Robusto,,Robusto,,,Parejo,,,,,,,,,,,,,,,8.65,,,89,,,,0.0,,,,,,,7-20-04|7-20-4 robusto|robusto
Kurt Kendall,,7-20-04,,img/icons/brands/72004.svg,,7-20-4 Hustler Gran Toro,,Toro,,,Parejo,,,,,,,,,,,,,barber,,11.25,,,89,,,,0.0,,,,,,,7-20-04|7-20-4 hustler gran toro|toro
Kurt Kendall,,7-20-04,,img/icons/brands/72004.svg,,7-20-4  6-1/2,,Corona Extra,6.5,46,Parejo,,,,,,,,,,,,,,,8.35,,,89,,,,0.0,,,,,,,7-20-04|7-20-4  6-1/2|corona extra
Kurt Kendall,,7-20-04,,img/icons/brands/72004.svg,,7-20-4 1874 Gagger,,Gordo,6,60,Parejo,,,,,,,,,,,,,,,14.15,,,89,,,,0.0,,,,,,,7-20-04|7-20-4 1874 gagger|gordo
Kurt Kendall,,7-20-04,,img/icons/brands/72004.svg,,7-20-4 Five & Dime Toro,,Toro,6,52,Parejo,,,,,,,,,,,,,,,13.15,,,89,,,,0.0,,,,,,,7-20-04|7-20-4 five & dime toro|toro
Kurt Kendall,,7-20-04,,img/icons/brands/72004.svg,,7-20-4 Hustler Dog Walker,,Petit Corona,4.25,40,Parejo,,,,,,,,,,,,,,,7.25,,,89,,,,0.0,,,,,,,7-20-04|7-20-4 hustler dog walker|petit corona
,,A. Flores,,,,A. FLORES CONNECTICUT VALLEY RESERVE AZUL CHURCHILL,,Churchill,,,Parejo,USA,Nicaragua,Dominican Republic,Dominican Republic,Connecticut,,,,,,,,,,0.0,,,89,,,,,,,,Cigar Journal,2022.0,16.0,a. flores|a. flores connecticut valley reserve azul churchill|churchill
,,A. Turrent,,,,Churchill,,Churchill,7,48,Parejo,Maduro,Mexico,Mexico,Mexico,,,,,,,,,,,0.0,,,89,,,,,,,,Aficionado,2005.0,24.0,a. turrent|churchill|churchill
United Cigars,img/icons/manufacturers/unitedcigars.svg,Abuelo,,img/icons/brands/abuelo.svg,,Abuelo Nieto Robusto,,Robusto,5,,Parejo,,,,,,,,,,,,,,,10.55,,,89,,,,0.0,,,,,,,abuelo|abuelo nieto robusto|robusto
United Cigars,img/icons/manufacturers/unitedcigars.svg,Abuelo,,img/abuelo.svg,,Abuelo Padre Toro,,Toro,6,,Parejo,,,,,,,,,,,,,,,11.55,,,89,,,,0.0,,,,,,,abuelo|abuelo padre toro|toro
United Cigars,img/icons/manufacturers/unitedcigars.svg,Abuelo,,img/abuelo.svg,,Abuelo Nieta Perfecto,,Perfecto,5.25,,Perfecto,,,,,,,,,,,,,,,0.0,,,89,,,,0.0,,,,,,,abuelo|abuelo nieta perfecto|perfecto
,,Accomplice,,,,ACCOMPLICE 10TH ANNIVERSARY DECIENNE,,,,,,Ecuador,Nicaragua,"Dominican Republic, Nicaragua",Dominican Republic,,,,,,,,,,,0.0,,,89,,,,,,,,Cigar Journal,2023.0,13.0,accomplice|accomplice 10th anniversary decienne|
Drew Estate,img/icons/manufacturers/drewestate.svg,ACID,,img/icons/brands/acid.svg,Acid 20,Connecticut Toro,,Toro,6,50,Parejo,,,,Nicaragua,Natural,Medium ,,,,FS,,,,,11.75,235,20,89,13.4,124.0,6.2,7.2,Q-01-01-275,24.0,,,,,acid|connecticut toro|toro
Drew Estate,img/icons/manufacturers/drewestate.svg,ACID,,img/icons/brands/acid.svg,Acid 20,Maduro Robusto,,Robusto,5,50,Parejo,San Andres,Indonesia,Nicaragua,Nicaragua,EMS,Medium ,,BP,,FS,,,,,11.5,276,24,89,13.155,145.86,6.0775,7.0775,Q-01-01-229,30.0,,,,,acid|maduro robusto|robusto
Drew Estate,img/icons/manufacturers/drewestate.svg,ACID,,img/icons/brands/acid.svg,Acid 20,Maduro Toro,,Toro,6,50,Parejo,San Andres,Indonesia,Nicaragua,Nicaragua,EMS,Medium ,,,,FS,,,,,11.75,282,24,89,13.3991666666667,148.79,6.19958333333333,7.19958333333337,Q-01-01-264,24.0,,,,,acid|maduro toro|toro
Drew Estate,img/icons/manufacturers/drewestate.svg,ACID,,img/icons/brands/acid.svg,,Blondie Shelf Pack,,Cigarillo,4,38,Parejo,,,,Nicaragua,,,,,,FS,,Pack,,,31.85,159.25,5,89,37.284,90.71,18.142,19.142,Q-01-01-218,25.0,,,,,acid|blondie shelf pack|cigarillo
Drew Estate,img/icons/manufacturers/drewestate.svg,ACID,,img/icons/brands/acid.svg,,Blondie Belicoso,,Belicoso,5,54,Belicoso,,,,Nicaragua,,,,,,FS,,,,,10.5,252,24,89,12.1508333333333,133.81,5.57541666666667,6.57541666666663,Q-01-01-098,36.0,,,,,acid|blondie belicoso|belicoso
Drew Estate,img/icons/manufacturers/drewestate.svg,ACID,,img/icons/brands/acid.svg,,Blondie,,Cigarillo,4,38,Parejo,,,,Nicaragua,,,,,,FS,,,,,6.7,268,40,89,8.257,145.14,3.6285,4.6285,Q-01-01-013,36.0,,,,,acid|blondie|cigarillo
Drew Estate,img/icons/manufacturers/drewestate.svg,ACID,,img/icons/brands/acid.svg,,Blondie Candela,,Cigarillo,4,38,Parejo,,,,Nicaragua,,,,,,FS,,,,,6.7,268,40,89,8.257,145.14,3.6285,4.6285,Q-01-01-167,36.0,,,,,acid|blondie candela|cigarillo
Drew Estate,img/icons/manufacturers/drewestate.svg,ACID,,img/icons/brands/acid.svg,,Blondie Gold,,Cigarillo,4,38,Parejo,,,,Nicaragua,,,,,,FS,,,,,6.7,268,40,89,8.257,145.14,3.6285,4.6285,Q-01-01-165,36.0,,,,,acid|blondie gold|cigarillo
Drew Estate,img/icons/manufacturers/drewestate.svg,ACID,,img/icons/brands/acid.svg,,Blondie Maduro,,Cigarillo,4,38,Parejo,,,,Nicaragua,,,,,,FS,,,,,6.7,268,40,89,8.257,145.14,3.6285,4.6285,Q-01-01-131,36.0,,,,,acid|blondie maduro|cigarillo
Drew Estate,img/icons/manufacturers/drewestate.svg,ACID,,img/icons/brands/acid.svg,,Krush Blue Connecticut,,Cigarillo,4,32,Parejo,Connecticut Shade,Nicaragua,Nicaragua,Nicaragua,Natural,Medium ,,,,FS,Tin,,,,21.0,105,5,89,27.0,65.0,13.0,14.0,Q-01-01-036,50.0,,,,,acid|krush blue connecticut|cigarillo
Drew Estate,img/icons/manufacturers/drewestate.svg,ACID,,img/icons/brands/acid.svg,,Krush Gold Sumatra,,Cigarillo,4,32,Parejo,,Nicaragua,Nicaragua,Nicaragua,Natural,Medium ,,,,FS,Tin,,,,21.0,105,5,89,27.0,65.0,13.0,14.0,Q-01-01-040,50.0,,,,,acid|krush gold sumatra|cigarillo
Drew Estate,img/icons/manufacturers/drewestate.svg,ACID,,img/icons/brands/acid.svg,,Krush Green Candela,,Cigarillo,4,32,Parejo,Candela,Nicaragua,Nicaragua,Nicaragua,Candela,Medium ,,,,FS,Tin,,,,21.0,105,5,89,27.0,65.0,13.0,14.0,Q-01-01-148,50.0,,,,,acid|krush green candela|cigarillo
Drew Estate,img/icons/manufacturers/drewestate.svg,ACID,,img/icons/brands/acid.svg,,Krush Maduro,,Cigarillo,4,32,Parejo,Connecticut Broadleaf Maduro,Nicaragua,Nicaragua,Nicaragua,Maduro,Medium ,,,,FS,Tin,,,,21.0,105,5,89,27.0,65.0,13.0,14.0,Q-01-01-037,50.0,,,,,acid|krush maduro|cigarillo
Drew Estate,img/icons/manufacturers/drewestate.svg,ACID,,img/icons/brands/acid.svg,,Krush Red,,Cigarillo,4,32,Parejo,Cameroon,Nicaragua,Nicaragua,Nicaragua,Maduro,Medium ,,,,FS,Tin,,,,21.0,105,5,89,27.0,65.0,13.0,14.0,Q-01-01-039,50.0,,,,,acid|krush red|cigarillo
Drew Estate,img/icons/manufacturers/drewestate.svg,ACID,,img/icons/brands/acid.svg,,Kuba Kuba Pack,,Robusto Gordo,5,54,Parejo,Sumatra,,Nicaragua,Nicaragua,Natural,Mild,,,,FS,,Pack,,,53.75,268.75,5,89,60.772,149.43,29.886,30.886,Q-01-01-214,16.0,,,,,acid|kuba kuba pack|robusto gordo
Drew Estate,img/icons/manufacturers/drewestate.svg,ACID,,img/icons/brands/acid.svg,,Kuba Maduro Pack,,Robusto Gordo,5,54,Parejo,Connecticut Broadleaf Maduro,Nicaragua,Nicaragua,Nicaragua,EMS,Medium ,,,,FS,,Pack,,,53.75,268.75,5,89,60.772,149.43,29.886,30.886,Q-01-01-215,16.0,,,,,acid|kuba maduro pack|robusto gordo
Drew Estate,img/icons/manufacturers/drewestate.svg,ACID,,img/icons/brands/acid.svg,,Kuba Kuba Ashtray Assortment,,Robusto Gordo,5,54,Parejo,,,,Nicaragua,,,,,,FS,,Pack,,,11.3,113,10,89,12.96,59.8,5.98,6.98,Q-03-01-119,24.0,,,,,acid|kuba kuba ashtray assortment|robusto gordo
Drew Estate,img/icons/manufacturers/drewestate.svg,ACID,,img/icons/brands/acid.svg,,Kuba Deluxe,,Toro,6,50,Parejo,Sumatra,Nicaragua,Nicaragua,Nicaragua,EMS,Medium ,,,,FS,,,,,14.2,142,10,89,15.852,74.26,7.426,8.426,Q-01-01-032,30.0,,,,,acid|kuba deluxe|toro
Drew Estate,img/icons/manufacturers/drewestate.svg,ACID,,img/icons/brands/acid.svg,,Kuba Grande,,Gordo,6,60,Parejo,Ecuador Sumatra,Nicaragua,Nicaragua,Nicaragua,EMS,Medium ,,,,FS,,,,,14.7,147,10,89,16.352,76.76,7.676,8.676,Q-01-01-122,36.0,,,,,acid|kuba grande|gordo
Drew Estate,img/icons/manufacturers/drewestate.svg,ACID,,img/icons/brands/acid.svg,,Kubariety Sampler,,Robusto Gordo,5,54,Parejo,,,,Nicaragua,,,,,,FS,,Pack,,,22.85,114.25,15,89,9.13466666666666,61.01,4.06733333333333,5.06733333333333,Q-03-01-112,16.0,,,,,acid|kubariety sampler|robusto gordo
Drew Estate,img/icons/manufacturers/drewestate.svg,ACID,,img/icons/brands/acid.svg,,Kuba Candela,,Robusto Gordo,5,54,Parejo,,,,Nicaragua,,,,,,FS,,,,,11.3,271.2,24,89,12.955,143.46,5.9775,6.9775,Q-01-01-149,36.0,,,,,acid|kuba candela|robusto gordo
Drew Estate,img/icons/manufacturers/drewestate.svg,ACID,,img/icons/brands/acid.svg,,Kuba Kuba,,Robusto Gordo,5,54,Parejo,Sumatra,,Nicaragua,Nicaragua,Natural,Mild,,,,FS,,,,,11.3,271.2,24,89,12.955,143.46,5.9775,6.9775,Q-01-01-016,36.0,,,,,acid|kuba kuba|robusto gordo
Drew Estate,img/icons/manufacturers/drewestate.svg,ACID,,img/icons/brands/acid.svg,,Kuba Maduro,,Robusto Gordo,5,54,Parejo,Connecticut Broadleaf Maduro,Nicaragua,Nicaragua,Nicaragua,EMS,Medium ,,,,FS,,,,,11.3,271.2,24,89,12.955,143.46,5.9775,6.9775,Q-01-01-099,36.0,,,,,acid|kuba maduro|robusto gordo
Drew Estate,img/icons/manufacturers/drewestate.svg,ACID,,img/icons/brands/acid.svg,,Kuba Deluxe Tubo,,Toro,6,50,Parejo,Sumatra,Nicaragua,Nicaragua,Nicaragua,EMS,Medium ,,,Tubo,FS,,,,,14.2,14.2,25,89,15.8576,185.72,7.4288,8.4288,Q-01-01-250,12.0,,,,,acid|kuba deluxe tubo|toro
Drew Estate,img/icons/manufacturers/drewestate.svg,ACID,,img/icons/brands/acid.svg,,Cold Infusion Pack,,Corona Extra,6.75,44,Parejo,,,,Nicaragua,,,,,,FS,,Pack,,,49.95,249.7,5,89,56.756,139.39,27.878,28.878,Q-01-01-216,20.0,,,,,acid|cold infusion pack|corona extra
Drew Estate,img/icons/manufacturers/drewestate.svg,ACID,,img/icons/brands/acid.svg,,Toast Shelf Pack,,Toro,6,50,Parejo,,,,Nicaragua,,,,,,FS,,Pack,,,54.7,273.5,5,89,61.776,151.94,30.388,31.388,Q-01-01-217,15.0,,,,,acid|toast shelf pack|toro
Drew Estate,img/icons/manufacturers/drewestate.svg,ACID,,img/icons/brands/acid.svg,,Seven Wonders,,Assorted,Various,Various,,,,,Nicaragua,,,,,,FS,,,,,0.0,81.25,7,89,11.5,36.75,5.25,6.25,Q-03-01-127,41.0,,,,,acid|seven wonders|assorted
Drew Estate,img/icons/manufacturers/drewestate.svg,ACID,,img/icons/brands/acid.svg,,C-Notes,,Cigarillo,3.75,22,Parejo,,,,Nicaragua,,,,,,FS,,Pack,,,8.75,175,10,89,23.016,110.08,11.008,12.008,Q-01-01-106,45.0,,,,,acid|c-notes|cigarillo
Drew Estate,img/icons/manufacturers/drewestate.svg,ACID,,img/icons/brands/acid.svg,,Extra Ordinary Larry,,Gordo,6,60,Parejo,,,,Nicaragua,,,,,,FS,,,,,14.7,147,10,89,16.352,76.76,7.676,8.676,Q-01-01-021,36.0,,,,,acid|extra ordinary larry|gordo
Drew Estate,img/icons/manufacturers/drewestate.svg,ACID,,img/icons/brands/acid.svg,,Collector's Tin,,Cigarillo,Various,Various,Parejo,,,,Nicaragua,,,,,,FS,Tin,,,,0.0,104.5,12,89,9.0,48.0,4.0,5.0,Q-03-01-126,72.0,,,,,acid|collector's tin|cigarillo
Drew Estate,img/icons/manufacturers/drewestate.svg,ACID,,img/icons/brands/acid.svg,,1400cc Tubo,,Toro,5,50,Parejo,,,,Nicaragua,,,,,Tubo,FS,,,,,13.2,237.6,18,89,14.8488888888889,124.64,6.92444444444444,7.92444444444446,Q-01-01-018,15.0,,,,,acid|1400cc tubo|toro
Drew Estate,img/icons/manufacturers/drewestate.svg,ACID,,img/icons/brands/acid.svg,,Cold Infusion,,Corona Extra,6.75,44,Parejo,,,,Nicaragua,,,,,,FS,,,,,10.5,252,24,89,12.1508333333333,133.81,5.57541666666667,6.57541666666663,Q-01-01-011,30.0,,,,,acid|cold infusion|corona extra
Drew Estate,img/icons/manufacturers/drewestate.svg,ACID,,img/icons/brands/acid.svg,,Atom Maduro,,Robusto,5,50,Parejo,San Andres,Indonesia,Nicaragua,Nicaragua,EMS,Medium ,,,,FS,,,,,11.2,268.8,24,89,12.8525,142.23,5.92625,6.92625,Q-01-01-007,36.0,,,,,acid|atom maduro|robusto
Drew Estate,img/icons/manufacturers/drewestate.svg,ACID,,img/icons/brands/acid.svg,,Plush,,Robusto,5.5,50,Parejo,,,,Nicaragua,,,,,,FS,,,,,11.2,268.8,24,89,12.8525,142.23,5.92625,6.92625,Q-01-01-219,36.0,,,,,acid|plush|robusto
Drew Estate,img/icons/manufacturers/drewestate.svg,ACID,,img/icons/brands/acid.svg,,Toast,,Toro,6,50,Parejo,,,,Nicaragua,,,,,,FS,,,,,11.5,276,24,89,13.155,145.86,6.0775,7.0775,Q-01-01-074,20.0,,,,,acid|toast|toro
Drew Estate,img/icons/manufacturers/drewestate.svg,ACID,,img/icons/brands/acid.svg,,Deep Dish,,Gordo,5,58,Parejo,,,,Nicaragua,,,,BP,,FS,,,,,12.25,294,24,89,13.9025,154.83,6.45125,7.45125,Q-01-14-031,36.0,,,,,acid|deep dish|gordo
Drew Estate,img/icons/manufacturers/drewestate.svg,ACID,,img/icons/brands/acid.svg,,Croqueta Tubo,,Short Robusto,2.81,50,Parejo,,,,Nicaragua,,,,,Tubo,FS,,,,,10.75,10.75,25,89,12.8136,147.67,5.9068,6.9068,Q-01-01-251,12.0,,,,,acid|croqueta tubo|short robusto
,,JFR,,,,JFR Lunatic Habano Short Robusto,https://www.cigaraficionado.com/top25/2018/jfr-lunatic-habano-short-robusto,Robusto,4.75,52,Parejo,Ecuador,Nicaragua,Nicaragua,Nicaragua,,,,,,,,,,,0.0,,,89,,,,,,,,Aficionado,2018.0,7.0,aganorsa leaf|jfr lunatic habano short robusto|robusto
,,Aganorsa Leaf,,,,AGANORSA LEAF ANIVERSARIO MADURO GRAN ROBUSTO,,Robusto,,,Parejo,Nicaragua,Nicaragua,Nicaragua,Nicaragua,Maduro,,,,,,,,,,0.0,,,89,,,,,,,,Cigar Journal,2023.0,24.0,aganorsa leaf|aganorsa leaf aniversario maduro gran robusto|robusto
Altadis USA,img/icons/manufacturers/altadisusa.svg,Aging Room,,img/icons/brands/agingroom.svg,M356 II,Mezzo,https://www.cigaraficionado.com/top25cigar/aging-room-m356ii-mezzo-2016,Toro,6,54,Parejo,Dominican Republic,Dominican Republic,Dominican Republic,Dominican Republic,,,,,,,,,,,0.0,,,89,,,,,,,,Aficionado,2016.0,14.0,aging room|mezzo|toro
Altadis USA,img/icons/manufacturers/altadisusa.svg,Aging Room,,img/icons/brands/agingroom.svg,Pelo de Oro,Scherzo,,,,,,Nicaragua,Nicaragua,Nicaragua,Nicaragua,,,,,,,,,,,0.0,,,89,,,,,,,,Cigar Journal,2016.0,5.0,aging room|scherzo|
Altadis USA,img/icons/manufacturers/altadisusa.svg,Aging Room,,img/icons/brands/agingroom.svg,Quatrro,F55 Maestro,,,,,,Indonesia,Dominican Republic,Brazil,Dominican Republic,,,,,,,,,,,0.0,,,89,,,,,,,,Cigar Journal,2013.0,16.0,aging room|f55 maestro|
Altadis USA,img/icons/manufacturers/altadisusa.svg,Aging Room,,img/icons/brands/agingroom.svg,Quattro Nicaragua,Quattro Nicaragua Maestro,https://www.cigaraficionado.com/top25/2019/aging-room-quattro-nicaragua-maestro,Toro,6,52,Parejo,Nicaragua,Nicaragua,Nicaragua,Nicaragua,,,,,,,,,,,0.0,,,89,,,,,,,,Aficionado,2019.0,1.0,aging room|quattro nicaragua maestro|toro
Altadis USA,img/icons/manufacturers/altadisusa.svg,Aging Room,,img/icons/brands/agingroom.svg,Quattro Nicaragua,Aging Room Quattro Nicaragua Concerto,https://www.cigaraficionado.com/top25/2021/aging-room-quattro-nicaragua-concerto,Churchill,7,50,Parejo,Nicaragua,Nicaragua,Nicaragua,Nicaragua,,,,,,,,,,,0.0,,,89,,,,,,,,Aficionado,2021.0,14.0,aging room|aging room quattro nicaragua concerto|churchill
Altadis USA,img/icons/manufacturers/altadisusa.svg,Aging Room,,img/icons/brands/agingroom.svg,Small Batch M-356,Motivo,,,,,,Ecuador,Dominican Republic,Dominican Republic,Dominican Republic,,,,,,,,,,,0.0,,,89,,,,,,,,Cigar Journal,2014.0,14.0,aging room|motivo|
Altadis USA,img/icons/manufacturers/altadisusa.svg,Aging Room,,img/icons/brands/agingroom.svg,Solera Corojo,Fantastico,,,,,,Dominican Republic,Dominican Republic,Dominican Republic,Dominican Republic,,,,,,,,,,,0.0,,,89,,,,,,,,Cigar Journal,2017.0,23.0,aging room|fantastico|
Altadis USA,img/icons/manufacturers/altadisusa.svg,Aging Room,,img/icons/brands/agingroom.svg,,Quattro Nicaragua Espressivo 5x50,,Robusto,5,50,Box-Pressed Parejo,Nicaraguan Sumatra,Nicaragua,Nicaragua,Nicaragua,EMS,Medium-Full,,BP,,,,,,,13.55,,,89,,,,0.0,,,,,,,aging room|quattro nicaragua espressivo 5x50|robusto
Altadis USA,img/icons/manufacturers/altadisusa.svg,Aging Room,,img/icons/brands/agingroom.svg,,Quattro Nicaragua Vibrato 6x54,,Toro,6,54,Box-Pressed Parejo,Nicaraguan Sumatra,Nicaragua,Nicaragua,Nicaragua,EMS,Medium-Full,,BP,,,,,,,13.75,,,89,,,,0.0,,,,,,,aging room|quattro nicaragua vibrato 6x54|toro
AJ Fernandez,img/icons/manufacturers/ajfernandez.svg,AJ Fernandez,ajf,img/icons/brands/ajfernandez.svg,Bella Artes,Maduro Toro,https://www.cigaraficionado.com/top25/2022/aj-fernandez-bella-artes-maduro-toro,Toro,6.5,54,Parejo,Brazil Mata Fina,Mexico,Nicaragua,Nicaragua,Maduro,,,,,,,,,,0.0,,,89,,,,,,,,Aficionado,2022.0,25.0,aj fernandez|maduro toro|toro
AJ Fernandez,img/icons/manufacturers/ajfernandez.svg,AJ Fernandez,ajf,img/icons/brands/ajfernandez.svg,Bellas Artes,Bellas Artes Maduro Toro,https://www.cigaraficionado.com/top25/2019/aj-fernandez-bellas-artes-maduro-toro,Toro,6.5,54,Parejo,Brazil Mata Fina,Mexico,Nicaragua,Nicaragua,Maduro,,,,,,,,,,0.0,,,89,,,,,,,,Aficionado,2019.0,13.0,aj fernandez|bellas artes maduro toro|toro
AJ Fernandez,img/icons/manufacturers/ajfernandez.svg,AJ Fernandez,ajf,img/icons/brands/ajfernandez.svg,Bellas Artes Maduro,Lancero Special Edition,,Lancero,,,Parejo,Brazil,Mexico,Nicaragua,Nicaragua,,,,,,,,,,,0.0,,,89,,,,,,,,Cigar Journal,2020.0,4.0,aj fernandez|lancero special edition|lancero
AJ Fernandez,img/icons/manufacturers/ajfernandez.svg,AJ Fernandez,ajf,img/icons/brands/ajfernandez.svg,Días de Gloria,Gordo,,Gordo,,,Parejo,Nicaragua,Nicaragua,Nicaragua,Nicaragua,,,,,,,,,,,0.0,,,89,,,,,,,,Cigar Journal,2020.0,11.0,aj fernandez|gordo|gordo
AJ Fernandez,img/icons/manufacturers/ajfernandez.svg,AJ Fernandez,ajf,img/icons/brands/ajfernandez.svg,Enclave,Churchill,https://www.cigaraficionado.com/top25cigar/aj-fernandez-enclave-churchill-2016,Churchill,7,52,Parejo,Cameroon,Nicaragua,Nicaragua,Nicaragua,,,,,,,,,,,0.0,,,89,,,,,,,,Aficionado,2016.0,20.0,aj fernandez|churchill|churchill
AJ Fernandez,img/icons/manufacturers/ajfernandez.svg,AJ Fernandez,ajf,img/icons/brands/ajfernandez.svg,Enclave,Salomon,,,,,,Ecuador,Cameroon,Nicaragua,Nicaragua,,,,,,,,,,,0.0,,,89,,,,,,,,Cigar Journal,2016.0,6.0,aj fernandez|salomon|
AJ Fernandez,img/icons/manufacturers/ajfernandez.svg,AJ Fernandez,ajf,img/icons/brands/ajfernandez.svg,Enclave Connecticut,Enclave Connecticut Figurado,,,6.5,52,,Ecuador,Ecuador,Nicaragua,Nicaragua,Connecticut,,,,,,,,,,0.0,,,89,,,,,,,,Cigar Journal,2021.0,24.0,aj fernandez|enclave connecticut figurado|
AJ Fernandez,img/icons/manufacturers/ajfernandez.svg,AJ Fernandez,ajf,img/icons/brands/ajfernandez.svg,New World,Gobernador,,,,,,Nicaragua,Nicaragua,Nicaragua,Nicaragua,,,,,,,,,,,0.0,,,89,,,,,,,,Cigar Journal,2014.0,1.0,aj fernandez|gobernador|
AJ Fernandez,img/icons/manufacturers/ajfernandez.svg,AJ Fernandez,ajf,img/icons/brands/ajfernandez.svg,New World Connecticut,New World Connecticut Churchill,,Churchill,7,50,Parejo,USA,Mexico,Nicaragua; Brazil,Nicaragua,Connecticut,,,,,,,,,,0.0,,,89,,,,,,,,Cigar Journal,2021.0,5.0,aj fernandez|new world connecticut churchill|churchill
AJ Fernandez,img/icons/manufacturers/ajfernandez.svg,AJ Fernandez,ajf,img/icons/brands/ajfernandez.svg,New World Puro Especial,New World Puro Especial Toro,https://www.cigaraficionado.com/top25/2017/new-world-puro-especial-toro,Toro,6.5,52,Parejo,Nicaragua,Nicaragua,Nicaragua,Nicaragua,,,,,,,,,,,0.0,,,89,,,,,,,,Aficionado,2017.0,12.0,aj fernandez|new world puro especial toro|toro
AJ Fernandez,img/icons/manufacturers/ajfernandez.svg,AJ Fernandez,ajf,img/icons/brands/ajfernandez.svg,New World Puro Especial,Robusto,,Robusto,,,Parejo,Nicaragua,Nicaragua,Nicaragua,Nicaragua,,,,,,,,,,,0.0,,,89,,,,,,,,Cigar Journal,2017.0,11.0,aj fernandez|robusto|robusto
AJ Fernandez,img/icons/manufacturers/ajfernandez.svg,AJ Fernandez,ajf,img/icons/brands/ajfernandez.svg,San Lotano Habano,,,,,,,Nicaragua,Nicaragua,Honduras,Nicaragua,,,,,,,,,,,0.0,,,89,,,,,,,,Cigar Journal,2013.0,22.0,aj fernandez||
AJ Fernandez,img/icons/manufacturers/ajfernandez.svg,AJ Fernandez,ajf,img/icons/brands/ajfernandez.svg,,Enclave Broadleaf,,,,,,USA,Nicaragua,Nicaragua,Nicaragua,,,,,,,,,,,0.0,,,89,,,,,,,,Cigar Journal,2018.0,2.0,aj fernandez|enclave broadleaf|
AJ Fernandez,img/icons/manufacturers/ajfernandez.svg,AJ Fernandez,ajf,img/icons/brands/ajfernandez.svg,,Bellas Artes Maduro,,,,,,Brazil,Nicaragua,Nicaragua,Nicaragua,Maduro,,,,,,,,,,0.0,,,89,,,,,,,,Cigar Journal,2019.0,1.0,aj fernandez|bellas artes maduro|
AJ Fernandez,img/icons/manufacturers/ajfernandez.svg,AJ Fernandez,ajf,img/icons/brands/ajfernandez.svg,,AJ Fernandez ENCLAVE CONNECTICUT FIGURADO,,,,,,Ecuador,Nicaragua,Nicaragua,Nicaragua,Connecticut,,,,,,,,,,0.0,,,89,,,,,,,,Cigar Journal,2022.0,9.0,aj fernandez|aj fernandez enclave connecticut figurado|
AJ Fernandez,img/icons/manufacturers/ajfernandez.svg,AJ Fernandez,ajf,img/icons/brands/ajfernandez.svg,,AJ Fernandez NEW WORLD DORADO ROBUSTO,,Robusto,,,Parejo,Nicaragua,Nicaragua,Nicaragua,Nicaragua,,,,,,,,,,,0.0,,,89,,,,,,,,Cigar Journal,2023.0,7.0,aj fernandez|aj fernandez new world dorado robusto|robusto
AJ Fernandez,img/icons/manufacturers/ajfernandez.svg,AJ Fernandez,ajf,img/icons/brands/ajfernandez.svg,,Bella Artes Habano Rojita Gordo,,Gordo,6.5,58,Parejo,Habano,Quilali,"Nicaragua, Honduras, Brazil",Nicaragua,Colorado,Full,,,,,,,,,0.0,,,89,,,,,,,,,,,aj fernandez|bella artes habano rojita gordo|gordo
AJ Fernandez,img/icons/manufacturers/ajfernandez.svg,AJ Fernandez,ajf,img/icons/brands/ajfernandez.svg,,Bella Artes Habano Rojita Robusto,,Robusto,5.5,52,Parejo,Habano,Quilali,"Nicaragua, Honduras, Brazil",Nicaragua,Colorado,Full,,,,,,,,,0.0,,,89,,,,,,,,,,,aj fernandez|bella artes habano rojita robusto|robusto
AJ Fernandez,img/icons/manufacturers/ajfernandez.svg,AJ Fernandez,ajf,img/icons/brands/ajfernandez.svg,,Bella Artes Habano Rojita Short Churchill,,Short Churchill,6,48,Parejo,Habano,Quilali,"Nicaragua, Honduras, Brazil",Nicaragua,Colorado,Full,,,,,,,,,0.0,,,89,,,,,,,,,,,aj fernandez|bella artes habano rojita short churchill|short churchill
AJ Fernandez,img/icons/manufacturers/ajfernandez.svg,AJ Fernandez,ajf,img/icons/brands/ajfernandez.svg,,Bella Artes Habano Rojita Toro,,Toro,6,54,Parejo,Habano,Quilali,"Nicaragua, Honduras, Brazil",Nicaragua,Colorado,Full,,,,,,,,,0.0,,,89,,,,,,,,,,,aj fernandez|bella artes habano rojita toro|toro
AJ Fernandez,img/icons/manufacturers/ajfernandez.svg,AJ Fernandez,ajf,img/icons/brands/ajfernandez.svg,,Bella Artes Maduro Rojita Gordo,,Gordo,6.5,58,Parejo,Brazil Mata Fina,Mexican San Andres,Nicaragua,Nicaragua,Maduro,Full,,,,,,,,,0.0,,,89,,,,,,,,,,,aj fernandez|bella artes maduro rojita gordo|gordo
AJ Fernandez,img/icons/manufacturers/ajfernandez.svg,AJ Fernandez,ajf,img/icons/brands/ajfernandez.svg,,Bella Artes Maduro Rojita Lancero,,Lancero,7,40,Parejo,Brazil Mata Fina,Mexican San Andres,Nicaragua,Nicaragua,Maduro,Full,,,,,,,,,0.0,,,89,,,,,,,,,,,aj fernandez|bella artes maduro rojita lancero|lancero
AJ Fernandez,img/icons/manufacturers/ajfernandez.svg,AJ Fernandez,ajf,img/icons/brands/ajfernandez.svg,,Bella Artes Maduro Rojita Robusto,,Robusto,5.5,52,Parejo,Brazil Mata Fina,Mexican San Andres,Nicaragua,Nicaragua,Maduro,Full,,,,,,,,,0.0,,,89,,,,,,,,,,,aj fernandez|bella artes maduro rojita robusto|robusto
AJ Fernandez,img/icons/manufacturers/ajfernandez.svg,AJ Fernandez,ajf,img/icons/brands/ajfernandez.svg,,Bella Artes Maduro Rojita Short Churchill,,Short Churchill,6,48,Parejo,Brazil Mata Fina,Mexican San Andres,Nicaragua,Nicaragua,Maduro,Full,,,,,,,,,0.0,,,89,,,,,,,,,,,aj fernandez|bella artes maduro rojita short churchill|short churchill
AJ Fernandez,img/icons/manufacturers/ajfernandez.svg,AJ Fernandez,ajf,img/icons/brands/ajfernandez.svg,,Bella Artes Maduro Rojita Toro,,Toro,6,54,Parejo,Brazil Mata Fina,Mexican San Andres,Nicaragua,Nicaragua,Maduro,Full,,,,,,,,,0.0,,,89,,,,,,,,,,,aj fernandez|bella artes maduro rojita toro|toro
AJ Fernandez,img/icons/manufacturers/ajfernandez.svg,AJ Fernandez,ajf,img/icons/brands/ajfernandez.svg,,AJF Dias de Gloria Gordo,,Gordo,6,58,Parejo,Nicaragua,Nicaragua,Nicaragua,Nicaragua,Natural,Medium,,,,,,,,,0.0,,,89,,,,,,,,,,,aj fernandez|ajf dias de gloria gordo|gordo
AJ Fernandez,img/icons/manufacturers/ajfernandez.svg,AJ Fernandez,ajf,img/icons/brands/ajfernandez.svg,,AJF Dias De Gloria Robusto,,Robusto,5.5,52,Parejo,Nicaragua,Nicaragua,Nicaragua,Nicaragua,Natural,Medium,,,,,,,,,0.0,,,89,,,,,,,,,,,aj fernandez|ajf dias de gloria robusto|robusto
AJ Fernandez,img/icons/manufacturers/ajfernandez.svg,AJ Fernandez,ajf,img/icons/brands/ajfernandez.svg,,AJF Dias De Gloria Brazil Churchill,,Short Churchill,6.5,48,Parejo,Nicaragua,Nicaragua,Nicaragua,Nicaragua,Natural,Medium,,,,,,,,,0.0,,,89,,,,,,,,,,,aj fernandez|ajf dias de gloria brazil churchill|short churchill
AJ Fernandez,img/icons/manufacturers/ajfernandez.svg,AJ Fernandez,ajf,img/icons/brands/ajfernandez.svg,,AJF Dias De Gloria Brazil Toro,,Toro Gordo,6,56,Box-Pressed Parejo,Nicaragua,Nicaragua,Nicaragua,Nicaragua,Natural,Medium,,BP,,,,,,,0.0,,,89,,,,,,,,,,,aj fernandez|ajf dias de gloria brazil toro|toro gordo
AJ Fernandez,img/icons/manufacturers/ajfernandez.svg,AJ Fernandez,ajf,img/icons/brands/ajfernandez.svg,,Enclave Broadleaf Churchill,,Churchill,7,52,Parejo,Connecticut Broadleaf,Nicaragua,Nicaragua,Nicaragua,Maduro,Full,,,,,,,,,0.0,,,89,,,,,,,,,,,aj fernandez|enclave broadleaf churchill|churchill
AJ Fernandez,img/icons/manufacturers/ajfernandez.svg,AJ Fernandez,ajf,img/icons/brands/ajfernandez.svg,,Enclave Broadleaf Robusto,,Robusto,5,52,Parejo,Connecticut Broadleaf,Nicaragua,Nicaragua,Nicaragua,Maduro,Full,,,,,,,,,0.0,,,89,,,,,,,,,,,aj fernandez|enclave broadleaf robusto|robusto
AJ Fernandez,img/icons/manufacturers/ajfernandez.svg,AJ Fernandez,ajf,img/icons/brands/ajfernandez.svg,,Enclave Broadleaf Toro,,Toro,6.5,54,Parejo,Connecticut Broadleaf,Nicaragua,Nicaragua,Nicaragua,Maduro,Full,,,,,,,,,0.0,,,89,,,,,,,,,,,aj fernandez|enclave broadleaf toro|toro
AJ Fernandez,img/icons/manufacturers/ajfernandez.svg,AJ Fernandez,ajf,img/icons/brands/ajfernandez.svg,,Enclave Broadleaf Belicoso,,Belicoso,6,56,Pyramid,Connecticut Broadleaf,Nicaragua,Nicaragua,Nicaragua,Maduro,Full,,,,,,,,,0.0,,,89,,,,,,,,,,,aj fernandez|enclave broadleaf belicoso|belicoso
AJ Fernandez,img/icons/manufacturers/ajfernandez.svg,AJ Fernandez,ajf,img/icons/brands/ajfernandez.svg,,Enclave Habano Figurado,,Figurado,6.5,52,Figurado,Ecuador,Cameroon,Nicaragua,Nicaragua,Maduro,Full,,,,,,,,,0.0,,,89,,,,,,,,,,,aj fernandez|enclave habano figurado|figurado
AJ Fernandez,img/icons/manufacturers/ajfernandez.svg,AJ Fernandez,ajf,img/icons/brands/ajfernandez.svg,,Enclave Habano Churchill,,Churchill,7,52,Parejo,Ecuador,Cameroon,Nicaragua,Nicaragua,Maduro,Full,,,,,,,,,0.0,,,89,,,,,,,,,,,aj fernandez|enclave habano churchill|churchill
AJ Fernandez,img/icons/manufacturers/ajfernandez.svg,AJ Fernandez,ajf,img/icons/brands/ajfernandez.svg,,Enclave Habano Robusto,,Robusto,5,52,Parejo,Ecuador,Cameroon,Nicaragua,Nicaragua,Maduro,Full,,,,,,,,,0.0,,,89,,,,,,,,,,,aj fernandez|enclave habano robusto|robusto
AJ Fernandez,img/icons/manufacturers/ajfernandez.svg,AJ Fernandez,ajf,img/icons/brands/ajfernandez.svg,,Enclave Habano Toro,,Toro,6,52,Parejo,Ecuador,Cameroon,Nicaragua,Nicaragua,Maduro,Full,,,,,,,,,0.0,,,89,,,,,,,,,,,aj fernandez|enclave habano toro|toro
AJ Fernandez,img/icons/manufacturers/ajfernandez.svg,AJ Fernandez,ajf,img/icons/brands/ajfernandez.svg,,Last Call Habano Chiquitas,,Short Robusto,3.5,50,Parejo,Habano Rosado Ecuador,Nicaragua,Nicaragua,Nicaragua,Natural,Medium,,,,,,,,,0.0,,,89,,,,,,,,,,,aj fernandez|last call habano chiquitas|short robusto
AJ Fernandez,img/icons/manufacturers/ajfernandez.svg,AJ Fernandez,ajf,img/icons/brands/ajfernandez.svg,,Last Call Habano Corticas,,Short Robusto,4,52,Parejo,Habano Rosado Ecuador,Nicaragua,Nicaragua,Nicaragua,Natural,Medium,,,,,,,,,0.0,,,89,,,,,,,,,,,aj fernandez|last call habano corticas|short robusto
AJ Fernandez,img/icons/manufacturers/ajfernandez.svg,AJ Fernandez,ajf,img/icons/brands/ajfernandez.svg,,Last Call Habano Geniales,,Petite Corona,4.5,48,Parejo,Habano Rosado Ecuador,Nicaragua,Nicaragua,Nicaragua,Natural,Medium,,,,,,,,,0.0,,,89,,,,,,,,,,,aj fernandez|last call habano geniales|petite corona
AJ Fernandez,img/icons/manufacturers/ajfernandez.svg,AJ Fernandez,ajf,img/icons/brands/ajfernandez.svg,,Last Call Habano Pequenas,,Corona,5,46,Parejo,Habano Rosado Ecuador,Nicaragua,Nicaragua,Nicaragua,Natural,Medium,,,,,,,,,0.0,,,89,,,,,,,,,,,aj fernandez|last call habano pequenas|corona
AJ Fernandez,img/icons/manufacturers/ajfernandez.svg,AJ Fernandez,ajf,img/icons/brands/ajfernandez.svg,,Last Call Habano Flaquitas,,Torpedo,6,46,Pyramid,Habano Rosado Ecuador,Nicaragua,Nicaragua,Nicaragua,Natural,Medium,,,,,,,,,0.0,,,89,,,,,,,,,,,aj fernandez|last call habano flaquitas|torpedo
AJ Fernandez,img/icons/manufacturers/ajfernandez.svg,AJ Fernandez,ajf,img/icons/brands/ajfernandez.svg,,Last Call Maduro Chiquitas,,Short Robusto,3.5,50,Parejo,Habano Rosado Ecuador,Nicaragua,Nicaragua,Nicaragua,Maduro,Full,,,,,,,,,0.0,,,89,,,,,,,,,,,aj fernandez|last call maduro chiquitas|short robusto
AJ Fernandez,img/icons/manufacturers/ajfernandez.svg,AJ Fernandez,ajf,img/icons/brands/ajfernandez.svg,,Last Call Maduro Corticas,,Short Robusto,4,52,Parejo,Habano Rosado Ecuador,Nicaragua,Nicaragua,Nicaragua,Maduro,Full,,,,,,,,,0.0,,,89,,,,,,,,,,,aj fernandez|last call maduro corticas|short robusto
AJ Fernandez,img/icons/manufacturers/ajfernandez.svg,AJ Fernandez,ajf,img/icons/brands/ajfernandez.svg,,Last Call Maduro Geniales,,Petite Corona,4.5,48,Parejo,Habano Rosado Ecuador,Nicaragua,Nicaragua,Nicaragua,Maduro,Full,,,,,,,,,0.0,,,89,,,,,,,,,,,aj fernandez|last call maduro geniales|petite corona
AJ Fernandez,img/icons/manufacturers/ajfernandez.svg,AJ Fernandez,ajf,img/icons/brands/ajfernandez.svg,,Last Call Maduro Pequenas,,Corona,5,46,Parejo,Habano Rosado Ecuador,Nicaragua,Nicaragua,Nicaragua,Maduro,Full,,,,,,,,,0.0,,,89,,,,,,,,,,,aj fernandez|last call maduro pequenas|corona
AJ Fernandez,img/icons/manufacturers/ajfernandez.svg,AJ Fernandez,ajf,img/icons/brands/ajfernandez.svg,,Last Call Maduro Flaquitas,,Torpedo,6,46,Pyramid,Habano Rosado Ecuador,Nicaragua,Nicaragua,Nicaragua,Maduro,Full,,,,,,,,,0.0,,,89,,,,,,,,,,,aj fernandez|last call maduro flaquitas|torpedo
AJ Fernandez,img/icons/manufacturers/ajfernandez.svg,AJ Fernandez,ajf,img/icons/brands/ajfernandez.svg,,AJF New World Redondo Almirante Belicoso,,Belicoso,5.5,55,Belicoso,Nicaragua,Nicaragua,Nicaragua,Nicaragua,Maduro,Medium,,,,,,,,,0.0,,,89,,,,,,,,,,,aj fernandez|ajf new world redondo almirante belicoso|belicoso
AJ Fernandez,img/icons/manufacturers/ajfernandez.svg,AJ Fernandez,ajf,img/icons/brands/ajfernandez.svg,,AJF New World Redondo Toro,,Toro Gordo,6.5,55,Parejo,Nicaragua,Nicaragua,Nicaragua,Nicaragua,Maduro,Medium,,,,,,,,,0.0,,,89,,,,,,,,,,,aj fernandez|ajf new world redondo toro|toro gordo
AJ Fernandez,img/icons/manufacturers/ajfernandez.svg,AJ Fernandez,ajf,img/icons/brands/ajfernandez.svg,,AJF New World Gobernador Toro,,Toro,6.5,55,Parejo,Nicaragua,Nicaragua,Nicaragua,Nicaragua,Maduro,Medium,,,,,,,,,0.0,,,89,,,,,,,,,,,aj fernandez|ajf new world gobernador toro|toro
AJ Fernandez,img/icons/manufacturers/ajfernandez.svg,AJ Fernandez,ajf,img/icons/brands/ajfernandez.svg,,AJF New World Navegante Robusto,,Robusto,5.5,55,Parejo,Nicaragua,Nicaragua,Nicaragua,Nicaragua,Maduro,Full,,,,,,,,,0.0,,,89,,,,,,,,,,,aj fernandez|ajf new world navegante robusto|robusto
AJ Fernandez,img/icons/manufacturers/ajfernandez.svg,AJ Fernandez,ajf,img/icons/brands/ajfernandez.svg,,AJF New World Virrey Gordo,,Gordo,6,58,Parejo,Nicaragua,Nicaragua,Nicaragua,Nicaragua,Maduro,Full,,,,,,,,,0.0,,,89,,,,,,,,,,,aj fernandez|ajf new world virrey gordo|gordo
AJ Fernandez,img/icons/manufacturers/ajfernandez.svg,AJ Fernandez,ajf,img/icons/brands/ajfernandez.svg,,AJF New World Cameroon Churchill,,Churchill,7,48,Parejo,Cameroon,Nicaragua,Nicaragua,Nicaragua,Natural,Medium,,,,,,,,,0.0,,,89,,,,,,,,,,,aj fernandez|ajf new world cameroon churchill|churchill
AJ Fernandez,img/icons/manufacturers/ajfernandez.svg,AJ Fernandez,ajf,img/icons/brands/ajfernandez.svg,,AJF New World Cameroon Dbl Robusto,,Robusto Extra,5.5,54,Parejo,Cameroon,Nicaragua,Nicaragua,Nicaragua,Natural,Medium,,,,,,,,,0.0,,,89,,,,,,,,,,,aj fernandez|ajf new world cameroon dbl robusto|robusto extra
AJ Fernandez,img/icons/manufacturers/ajfernandez.svg,AJ Fernandez,ajf,img/icons/brands/ajfernandez.svg,,AJF New World Cameroon Gordo,,Gordo,6,60,Parejo,Cameroon,Nicaragua,Nicaragua,Nicaragua,Natural,Medium,,,,,,,,,0.0,,,89,,,,,,,,,,,aj fernandez|ajf new world cameroon gordo|gordo
AJ Fernandez,img/icons/manufacturers/ajfernandez.svg,AJ Fernandez,ajf,img/icons/brands/ajfernandez.svg,,AJF New World Cameroon Short Robusto,,Short Robusto,4,48,Parejo,Cameroon,Nicaragua,Nicaragua,Nicaragua,Natural,Medium,,,,,,,,,0.0,,,89,,,,,,,,,,,aj fernandez|ajf new world cameroon short robusto|short robusto
AJ Fernandez,img/icons/manufacturers/ajfernandez.svg,AJ Fernandez,ajf,img/icons/brands/ajfernandez.svg,,AJF New World Cameroon Toro,,Toro,6,50,Parejo,Cameroon,Nicaragua,Nicaragua,Nicaragua,Natural,Medium,,,,,,,,,0.0,,,89,,,,,,,,,,,aj fernandez|ajf new world cameroon toro|toro
AJ Fernandez,img/icons/manufacturers/ajfernandez.svg,AJ Fernandez,ajf,img/icons/brands/ajfernandez.svg,,AJF New World Cameroon Torpedo,,Torpedo,6.5,52,Pyramid,Cameroon,Nicaragua,Nicaragua,Nicaragua,Natural,Medium,,,,,,,,,0.0,,,89,,,,,,,,,,,aj fernandez|ajf new world cameroon torpedo|torpedo
AJ Fernandez,img/icons/manufacturers/ajfernandez.svg,AJ Fernandez,ajf,img/icons/brands/ajfernandez.svg,,AJF New World Connecticut Churchill,,Churchill,7,50,Parejo,Connecticut Shade,San Andres Mexico,"Brazil, Nicaragua",Nicaragua,Connecticut,Medium,,,,,,,,,0.0,,,89,,,,,,,,,,,aj fernandez|ajf new world connecticut churchill|churchill
AJ Fernandez,img/icons/manufacturers/ajfernandez.svg,AJ Fernandez,ajf,img/icons/brands/ajfernandez.svg,,AJF New World Connecticut Corona Gorda,,Corona Extra,5.5,46,Parejo,Connecticut Shade,San Andres Mexico,"Brazil, Nicaragua",Nicaragua,Connecticut,Medium,,,,,,,,,0.0,,,89,,,,,,,,,,,aj fernandez|ajf new world connecticut corona gorda|corona extra
AJ Fernandez,img/icons/manufacturers/ajfernandez.svg,AJ Fernandez,ajf,img/icons/brands/ajfernandez.svg,,AJF New World Connecticut Gordo,,Gordo,6,60,Parejo,Connecticut Shade,San Andres Mexico,"Brazil, Nicaragua",Nicaragua,Connecticut,Medium,,,,,,,,,0.0,,,89,,,,,,,,,,,aj fernandez|ajf new world connecticut gordo|gordo
AJ Fernandez,img/icons/manufacturers/ajfernandez.svg,AJ Fernandez,ajf,img/icons/brands/ajfernandez.svg,,AJF New World Connecticut Robusto,,Robusto,5,50,Parejo,Connecticut Shade,San Andres Mexico,"Brazil, Nicaragua",Nicaragua,Connecticut,Medium,,,,,,,,,0.0,,,89,,,,,,,,,,,aj fernandez|ajf new world connecticut robusto|robusto
AJ Fernandez,img/icons/manufacturers/ajfernandez.svg,AJ Fernandez,ajf,img/icons/brands/ajfernandez.svg,,AJF New World Connecticut Toro,,Toro,6,52,Parejo,Connecticut Shade,San Andres Mexico,"Brazil, Nicaragua",Nicaragua,Connecticut,Medium,,,,,,,,,0.0,,,89,,,,,,,,,,,aj fernandez|ajf new world connecticut toro|toro
AJ Fernandez,img/icons/manufacturers/ajfernandez.svg,AJ Fernandez,ajf,img/icons/brands/ajfernandez.svg,,AJF New World Connecticut Belicoso,,Belicoso,6,54,Pyramid,Connecticut Shade,San Andres Mexico,"Brazil, Nicaragua",Nicaragua,Connecticut,Medium,,,,,,,,,0.0,,,89,,,,,,,,,,,aj fernandez|ajf new world connecticut belicoso|belicoso
AJ Fernandez,img/icons/manufacturers/ajfernandez.svg,AJ Fernandez,ajf,img/icons/brands/ajfernandez.svg,,AJF New World Decenio Gordo,,Gordo,6,58,Parejo,Mexican San Andres Maduro,Nicaragua,"Nicaragua, Honduras",Nicaragua,Colorado Maduro,Full,,,,,,,,,0.0,,,89,,,,,,,,,,,aj fernandez|ajf new world decenio gordo|gordo
AJ Fernandez,img/icons/manufacturers/ajfernandez.svg,AJ Fernandez,ajf,img/icons/brands/ajfernandez.svg,,AJF New World Decenio Robusto,,Robusto Gordo,5.5,54,Parejo,Mexican San Andres Maduro,Nicaragua,"Nicaragua, Honduras",Nicaragua,Colorado Maduro,Full,,,,,,,,,0.0,,,89,,,,,,,,,,,aj fernandez|ajf new world decenio robusto|robusto gordo
AJ Fernandez,img/icons/manufacturers/ajfernandez.svg,AJ Fernandez,ajf,img/icons/brands/ajfernandez.svg,,AJF New World Decenio Toro,,Toro,6.5,54,Parejo,Mexican San Andres Maduro,Nicaragua,"Nicaragua, Honduras",Nicaragua,Colorado Maduro,Full,,,,,,,,,0.0,,,89,,,,,,,,,,,aj fernandez|ajf new world decenio toro|toro
AJ Fernandez,img/icons/manufacturers/ajfernandez.svg,AJ Fernandez,ajf,img/icons/brands/ajfernandez.svg,,AJF New World Dorado Robusto,,Robusto,5.5,52,Parejo,Nicaragua,Criollo,Nicaragua,Nicaragua,Natural,Medium,,,,,,,,,0.0,,,89,,,,,,,,,,,aj fernandez|ajf new world dorado robusto|robusto
AJ Fernandez,img/icons/manufacturers/ajfernandez.svg,AJ Fernandez,ajf,img/icons/brands/ajfernandez.svg,,AJF New World Dorado Toro,,Toro Gordo,6.5,54,Parejo,Nicaragua,Criollo,Nicaragua,Nicaragua,Natural,Medium,,,,,,,,,0.0,,,89,,,,,,,,,,,aj fernandez|ajf new world dorado toro|toro gordo
AJ Fernandez,img/icons/manufacturers/ajfernandez.svg,AJ Fernandez,ajf,img/icons/brands/ajfernandez.svg,,AJF New World Dorado Gordito,,Gordo,5.5,60,Parejo,Nicaragua,Criollo,Nicaragua,Nicaragua,Natural,Medium,,,,,,,,,0.0,,,89,,,,,,,,,,,aj fernandez|ajf new world dorado gordito|gordo
AJ Fernandez,img/icons/manufacturers/ajfernandez.svg,AJ Fernandez,ajf,img/icons/brands/ajfernandez.svg,,AJF New World Dorado Figurado 6x56,,Perfecto,6,56,Perfecto,Nicaragua,Criollo,Nicaragua,Nicaragua,Natural,Medium,,,,,,,,,0.0,,,89,,,,,,,,,,,aj fernandez|ajf new world dorado figurado 6x56|perfecto
AJ Fernandez,img/icons/manufacturers/ajfernandez.svg,AJ Fernandez,ajf,img/icons/brands/ajfernandez.svg,,AJF New World Oscuro Double Corona,,Double Corona,7.5,55,Parejo,Dark Nicaragua,Jalapa,"Ometepe, Condega, Esteli",Nicaragua,Oscuro,Medium-Full,,,,,,,,,0.0,,,89,,,,,,,,,,,aj fernandez|ajf new world oscuro double corona|double corona
AJ Fernandez,img/icons/manufacturers/ajfernandez.svg,AJ Fernandez,ajf,img/icons/brands/ajfernandez.svg,,AJF New World Oscuro Gordo,,Gordo,6,58,Parejo,Dark Nicaragua,Jalapa,"Ometepe, Condega, Esteli",Nicaragua,Oscuro,Medium-Full,,,,,,,,,0.0,,,89,,,,,,,,,,,aj fernandez|ajf new world oscuro gordo|gordo
AJ Fernandez,img/icons/manufacturers/ajfernandez.svg,AJ Fernandez,ajf,img/icons/brands/ajfernandez.svg,,AJF New World Oscuro Robusto,,Robusto,5.5,55,Parejo,Dark Nicaragua,Jalapa,"Ometepe, Condega, Esteli",Nicaragua,Oscuro,Medium-Full,,,,,,,,,0.0,,,89,,,,,,,,,,,aj fernandez|ajf new world oscuro robusto|robusto
AJ Fernandez,img/icons/manufacturers/ajfernandez.svg,AJ Fernandez,ajf,img/icons/brands/ajfernandez.svg,,AJF New World Oscuro Toro,,Toro,6.5,55,Parejo,Dark Nicaragua,Jalapa,"Ometepe, Condega, Esteli",Nicaragua,Oscuro,Medium-Full,,,,,,,,,0.0,,,89,,,,,,,,,,,aj fernandez|ajf new world oscuro toro|toro
AJ Fernandez,img/icons/manufacturers/ajfernandez.svg,AJ Fernandez,ajf,img/icons/brands/ajfernandez.svg,,AJF New World Oscuro Toro Redondo,,Toro Gordo,6.5,55,Parejo,Dark Nicaragua,Jalapa,"Ometepe, Condega, Esteli",Nicaragua,Oscuro,Medium-Full,,,,,,,,,0.0,,,89,,,,,,,,,,,aj fernandez|ajf new world oscuro toro redondo|toro gordo
AJ Fernandez,img/icons/manufacturers/ajfernandez.svg,AJ Fernandez,ajf,img/icons/brands/ajfernandez.svg,,AJF New World Oscuro Belicoso,,Belicoso,5.5,55,Pyramid,Dark Nicaragua,Jalapa,"Ometepe, Condega, Esteli",Nicaragua,Oscuro,Medium-Full,,,,,,,,,0.0,,,89,,,,,,,,,,,aj fernandez|ajf new world oscuro belicoso|belicoso
AJ Fernandez,img/icons/manufacturers/ajfernandez.svg,AJ Fernandez,ajf,img/icons/brands/ajfernandez.svg,,AJF New World Puro Especial Gordo,,Gordo,6,60,Parejo,Nicaraguan Habano,Nicaraguan Habano,Nicaragua,Nicaragua,Maduro,Medium,,,,,,,,,0.0,,,89,,,,,,,,,,,aj fernandez|ajf new world puro especial gordo|gordo
AJ Fernandez,img/icons/manufacturers/ajfernandez.svg,AJ Fernandez,ajf,img/icons/brands/ajfernandez.svg,,AJF New World Puro Especial Robusto,,Robusto,5.5,52,Parejo,Nicaraguan Habano,Nicaraguan Habano,Nicaragua,Nicaragua,Maduro,Medium,,,,,,,,,0.0,,,89,,,,,,,,,,,aj fernandez|ajf new world puro especial robusto|robusto
AJ Fernandez,img/icons/manufacturers/ajfernandez.svg,AJ Fernandez,ajf,img/icons/brands/ajfernandez.svg,,AJF New World Puro Especial Short Churchill,,Short Churchill,6,48,Parejo,Nicaraguan Habano,Nicaraguan Habano,Nicaragua,Nicaragua,Maduro,Medium,,,,,,,,,0.0,,,89,,,,,,,,,,,aj fernandez|ajf new world puro especial short churchill|short churchill
AJ Fernandez,img/icons/manufacturers/ajfernandez.svg,AJ Fernandez,ajf,img/icons/brands/ajfernandez.svg,,AJF New World Puro Especial Toro,,Toro,6.5,52,Parejo,Nicaraguan Habano,Nicaraguan Habano,Nicaragua,Nicaragua,Maduro,Medium,,,,,,,,,0.0,,,89,,,,,,,,,,,aj fernandez|ajf new world puro especial toro|toro
AJ Fernandez,img/icons/manufacturers/ajfernandez.svg,AJ Fernandez,ajf,img/icons/brands/ajfernandez.svg,,Ramon Allones Churchill,,Churchill,7,50,Parejo,Medio-Tiempo Nicaragua,Nicaragua,Nicaragua,Nicaragua,Maduro,Full,,,,,,,,,0.0,,,89,,,,,,,,,,,aj fernandez|ramon allones churchill|churchill
AJ Fernandez,img/icons/manufacturers/ajfernandez.svg,AJ Fernandez,ajf,img/icons/brands/ajfernandez.svg,,Ramon Allones Robusto,,Robusto,5.5,50,Parejo,Medio-Tiempo Nicaragua,Nicaragua,Nicaragua,Nicaragua,Maduro,Full,,,,,,,,,0.0,,,89,,,,,,,,,,,aj fernandez|ramon allones robusto|robusto
AJ Fernandez,img/icons/manufacturers/ajfernandez.svg,AJ Fernandez,ajf,img/icons/brands/ajfernandez.svg,,Ramon Allones Toro,,Toro,6,52,Parejo,Medio-Tiempo Nicaragua,Nicaragua,Nicaragua,Nicaragua,Maduro,Full,,,,,,,,,0.0,,,89,,,,,,,,,,,aj fernandez|ramon allones toro|toro
AJ Fernandez,img/icons/manufacturers/ajfernandez.svg,AJ Fernandez,ajf,img/icons/brands/ajfernandez.svg,,Ramon Allones Torpedo,,Torpedo,6.5,54,Pyramid,Medio-Tiempo Nicaragua,Nicaragua,Nicaragua,Nicaragua,Maduro,Full,,,,,,,,,0.0,,,89,,,,,,,,,,,aj fernandez|ramon allones torpedo|torpedo
AJ Fernandez,img/icons/manufacturers/ajfernandez.svg,AJ Fernandez,ajf,img/icons/brands/ajfernandez.svg,,AJF San Lotano Dominicano Torpedo BP,,Torpedo,6.5,52,Box-Pressed Pyramid,Cubra Brazil,Dominican Republic,"Nicaragua, Dominican Republic",Nicaragua,Maduro,Medium,,BP,,,,,,,0.0,,,89,,,,,,,,,,,aj fernandez|ajf san lotano dominicano torpedo bp|torpedo
AJ Fernandez,img/icons/manufacturers/ajfernandez.svg,AJ Fernandez,ajf,img/icons/brands/ajfernandez.svg,,AJF San Lotano Dominicano Gordo,,Gordo,6.25,60,Parejo,Cubra Brazil,Dominican Republic,"Nicaragua, Dominican Republic",Nicaragua,Maduro,Medium,,,,,,,,,0.0,,,89,,,,,,,,,,,aj fernandez|ajf san lotano dominicano gordo|gordo
AJ Fernandez,img/icons/manufacturers/ajfernandez.svg,AJ Fernandez,ajf,img/icons/brands/ajfernandez.svg,,AJF San Lotano Dominicano Robusto,,Robusto,5,50,Parejo,Cubra Brazil,Dominican Republic,"Nicaragua, Dominican Republic",Nicaragua,Maduro,Medium,,,,,,,,,0.0,,,89,,,,,,,,,,,aj fernandez|ajf san lotano dominicano robusto|robusto
AJ Fernandez,img/icons/manufacturers/ajfernandez.svg,AJ Fernandez,ajf,img/icons/brands/ajfernandez.svg,,AJF San Lotano Dominicano Toro,,Toro,6,50,Parejo,Cubra Brazil,Dominican Republic,"Nicaragua, Dominican Republic",Nicaragua,Maduro,Medium,,,,,,,,,0.0,,,89,,,,,,,,,,,aj fernandez|ajf san lotano dominicano toro|toro
AJ Fernandez,img/icons/manufacturers/ajfernandez.svg,AJ Fernandez,ajf,img/icons/brands/ajfernandez.svg,,AJF San Lotano Requiem Connecticut Churchill,,Churchill,7,52,Parejo,Ecuadorian Connecticut,Honduras,"Nicaragua, Dominican Republic",Nicaragua,Connecticut,Mild,,,,,,,,,0.0,,,89,,,,,,,,,,,aj fernandez|ajf san lotano requiem connecticut churchill|churchill
AJ Fernandez,img/icons/manufacturers/ajfernandez.svg,AJ Fernandez,ajf,img/icons/brands/ajfernandez.svg,,AJF San Lotano Requiem Connecticut Gran Toro,,Gordo,6,60,Parejo,Ecuadorian Connecticut,Honduras,"Nicaragua, Dominican Republic",Nicaragua,Connecticut,Mild,,,,,,,,,0.0,,,89,,,,,,,,,,,aj fernandez|ajf san lotano requiem connecticut gran toro|gordo
AJ Fernandez,img/icons/manufacturers/ajfernandez.svg,AJ Fernandez,ajf,img/icons/brands/ajfernandez.svg,,AJF San Lotano Requiem Connecticut Robusto,,Robusto,5,52,Parejo,Ecuadorian Connecticut,Honduras,"Nicaragua, Dominican Republic",Nicaragua,Connecticut,Mild,,,,,,,,,0.0,,,89,,,,,,,,,,,aj fernandez|ajf san lotano requiem connecticut robusto|robusto
AJ Fernandez,img/icons/manufacturers/ajfernandez.svg,AJ Fernandez,ajf,img/icons/brands/ajfernandez.svg,,AJF San Lotano Requiem Connecticut Toro,,Toro,6,52,Parejo,Ecuadorian Connecticut,Honduras,"Nicaragua, Dominican Republic",Nicaragua,Connecticut,Mild,,,,,,,,,0.0,,,89,,,,,,,,,,,aj fernandez|ajf san lotano requiem connecticut toro|toro
AJ Fernandez,img/icons/manufacturers/ajfernandez.svg,AJ Fernandez,ajf,img/icons/brands/ajfernandez.svg,,AJF San Lotano Requiem Connecticut Torpedo,,Torpedo,6.5,52,Pyramid,Ecuadorian Connecticut,Honduras,"Nicaragua, Dominican Republic",Nicaragua,Connecticut,Mild,,,,,,,,,0.0,,,89,,,,,,,,,,,aj fernandez|ajf san lotano requiem connecticut torpedo|torpedo
AJ Fernandez,img/icons/manufacturers/ajfernandez.svg,AJ Fernandez,ajf,img/icons/brands/ajfernandez.svg,,AJF San Lotano Requiem Habano Churchill,,Churchill,7,54,Parejo,Brazilian Habano,Nicaragua,"Nicaragua, Honduras",Nicaragua,Colorado,Full,,,,,,,,,0.0,,,89,,,,,,,,,,,aj fernandez|ajf san lotano requiem habano churchill|churchill
AJ Fernandez,img/icons/manufacturers/ajfernandez.svg,AJ Fernandez,ajf,img/icons/brands/ajfernandez.svg,,AJF San Lotano Requiem Habano Gran Toro,,Gordo,6,60,Parejo,Brazilian Habano,Nicaragua,"Nicaragua, Honduras",Nicaragua,Colorado,Full,,,,,,,,,0.0,,,89,,,,,,,,,,,aj fernandez|ajf san lotano requiem habano gran toro|gordo
AJ Fernandez,img/icons/manufacturers/ajfernandez.svg,AJ Fernandez,ajf,img/icons/brands/ajfernandez.svg,,AJF San Lotano Requiem Habano Robusto,,Robusto,5,54,Parejo,Brazilian Habano,Nicaragua,"Nicaragua, Honduras",Nicaragua,Colorado,Full,,,,,,,,,0.0,,,89,,,,,,,,,,,aj fernandez|ajf san lotano requiem habano robusto|robusto
AJ Fernandez,img/icons/manufacturers/ajfernandez.svg,AJ Fernandez,ajf,img/icons/brands/ajfernandez.svg,,AJF San Lotano Requiem Habano Toro,,Toro,6,54,Parejo,Brazilian Habano,Nicaragua,"Nicaragua, Honduras",Nicaragua,Colorado,Full,,,,,,,,,0.0,,,89,,,,,,,,,,,aj fernandez|ajf san lotano requiem habano toro|toro
AJ Fernandez,img/icons/manufacturers/ajfernandez.svg,AJ Fernandez,ajf,img/icons/brands/ajfernandez.svg,,AJF San Lotano Requiem Habano Torpedo,,Torpedo,6.5,54,Pyramid,Brazilian Habano,Nicaragua,"Nicaragua, Honduras",Nicaragua,Colorado,Full,,,,,,,,,0.0,,,89,,,,,,,,,,,aj fernandez|ajf san lotano requiem habano torpedo|torpedo
AJ Fernandez,img/icons/manufacturers/ajfernandez.svg,AJ Fernandez,ajf,img/icons/brands/ajfernandez.svg,,AJF San Lotano Requiem Maduro Churchill,,Churchill,7,52,Parejo,Mexican San Andres,Nicaragua,"Nicaragua, Honduras",Nicaragua,Maduro,Full,,,,,,,,,0.0,,,89,,,,,,,,,,,aj fernandez|ajf san lotano requiem maduro churchill|churchill
AJ Fernandez,img/icons/manufacturers/ajfernandez.svg,AJ Fernandez,ajf,img/icons/brands/ajfernandez.svg,,AJF San Lotano Requiem Maduro Gran Toro,,Gordo,6,60,Parejo,Mexican San Andres,Nicaragua,"Nicaragua, Honduras",Nicaragua,Maduro,Full,,,,,,,,,0.0,,,89,,,,,,,,,,,aj fernandez|ajf san lotano requiem maduro gran toro|gordo
AJ Fernandez,img/icons/manufacturers/ajfernandez.svg,AJ Fernandez,ajf,img/icons/brands/ajfernandez.svg,,AJF San Lotano Requiem Maduro Robusto,,Robusto,5,52,Parejo,Mexican San Andres,Nicaragua,"Nicaragua, Honduras",Nicaragua,Maduro,Full,,,,,,,,,0.0,,,89,,,,,,,,,,,aj fernandez|ajf san lotano requiem maduro robusto|robusto
AJ Fernandez,img/icons/manufacturers/ajfernandez.svg,AJ Fernandez,ajf,img/icons/brands/ajfernandez.svg,,AJF San Lotano Requiem Maduro Toro,,Toro,6,52,Parejo,Mexican San Andres,Nicaragua,"Nicaragua, Honduras",Nicaragua,Maduro,Full,,,,,,,,,0.0,,,89,,,,,,,,,,,aj fernandez|ajf san lotano requiem maduro toro|toro
AJ Fernandez,img/icons/manufacturers/ajfernandez.svg,AJ Fernandez,ajf,img/icons/brands/ajfernandez.svg,,AJF San Lotano Requiem Maduro Torpedo,,Torpedo,6.5,52,Pyramid,Mexican San Andres,Nicaragua,"Nicaragua, Honduras",Nicaragua,Maduro,Full,,,,,,,,,0.0,,,89,,,,,,,,,,,aj fernandez|ajf san lotano requiem maduro torpedo|torpedo
AJ Fernandez,img/icons/manufacturers/ajfernandez.svg,AJ Fernandez,ajf,img/icons/brands/ajfernandez.svg,,AJF San Lotano The Bull Gran Toro,,Gordo,6,60,Parejo,Ecuadorian Sumatra,Nicaragua,Nicaragua,Nicaragua,Maduro,Full,,,,,,,,,0.0,,,89,,,,,,,,,,,aj fernandez|ajf san lotano the bull gran toro|gordo
AJ Fernandez,img/icons/manufacturers/ajfernandez.svg,AJ Fernandez,ajf,img/icons/brands/ajfernandez.svg,,AJF San Lotano The Bull Robusto,,Robusto,5,54,Parejo,Ecuadorian Sumatra,Nicaragua,Nicaragua,Nicaragua,Maduro,Full,,,,,,,,,0.0,,,89,,,,,,,,,,,aj fernandez|ajf san lotano the bull robusto|robusto
AJ Fernandez,img/icons/manufacturers/ajfernandez.svg,AJ Fernandez,ajf,img/icons/brands/ajfernandez.svg,,AJF San Lotano The Bull Toro,,Toro,6,54,Parejo,Ecuadorian Sumatra,Nicaragua,Nicaragua,Nicaragua,Maduro,Full,,,,,,,,,0.0,,,89,,,,,,,,,,,aj fernandez|ajf san lotano the bull toro|toro
AJ Fernandez,img/icons/manufacturers/ajfernandez.svg,AJ Fernandez,ajf,img/icons/brands/ajfernandez.svg,,AJF San Lotano The Bull Torpedo,,Torpedo,6.5,54,Pyramid,Ecuadorian Sumatra,Nicaragua,Nicaragua,Nicaragua,Maduro,Full,,,,,,,,,0.0,,,89,,,,,,,,,,,aj fernandez|ajf san lotano the bull torpedo|torpedo
,,Aksum,,,,Aksum Claro Robusto,https://www.cigaraficionado.com/top25cigar/aksum-claro-robusto-2024,Robusto,5,50,Parejo,Ecuador,Nicaragua,Nicaragua,Nicaragua,Claro,,,,,,,,,,0.0,,,89,,,,,,,,Aficionado,2024.0,12.0,aksum|aksum claro robusto|robusto
JRE Tobacco Co,img/icons/manufacturers/jre.svg,Aladino,,img/icons/brands/aladino.svg,85 Anniversario Reserva,Robusto,,Robusto,5,5,Parejo,Mexican San Andres Maduro,Corojo,Corojo,Honduras,Maduro,Medium,,,,,,,,,17.7,354,20,89,17.7,167.0,8.35,9.35,AL85R12,,,,,,aladino|robusto|robusto
JRE Tobacco Co,img/icons/manufacturers/jre.svg,Aladino,,img/icons/brands/aladino.svg,85 Anniversario Reserva,Toro,,Toro,6,52,Parejo,Mexican San Andres Maduro,Corojo,Corojo,Honduras,Maduro,Medium,,,,,,,,,19.7,394,20,89,19.7,187.0,9.35,10.35,AL85R12,,,,,,aladino|toro|toro
JRE Tobacco Co,img/icons/manufacturers/jre.svg,Aladino,,img/icons/brands/aladino.svg,Aladino Maduro,Corona BP,,Corona,5,44,Parejo,Mexican San Andres Maduro,Honduras Corojo,Honduras Corojo,Honduras,Maduro,Medium,,BP,,,,,,,8.9,178,20,89,8.9,79.0,3.95,4.95,AL07M,,,,,,aladino|corona bp|corona
JRE Tobacco Co,img/icons/manufacturers/jre.svg,Aladino,,img/icons/brands/aladino.svg,Aladino Maduro,Cazador BP,,Corona Extra,6,46,Parejo,Mexican San Andres Maduro,Honduras Corojo,Honduras Corojo,Honduras,Maduro,Medium,,BP,,,,,,,10.9,218,20,89,10.9,99.0,4.95,5.95,AL09M,,,,,,aladino|cazador bp|corona extra
JRE Tobacco Co,img/icons/manufacturers/jre.svg,Aladino,,img/icons/brands/aladino.svg,Aladino Maduro,Elegante,,Lancero,7,38,Parejo,Mexican San Andres Maduro,Honduras Corojo,Honduras Corojo,Honduras,Maduro,Medium,,,,,,,,,12.0,240,20,89,12.0,110.0,5.5,6.5,AL02M,,,,,,aladino|elegante|lancero
JRE Tobacco Co,img/icons/manufacturers/jre.svg,Aladino,,img/icons/brands/aladino.svg,Aladino Maduro,Robusto BP,,Robusto,5,50,Parejo,Mexican San Andres Maduro,Honduras Corojo,Honduras Corojo,Honduras,Maduro,Medium,,BP,,,,,,,12.6,252,20,89,12.6,116.0,5.8,6.8,AL04M,,,,,,aladino|robusto bp|robusto
JRE Tobacco Co,img/icons/manufacturers/jre.svg,Aladino,,img/icons/brands/aladino.svg,Aladino Maduro,Toro BP,,Toro BP,6,50,Parejo,Mexican San Andres Maduro,Honduras Corojo,Honduras Corojo,Honduras,Maduro,Medium,,BP,,,,,,,13.6,272,20,89,13.6,126.0,6.3,7.3,AL12M,,,,,,aladino|toro bp|toro bp
JRE Tobacco Co,img/icons/manufacturers/jre.svg,Aladino,,img/icons/brands/aladino.svg,Aladino Maduro,Gordo,,Gordo,6.5,60,Parejo,Mexican San Andres Maduro,Honduras Corojo,Honduras Corojo,Honduras,Maduro,Medium,,,,,,,,,14.1,282,20,89,14.1,131.0,6.55,7.55,AL06M,,,,,,aladino|gordo|gordo
JRE Tobacco Co,img/icons/manufacturers/jre.svg,Aladino,,img/icons/brands/aladino.svg,Aladino Natural Corojo,Patton,,Gigante,9,48,Parejo,Honduras Corojo,Honduras Corojo,Honduras Corojo,Honduras,Natural,Medium,,,,,,,,,22.0,220,10,89,22.0,105.0,10.5,11.5,AL11,,,,,,aladino|patton|gigante
JRE Tobacco Co,img/icons/manufacturers/jre.svg,Aladino,,img/icons/brands/aladino.svg,Aladino Natural Corojo,Petit Corona,,Petit Corona,4,40,Parejo,Honduras Corojo,Honduras Corojo,Honduras Corojo,Honduras,Natural,Medium,,,,,,,,,7.7,154,20,89,7.7,67.0,3.35,4.35,AL08,,,,,,aladino|petit corona|petit corona
JRE Tobacco Co,img/icons/manufacturers/jre.svg,Aladino,,img/icons/brands/aladino.svg,Aladino Natural Corojo,Corona,,Corona,5,44,Parejo,Honduras Corojo,Honduras Corojo,Honduras Corojo,Honduras,Natural,Medium,,,,,,,,,8.9,178,20,89,8.9,79.0,3.95,4.95,AL07,,,,,,aladino|corona|corona
JRE Tobacco Co,img/icons/manufacturers/jre.svg,Aladino,,img/icons/brands/aladino.svg,Aladino Natural Corojo,Palmas,,Corona Extra,6,43,Parejo,Honduras Corojo,Honduras Corojo,Honduras Corojo,Honduras,Natural,Medium,,,,,,,,,9.6,192,20,89,9.6,86.0,4.3,5.3,AL03,,,,,,aladino|palmas|corona extra
JRE Tobacco Co,img/icons/manufacturers/jre.svg,Aladino,,img/icons/brands/aladino.svg,Aladino Natural Corojo,Rothschild,,Rothschild,4.5,48,Parejo,Honduras Corojo,Honduras Corojo,Honduras Corojo,Honduras,Natural,Medium,,,,,,,,,9.8,196,20,89,9.8,88.0,4.4,5.4,AL05,,,,,,aladino|rothschild|rothschild
JRE Tobacco Co,img/icons/manufacturers/jre.svg,Aladino,,img/icons/brands/aladino.svg,Aladino Natural Corojo,Cazador,,Corona Extra,6,46,Parejo,Honduras Corojo,Honduras Corojo,Honduras Corojo,Honduras,Natural,Medium,,,,,,,,,10.9,218,20,89,10.9,99.0,4.95,5.95,AL09,,,,,,aladino|cazador|corona extra
JRE Tobacco Co,img/icons/manufacturers/jre.svg,Aladino,,img/icons/brands/aladino.svg,Aladino Natural Corojo,Elegante,,Lancero,7,38,Parejo,Honduras Corojo,Honduras Corojo,Honduras Corojo,Honduras,Natural,Medium,,,,,,,,,12.0,240,20,89,12.0,110.0,5.5,6.5,AL02,,,,,,aladino|elegante|lancero
JRE Tobacco Co,img/icons/manufacturers/jre.svg,Aladino,,img/icons/brands/aladino.svg,Aladino Natural Corojo,Robusto,,Robusto,5,50,Parejo,Honduras Corojo,Honduras Corojo,Honduras Corojo,Honduras,Natural,Medium,,,,,,,,,12.5,250,20,89,12.5,115.0,5.75,6.75,AL04,,,,,,aladino|robusto|robusto
JRE Tobacco Co,img/icons/manufacturers/jre.svg,Aladino,,img/icons/brands/aladino.svg,Aladino Natural Corojo,Toro,,Toro,6,50,Parejo,Honduras Corojo,Honduras Corojo,Honduras Corojo,Honduras,Natural,Medium,,,,,,,,,13.5,270,20,89,13.5,125.0,6.25,7.25,AL12,,,,,,aladino|toro|toro
JRE Tobacco Co,img/icons/manufacturers/jre.svg,Aladino,,img/icons/brands/aladino.svg,Aladino Natural Corojo,Churchill,,Churchill,7,48,Parejo,Honduras Corojo,Honduras Corojo,Honduras Corojo,Honduras,Natural,Medium,,,,,,,,,14.0,280,20,89,14.0,130.0,6.5,7.5,AL01,,,,,,aladino|churchill|churchill
JRE Tobacco Co,img/icons/manufacturers/jre.svg,Aladino,,img/icons/brands/aladino.svg,Aladino Natural Corojo,Gordo,,Gordo,6.5,60,Parejo,Honduras Corojo,Honduras Corojo,Honduras Corojo,Honduras,Natural,Medium,,,,,,,,,14.5,290,20,89,14.5,135.0,6.75,7.75,AL06,,,,,,aladino|gordo|gordo
JRE Tobacco Co,img/icons/manufacturers/jre.svg,Aladino,,img/icons/brands/aladino.svg,Aladino Natural Corojo,Santi,,Corona,5.5,32,Parejo,Honduras Corojo,Honduras Corojo,Honduras Corojo,Honduras,Natural,Medium,,,,,,,,,7.2,360,50,89,7.2,155.0,3.1,4.1,AL10,,,,,,aladino|santi|corona
JRE Tobacco Co,img/icons/manufacturers/jre.svg,Aladino,,img/icons/brands/aladino.svg,Aladino Sampler Connecticut,Rothschild,,Rothschild,4.5,48,Parejo,,,,Honduras,,,,,,,,Pack,,,0.0,,30,89,505.0,126.0,252.0,253.0,AL05S,,,,,,aladino|rothschild|rothschild
JRE Tobacco Co,img/icons/manufacturers/jre.svg,Aladino,,img/icons/brands/aladino.svg,Aladino Sampler Corojo,Rothschild,,Rothschild,4.5,48,Parejo,,,,Honduras,,,,,,,,Pack,,,0.0,,30,89,505.0,126.0,252.0,253.0,AL05S,,,,,,aladino|rothschild|rothschild
JRE Tobacco Co,img/icons/manufacturers/jre.svg,Aladino,,img/icons/brands/aladino.svg,Aladino Sampler Vintage,Rothschild,,Rothschild,4.5,48,Parejo,,,,Honduras,,,,,,,,Pack,,,0.0,,30,89,505.0,126.0,252.0,253.0,AL05S,,,,,,aladino|rothschild|rothschild
JRE Tobacco Co,img/icons/manufacturers/jre.svg,Aladino,,img/icons/brands/aladino.svg,Aladino Samplers Cameroon,Toro BP,,Toro BP,,55,Parejo,,,,Honduras,,,,BP,,,,Pack,,,0.0,,110,89,1.0,10.0,,1.0,AL12BPC,,,,,,aladino|toro bp|toro bp
JRE Tobacco Co,img/icons/manufacturers/jre.svg,Aladino,,img/icons/brands/aladino.svg,Aladino Samplers Classic,Toro BP,,Toro BP,,55,Parejo,,,,Honduras,,,,BP,,,,Pack,,,0.0,,110,89,1.0,10.0,,1.0,AL12BPC,,,,,,aladino|toro bp|toro bp
JRE Tobacco Co,img/icons/manufacturers/jre.svg,Aladino,,img/icons/brands/aladino.svg,Aladino Samplers Connecticut,Toro BP,,Toro BP,,55,Parejo,,,,Honduras,,,,BP,,,,Pack,,,0.0,,110,89,1.0,10.0,,1.0,AL12BPC,,,,,,aladino|toro bp|toro bp
JRE Tobacco Co,img/icons/manufacturers/jre.svg,Aladino,,img/icons/brands/aladino.svg,Aladino Vintage Selection,Elegante,,Lancero,7,38,Parejo,Habano,Honduras Corojo,Honduras Corojo,Honduras,Maduro,Medium,,,,,,,,,12.0,240,20,89,12.0,110.0,5.5,6.5,AL02H,,,,,,aladino|elegante|lancero
JRE Tobacco Co,img/icons/manufacturers/jre.svg,Aladino,,img/icons/brands/aladino.svg,Aladino Vintage Selection,Toro,,Toro,6,50,Parejo,Habano,Honduras Corojo,Honduras Corojo,Honduras,Maduro,Medium,,,,,,,,,12.2,244,20,89,12.2,112.0,5.6,6.6,AL12H,,,,,,aladino|toro|toro
JRE Tobacco Co,img/icons/manufacturers/jre.svg,Aladino,,img/icons/brands/aladino.svg,Aladino Vintage Selection,Rothschild,,Rothschild,4.5,48,Parejo,Habano,Honduras Corojo,Honduras Corojo,Honduras,Maduro,Medium,,,,,,,,,9.0,450,50,89,9.0,200.0,4.0,5.0,AL05H,,,,,,aladino|rothschild|rothschild
JRE Tobacco Co,img/icons/manufacturers/jre.svg,Aladino,,img/icons/brands/aladino.svg,Cameroon,Queens Perfecto,,Perfecto,5.25,46,Parejo,Honduras,Honduras,Honduras,Honduras,Natural,Medium,,,,,,,,,9.6,192,20,89,9.6,86.0,4.3,5.3,AL13CM,,,,,,aladino|queens perfecto|perfecto
JRE Tobacco Co,img/icons/manufacturers/jre.svg,Aladino,,img/icons/brands/aladino.svg,Cameroon,Elegante,,Lancero,7,38,Parejo,Honduras,Honduras,Honduras,Honduras,Natural,Medium,,,,,,,,,12.0,240,20,89,12.0,110.0,5.5,6.5,AL02CM,,,,,,aladino|elegante|lancero
JRE Tobacco Co,img/icons/manufacturers/jre.svg,Aladino,,img/icons/brands/aladino.svg,Cameroon,Gordo,,Gordo,6.5,60,Parejo,Honduras,Honduras,Honduras,Honduras,Natural,Medium,,,,,,,,,13.3,266,20,89,13.3,123.0,6.15,7.15,AL06CM,,,,,,aladino|gordo|gordo
JRE Tobacco Co,img/icons/manufacturers/jre.svg,Aladino,,img/icons/brands/aladino.svg,Cameroon,Lonsdale,,Lonsdale,6,43,Parejo,Honduras,Honduras,Honduras,Honduras,Natural,Medium,,,,,,,,,10.0,240,24,89,10.0,108.0,4.5,5.5,AL03CM,,,,,,aladino|lonsdale|lonsdale
JRE Tobacco Co,img/icons/manufacturers/jre.svg,Aladino,,img/icons/brands/aladino.svg,Cameroon,Robusto,,Robusto,5,50,Parejo,Honduras,Honduras,Honduras,Honduras,Natural,Medium,,,,,,,,,11.6,278.4,24,89,11.6,127.2,5.3,6.3,AL04CM,,,,,,aladino|robusto|robusto
JRE Tobacco Co,img/icons/manufacturers/jre.svg,Aladino,,img/icons/brands/aladino.svg,Cameroon,Super Toro,,Toro Gordo,6,52,Parejo,Honduras,Honduras,Honduras,Honduras,Natural,Medium,,,,,,,,,12.2,292.8,24,89,12.2,134.4,5.6,6.6,AL12CM,,,,,,aladino|super toro|toro gordo
JRE Tobacco Co,img/icons/manufacturers/jre.svg,Aladino,,img/icons/brands/aladino.svg,Cameroon Reserva,Toro,,Toro,6,52,Parejo,Honduras (Cameroon-seed),Honduras (Cameroon-seed),Honduras (Cameroon-seed),Honduras,Colorado,Medium,,,,,,,,,24.0,288,12,89,24.0,138.0,11.5,12.5,AL12CMR,,,,,,aladino|toro|toro
JRE Tobacco Co,img/icons/manufacturers/jre.svg,Aladino,,img/icons/brands/aladino.svg,Camp Aladino,Gorbusto Cameroon,,Short Gordo,4.5,60,Parejo,Cameroon,Honduras,Honduras,Honduras,Colorado,Medium,,,,,,,,,11.6,232,20,89,11.6,106.0,5.3,6.3,AL15CM,,,,,,aladino|gorbusto cameroon|short gordo
JRE Tobacco Co,img/icons/manufacturers/jre.svg,Aladino,,img/icons/brands/aladino.svg,Camp Aladino,Gorbusto Corojo,,Short Gordo,4.5,60,Parejo,Corojo,Honduras,Honduras,Honduras,Colorado,Medium,,,,,,,,,11.6,232,20,89,11.6,106.0,5.3,6.3,AL15,,,,,,aladino|gorbusto corojo|short gordo
JRE Tobacco Co,img/icons/manufacturers/jre.svg,Aladino,,img/icons/brands/aladino.svg,Camp Aladino,Gorbusto Maduro,,Short Gordo,4.5,60,Parejo,Maduro,Honduras,Honduras,Honduras,Colorado,Full,,,,,,,,,11.6,232,20,89,11.6,106.0,5.3,6.3,AL15M,,,,,,aladino|gorbusto maduro|short gordo
JRE Tobacco Co,img/icons/manufacturers/jre.svg,Aladino,,img/icons/brands/aladino.svg,Candela,Toro,,Toro,6,50,Parejo,Honduras (Cameroon-seed),Honduras (Cameroon-seed),Honduras (Cameroon-seed),Honduras,Colorado,Medium,,,,,,,,,12.0,240,20,89,12.0,110.0,5.5,6.5,AL12CD,,,,,,aladino|toro|toro
JRE Tobacco Co,img/icons/manufacturers/jre.svg,Aladino,,img/icons/brands/aladino.svg,Classic,Corona,,Corona,5,44,Parejo,Mexican San Andres Maduro,Corojo,Corojo,Honduras,Maduro,Medium,,,,,,,,,8.9,178,20,89,8.9,79.0,3.95,4.95,AL07CL,,,,,,aladino|corona|corona
JRE Tobacco Co,img/icons/manufacturers/jre.svg,Aladino,,img/icons/brands/aladino.svg,Classic,Robusto,,Robusto,5,50,Parejo,Mexican San Andres Maduro,Corojo,Corojo,Honduras,Maduro,Medium,,,,,,,,,11.2,224,20,89,11.2,102.0,5.1,6.1,AL04CL,,,,,,aladino|robusto|robusto
JRE Tobacco Co,img/icons/manufacturers/jre.svg,Aladino,,img/icons/brands/aladino.svg,Classic,Elegante,,Lancero,7,38,Parejo,Mexican San Andres Maduro,Corojo,Corojo,Honduras,Maduro,Medium,,,,,,,,,12.0,240,20,89,12.0,110.0,5.5,6.5,AL02CL,,,,,,aladino|elegante|lancero
JRE Tobacco Co,img/icons/manufacturers/jre.svg,Aladino,,img/icons/brands/aladino.svg,Classic,Toro,,Toro,6,50,Parejo,Mexican San Andres Maduro,Corojo,Corojo,Honduras,Maduro,Medium,,,,,,,,,12.2,244,20,89,12.2,112.0,5.6,6.6,AL12CL,,,,,,aladino|toro|toro
JRE Tobacco Co,img/icons/manufacturers/jre.svg,Aladino,,img/icons/brands/aladino.svg,Classic,Gordo,,Gordo,6.5,60,Parejo,Mexican San Andres Maduro,Corojo,Corojo,Honduras,Maduro,Medium,,,,,,,,,12.6,252,20,89,12.6,116.0,5.8,6.8,AL06CL,,,,,,aladino|gordo|gordo
JRE Tobacco Co,img/icons/manufacturers/jre.svg,Aladino,,img/icons/brands/aladino.svg,Connecticut,Queens Perfecto,,Perfecto,5.25,46,Perfecto,Ecuador,Honduras,Honduras,Honduras,Claro,Mild,,,,,,,,,9.6,192,20,89,9.6,86.0,4.3,5.3,AL13CT,,,,,,aladino|queens perfecto|perfecto
JRE Tobacco Co,img/icons/manufacturers/jre.svg,Aladino,,img/icons/brands/aladino.svg,Connecticut,Robusto,,Robusto,5,50,Parejo,Ecuador,Honduras,Honduras,Honduras,Claro,Mild,,,,,,,,,10.9,218,20,89,10.9,99.0,4.95,5.95,AL04CT,,,,,,aladino|robusto|robusto
JRE Tobacco Co,img/icons/manufacturers/jre.svg,Aladino,,img/icons/brands/aladino.svg,Connecticut,Toro,,Toro,6,50,Parejo,Ecuador,Honduras,Honduras,Honduras,Claro,Mild,,,,,,,,,11.8,236,20,89,11.8,108.0,5.4,6.4,AL12CT,,,,,,aladino|toro|toro
JRE Tobacco Co,img/icons/manufacturers/jre.svg,Aladino,,img/icons/brands/aladino.svg,Connecticut,Churchill,,Churchill,7,52,Parejo,Ecuador,Honduras,Honduras,Honduras,Claro,Mild,,,,,,,,,12.4,248,20,89,12.4,114.0,5.7,6.7,AL01CT,,,,,,aladino|churchill|churchill
JRE Tobacco Co,img/icons/manufacturers/jre.svg,Aladino,,img/icons/brands/aladino.svg,Connecticut,Gordo,,Gordo,6.5,60,Parejo,Ecuador,Honduras,Honduras,Honduras,Claro,Mild,,,,,,,,,12.6,252,20,89,12.6,116.0,5.8,6.8,AL06CT,,,,,,aladino|gordo|gordo
,,Aladino,,,Corojo,Reserva,,,,,,Honduras,Honduras,Honduras,Honduras,,,,,,,,,,,0.0,,,89,,,,,,,,Cigar Journal,2019.0,24.0,aladino|reserva|
JRE Tobacco Co,img/icons/manufacturers/jre.svg,Aladino,,img/icons/brands/aladino.svg,Corojo Reserva,Figurado BP,,Figurado,6.25,54,Figurado,Honduras Corojo,Honduras Corojo,Honduras Corojo,Honduras,Colorado Maduro,Full ,,BP,,,,,,,18.7,187,10,89,18.7,88.5,8.85,9.85,AL14R,,,,,,aladino|figurado bp|figurado
JRE Tobacco Co,img/icons/manufacturers/jre.svg,Aladino,,img/icons/brands/aladino.svg,Corojo Reserva,No. 4,,Corona,5,44,Parejo,Honduras Corojo,Honduras Corojo,Honduras Corojo,Honduras,Colorado Maduro,Full ,,,,,,,,,12.0,240,20,89,12.0,110.0,5.5,6.5,AL07R,,,,,,aladino|no. 4|corona
JRE Tobacco Co,img/icons/manufacturers/jre.svg,Aladino,,img/icons/brands/aladino.svg,Corojo Reserva,Robusto,,Robusto,5,50,Parejo,Honduras Corojo,Honduras Corojo,Honduras Corojo,Honduras,Colorado Maduro,Full ,,,,,,,,,15.2,304,20,89,15.2,142.0,7.1,8.1,AL04R,,,,,,aladino|robusto|robusto
JRE Tobacco Co,img/icons/manufacturers/jre.svg,Aladino,,img/icons/brands/aladino.svg,Corojo Reserva,Toro,,Toro,6,52,Parejo,Honduras Corojo,Honduras Corojo,Honduras Corojo,Honduras,Colorado Maduro,Full ,,,,,,,,,17.2,344,20,89,17.2,162.0,8.1,9.1,AL12R,,,,,,aladino|toro|toro
JRE Tobacco Co,img/icons/manufacturers/jre.svg,Aladino,,img/icons/brands/aladino.svg,Fuma Noche,Super Toro,,Toro Gordo,6.25,54,Parejo,Maduro,,,Honduras,Maduro,Full ,,,,,,,,,16.6,265.6,16,89,16.6,124.8,7.8,8.8,AL12FN,,,,,,aladino|super toro|toro gordo
JRE Tobacco Co,img/icons/manufacturers/jre.svg,Aladino,,img/icons/brands/aladino.svg,LE Cameroon,Toro,,Toro,6,52,Parejo,Cameroon,"Honduras, Undisclosed","Honduras, Undisclosed",Honduras,Colorado,Medium,,,,,,,,,17.6,352,20,89,17.6,166.0,8.3,9.3,AL12LE,,,,,,aladino|toro|toro
,,Aladino,,,,ALADINO SUMATRA LIMITED EDITION TORO,,Toro,,,Parejo,Honduras,Honduras,Honduras,Honduras,,,,,,,,,,,0.0,,,89,,,,,,,,Cigar Journal,2023.0,14.0,aladino|aladino sumatra limited edition toro|toro
,,Aladino,,,,Fuma Noche Super Toro,,Toro,,,Parejo,Honduras,Honduras,Honduras,Honduras,,,,,,,,,,,0.0,,,89,,,,,,,,Cigar Journal,2024.0,8.0,aladino|fuma noche super toro|toro
,,Alec & Bradley,,,,Blind Faith Gordo,,Gordo,,,Parejo,Honduras,Nicaragua; Honduras,Nicaragua,Honduras,,,,,,,,,,,0.0,,,89,,,,,,,,Cigar Journal,2019.0,3.0,alec & bradley|blind faith gordo|gordo
,,Alec Bradley,,,Black Market,Robusto,,Robusto,,,Parejo,Nicaragua,Indonesia,Panama; Honduras,Honduras,,,,,,,,,,,0.0,,,89,,,,,,,,Cigar Journal,2014.0,20.0,alec bradley|robusto|robusto
,,Alec Bradley,,,Black Market,Alec Bradley Black Market Punk,,Petit Corona,4.25,42,Parejo,Honduras,Honduras; Panama,Honduras; Panama,Honduras,,,,,,,,,,,0.0,,,89,,,,,,,,Aficionado,2022.0,4.0,alec bradley|alec bradley black market punk|petit corona
,,Alec Bradley,,,Black Market Estelí,Black Market Estelí Torpedo,https://www.cigaraficionado.com/top25/2018/alec-bradley-black-market-esteli-torpedo,Torpedo,6.5,52,Torpedo,Nicaragua,Nicaragua,Nicaragua; Honduras,Nicaragua,,,,,,,,,,,0.0,,,89,,,,,,,,Aficionado,2018.0,9.0,alec bradley|black market estelí torpedo|torpedo
,,Alec Bradley,,,Coyol,Petit Lancero,https://www.cigaraficionado.com/top25cigar/alec-bradley-coyol-petit-lancero-2016,Lancero,6.5,43,Parejo,Honduras,Honduras,Honduras/Nicaragua,Honduras,,,,,,,,,,,0.0,,,89,,,,,,,,Aficionado,2016.0,18.0,alec bradley|petit lancero|lancero
,,Alec Bradley,,,Family Blend,The Lineage,https://www.cigaraficionado.com/top25cigar/alec-bradley-family-blend-lineage-2007,Toro,6,54,Parejo,Honduras,Nicaragua/Honduras,Honduras,Honduras,,,,,,,,,,,0.0,,,89,,,,,,,,Aficionado,2007.0,24.0,alec bradley|the lineage|toro
,,Alec Bradley,,,Family Blend,The Lineage,https://www.cigaraficionado.com/top25cigar/alec-bradley-family-blend-lineage-2008,Toro,6,54,Parejo,Honduras,Nicaragua/Honduras,Honduras,Honduras,,,,,,,,,,,0.0,,,89,,,,,,,,Aficionado,2008.0,21.0,alec bradley|the lineage|toro
,,Alec Bradley,,,Family Blend,The Lineage,https://www.cigaraficionado.com/top25cigar/alec-bradley-family-blend-lineage-2009,Toro,6,54,Parejo,Honduras,Nicaragua/Honduras,Honduras,Honduras,,,,,,,,,,,0.0,,,89,,,,,,,,Aficionado,2009.0,18.0,alec bradley|the lineage|toro
,,Alec Bradley,,,Family Blend,The Lineage,https://www.cigaraficionado.com/top25cigar/alec-bradley-family-blend-lineage-2010,Toro,6,54,Parejo,Honduras,Honduras/Nicaragua,Honduras,Honduras,,,,,,,,,,,0.0,,,89,,,,,,,,Aficionado,2010.0,24.0,alec bradley|the lineage|toro
,,Alec Bradley,,,Family Blend,The Lineage Toro,https://www.cigaraficionado.com/top25cigar/alec-bradley-family-blend-lineage-toro-2011,Toro,6,54,Parejo,Honduras,Nicaragua/Honduras,Honduras,Honduras,,,,,,,,,,,0.0,,,89,,,,,,,,Aficionado,2011.0,24.0,alec bradley|the lineage toro|toro
,,Alec Bradley,,,Gatekeeper,Gatekeeper Robusto,https://www.cigaraficionado.com/top25/2019/alec-bradley-gatekeeper-robusto,Robusto,5,50,Parejo,Ecuador,Dominican Republic,Nicaragua,Nicaragua,,,,,,,,,,,0.0,,,89,,,,,,,,Aficionado,2019.0,17.0,alec bradley|gatekeeper robusto|robusto
,,Alec Bradley,,,Gatekeeper,Gatekeeper Robusto,https://www.cigaraficionado.com/top25/2020/alec-bradley-gatekeeper-robusto,Robusto,5,50,Parejo,Ecuador,Nicaragua,Dominican Republic; Nicaragua,Dominican Republic,,,,,,,,,,,0.0,,,89,,,,,,,,Aficionado,2020.0,7.0,alec bradley|gatekeeper robusto|robusto
,,Alec Bradley,,,Kintsugi,Alec & Bradley Kintsugi Robusto,,Robusto,5,52,Parejo,Honduras,Nicaragua,Honduras; Nicaragua,Honduras,,,,,,,,,,,0.0,,,89,,,,,,,,Cigar Journal,2021.0,16.0,alec bradley|alec & bradley kintsugi robusto|robusto
,,Alec Bradley,,,Prensado,Churchill,https://www.cigaraficionado.com/top25cigar/alec-bradley-prensado-churchill-2010,Churchill,7,48,Parejo,Honduras,Honduras,Honduras,Honduras,,,,,,,,,,,0.0,,,89,,,,,,,,Aficionado,2010.0,5.0,alec bradley|churchill|churchill
,,Alec Bradley,,,Prensado,Churchill,https://www.cigaraficionado.com/top25cigar/alec-bradley-prensado-churchill-2011,Churchill,7,48,Parejo,Honduras,Honduras,Honduras,Honduras,,,,,,,,,,,0.0,,,89,,,,,,,,Aficionado,2011.0,1.0,alec bradley|churchill|churchill
,,Alec Bradley,,,Prensado,Churchill,https://www.cigaraficionado.com/top25cigar/alec-bradley-prensado-churchill-2012,Churchill,7,48,Parejo,Honduras,Honduras,Honduras,Honduras,,,,,,,,,,,0.0,,,89,,,,,,,,Aficionado,2012.0,4.0,alec bradley|churchill|churchill
,,Alec Bradley,,,Prensado,Churchill,https://www.cigaraficionado.com/top25cigar/alec-bradley-prensado-churchill-2013,Churchill,7,48,Parejo,Honduras,Honduras,Honduras,Honduras,,,,,,,,,,,0.0,,,89,,,,,,,,Aficionado,2013.0,2.0,alec bradley|churchill|churchill
,,Alec Bradley,,,Prensado,Churchill,https://www.cigaraficionado.com/top25cigar/alec-bradley-prensado-churchill-2015,Churchill,7,48,Parejo,Honduras,Honduras,Honduras,Honduras,,,,,,,,,,,0.0,,,89,,,,,,,,Aficionado,2015.0,13.0,alec bradley|churchill|churchill
,,Alec Bradley,,,Prensado,Prensado Churchill,https://www.cigaraficionado.com/top25/2018/alec-bradley-prensado-churchill,Churchill,7,49,Parejo,Honduras,Nicaragua,Honduras; Nicaragua,Honduras,,,,,,,,,,,0.0,,,89,,,,,,,,Aficionado,2018.0,16.0,alec bradley|prensado churchill|churchill
,,Alec Bradley,,,Prensado,Torpedo,,Torpedo,6.13,52,Torpedo,Honduras,Nicaragua,"Honduras,Nicaragua",Honduras,,,,,,,,,,,0.0,,,89,,,,,,,,Aficionado,2023.0,8.0,alec bradley|torpedo|torpedo
,,Alec Bradley,,,Prensado Robusto,Robusto,,Robusto,,,Parejo,Honduras,Nicaragua,Honduras,Honduras,,,,,,,,,,,0.0,,,89,,,,,,,,Cigar Journal,2015.0,23.0,alec bradley|robusto|robusto
,,Alec Bradley,,,Project 40,Toro,,Toro,,,Parejo,Nicaragua,Nicaragua,Nicaragua,Nicaragua,,,,,,,,,,,0.0,,,89,,,,,,,,Cigar Journal,2020.0,24.0,alec bradley|toro|toro
,,Alec Bradley,,,Tempus,Centuria,https://www.cigaraficionado.com/top25cigar/alec-bradley-tempus-centuria-2007,Toro,6,52,Parejo,Honduras,Honduras,Honduras,Honduras,,,,,,,,,,,0.0,,,89,,,,,,,,Aficionado,2007.0,12.0,alec bradley|centuria|toro
,,Alec Bradley,,,Tempus,Centuria,https://www.cigaraficionado.com/top25cigar/alec-bradley-tempus-centuria-2008,Toro,6,52,Parejo,Honduras,Honduras,Honduras,Honduras,,,,,,,,,,,0.0,,,89,,,,,,,,Aficionado,2008.0,7.0,alec bradley|centuria|toro
,,Alec Bradley,,,Tempus,Centuria,https://www.cigaraficionado.com/top25cigar/alec-bradley-tempus-centuria-2009,Toro,6,52,Parejo,Honduras,Honduras,Honduras,Honduras,,,,,,,,,,,0.0,,,89,,,,,,,,Aficionado,2009.0,6.0,alec bradley|centuria|toro
,,Alec Bradley,,,Tempus,Centuria,https://www.cigaraficionado.com/top25cigar/alec-bradley-tempus-centuria-2011,Toro,6,52,Parejo,Honduras,Honduras,Honduras,Honduras,,,,,,,,,,,0.0,,,89,,,,,,,,Aficionado,2011.0,10.0,alec bradley|centuria|toro
,,Alec Bradley,,,Tempus,Centuria,https://www.cigaraficionado.com/top25cigar/alec-bradley-tempus-centuria-2012,Toro,6,52,Parejo,Honduras,Honduras,Honduras,Honduras,,,,,,,,,,,0.0,,,89,,,,,,,,Aficionado,2012.0,14.0,alec bradley|centuria|toro
,,Alec Bradley,,,Tempus,Centuria,https://www.cigaraficionado.com/top25cigar/alec-bradley-tempus-centuria-2013,Toro,6,52,Parejo,Honduras,Honduras,Honduras,Honduras,,,,,,,,,,,0.0,,,89,,,,,,,,Aficionado,2013.0,20.0,alec bradley|centuria|toro
,,Alec Bradley,,,Tempus,Centuria,https://www.cigaraficionado.com/top25cigar/alec-bradley-tempus-centuria-2014,Toro,6,52,Parejo,Honduras,Honduras,Honduras,Honduras,,,,,,,,,,,0.0,,,89,,,,,,,,Aficionado,2014.0,20.0,alec bradley|centuria|toro
,,Alec Bradley,,,Tempus,Tempus Natural Centuria,https://www.cigaraficionado.com/top25/2017/alec-bradley-tempus-natural-centuria,Churchill,7,49,Parejo,Honduras,Honduras; Indonesia,Nicaragua; Honduras,Honduras,Natural,,,,,,,,,,0.0,,,89,,,,,,,,Aficionado,2017.0,5.0,alec bradley|tempus natural centuria|churchill
,,Alec Bradley,,,,Prensado Lost Art,,,,,,Honduras,Honduras; Nicaragua,Honduras; Nicaragua,Honduras,,,,,,,,,,,0.0,,,89,,,,,,,,Cigar Journal,2018.0,9.0,alec bradley|prensado lost art|
,,Aliados,,,,ALIADOS ORIGINAL BLEND TORO,,Toro,,,Parejo,Honduras,Honduras,Honduras,Honduras,,,,,,,,,,,0.0,,,89,,,,,,,,Cigar Journal,2023.0,10.0,aliados|aliados original blend toro|toro
Drew Estate,img/icons/manufacturers/drewestate.svg,Ambrosia,,img/icons/brands/ambrosia.svg,Ambrosia,Clove Tiki,,Cigarillo,4,32,Parejo,,,,,,,,,,FS,,,,,17.0,70,5,89,17.0,40.0,8.0,9.0,Q-01-06-013,50.0,,,,,ambrosia|clove tiki|cigarillo
Drew Estate,img/icons/manufacturers/drewestate.svg,Ambrosia,,img/icons/brands/ambrosia.svg,Ambrosia,Clove Tiki,,Cigarillo,4,32,Parejo,,,,,,,,,,FS,Tin,,,,17.0,70,5,89,17.0,40.0,8.0,9.0,Q-01-06-013,50.0,,,,,ambrosia|clove tiki|cigarillo
Drew Estate,img/icons/manufacturers/drewestate.svg,Ambrosia,,img/icons/brands/ambrosia.svg,Ambrosia,Nectar,,Corona,5,43,Parejo,,,,,,,,,,FS,,,,,10.6533333333333,216,24,89,10.6533333333333,115.84,4.82666666666667,5.82666666666663,Q-01-06-001,25.0,,,,,ambrosia|nectar|corona
Drew Estate,img/icons/manufacturers/drewestate.svg,Ambrosia,,img/icons/brands/ambrosia.svg,Ambrosia,Spice,,,6,54,,,,,,,,,,,FS,,,,,12.65,264,24,89,12.65,139.8,5.825,6.825,Q-01-06-004,16.0,,,,,ambrosia|spice|
Drew Estate,img/icons/manufacturers/drewestate.svg,Ambrosia,,img/icons/brands/ambrosia.svg,Ambrosia,Mother Earth,,Toro,6,50,Parejo,,,,,,,,,,FS,,,,,12.8533333333333,268.8,24,89,12.8533333333333,142.24,5.92666666666667,6.92666666666663,Q-01-06-003,20.0,,,,,ambrosia|mother earth|toro
,,Antigua Esteli,,,Segovias Maduro,,,,,,,Mexico,Nicaragua,Nicaragua,Nicaragua,,,,,,,,,,,0.0,,,89,,,,,,,,Cigar Journal,2019.0,12.0,antigua esteli||
,,Artesano del Tobacco,,,El Pulpo,Belicoso Grande,,Belicoso,5.75,58,Belicoso,Mexico (San Andrés),Nicaragua,Nicaragua,Nicaragua,,,,,,,,,,,0.0,,,89,,,,,,,,Aficionado,2023.0,10.0,artesano del tobacco|belicoso grande|belicoso
,,Artista,,,,ARTISTA MIDNIGHT ROBUSTO,,Robusto,,,Parejo,Ecuador,Ecuador,"Dominican Republic, Nicaragua, USA",Dominican Republic,,,,,,,,,,,0.0,,,89,,,,,,,,Cigar Journal,2023.0,23.0,artista|artista midnight robusto|robusto
,,Artista,,,,ARTISTA FALU ROBUSTO,,Robusto,,,Parejo,undisclosed,Indonesia,Dominican Republic,Dominican Republic,,,,,,,,,,,0.0,,,89,,,,,,,,Cigar Journal,2024.0,14.0,artista|artista falu robusto|robusto
Arturo Fuente,img/icons/manufacturers/arturofuente.svg,Arturo Fuente,,img/icons/brands/arturofuente.svg,Brevas Royale,Its a Girl,,,5.5,42,Parejo,,Dominican Republic,Dominican Republic,Dominican Republic,,,,,,,,,,,0.0,,,89,,,,,,,,,,,arturo fuente|its a girl|
Arturo Fuente,img/icons/manufacturers/arturofuente.svg,Arturo Fuente,,img/icons/brands/arturofuente.svg,Brevas Royale,Corona Natural,,Corona,5.5,42,Parejo,Cameroon,Dominican Republic,Dominican Republic,Dominican Republic,Natural,Mild,,,,,,,,,0.0,,,89,,,,,,,,,,,arturo fuente|corona natural|corona
Arturo Fuente,img/icons/manufacturers/arturofuente.svg,Arturo Fuente,,img/icons/brands/arturofuente.svg,Brevas Royale,Corona Maduro,,Corona,5.5,42,Parejo,USA Connecticut Broadleaf,Dominican Republic,Dominican Republic,Dominican Republic,Maduro,Medium,,,,,,,,,0.0,,,89,,,,,,,,,,,arturo fuente|corona maduro|corona
Arturo Fuente,img/icons/manufacturers/arturofuente.svg,Arturo Fuente,,img/icons/brands/arturofuente.svg,Casa Cuba,Doble Cinco,https://www.cigaraficionado.com/top25cigar/arturo-fuente-casa-cuba-doble-cinco-2016,Robusto,5,50,Parejo,Ecuador,Dominican Republic,Dominican Republic,Dominican Republic,,,,,,,,,,,0.0,,,89,,,,,,,,Aficionado,2016.0,23.0,arturo fuente|doble cinco|robusto
Arturo Fuente,img/icons/manufacturers/arturofuente.svg,Arturo Fuente,,img/icons/brands/arturofuente.svg,Casa Cuba,Casa Cuba Doble Cuatro,https://www.cigaraficionado.com/top25/2021/casa-cuba-doble-cuatro,Robusto,4.5,54,Parejo,Ecuador,Dominican Republic,Dominican Republic,Dominican Republic,,,,,,,,,,,0.0,,,89,,,,,,,,Aficionado,2021.0,5.0,arturo fuente|casa cuba doble cuatro|robusto
Arturo Fuente,img/icons/manufacturers/arturofuente.svg,Arturo Fuente,,img/icons/brands/arturofuente.svg,Chateau Cuban Belicoso Sun Grown,,,Pyramid,5.75,52,Pyramid,Ecuadorian Sun Grown,Dominican Republic,Dominican Republic,Dominican Republic,EMS,Medium-Full,,,,,,,,,0.0,,,89,,,,,,,,,,,arturo fuente||pyramid
Arturo Fuente,img/icons/manufacturers/arturofuente.svg,Arturo Fuente,,img/icons/brands/arturofuente.svg,Chateau Fuente,King B Sun Grown Torpedo,,Torpedo,6,55,Pyramid,,Dominican Republic,Dominican Republic,Dominican Republic,,,,,,,,,,,0.0,,,89,,,,,,,,,,,arturo fuente|king b sun grown torpedo|torpedo
Arturo Fuente,img/icons/manufacturers/arturofuente.svg,Arturo Fuente,,img/icons/brands/arturofuente.svg,Chateau Fuente,King T Churchill,,Churchill,7,49,Parejo,USA Connecticut Shade,Dominican Republic,Dominican Republic,Dominican Republic,Natural,Mild,,,,,,,,,0.0,,,89,,,,,,,,,,,arturo fuente|king t churchill|churchill
Arturo Fuente,img/icons/manufacturers/arturofuente.svg,Arturo Fuente,,img/icons/brands/arturofuente.svg,Chateau Fuente,King T Rosado Sun Grown Churchill,,Churchill,7,49,Parejo,,Dominican Republic,Dominican Republic,Dominican Republic,,,,,,,,,,,0.0,,,89,,,,,,,,,,,arturo fuente|king t rosado sun grown churchill|churchill
Arturo Fuente,img/icons/manufacturers/arturofuente.svg,Arturo Fuente,,img/icons/brands/arturofuente.svg,Chateau Fuente,Maduro Robusto,,Robusto,4.5,50,Parejo,,Dominican Republic,Dominican Republic,Dominican Republic,,,,,,,,,,,0.0,,,89,,,,,,,,,,,arturo fuente|maduro robusto|robusto
Arturo Fuente,img/icons/manufacturers/arturofuente.svg,Arturo Fuente,,img/icons/brands/arturofuente.svg,Chateau Fuente,Natural Robusto,,Robusto,4.5,50,Parejo,,Dominican Republic,Dominican Republic,Dominican Republic,,,,,,,,,,,0.0,,,89,,,,,,,,,,,arturo fuente|natural robusto|robusto
Arturo Fuente,img/icons/manufacturers/arturofuente.svg,Arturo Fuente,,img/icons/brands/arturofuente.svg,Chateau Fuente,Pyramid,,Pyramid,6,52,Pyramid,USA Connecticut Shade,Dominican Republic,Dominican Republic,Dominican Republic,Natural,Mild,,,,,,,,,0.0,,,89,,,,,,,,,,,arturo fuente|pyramid|pyramid
Arturo Fuente,img/icons/manufacturers/arturofuente.svg,Arturo Fuente,,img/icons/brands/arturofuente.svg,Chateau Fuente,Queen B Sun Grown Robusto,,Robusto,5.5,52,Parejo,,Dominican Republic,Dominican Republic,Dominican Republic,,,,,,,,,,,0.0,,,89,,,,,,,,,,,arturo fuente|queen b sun grown robusto|robusto
Arturo Fuente,img/icons/manufacturers/arturofuente.svg,Arturo Fuente,,img/icons/brands/arturofuente.svg,Chateau Fuente,Royal Salute Maduro Double Corona,,Double Corona,7.625,54,Parejo,,Dominican Republic,Dominican Republic,Dominican Republic,,,,,,,,,,,0.0,,,89,,,,,,,,,,,arturo fuente|royal salute maduro double corona|double corona
Arturo Fuente,img/icons/manufacturers/arturofuente.svg,Arturo Fuente,,img/icons/brands/arturofuente.svg,Chateau Fuente,Royal Salute Natural Double Corona,,Double Corona,7.625,54,Parejo,USA Connecticut Shade,Dominican Republic,Dominican Republic,Dominican Republic,Natural,Mild,,,,,,,,,0.0,,,89,,,,,,,,,,,arturo fuente|royal salute natural double corona|double corona
Arturo Fuente,img/icons/manufacturers/arturofuente.svg,Arturo Fuente,,img/icons/brands/arturofuente.svg,Chateau Fuente,Royal Salute Sun Grown Double Corona,,Double Corona,7.625,54,Parejo,,Dominican Republic,Dominican Republic,Dominican Republic,,,,,,,,,,,0.0,,,89,,,,,,,,,,,arturo fuente|royal salute sun grown double corona|double corona
Arturo Fuente,img/icons/manufacturers/arturofuente.svg,Arturo Fuente,,img/icons/brands/arturofuente.svg,Chateau Fuente,Sun Grown Robusto,,Robusto,4.5,50,Parejo,,Dominican Republic,Dominican Republic,Dominican Republic,,,,,,,,,,,0.0,,,89,,,,,,,,,,,arturo fuente|sun grown robusto|robusto
Arturo Fuente,img/icons/manufacturers/arturofuente.svg,Arturo Fuente,,img/icons/brands/arturofuente.svg,Curly Head,Deluxe Maduro Lonsdale,,Lonsdale,6.5,43,Parejo,USA Connecticut Broadleaf,Dominican Republic,Dominican Republic,Dominican Republic,Maduro,Medium,,,,,,,,,0.0,,,89,,,,,,,,,,,arturo fuente|deluxe maduro lonsdale|lonsdale
Arturo Fuente,img/icons/manufacturers/arturofuente.svg,Arturo Fuente,,img/icons/brands/arturofuente.svg,Curly Head,Deluxe Natural Lonsdale,,Lonsdale,6.5,43,Parejo,Cameroon,Dominican Republic,Dominican Republic,Dominican Republic,Natural,Mild,,,,,,,,,0.0,,,89,,,,,,,,,,,arturo fuente|deluxe natural lonsdale|lonsdale
Arturo Fuente,img/icons/manufacturers/arturofuente.svg,Arturo Fuente,,img/icons/brands/arturofuente.svg,Curly Head,Natural Lonsdale,,Lonsdale,6.375,44,Parejo,,Dominican Republic,Dominican Republic,Dominican Republic,,,,,,,,,,,0.0,,,89,,,,,,,,,,,arturo fuente|natural lonsdale|lonsdale
Arturo Fuente,img/icons/manufacturers/arturofuente.svg,Arturo Fuente,,img/icons/brands/arturofuente.svg,Curly Head,XC Lonsdale,,Lonsdale,6.375,44,Parejo,,Dominican Republic,Dominican Republic,Dominican Republic,,,,,,,,,,,0.0,,,89,,,,,,,,,,,arturo fuente|xc lonsdale|lonsdale
,,Arturo Fuente,,,Don Carlos,No. 2,,Robusto,5.75,50,Parejo,Cameroon,Dominican Republic,Dominican Republic,Dominican Republic,,,,,,,,,,,0.0,,,89,,,,,,,,Aficionado,2004.0,4.0,arturo fuente|no. 2|robusto
Arturo Fuente,img/icons/manufacturers/arturofuente.svg,Arturo Fuente,,img/icons/brands/arturofuente.svg,Don Carlos,Belicoso,,Belicoso,5.375,52,Pyramid,Cameroon,Dominican Republic,Dominican Republic,Dominican Republic,EMS,Medium-Full,,,,,,,,,0.0,,,89,,,,,,,,Aficionado,2006.0,10.0,arturo fuente|belicoso|belicoso
Arturo Fuente,img/icons/manufacturers/arturofuente.svg,Arturo Fuente,,img/icons/brands/arturofuente.svg,Don Carlos,Presidente,,Presidente,6.5,50,Parejo,Cameroon,Dominican Republic,Dominican Republic,Dominican Republic,EMS,Medium-Full,,,,,,,,,0.0,,,89,,,,,,,,Aficionado,2007.0,2.0,arturo fuente|presidente|presidente
,,Arturo Fuente,,,Don Carlos,No. 3,https://www.cigaraficionado.com/top25cigar/arturo-fuente-don-carlos-no-3-2008,Corona,5.5,44,Parejo,Cameroon,Dominican Republic,Dominican Republic,Dominican Republic,,,,,,,,,,,0.0,,,89,,,,,,,,Aficionado,2008.0,3.0,arturo fuente|no. 3|corona
,,Arturo Fuente,,,Don Carlos,No. 2,https://www.cigaraficionado.com/top25cigar/arturo-fuente-don-carlos-no-2-2008,Robusto,5.75,50,Parejo,Cameroon,Dominican Republic,Dominican Republic,Dominican Republic,,,,,,,,,,,0.0,,,89,,,,,,,,Aficionado,2008.0,20.0,arturo fuente|no. 2|robusto
,,Arturo Fuente,,,Don Carlos,No. 4,https://www.cigaraficionado.com/top25cigar/arturo-fuente-don-carlos-no-4-2009,Corona,5.13,43,Parejo,Cameroon,Dominican Republic,Dominican Republic,Dominican Republic,,,,,,,,,,,0.0,,,89,,,,,,,,Aficionado,2009.0,9.0,arturo fuente|no. 4|corona
,,Arturo Fuente,,,Don Carlos,No. 4,https://www.cigaraficionado.com/top25cigar/arturo-fuente-don-carlos-no-4-2010,Corona,5.13,43,Parejo,Cameroon,Dominican Republic,Dominican Republic,Dominican Republic,,,,,,,,,,,0.0,,,89,,,,,,,,Aficionado,2010.0,4.0,arturo fuente|no. 4|corona
,,Arturo Fuente,,,Don Carlos,No. 4,https://www.cigaraficionado.com/top25cigar/arturo-fuente-don-carlos-no-4-2011,Corona,5.13,43,Parejo,Cameroon,Dominican Republic,Dominican Republic,Dominican Republic,,,,,,,,,,,0.0,,,89,,,,,,,,Aficionado,2011.0,4.0,arturo fuente|no. 4|corona
,,Arturo Fuente,,,Don Carlos,No. 4,https://www.cigaraficionado.com/top25cigar/arturo-fuente-don-carlos-no-4-2012,Corona,5.13,43,Parejo,Cameroon,Dominican Republic,Dominican Republic,Dominican Republic,,,,,,,,,,,0.0,,,89,,,,,,,,Aficionado,2012.0,7.0,arturo fuente|no. 4|corona
,,Arturo Fuente,,,Don Carlos,No. 4,https://www.cigaraficionado.com/top25cigar/arturo-fuente-don-carlos-no-4-2013,Corona,5.13,43,Parejo,Cameroon,Dominican Republic,Dominican Republic,Dominican Republic,,,,,,,,,,,0.0,,,89,,,,,,,,Aficionado,2013.0,3.0,arturo fuente|no. 4|corona
Arturo Fuente,img/icons/manufacturers/arturofuente.svg,Arturo Fuente,,img/icons/brands/arturofuente.svg,Don Carlos,Robusto,,Robusto,5,50,Parejo,Cameroon,Dominican Republic,Dominican Republic,Dominican Republic,EMS,Medium-Full,,,,,,,,,0.0,,,89,,,,,,,,Aficionado,2014.0,5.0,arturo fuente|robusto|robusto
,,Arturo Fuente,,,Don Carlos,Eye of the Shark,https://www.cigaraficionado.com/top25cigar/arturo-fuente-don-carlos-eye-of-the-shark-2015,Box Pressed Toro,5.75,52,,Cameroon,Dominican Republic,Dominican Republic,Dominican Republic,,,,,,,,,,,0.0,,,89,,,,,,,,Aficionado,2015.0,3.0,arturo fuente|eye of the shark|box pressed toro
,,Arturo Fuente,,,Don Carlos,Eye of the Shark,https://www.cigaraficionado.com/top25/2017/arturo-fuente-don-carlos-eye-of-the-shark,Belicoso,5.75,52,Belicoso,Cameroon,Dominican Republic,Dominican Republic,Dominican Republic,,,,,,,,,,,0.0,,,89,,,,,,,,Aficionado,2017.0,1.0,arturo fuente|eye of the shark|belicoso
Arturo Fuente,img/icons/manufacturers/arturofuente.svg,Arturo Fuente,,img/icons/brands/arturofuente.svg,Don Carlos,Double Robusto,,Robusto Extra,5.75,52,Parejo,Cameroon,Dominican Republic,Dominican Republic,Dominican Republic,EMS,Medium-Full,,,,,,,,,0.0,,,89,,,,,,,,Aficionado,2020.0,2.0,arturo fuente|double robusto|robusto extra
,,Arturo Fuente,,,Don Carlos,Arturo Fuente Don Carlos No. 3,,Corona,5.5,44,Parejo,Cameroon,Dominican Republic,Dominican Republic,Dominican Republic,,,,,,,,,,,0.0,,,89,,,,,,,,Aficionado,2022.0,10.0,arturo fuente|arturo fuente don carlos no. 3|corona
,,Arturo Fuente,,,Don Carlos,No. 4,https://www.cigaraficionado.com/top25/2022/arturo-fuente-don-carlos-no-4,Petit Corona,5,42,Parejo,Cameroon,Dominican Republic,Dominican Republic,Dominican Republic,,,,,,,,,,,0.0,,,89,,,,,,,,Aficionado,2022.0,22.0,arturo fuente|no. 4|petit corona
,,Arturo Fuente,,,Don Carlos,Eye of the Bull,https://www.cigaraficionado.com/top25cigar/arturo-fuente-don-carlos-eye-of-the-bull-2024,Robusto,5.25,50,Parejo,Dominican Republic,Dominican Republic,Dominican Republic,Dominican Republic,,,,,,,,,,,0.0,,,89,,,,,,,,Aficionado,2024.0,9.0,arturo fuente|eye of the bull|robusto
Arturo Fuente,img/icons/manufacturers/arturofuente.svg,Arturo Fuente,,img/icons/brands/arturofuente.svg,Don Carlos,Eye of the Shark,,Torpedo,5.75,52,Pyramid,Cameroon,Dominican Republic,Dominican Republic,Dominican Republic,EMS,Medium-Full,,,,,,,,,0.0,,,89,,,,,,,,,,,arturo fuente|eye of the shark|torpedo
Arturo Fuente,img/icons/manufacturers/arturofuente.svg,Arturo Fuente,,img/icons/brands/arturofuente.svg,Don Carlos,No 2 Pyramid,,Pyramid,6,44-55,Pyramid,Cameroon,Dominican Republic,Dominican Republic,Dominican Republic,EMS,Medium-Full,,,,,,,,,0.0,,,89,,,,,,,,,,,arturo fuente|no 2 pyramid|pyramid
Arturo Fuente,img/icons/manufacturers/arturofuente.svg,Arturo Fuente,,img/icons/brands/arturofuente.svg,Don Carlos,No 3 Corona,,Corona,5.5,44,Parejo,Cameroon,Dominican Republic,Dominican Republic,Dominican Republic,EMS,Medium-Full,,,,,,,,,0.0,,,89,,,,,,,,,,,arturo fuente|no 3 corona|corona
Arturo Fuente,img/icons/manufacturers/arturofuente.svg,Arturo Fuente,,img/icons/brands/arturofuente.svg,Don Carlos,No 4 Pyramid,,Pyramid,5,43,Pyramid,Cameroon,Dominican Republic,Dominican Republic,Dominican Republic,EMS,Medium-Full,,,,,,,,,0.0,,,89,,,,,,,,,,,arturo fuente|no 4 pyramid|pyramid
Arturo Fuente,img/icons/manufacturers/arturofuente.svg,Arturo Fuente,,img/icons/brands/arturofuente.svg,Don Carlos Personal Reserve,Robusto,,Robusto,5,50,Parejo,Cameroon,Dominican Republic,Dominican Republic,Dominican Republic,EMS,Medium-Full,,,,,,,,,0.0,,,89,,,,,,,,Aficionado,2014.0,5.0,arturo fuente|robusto|robusto
Arturo Fuente,img/icons/manufacturers/arturofuente.svg,Arturo Fuente,,img/icons/brands/arturofuente.svg,Flor Fina,8-5-8 Maduro,,Corona Grande,6,47,Parejo,Connecticut Broadleaf,Dominican Republic,Dominican Republic,Dominican Republic,Maduro,Medium,,,,,,,,,0.0,,,89,,,,,,,,,,,arturo fuente|8-5-8 maduro|corona grande
Arturo Fuente,img/icons/manufacturers/arturofuente.svg,Arturo Fuente,,img/icons/brands/arturofuente.svg,Flor Fina,8-5-8 Natural,,Corona Grande,6,47,Parejo,Cameroon,Dominican Republic,Dominican Republic,Dominican Republic,Natural,Mild,,,,,,,,,0.0,,,89,,,,,,,,,,,arturo fuente|8-5-8 natural|corona grande
Arturo Fuente,img/icons/manufacturers/arturofuente.svg,Arturo Fuente,,img/icons/brands/arturofuente.svg,Flor Fina,8-5-8 XC Candela,,Lonsdale,6.25,47,Parejo,,Dominican Republic,Dominican Republic,Dominican Republic,Candela,,,,,,,,,,0.0,,,89,,,,,,,,,,,arturo fuente|8-5-8 xc candela|lonsdale
,,Arturo Fuente,,,Fuente Fuente Opus X,PerfecXion No. 5 Petit Corona,,Petit Corona,4.63,40,Parejo,Dominican Sun Grown,Dominican Republic,Dominican Republic,Dominican Republic,,,,,,,,,,,0.0,,,89,,,,,,,,Aficionado,2004.0,13.0,arturo fuente|perfecxion no. 5 petit corona|petit corona
,,Arturo Fuente,,,Fuente Fuente Opus X,Perfection X,https://www.cigaraficionado.com/top25cigar/arturo-fuente-Opus X-perfection-x-2012,Toro,6.25,48,Parejo,Dominican Shade,Dominican Republic,Dominican Republic,Dominican Republic,,,,,,,,,,,0.0,,,89,,,,,,,,Aficionado,2012.0,3.0,arturo fuente|perfection x|toro
,,Arturo Fuente,,,Fuente Fuente Opus X,No. 4,https://www.cigaraficionado.com/top25cigar/arturo-fuente-Opus X-no-4-2013,Corona,5.62,43,Parejo,Dominican Shade,Dominican Republic,Dominican Republic,Dominican Republic,,,,,,,,,,,0.0,,,89,,,,,,,,Aficionado,2013.0,9.0,arturo fuente|no. 4|corona
Arturo Fuente,img/icons/manufacturers/arturofuente.svg,Arturo Fuente,,img/icons/brands/arturofuente.svg,Gran Reserva,Canones,,Gigante,8.5,52,Parejo,Cameroon,Dominican Republic,Dominican Republic,Dominican Republic,Natural,Mild-Medium,,,,,,,,,0.0,,,89,,,,,,,,,,,arturo fuente|canones|gigante
,,Arturo Fuente,,,Hemingway,Best Seller,,Figurado,4.5,55,Figurado,Cameroon,Dominican Republic,Dominican Republic,Dominican Republic,,,,,,,,,,,0.0,,,89,,,,,,,,Aficionado,2005.0,12.0,arturo fuente|best seller|figurado
,,Arturo Fuente,,,Hemingway,Hemingway Work of Art,https://www.cigaraficionado.com/top25/2018/arturo-fuente-hemingway-work-of-art,Perfecto,4.875,60,Perfecto,Cameroon,Dominican Republic,Dominican Republic,Dominican Republic,,,,,,,,,,,0.0,,,89,,,,,,,,Aficionado,2018.0,6.0,arturo fuente|hemingway work of art|perfecto
Arturo Fuente,img/icons/manufacturers/arturofuente.svg,Arturo Fuente,,img/icons/brands/arturofuente.svg,Hemingway,Best Seller Maduro,,Perfecto,4.5,43-55,Perfecto,USA Connecticut Broadleaf,Dominican Republic,Dominican Republic,Dominican Republic,Maduro,Medium,,,,,,,,,0.0,,,89,,,,,,,,,,,arturo fuente|best seller maduro|perfecto
Arturo Fuente,img/icons/manufacturers/arturofuente.svg,Arturo Fuente,,img/icons/brands/arturofuente.svg,Hemingway,Best Seller Natural,,Perfecto,4.5,43-55,Perfecto,Cameroon,Dominican Republic,Dominican Republic,Dominican Republic,Natural,Medium,,,,,,,,,0.0,,,89,,,,,,,,,,,arturo fuente|best seller natural|perfecto
Arturo Fuente,img/icons/manufacturers/arturofuente.svg,Arturo Fuente,,img/icons/brands/arturofuente.svg,Hemingway,Between the Lines,,Perfecto,4.5,45-54,Perfecto,"USA Connecticut Broadleaf, USA Connecticut Shade",Dominican Republic,Dominican Republic,Dominican Republic,Mixed,Medium,,,,,,,,,0.0,,,89,,,,,,,,,,,arturo fuente|between the lines|perfecto
Arturo Fuente,img/icons/manufacturers/arturofuente.svg,Arturo Fuente,,img/icons/brands/arturofuente.svg,Hemingway,Classic Maduro,,Presidente,7,46,Presidente,USA Connecticut Broadleaf,Dominican Republic,Dominican Republic,Dominican Republic,Maduro,Medium,,,,,,,,,0.0,,,89,,,,,,,,,,,arturo fuente|classic maduro|presidente
Arturo Fuente,img/icons/manufacturers/arturofuente.svg,Arturo Fuente,,img/icons/brands/arturofuente.svg,Hemingway,Classic Natural,,Presidente,7,46,Presidente,Cameroon,Dominican Republic,Dominican Republic,Dominican Republic,Natural,Medium,,,,,,,,,0.0,,,89,,,,,,,,,,,arturo fuente|classic natural|presidente
Arturo Fuente,img/icons/manufacturers/arturofuente.svg,Arturo Fuente,,img/icons/brands/arturofuente.svg,Hemingway,Classic Sungrown,,Presidente,7,46,Presidente,Sun Grown,Dominican Republic,Dominican Republic,Dominican Republic,Colorado,Medium,,,,,,,,,0.0,,,89,,,,,,,,,,,arturo fuente|classic sungrown|presidente
Arturo Fuente,img/icons/manufacturers/arturofuente.svg,Arturo Fuente,,img/icons/brands/arturofuente.svg,Hemingway,Masterpiece Maduro,,Presidente,9,52,Presidente,USA Connecticut Broadleaf,Dominican Republic,Dominican Republic,Dominican Republic,Maduro,Medium,,,,,,,,,0.0,,,89,,,,,,,,,,,arturo fuente|masterpiece maduro|presidente
Arturo Fuente,img/icons/manufacturers/arturofuente.svg,Arturo Fuente,,img/icons/brands/arturofuente.svg,Hemingway,Masterpiece Natural,,Presidente,9,52,Presidente,Cameroon,Dominican Republic,Dominican Republic,Dominican Republic,Natural,Medium,,,,,,,,,0.0,,,89,,,,,,,,,,,arturo fuente|masterpiece natural|presidente
Arturo Fuente,img/icons/manufacturers/arturofuente.svg,Arturo Fuente,,img/icons/brands/arturofuente.svg,Hemingway,Short Story Maduro,,Perfecto,4,42-49,Perfecto,USA Connecticut Broadleaf,Dominican Republic,Dominican Republic,Dominican Republic,Maduro,Medium,,,,,,,,,0.0,,,89,,,,,,,,,,,arturo fuente|short story maduro|perfecto
Arturo Fuente,img/icons/manufacturers/arturofuente.svg,Arturo Fuente,,img/icons/brands/arturofuente.svg,Hemingway,Short Story Natural,,Perfecto,4,42-49,Presidente,Cameroon,Dominican Republic,Dominican Republic,Dominican Republic,Natural,Medium,,,,,,,,,0.0,,,89,,,,,,,,,,,arturo fuente|short story natural|perfecto
Arturo Fuente,img/icons/manufacturers/arturofuente.svg,Arturo Fuente,,img/icons/brands/arturofuente.svg,Hemingway,Signature Maduro,,Presidente,6,46,Presidente,USA Connecticut Broadleaf,Dominican Republic,Dominican Republic,Dominican Republic,Maduro,Medium,,,,,,,,,0.0,,,89,,,,,,,,,,,arturo fuente|signature maduro|presidente
Arturo Fuente,img/icons/manufacturers/arturofuente.svg,Arturo Fuente,,img/icons/brands/arturofuente.svg,Hemingway,Signature Natural,,Presidente,6,46,Presidente,Cameroon,Dominican Republic,Dominican Republic,Dominican Republic,Natural,Medium,,,,,,,,,0.0,,,89,,,,,,,,,,,arturo fuente|signature natural|presidente
Arturo Fuente,img/icons/manufacturers/arturofuente.svg,Arturo Fuente,,img/icons/brands/arturofuente.svg,Hemingway,Signature Sungrown,,Presidente,6,46,Presidente,Sun Grown,Dominican Republic,Dominican Republic,Dominican Republic,Colorado,Medium,,,,,,,,,0.0,,,89,,,,,,,,,,,arturo fuente|signature sungrown|presidente
Arturo Fuente,img/icons/manufacturers/arturofuente.svg,Arturo Fuente,,img/icons/brands/arturofuente.svg,Hemingway,Untold Story Maduro,,Presidente,7.625,54,Presidente,USA Connecticut Broadleaf,Dominican Republic,Dominican Republic,Dominican Republic,Maduro,Medium,,,,,,,,,0.0,,,89,,,,,,,,,,,arturo fuente|untold story maduro|presidente
Arturo Fuente,img/icons/manufacturers/arturofuente.svg,Arturo Fuente,,img/icons/brands/arturofuente.svg,Hemingway,Work of Art Maduro,,Perfecto,4.875,46-60,Perfecto,USA Connecticut Broadleaf,Dominican Republic,Dominican Republic,Dominican Republic,Maduro,Medium,,,,,,,,,0.0,,,89,,,,,,,,,,,arturo fuente|work of art maduro|perfecto
Arturo Fuente,img/icons/manufacturers/arturofuente.svg,Arturo Fuente,,img/icons/brands/arturofuente.svg,Hemingway,Work of Art Natural,,Perfecto,4.875,46-60,Perfecto,Cameroon,Dominican Republic,Dominican Republic,Dominican Republic,Natural,Medium,,,,,,,,,0.0,,,89,,,,,,,,,,,arturo fuente|work of art natural|perfecto
Arturo Fuente,img/icons/manufacturers/arturofuente.svg,Arturo Fuente,,img/icons/brands/arturofuente.svg,Magnum R Rosado,44 Corona,,Corona Extra,4.875,47,Parejo,Sun Grown,Dominican Republic,Dominican Republic,Dominican Republic,Colorado,Medium,,,,,,,,,0.0,,,89,,,,,,,,,,,arturo fuente|44 corona|corona extra
Arturo Fuente,img/icons/manufacturers/arturofuente.svg,Arturo Fuente,,img/icons/brands/arturofuente.svg,Magnum R Rosado,52 Robusto,,Robusto,5,52,Parejo,Sun Grown,Dominican Republic,Dominican Republic,Dominican Republic,Colorado,Medium,,,,,,,,,0.0,,,89,,,,,,,,,,,arturo fuente|52 robusto|robusto
Arturo Fuente,img/icons/manufacturers/arturofuente.svg,Arturo Fuente,,img/icons/brands/arturofuente.svg,Magnum R Rosado,54 Toro,,Toro,6.5,54,Parejo,Sun Grown,Dominican Republic,Dominican Republic,Dominican Republic,Colorado,Medium,,,,,,,,,0.0,,,89,,,,,,,,,,,arturo fuente|54 toro|toro
Arturo Fuente,img/icons/manufacturers/arturofuente.svg,Arturo Fuente,,img/icons/brands/arturofuente.svg,Magnum R Rosado,56 Robusto,,Robusto Extra,5.625,56,Parejo,Sun Grown,Dominican Republic,Dominican Republic,Dominican Republic,Colorado,Medium,,,,,,,,,0.0,,,89,,,,,,,,,,,arturo fuente|56 robusto|robusto extra
Arturo Fuente,img/icons/manufacturers/arturofuente.svg,Arturo Fuente,,img/icons/brands/arturofuente.svg,Magnum R Rosado,58 Torpedo,,Torpedo,5.25,58,Pyramid,Sun Grown,Dominican Republic,Dominican Republic,Dominican Republic,Colorado,Medium,,,,,,,,,0.0,,,89,,,,,,,,,,,arturo fuente|58 torpedo|torpedo
Arturo Fuente,img/icons/manufacturers/arturofuente.svg,Arturo Fuente,,img/icons/brands/arturofuente.svg,Magnum R Rosado,Super 60 Gordo,,Gordo,6,60,Parejo,Sun Grown,Dominican Republic,Dominican Republic,Dominican Republic,Colorado,Medium,,,,,,,,,0.0,,,89,,,,,,,,,,,arturo fuente|super 60 gordo|gordo
Arturo Fuente,img/icons/manufacturers/arturofuente.svg,Arturo Fuente,,img/icons/brands/opusx.svg,Opus X,Reserva d’Chateau Churchill,,Churchill,7,48,Parejo,Dominican Republic,Dominican Republic,Dominican Republic,Dominican Republic,,,,,,,,,,,0.0,,,89,,,,,,,,Aficionado,2006.0,15.0,arturo fuente|reserva d’chateau churchill|churchill
Arturo Fuente,img/icons/manufacturers/arturofuente.svg,Arturo Fuente,,img/icons/brands/opusx.svg,Opus X,Opus X Reserva d’Chateau,https://www.cigaraficionado.com/top25/2019/fuente-fuente-Opus X-reserva-dchateau,Churchill,7,48,Parejo,Dominican Republic,Dominican Republic,Dominican Republic,Dominican Republic,,,,,,,,,,,0.0,,,89,,,,,,,,Aficionado,2019.0,8.0,arturo fuente|opus x reserva d’chateau|churchill
Arturo Fuente,img/icons/manufacturers/arturofuente.svg,Arturo Fuente,,img/icons/brands/opusx.svg,Opus X,Fuente Fuente Opus X Reserva d'Chateau,/mnt/data/Screenshot 2025-11-20 at 9.29.30 PM.png,Churchill,7,48,Parejo,Dominican Republic,Dominican Republic,Dominican Republic,Dominican Republic,,,,,,,,,,,0.0,,,89,,,,,,,,Aficionado,2023.0,1.0,arturo fuente|fuente fuente opus x reserva d'chateau|churchill
Arturo Fuente,img/icons/manufacturers/arturofuente.svg,Arturo Fuente,,img/icons/brands/arturofuente.svg,Rosado Sungrown Magnum R,Forty-Four,https://www.cigaraficionado.com/top25cigar/arturo-fuente-rosado-sungrown-magnum-r-44-2016,Corona Extra,5,47,,Ecuador Rosado Sungrown,Dominican Republic,Dominican Republic,Dominican Republic,,,,,,,,,,,0.0,,,89,,,,,,,,Aficionado,2016.0,6.0,arturo fuente|forty-four|corona extra
Arturo Fuente,img/icons/manufacturers/arturofuente.svg,Arturo Fuente,,img/icons/brands/opusx.svg,,Opus X Double Corona,,Double Corona,7.63,49,Parejo,Dominican Sun Grown,Dominican Republic,Dominican Republic,Dominican Republic,,,,,,,,,,,0.0,,,89,,,,,,,,Aficionado,2005.0,1.0,arturo fuente|opus x double corona|double corona
Arturo Fuente,img/icons/manufacturers/arturofuente.svg,Arturo Fuente,,img/icons/brands/arturofuente.svg,,Canones Maduro,,Gigante,8.5,52,Parejo,,Dominican Republic,Dominican Republic,Dominican Republic,,,,,,,,,,,0.0,,,89,,,,,,,,,,,arturo fuente|canones maduro|gigante
Arturo Fuente,img/icons/manufacturers/arturofuente.svg,Arturo Fuente,,img/icons/brands/arturofuente.svg,,Canones Natural,,Gigante,8.5,52,Parejo,,Dominican Republic,Dominican Republic,Dominican Republic,,,,,,,,,,,0.0,,,89,,,,,,,,,,,arturo fuente|canones natural|gigante
Arturo Fuente,img/icons/manufacturers/arturofuente.svg,Arturo Fuente,,img/icons/brands/arturofuente.svg,,Churchill Maduro Churchill,,Churchill,7.25,48,Parejo,,Dominican Republic,Dominican Republic,Dominican Republic,,,,,,,,,,,0.0,,,89,,,,,,,,,,,arturo fuente|churchill maduro churchill|churchill
Arturo Fuente,img/icons/manufacturers/arturofuente.svg,Arturo Fuente,,img/icons/brands/arturofuente.svg,,Churchill Natural Churchill,,Churchill,7.25,48,Parejo,,Dominican Republic,Dominican Republic,Dominican Republic,,,,,,,,,,,0.0,,,89,,,,,,,,,,,arturo fuente|churchill natural churchill|churchill
Arturo Fuente,img/icons/manufacturers/arturofuente.svg,Arturo Fuente,,img/icons/brands/arturofuente.svg,,Churchill Sel D’ORO Churchill,,Churchill,7.25,48,Parejo,,Dominican Republic,Dominican Republic,Dominican Republic,,,,,,,,,,,0.0,,,89,,,,,,,,,,,arturo fuente|churchill sel d’oro churchill|churchill
Arturo Fuente,img/icons/manufacturers/arturofuente.svg,Arturo Fuente,,img/icons/brands/arturofuente.svg,,Churchill XC Churchill,,Churchill,7.25,48,Parejo,,Dominican Republic,Dominican Republic,Dominican Republic,,,,,,,,,,,0.0,,,89,,,,,,,,,,,arturo fuente|churchill xc churchill|churchill
Arturo Fuente,img/icons/manufacturers/arturofuente.svg,Arturo Fuente,,img/icons/brands/arturofuente.svg,,Corona Imperial Maduro,,,6.5,46,Parejo,,Dominican Republic,Dominican Republic,Dominican Republic,,,,,,,,,,,0.0,,,89,,,,,,,,,,,arturo fuente|corona imperial maduro|
Arturo Fuente,img/icons/manufacturers/arturofuente.svg,Arturo Fuente,,img/icons/brands/arturofuente.svg,,Corona Imperial Natural,,,6.5,46,Parejo,,Dominican Republic,Dominican Republic,Dominican Republic,,,,,,,,,,,0.0,,,89,,,,,,,,,,,arturo fuente|corona imperial natural|
Arturo Fuente,img/icons/manufacturers/arturofuente.svg,Arturo Fuente,,img/icons/brands/arturofuente.svg,,Corona Imperial Sel D'ORO,,,6.5,46,Parejo,,Dominican Republic,Dominican Republic,Dominican Republic,,,,,,,,,,,0.0,,,89,,,,,,,,,,,arturo fuente|corona imperial sel d'oro|
Arturo Fuente,img/icons/manufacturers/arturofuente.svg,Arturo Fuente,,img/icons/brands/arturofuente.svg,,Cuban Corona Maduro Corona Extra,,Corona Extra,5.25,45,Parejo,USA Connecticut Broadleaf,Dominican Republic,Dominican Republic,Dominican Republic,Maduro,Medium,,,,,,,,,0.0,,,89,,,,,,,,,,,arturo fuente|cuban corona maduro corona extra|corona extra
Arturo Fuente,img/icons/manufacturers/arturofuente.svg,Arturo Fuente,,img/icons/brands/arturofuente.svg,,Cuban Corona Natural Corona Extra,,Corona Extra,5.25,45,Parejo,Cameroon,Dominican Republic,Dominican Republic,Dominican Republic,Natural,Mild,,,,,,,,,0.0,,,89,,,,,,,,,,,arturo fuente|cuban corona natural corona extra|corona extra
Arturo Fuente,img/icons/manufacturers/arturofuente.svg,Arturo Fuente,,img/icons/brands/arturofuente.svg,,Cubanitos,,Cigarillo,4.5,32,Parejo,,Dominican Republic,Dominican Republic,Dominican Republic,,,,,,,,,,,0.0,,,89,,,,,,,,,,,arturo fuente|cubanitos|cigarillo
Arturo Fuente,img/icons/manufacturers/arturofuente.svg,Arturo Fuente,,img/icons/brands/arturofuente.svg,,Double Chateau Fuente Sun Grown,,Toro,6.75,50,Parejo,,Dominican Republic,Dominican Republic,Dominican Republic,,,,,,,,,,,0.0,,,89,,,,,,,,,,,arturo fuente|double chateau fuente sun grown|toro
Arturo Fuente,img/icons/manufacturers/arturofuente.svg,Arturo Fuente,,img/icons/brands/arturofuente.svg,,Double Chateau Maduro,,Toro,6.75,50,Parejo,,Dominican Republic,Dominican Republic,Dominican Republic,Maduro,,,,,,,,,,0.0,,,89,,,,,,,,,,,arturo fuente|double chateau maduro|toro
Arturo Fuente,img/icons/manufacturers/arturofuente.svg,Arturo Fuente,,img/icons/brands/arturofuente.svg,,Double Chateau Natural,,Toro,6.75,50,Parejo,,Dominican Republic,Dominican Republic,Dominican Republic,,,,,,,,,,,0.0,,,89,,,,,,,,,,,arturo fuente|double chateau natural|toro
Arturo Fuente,img/icons/manufacturers/arturofuente.svg,Arturo Fuente,,img/icons/brands/arturofuente.svg,,Especiales Cazadores,,Toro,6,50,Parejo,,Dominican Republic,Dominican Republic,Dominican Republic,,,,,,,,,,,0.0,,,89,,,,,,,,,,,arturo fuente|especiales cazadores|toro
Arturo Fuente,img/icons/manufacturers/arturofuente.svg,Arturo Fuente,,img/icons/brands/arturofuente.svg,,Especiales Conquistadores,,Toro,5.5,56,Parejo,Dominican,Dominican Republic,Dominican Republic,Dominican Republic,EMS,Medium,,,,,,,,,0.0,,,89,,,,,,,,,,,arturo fuente|especiales conquistadores|toro
Arturo Fuente,img/icons/manufacturers/arturofuente.svg,Arturo Fuente,,img/icons/brands/arturofuente.svg,,Especiales Emperador,,Double Corona,7,52,Parejo,Ecuadorian Habano,Dominican Republic,Dominican Republic,Dominican Republic,Natural,Medium,,,,,,,,,0.0,,,89,,,,,,,,,,,arturo fuente|especiales emperador|double corona
Arturo Fuente,img/icons/manufacturers/arturofuente.svg,Arturo Fuente,,img/icons/brands/arturofuente.svg,,Exquisitos Maduro,,Cigarillo,4.5,33,Parejo,,Dominican Republic,Dominican Republic,Dominican Republic,,,,,,,,,,,0.0,,,89,,,,,,,,,,,arturo fuente|exquisitos maduro|cigarillo
Arturo Fuente,img/icons/manufacturers/arturofuente.svg,Arturo Fuente,,img/icons/brands/arturofuente.svg,,Exquisitos Sun Grown,,Cigarillo,4.5,33,Parejo,,Dominican Republic,Dominican Republic,Dominican Republic,,,,,,,,,,,0.0,,,89,,,,,,,,,,,arturo fuente|exquisitos sun grown|cigarillo
Arturo Fuente,img/icons/manufacturers/arturofuente.svg,Arturo Fuente,,img/icons/brands/arturofuente.svg,,Petit Corona Maduro,,Petite Corona,5,38,Parejo,,Dominican Republic,Dominican Republic,Dominican Republic,,,,,,,,,,,0.0,,,89,,,,,,,,,,,arturo fuente|petit corona maduro|petite corona
Arturo Fuente,img/icons/manufacturers/arturofuente.svg,Arturo Fuente,,img/icons/brands/arturofuente.svg,,Petit Corona Natural,,Petite Corona,5,38,Parejo,,Dominican Republic,Dominican Republic,Dominican Republic,,,,,,,,,,,0.0,,,89,,,,,,,,,,,arturo fuente|petit corona natural|petite corona
Arturo Fuente,img/icons/manufacturers/arturofuente.svg,Arturo Fuente,,img/icons/brands/arturofuente.svg,,Rothschilds Maduro,,Rothschild,4.5,50,Parejo,,Dominican Republic,Dominican Republic,Dominican Republic,,,,,,,,,,,0.0,,,89,,,,,,,,,,,arturo fuente|rothschilds maduro|rothschild
Arturo Fuente,img/icons/manufacturers/arturofuente.svg,Arturo Fuente,,img/icons/brands/arturofuente.svg,,Rothschilds Natural,,Rothschild,4.5,50,Parejo,,Dominican Republic,Dominican Republic,Dominican Republic,,,,,,,,,,,0.0,,,89,,,,,,,,,,,arturo fuente|rothschilds natural|rothschild
Arturo Fuente,img/icons/manufacturers/arturofuente.svg,Arturo Fuente,,img/icons/brands/arturofuente.svg,,Seleccion Privada #1 EX,,,6.75,44,Parejo,,Dominican Republic,Dominican Republic,Dominican Republic,,,,,,,,,,,0.0,,,89,,,,,,,,,,,arturo fuente|seleccion privada #1 ex|
Arturo Fuente,img/icons/manufacturers/arturofuente.svg,Arturo Fuente,,img/icons/brands/arturofuente.svg,,Seleccion Privada #1 Maduro,,Lonsdale,6.75,44,Parejo,,Dominican Republic,Dominican Republic,Dominican Republic,Maduro,,,,,,,,,,0.0,,,89,,,,,,,,,,,arturo fuente|seleccion privada #1 maduro|lonsdale
Arturo Fuente,img/icons/manufacturers/arturofuente.svg,Arturo Fuente,,img/icons/brands/arturofuente.svg,,Seleccion Privada #1 Natural,,Lonsdale,6.75,44,Parejo,USA Connecticut Shade,Dominican Republic,Dominican Republic,Dominican Republic,Natural,Mild,,,,,,,,,0.0,,,89,,,,,,,,,,,arturo fuente|seleccion privada #1 natural|lonsdale
Arturo Fuente,img/icons/manufacturers/arturofuente.svg,Arturo Fuente,,img/icons/brands/arturofuente.svg,,Seleccion Privada #1 Sel D'ORO,,,6.75,44,Parejo,,Dominican Republic,Dominican Republic,Dominican Republic,,,,,,,,,,,0.0,,,89,,,,,,,,,,,arturo fuente|seleccion privada #1 sel d'oro|
Arturo Fuente,img/icons/manufacturers/arturofuente.svg,Arturo Fuente,,img/icons/brands/arturofuente.svg,,Spanish Lonsdale Maduro,,Lonsdale,6.5,42,Parejo,,Dominican Republic,Dominican Republic,Dominican Republic,Maduro,,,,,,,,,,0.0,,,89,,,,,,,,,,,arturo fuente|spanish lonsdale maduro|lonsdale
Arturo Fuente,img/icons/manufacturers/arturofuente.svg,Arturo Fuente,,img/icons/brands/arturofuente.svg,,Spanish Lonsdale Natural,,Lonsdale,6.5,42,Parejo,,Dominican Republic,Dominican Republic,Dominican Republic,,,,,,,,,,,0.0,,,89,,,,,,,,,,,arturo fuente|spanish lonsdale natural|lonsdale
Arturo Fuente,img/icons/manufacturers/arturofuente.svg,Arturo Fuente,,img/icons/brands/arturofuente.svg,,Spanish Lonsdale X/C,,Lonsdale,6.5,42,Parejo,,Dominican Republic,Dominican Republic,Dominican Republic,,,,,,,,,,,0.0,,,89,,,,,,,,,,,arturo fuente|spanish lonsdale x/c|lonsdale
Ashton Distributors,img/icons/manufacturers/ashtondistributors.svg,Ashton,,img/icons/brands/ashton.svg,Aged Maduro,No. 10 Robusto,,Robusto,5,50,Parejo,,,,,,,,,,,,,,,15.95,398.75,25,89,15.9064,186.33,7.4532,8.4532,,,,,,,ashton|no. 10 robusto|robusto
Ashton Distributors,img/icons/manufacturers/ashtondistributors.svg,Ashton,,img/icons/brands/ashton.svg,Aged Maduro,No. 20 Corona,,Corona,5.5,44,Parejo,,,,,,,,,,,,,,,15.95,398.75,25,89,15.6248,182.81,7.3124,8.3124,,,,,,,ashton|no. 20 corona|corona
Ashton Distributors,img/icons/manufacturers/ashtondistributors.svg,Ashton,,img/icons/brands/ashton.svg,Aged Maduro,No. 30 Lonsdale,,Lonsdale,6.75,44,Parejo,,,,,,,,,,,,,,,15.95,398.75,25,89,16.6936,196.17,7.8468,8.8468,,,,,,,ashton|no. 30 lonsdale|lonsdale
Ashton Distributors,img/icons/manufacturers/ashtondistributors.svg,Ashton,,img/icons/brands/ashton.svg,Aged Maduro,No. 40 Toro,,Toro,6,50,Parejo,,,,,,,,,,,,,,,15.95,398.75,25,89,16.7504,196.88,7.8752,8.8752,,,,,,,ashton|no. 40 toro|toro
Ashton Distributors,img/icons/manufacturers/ashtondistributors.svg,Ashton,,img/icons/brands/ashton.svg,Aged Maduro,No. 50 Churchill,,Churchill,7,48,Parejo,,,,,,,,,,,,,,,15.95,398.75,25,89,17.5936,207.42,8.2968,9.2968,,,,,,,ashton|no. 50 churchill|churchill
Ashton Distributors,img/icons/manufacturers/ashtondistributors.svg,Ashton,,img/icons/brands/ashton.svg,Aged Maduro,No. 56 Toro,,Toro Gordo,6,56,Parejo,,,,,,,,,,,,,,,15.95,398.75,25,89,19.2816,228.52,9.1408,10.1408,,,,,,,ashton|no. 56 toro|toro gordo
Ashton Distributors,img/icons/manufacturers/ashtondistributors.svg,Ashton,,img/icons/brands/ashton.svg,Aged Maduro,No. 60 Gigante,,Gigante,7.5,52,Parejo,,,,,,,,,,,,,,,15.95,398.75,25,89,19.0,225.0,9.0,10.0,,,,,,,ashton|no. 60 gigante|gigante
Ashton Distributors,img/icons/manufacturers/ashtondistributors.svg,Ashton,,img/icons/brands/ashton.svg,Aged Maduro,Pyramid,,Pyramid,6,52,Parejo,,,,,,,,,,,,,,,15.95,398.75,25,89,19.1688,227.11,9.0844,10.0844,,,,,,,ashton|pyramid|pyramid
Ashton Distributors,img/icons/manufacturers/ashtondistributors.svg,Ashton,,img/icons/brands/ashton.svg,Ashton,8-9-8 Lonsdale,,Lonsdale,6.5,44,Parejo,Connecticut Shade,Dominican Republic,Dominican Republic,Dominican Republic,Connecticut,Mild,,,,,,,,,15.95,398.75,25,89,15.7936,184.92,7.3968,8.3968,,,,,,,ashton|8-9-8 lonsdale|lonsdale
Ashton Distributors,img/icons/manufacturers/ashtondistributors.svg,Ashton,,img/icons/brands/ashton.svg,Ashton,Churchill,,Churchill,7.5,52,Parejo,,,,,,,,,,,,,,,15.95,398.75,25,89,17.5936,207.42,8.2968,9.2968,,,,,,,ashton|churchill|churchill
Ashton Distributors,img/icons/manufacturers/ashtondistributors.svg,Ashton,,img/icons/brands/ashton.svg,Ashton,Cordial Corona,,Corona,5,30,Parejo,,,,,,,,,,,,,,,15.95,398.75,25,89,12.9816,149.77,5.9908,6.9908,,,,,,,ashton|cordial corona|corona
Ashton Distributors,img/icons/manufacturers/ashtondistributors.svg,Ashton,,img/icons/brands/ashton.svg,Ashton,Corona,,Corona,5.5,44,Parejo,,,,,,,,,,,,,,,15.95,398.75,25,89,14.7816,172.27,6.8908,7.8908,,,,,,,ashton|corona|corona
Ashton Distributors,img/icons/manufacturers/ashtondistributors.svg,Ashton,,img/icons/brands/ashton.svg,Ashton,Crystal #1 Lonsdale Tubo,,Lonsdale,6.5,44,Parejo,,,,,,,,,Tubo,,,,,,15.95,159.5,10,89,20.406,97.03,9.703,10.703,,,,,,,ashton|crystal #1 lonsdale tubo|lonsdale
Ashton Distributors,img/icons/manufacturers/ashtondistributors.svg,Ashton,,img/icons/brands/ashton.svg,Ashton,Crystal Belicoso Tubo,,Belicoso,6,49,Belicoso,,,,,,,,,Tubo,,,,,,15.95,159.5,10,89,20.688,98.44,9.844,10.844,,,,,,,ashton|crystal belicoso tubo|belicoso
Ashton Distributors,img/icons/manufacturers/ashtondistributors.svg,Ashton,,img/icons/brands/ashton.svg,Ashton,Double Magnum Toro,,Toro,6,50,Parejo,,,,,,,,,,,,,,,15.95,398.75,25,89,17.8752,210.94,8.4376,9.4376,,,,,,,ashton|double magnum toro|toro
Ashton Distributors,img/icons/manufacturers/ashtondistributors.svg,Ashton,,img/icons/brands/ashton.svg,Ashton,Esquire Maduro Tin,,Cigarillo,4.25,32,Parejo,,,,,,,,,,,Tin,,,,15.95,1595,100,89,5.4438,222.19,2.2219,3.2219,,,,,,,ashton|esquire maduro tin|cigarillo
Ashton Distributors,img/icons/manufacturers/ashtondistributors.svg,Ashton,,img/icons/brands/ashton.svg,Ashton,Esquire Tin,,Cigarillo,4.25,32,Parejo,,,,,,,,,,,Tin,,,,15.95,1595,100,89,5.4438,222.19,2.2219,3.2219,,,,,,,ashton|esquire tin|cigarillo
Ashton Distributors,img/icons/manufacturers/ashtondistributors.svg,Ashton,,img/icons/brands/ashton.svg,Ashton,Imperial Corona Tubo,,Corona,5.5,44,Parejo,,,,,,,,,Tubo,,,,,,15.95,382.8,24,89,19.5625,222.75,9.28125,10.28125,,,,,,,ashton|imperial corona tubo|corona
Ashton Distributors,img/icons/manufacturers/ashtondistributors.svg,Ashton,,img/icons/brands/ashton.svg,Ashton,Magnum Robusto,,Robusto,5,50,Parejo,,,,,,,,,,,,,,,15.95,398.75,25,89,15.0624,175.78,7.0312,8.0312,,,,,,,ashton|magnum robusto|robusto
Ashton Distributors,img/icons/manufacturers/ashtondistributors.svg,Ashton,,img/icons/brands/ashton.svg,Ashton,Majesty Toro,,Toro Gordo,6,56,Parejo,,,,,,,,,,,,,,,15.95,398.75,25,89,19.2816,228.52,9.1408,10.1408,,,,,,,ashton|majesty toro|toro gordo
Ashton Distributors,img/icons/manufacturers/ashtondistributors.svg,Ashton,,img/icons/brands/ashton.svg,Ashton,Monarch Toro Tubo,,Toro,6,50,Parejo,,,,,,,,,Tubo,,,,,,15.95,382.8,24,89,22.2625,255.15,10.63125,11.63125,,,,,,,ashton|monarch toro tubo|toro
Ashton Distributors,img/icons/manufacturers/ashtondistributors.svg,Ashton,,img/icons/brands/ashton.svg,Ashton,Panetela,,Panetela,6,36,Parejo,,,,,,,,,,,,,,,15.95,398.75,25,89,14.2184,165.23,6.6092,7.6092,,,,,,,ashton|panetela|panetela
Ashton Distributors,img/icons/manufacturers/ashtondistributors.svg,Ashton,,img/icons/brands/ashton.svg,Ashton,Prime Minister Churchill,,Churchill,6.875,48,Parejo,,,,,,,,,,,,,,,15.95,398.75,25,89,17.0312,200.39,8.0156,9.0156,,,,,,,ashton|prime minister churchill|churchill
Ashton Distributors,img/icons/manufacturers/ashtondistributors.svg,Ashton,,img/icons/brands/ashton.svg,Ashton,Sovereign Pyramid,,Pyramid,6.75,55,Parejo,,,,,,,,,,,,,,,15.95,398.75,25,89,18.5504,219.38,8.7752,9.7752,,,,,,,ashton|sovereign pyramid|pyramid
Ashton Distributors,img/icons/manufacturers/ashtondistributors.svg,Ashton,,img/icons/brands/ashton.svg,Cabinet Selection,Belicoso,,Belicoso,5.25,52,Belicoso,,,,,,,,,,,,,,,15.95,398.75,25,89,17.3128,203.91,8.1564,9.1564,,,,Aficionado,2015.0,7.0,ashton|belicoso|belicoso
Ashton Distributors,img/icons/manufacturers/ashtondistributors.svg,Ashton,,img/icons/brands/ashton.svg,Cabinet Selection,#1 Perfecto,,Perfecto,9,52,Perfecto,Connecticut Shade,Dominican Republic,Dominican Republic,Dominican Republic,Connecticut,Mild-Medium,,,,,,,,,15.95,159.5,10,89,32.782,158.91,15.891,16.891,,,,,,,ashton|#1 perfecto|perfecto
Ashton Distributors,img/icons/manufacturers/ashtondistributors.svg,Ashton,,img/icons/brands/ashton.svg,Cabinet Selection,#10 Perfecto,,Perfecto,7.5,52,Perfecto,Connecticut Shade,Dominican Republic,Dominican Republic,Dominican Republic,Connecticut,Mild-Medium,,,,,,,,,15.95,319,20,89,26.031,250.31,12.5155,13.5155,,,,,,,ashton|#10 perfecto|perfecto
Ashton Distributors,img/icons/manufacturers/ashtondistributors.svg,Ashton,,img/icons/brands/ashton.svg,Cabinet Selection,#2 Perfecto,,Perfecto,7,48,Perfecto,Connecticut Shade,Dominican Republic,Dominican Republic,Dominican Republic,Connecticut,Mild-Medium,,,,,,,,,15.95,319,20,89,22.938,219.38,10.969,11.969,,,,,,,ashton|#2 perfecto|perfecto
Ashton Distributors,img/icons/manufacturers/ashtondistributors.svg,Ashton,,img/icons/brands/ashton.svg,Cabinet Selection,#3 Perfecto,,Perfecto,6,46,Perfecto,Connecticut Shade,Dominican Republic,Dominican Republic,Dominican Republic,Connecticut,Mild-Medium,,,,,,,,,15.95,319,20,89,20.969,199.69,9.9845,10.9845,,,,,,,ashton|#3 perfecto|perfecto
Ashton Distributors,img/icons/manufacturers/ashtondistributors.svg,Ashton,,img/icons/brands/ashton.svg,Cabinet Selection,#4 Corona Gorda,,Corona Gorda,5.75,46,Parejo,Connecticut Shade,Dominican Republic,Dominican Republic,Dominican Republic,Connecticut,Mild-Medium,,,,,,,,,15.95,398.75,25,89,17.0312,200.39,8.0156,9.0156,,,,,,,ashton|#4 corona gorda|corona gorda
Ashton Distributors,img/icons/manufacturers/ashtondistributors.svg,Ashton,,img/icons/brands/ashton.svg,Cabinet Selection,#6 Robusto,,Robusto Extra,5.5,50,Parejo,Connecticut Shade,Dominican Republic,Dominican Republic,Dominican Republic,Connecticut,Mild-Medium,,,,,,,,,15.95,398.75,25,89,18.7184,221.48,8.8592,9.8592,,,,,,,ashton|#6 robusto|robusto extra
Ashton Distributors,img/icons/manufacturers/ashtondistributors.svg,Ashton,,img/icons/brands/ashton.svg,Cabinet Selection,#7 Toro,,Toro Extra,6.25,52,Parejo,Connecticut Shade,Dominican Republic,Dominican Republic,Dominican Republic,Connecticut,Mild-Medium,,,,,,,,,15.95,398.75,25,89,19.2816,228.52,9.1408,10.1408,,,,,,,ashton|#7 toro|toro extra
Ashton Distributors,img/icons/manufacturers/ashtondistributors.svg,Ashton,,img/icons/brands/ashton.svg,Cabinet Selection,#8 Churchill,,Churchill,7,49,Parejo,Connecticut Shade,Dominican Republic,Dominican Republic,Dominican Republic,Connecticut,Mild-Medium,,,,,,,,,15.95,398.75,25,89,19.0,225.0,9.0,10.0,,,,,,,ashton|#8 churchill|churchill
Ashton Distributors,img/icons/manufacturers/ashtondistributors.svg,Ashton,,img/icons/brands/ashton.svg,Cabinet Selection,Pyramid,,Pyramid,6,52,Parejo,,,,,,,,,,,,,,,15.95,398.75,25,89,18.8872,223.59,8.9436,9.9436,,,,,,,ashton|pyramid|pyramid
Ashton Distributors,img/icons/manufacturers/ashtondistributors.svg,Ashton,,img/icons/brands/ashton.svg,Cabinet Selection,Tres Petit Corona,,Petit Corona,4.375,42,Parejo,,,,,,,,,,,,,,,15.95,398.75,25,89,16.7504,196.88,7.8752,8.8752,,,,,,,ashton|tres petit corona|petit corona
Ashton Distributors,img/icons/manufacturers/ashtondistributors.svg,Ashton,,img/icons/brands/ashton.svg,ESG,20-Year Salute,https://www.cigaraficionado.com/top25cigar/ashton-esg-20-year-salute-2007,Churchill,7,49,Parejo,Dominican Republic Sun Grown,Dominican Republic,Dominican Republic,Dominican Republic,,,,,,,,,,,0.0,,,89,,,,,,,,Aficionado,2007.0,16.0,ashton|20-year salute|churchill
Ashton Distributors,img/icons/manufacturers/ashtondistributors.svg,Ashton,,img/icons/brands/ashton.svg,Estate Sun Grown,20-Year-Salute,,Corona Gorda,6.75,49,Parejo,Dominican Republic,Dominican Republic,Dominican Republic,Dominican Republic,,,,,,,,,,,0.0,,,89,,,,,,,,Aficionado,2006.0,8.0,ashton|20-year-salute|corona gorda
Ashton Distributors,img/icons/manufacturers/ashtondistributors.svg,Ashton,,img/icons/brands/ashton.svg,Estate Sun Grown,21 Year Salute Robusto,,Robusto Extra,5.25,52,Parejo,,,,,,,,,,,,,,,15.95,398.75,25,89,32.5,393.75,15.75,16.75,,,,,,,ashton|21 year salute robusto|robusto extra
Ashton Distributors,img/icons/manufacturers/ashtondistributors.svg,Ashton,,img/icons/brands/ashton.svg,Estate Sun Grown,20 Year Salute Churchill,,Churchill,6.75,49,Parejo,,,,,,,,,,,,,,,15.95,398.75,25,89,34.1872,414.84,16.5936,17.5936,,,,,,,ashton|20 year salute churchill|churchill
Ashton Distributors,img/icons/manufacturers/ashtondistributors.svg,Ashton,,img/icons/brands/ashton.svg,Estate Sun Grown,23 Year Salute Toro,,Toro Extra,6.25,52,Parejo,,,,,,,,,,,,,,,15.95,398.75,25,89,34.7504,421.88,16.8752,17.8752,,,,,,,ashton|23 year salute toro|toro extra
Ashton Distributors,img/icons/manufacturers/ashtondistributors.svg,Ashton,,img/icons/brands/ashton.svg,Estate Sun Grown,22 Year Salute Pyramid,,Pyramid,6,52,Parejo,,,,,,,,,,,,,,,15.95,398.75,25,89,35.0312,425.39,17.0156,18.0156,,,,,,,ashton|22 year salute pyramid|pyramid
Ashton Distributors,img/icons/manufacturers/ashtondistributors.svg,Ashton,,img/icons/brands/ashton.svg,Estate Sun Grown,24 Year Salute Perfecto,,Perfecto,6.625,48,Perfecto,,,,,,,,,,,,,,,15.95,398.75,25,89,35.8752,435.94,17.4376,18.4376,,,,,,,ashton|24 year salute perfecto|perfecto
Ashton Distributors,img/icons/manufacturers/ashtondistributors.svg,Ashton,,img/icons/brands/ashton.svg,Heritage Puro Sol,Corona Gorda,,Corona Gorda,5.75,46,Parejo,,,,,,,,,,,,,,,15.95,398.75,25,89,17.4248,205.31,8.2124,9.2124,,,,Aficionado,2005.0,8.0,ashton|corona gorda|corona gorda
Ashton Distributors,img/icons/manufacturers/ashtondistributors.svg,Ashton,,img/icons/brands/ashton.svg,Heritage Puro Sol,Robusto,,Robusto,5.5,50,Parejo,,,,,,,,,,,,,,,15.95,398.75,25,89,17.0312,200.39,8.0156,9.0156,,,,Aficionado,2015.0,21.0,ashton|robusto|robusto
Ashton Distributors,img/icons/manufacturers/ashtondistributors.svg,Ashton,,img/icons/brands/ashton.svg,Heritage Puro Sol,Belicoso #2,,Belicoso,4.875,49,Belicoso,,,,,,,,,,,,,,,15.95,398.75,25,89,17.0312,200.39,8.0156,9.0156,,,,,,,ashton|belicoso #2|belicoso
Ashton Distributors,img/icons/manufacturers/ashtondistributors.svg,Ashton,,img/icons/brands/ashton.svg,Heritage Puro Sol,Churchill,,Churchill,6.75,48,Parejo,,,,,,,,,,,,,,,15.95,398.75,25,89,18.1,213.75,8.55,9.55,,,,,,,ashton|churchill|churchill
Ashton Distributors,img/icons/manufacturers/ashtondistributors.svg,Ashton,,img/icons/brands/ashton.svg,Heritage Puro Sol,Double Corona,,Double Corona,7,52,Parejo,,,,,,,,,,,,,,,15.95,398.75,25,89,20.0688,238.36,9.5344,10.5344,,,,,,,ashton|double corona|double corona
Ashton Distributors,img/icons/manufacturers/ashtondistributors.svg,Ashton,,img/icons/brands/ashton.svg,Premium House Selection,Robusto,,Robusto,5,50,Parejo,,,,,,,,,,,,,,,15.95,1595,100,89,6.0,250.0,2.5,3.5,,,,Aficionado,2015.0,21.0,ashton|robusto|robusto
Ashton Distributors,img/icons/manufacturers/ashtondistributors.svg,Ashton,,img/icons/brands/ashton.svg,Premium House Selection,Gordo,,Gordo,6,60,Parejo,,,,,,,,,,,,,,,15.95,797.5,50,89,7.5,162.5,3.25,4.25,,,,,,,ashton|gordo|gordo
Ashton Distributors,img/icons/manufacturers/ashtondistributors.svg,Ashton,,img/icons/brands/ashton.svg,Premium House Selection,Toro,,Toro,6,50,Parejo,,,,,,,,,,,,,,,15.95,1595,100,89,6.25,262.5,2.625,3.625,,,,,,,ashton|toro|toro
Ashton Distributors,img/icons/manufacturers/ashtondistributors.svg,Ashton,,img/icons/brands/ashton.svg,Premium House Selection,Churchill,,Churchill,7,50,Parejo,,,,,,,,,,,,,,,15.95,1595,100,89,6.5,275.0,2.75,3.75,,,,,,,ashton|churchill|churchill
Ashton Distributors,img/icons/manufacturers/ashtondistributors.svg,Ashton,,img/icons/brands/ashton.svg,Samplers,Ashton 5-Cigar Sampler,,Sampler,0,0,,,,,,,,,,,,,Pack,,,0.0,,5,89,17.708,41.77,8.354,9.354,,,,,,,ashton|ashton 5-cigar sampler|sampler
Ashton Distributors,img/icons/manufacturers/ashtondistributors.svg,Ashton,,img/icons/brands/ashton.svg,Samplers,Ashton VSG Sampler,,Sampler,0,0,,,,,,,,,,,,,Pack,,,0.0,,5,89,21.476,51.19,10.238,11.238,,,,,,,ashton|ashton vsg sampler|sampler
Ashton Distributors,img/icons/manufacturers/ashtondistributors.svg,Ashton,,img/icons/brands/ashton.svg,Samplers,Ashton 10-Cigar Sampler,,Sampler,0,0,,,,,,,,,,,,,Pack,,,0.0,,10,89,17.498,82.49,8.249,9.249,,,,,,,ashton|ashton 10-cigar sampler|sampler
Ashton Distributors,img/icons/manufacturers/ashtondistributors.svg,Ashton,,img/icons/brands/ashton.svg,Small Cigars,Senoritas,,Cigarillo,3.5,30,Parejo,,,,,,,,,,,,,,,0.0,,50,89,3.38,59.5,1.19,2.19,,,,,,,ashton|senoritas|cigarillo
Ashton Distributors,img/icons/manufacturers/ashtondistributors.svg,Ashton,,img/icons/brands/ashton.svg,Small Cigars,Half Corona,,Half Corona,4.125,37,Parejo,,,,,,,,,,,,,,,0.0,,50,89,4.12,78.0,1.56,2.56,,,,,,,ashton|half corona|half corona
Ashton Distributors,img/icons/manufacturers/ashtondistributors.svg,Ashton,,img/icons/brands/ashton.svg,Small Cigars,Cigarillos (10),,Cigarillo,3.75,26,Parejo,,,,,,,,,,,Tin,,,,0.0,,100,89,3.12,106.0,1.06,2.06,,,,,,,ashton|cigarillos (10)|cigarillo
Ashton Distributors,img/icons/manufacturers/ashtondistributors.svg,Ashton,,img/icons/brands/ashton.svg,Small Cigars,Senoritas (10),,Cigarillo,3.5,30,Parejo,,,,,,,,,,,Tin,,,,0.0,,100,89,3.38,119.0,1.19,2.19,,,,,,,ashton|senoritas (10)|cigarillo
Ashton Distributors,img/icons/manufacturers/ashtondistributors.svg,Ashton,,img/icons/brands/ashton.svg,Small Cigars,Mini Cigarillos (20),,Cigarillo,3.25,20,Parejo,,,,,,,,,,,Tin,,,,0.0,,200,89,2.39,139.0,0.695,1.695,,,,,,,ashton|mini cigarillos (20)|cigarillo
Ashton Distributors,img/icons/manufacturers/ashtondistributors.svg,Ashton,,img/icons/brands/ashton.svg,Small Cigars,Half Corona Sampler (5),,Sampler,4.125,37,,,,,,,,,,,,,Pack,,,0.0,,50,89,4.12,78.0,1.56,2.56,,,,,,,ashton|half corona sampler (5)|sampler
Ashton Distributors,img/icons/manufacturers/ashtondistributors.svg,Ashton,,img/icons/brands/ashton.svg,Symmetry,Belicoso,,Belicoso,5.25,52,Belicoso,,,,,,,,,,,,,,,15.95,398.75,25,89,20.6872,246.09,9.8436,10.8436,,,,Aficionado,2015.0,7.0,ashton|belicoso|belicoso
Ashton Distributors,img/icons/manufacturers/ashtondistributors.svg,Ashton,,img/icons/brands/ashton.svg,Symmetry,Robusto,,Robusto,5,50,Parejo,,,,,,,,,,,,,,,15.95,398.75,25,89,20.4064,242.58,9.7032,10.7032,,,,Aficionado,2015.0,21.0,ashton|robusto|robusto
,,Ashton,,,Symmetry,Symmetry Belicoso,https://www.cigaraficionado.com/top25/2017/ashton-symmetry-belicoso,Belicoso,5.25,52,Belicoso,Ecuador,Dominican Republic,Nicaragua; Dominican Republic,Dominican Republic,,,,,,,,,,,0.0,,,89,,,,,,,,Aficionado,2017.0,6.0,ashton|symmetry belicoso|belicoso
,,Ashton,,,Symmetry,Symmetry Prestige,https://www.cigaraficionado.com/top25/2018/ashton-symmetry-prestige,Churchill,7,48,Parejo,Ecuador,Dominican Republic; Nicaragua,Dominican Republic; Nicaragua,Dominican Republic,,,,,,,,,,,0.0,,,89,,,,,,,,Aficionado,2018.0,11.0,ashton|symmetry prestige|churchill
,,Ashton,,,Symmetry,Symmetry Belicoso,https://www.cigaraficionado.com/top25/2019/ashton-symmetry-belicoso,Belicoso,5.25,52,Belicoso,Ecuador,Dominican Republic,Nicaragua; Dominican Republic,Dominican Republic,,,,,,,,,,,0.0,,,89,,,,,,,,Aficionado,2019.0,18.0,ashton|symmetry belicoso|belicoso
,,Ashton,,,Symmetry,Ashton Symmetry Sublime,,Robusto Extra,6,52,Parejo,Ecuador,Dominican Republic,Nicaragua; Dominican Republic,Dominican Republic,,,,,,,,,,,0.0,,,89,,,,,,,,Aficionado,2022.0,7.0,ashton|ashton symmetry sublime|robusto extra
Ashton Distributors,img/icons/manufacturers/ashtondistributors.svg,Ashton,,img/icons/brands/ashton.svg,Symmetry,Prism Corona,,Corona,5.625,46,Parejo,,,,,,,,,,,,,,,15.95,398.75,25,89,19.844,235.55,9.422,10.422,,,,,,,ashton|prism corona|corona
Ashton Distributors,img/icons/manufacturers/ashtondistributors.svg,Ashton,,img/icons/brands/ashton.svg,Symmetry,Sublime Toro,,Toro,6,52,Parejo,,,,,,,,,,,,,,,15.95,398.75,25,89,21.2504,253.13,10.1252,11.1252,,,,,,,ashton|sublime toro|toro
Ashton Distributors,img/icons/manufacturers/ashtondistributors.svg,Ashton,,img/icons/brands/ashton.svg,Symmetry,Prestige Churchill,,Churchill,6.75,49,Parejo,,,,,,,,,,,,,,,15.95,398.75,25,89,21.8128,260.16,10.4064,11.4064,,,,,,,ashton|prestige churchill|churchill
Ashton Distributors,img/icons/manufacturers/ashtondistributors.svg,Ashton,,img/icons/brands/ashton.svg,Virgin Sun Grown,Spellbound Double Corona,,Double Corona,7.5,54,Parejo,,,,,,,,,,,,,,,20.55,493.2,24,89,23.3316666666666,267.98,11.1658333333333,12.1658333333333,,,,Aficionado,2004.0,7.0,ashton|spellbound double corona|double corona
Ashton Distributors,img/icons/manufacturers/ashtondistributors.svg,Ashton,,img/icons/brands/ashton.svg,Virgin Sun Grown,Corona Gorda,,Corona Gorda,5.75,46,Parejo,,,,,,,,,,,,,,,15.95,382.8,24,89,18.7191666666667,212.63,8.85958333333333,9.85958333333337,,,,Aficionado,2005.0,8.0,ashton|corona gorda|corona gorda
Ashton Distributors,img/icons/manufacturers/ashtondistributors.svg,Ashton,,img/icons/brands/ashton.svg,Virgin Sun Grown,Robusto,,Robusto,5.5,50,Parejo,,,,,,,,,,,,,,,16.25,390,24,89,19.0,216.0,9.0,10.0,,,,Aficionado,2015.0,21.0,ashton|robusto|robusto
,,Ashton,,,Virgin Sun Grown,Sorcerer,https://www.cigaraficionado.com/top25/2020/ashton-virgin-sun-grown-sorcerer,Churchill,7,49,Parejo,Ecuador,Dominican Republic,Dominican Republic,Dominican Republic,,,,,,,,,,,0.0,,,89,,,,,,,,Aficionado,2020.0,12.0,ashton|sorcerer|churchill
,,Ashton,,,Virgin Sun Grown,Illusion,,Lonsdale,6.5,44,Parejo,Ecuador Sumatra,Dominican Republic,Dominican Republic,Dominican Rep.,,,,,,,,,,,0.0,,,89,,,,,,,,Aficionado,2023.0,15.0,ashton|illusion|lonsdale
Ashton Distributors,img/icons/manufacturers/ashtondistributors.svg,Ashton,,img/icons/brands/ashton.svg,Virgin Sun Grown,Belicoso #1,,Belicoso,5.25,52,Belicoso,,,,,,,,,,,,,,,15.95,382.8,24,89,19.2816666666667,219.38,9.14083333333333,10.1408333333334,,,,,,,ashton|belicoso #1|belicoso
Ashton Distributors,img/icons/manufacturers/ashtondistributors.svg,Ashton,,img/icons/brands/ashton.svg,Virgin Sun Grown,Eclipse Toro Tubo,,Toro,6,52,Parejo,,,,,,,,,Tubo,,,,,,15.95,382.8,24,89,23.5,270.0,11.25,12.25,,,,,,,ashton|eclipse toro tubo|toro
Ashton Distributors,img/icons/manufacturers/ashtondistributors.svg,Ashton,,img/icons/brands/ashton.svg,Virgin Sun Grown,Enchantment Perfecto,,Perfecto,4.38,60,Perfecto,,,,,,,,,,,,,,,15.95,350.9,22,89,20.9690909090909,219.66,9.98454545454545,10.9845454545455,,,,,,,ashton|enchantment perfecto|perfecto
Ashton Distributors,img/icons/manufacturers/ashtondistributors.svg,Ashton,,img/icons/brands/ashton.svg,Virgin Sun Grown,Illusion Lonsdale,,Lonsdale,6.5,44,Parejo,,,,,,,,,,,,,,,15.95,382.8,24,89,18.8316666666667,213.98,8.91583333333333,9.91583333333337,,,,,,,ashton|illusion lonsdale|lonsdale
Ashton Distributors,img/icons/manufacturers/ashtondistributors.svg,Ashton,,img/icons/brands/ashton.svg,Virgin Sun Grown,Pegasus Robusto,,Robusto Gordo,5,54,Parejo,,,,,,,,,,,,,,,19.9,398,20,89,19.9,189.0,9.45,10.45,,,,,,,ashton|pegasus robusto|robusto gordo
Ashton Distributors,img/icons/manufacturers/ashtondistributors.svg,Ashton,,img/icons/brands/ashton.svg,Virgin Sun Grown,Sorcerer Churchill,,Churchill,7,49,Parejo,,,,,,,,,,,,,,,19.55,469.2,24,89,20.4066666666667,232.88,9.70333333333333,10.7033333333334,,,,,,,ashton|sorcerer churchill|churchill
Ashton Distributors,img/icons/manufacturers/ashtondistributors.svg,Ashton,,img/icons/brands/ashton.svg,Virgin Sun Grown,Torpedo,,Torpedo,6.5,55,Torpedo,,,,,,,,,,,,,,,22.0941666666666,530.26,24,89,22.0941666666666,253.13,10.5470833333333,11.5470833333333,,,,,,,ashton|torpedo|torpedo
Ashton Distributors,img/icons/manufacturers/ashtondistributors.svg,Ashton,,img/icons/brands/ashton.svg,Virgin Sun Grown,Tres Mystique Petit Corona ,,Petit Corona,4.375,44,Parejo,,,,,,,,,,,,,,,14.65,351.6,24,89,17.875,202.5,8.4375,9.4375,,,,,,,ashton|tres mystique petit corona|petit corona
Ashton Distributors,img/icons/manufacturers/ashtondistributors.svg,Ashton,,img/icons/brands/ashton.svg,Virgin Sun Grown,Wizard Toro,,Toro Gordo,6,56,Parejo,,,,,,,,,,,,,,,19.35,715.95,37,89,22.3751351351352,395.44,10.6875675675676,11.6875675675676,,,,,,,ashton|wizard toro|toro gordo
Ashton Distributors,img/icons/manufacturers/ashtondistributors.svg,Ashton,,img/icons/brands/ashton.svg,VSG,Illusion,https://www.cigaraficionado.com/top25cigar/ashton-vsg-illusion-2008,Toro,6.5,52,Parejo,Ecuador Sumatra,Dominican Republic,Dominican Republic,Dominican Republic,,,,,,,,,,,0.0,,,89,,,,,,,,Aficionado,2008.0,14.0,ashton|illusion|toro
Ashton Distributors,img/icons/manufacturers/ashtondistributors.svg,Ashton,,img/icons/brands/ashton.svg,VSG,Tres Mystique,https://www.cigaraficionado.com/top25cigar/ashton-vsg-tres-mystique-2009,Corona,4.38,44,Parejo,Ecuador Sumatra,Dominican Republic,Dominican Republic,Dominican Republic,,,,,,,,,,,0.0,,,89,,,,,,,,Aficionado,2009.0,14.0,ashton|tres mystique|corona
Ashton Distributors,img/icons/manufacturers/ashtondistributors.svg,Ashton,,img/icons/brands/ashton.svg,VSG,Illusion,https://www.cigaraficionado.com/top25cigar/ashton-vsg-illusion-2012,Toro,6.5,52,Parejo,Ecuador Sumatra,Dominican Republic,Dominican Republic,Dominican Republic,,,,,,,,,,,0.0,,,89,,,,,,,,Aficionado,2012.0,16.0,ashton|illusion|toro
Ashton Distributors,img/icons/manufacturers/ashtondistributors.svg,Ashton,,img/icons/brands/ashton.svg,VSG,Tres Mystique,https://www.cigaraficionado.com/top25cigar/ashton-vsg-tres-mystique-2013,Corona,4.38,44,Parejo,Ecuador Sumatra,Dominican Republic,Dominican Republic,Dominican Republic,,,,,,,,,,,0.0,,,89,,,,,,,,Aficionado,2013.0,16.0,ashton|tres mystique|corona
Ashton Distributors,img/icons/manufacturers/ashtondistributors.svg,Ashton,,img/icons/brands/ashton.svg,VSG,Illusion,https://www.cigaraficionado.com/top25cigar/ashton-vsg-illusion-2014,Toro,6.5,52,Parejo,Ecuador Sumatra,Dominican Republic,Dominican Republic,Dominican Republic,,,,,,,,,,,0.0,,,89,,,,,,,,Aficionado,2014.0,3.0,ashton|illusion|toro
CLE,img/icons/manufacturers/cle.svg,Asylum,,img/icons/brands/asylum.svg,,April Fool's Day 9x90,,Gigante,9,90,Gigante,Honduras,Honduras,Honduras,Honduras,Maduro,Full,,,,,,,,,0.0,,,89,,,,,,,,,,,asylum|april fool's day 9x90|gigante
CLE,img/icons/manufacturers/cle.svg,Asylum,,img/icons/brands/asylum.svg,,Asylum 13 6x80,,Gigante,6,80,Gigante,Nicaragua,Nicaragua,Nicaragua,Nicaragua,Maduro,Medium,,,,,,,,,0.0,,,89,,,,,,,,,,,asylum|asylum 13 6x80|gigante
CLE,img/icons/manufacturers/cle.svg,Asylum,,img/icons/brands/asylum.svg,,Asylum 13 8x80,,Gigante,8,80,Gigante,Nicaragua,Nicaragua,Nicaragua,Nicaragua,Maduro,Medium,,,,,,,,,0.0,,,89,,,,,,,,,,,asylum|asylum 13 8x80|gigante
CLE,img/icons/manufacturers/cle.svg,Asylum,,img/icons/brands/asylum.svg,,Asylum 13 Connecticut 6x60,,Gordo,6,60,Parejo,Ecuadorian Connecticut Shade,Honduras,Honduras,Honduras,Connecticut,Mild,,,,,,,,,0.0,,,89,,,,,,,,,,,asylum|asylum 13 connecticut 6x60|gordo
CLE,img/icons/manufacturers/cle.svg,Asylum,,img/icons/brands/asylum.svg,,Asylum 13 Connecticut 7x70,,Gigante,7,70,Parejo,Ecuadorian Connecticut Shade,Honduras,Honduras,Honduras,Connecticut,Mild,,,,,,,,,0.0,,,89,,,,,,,,,,,asylum|asylum 13 connecticut 7x70|gigante
CLE,img/icons/manufacturers/cle.svg,Asylum,,img/icons/brands/asylum.svg,,Asylum 13 Connecticut Robusto,,Robusto,5,50,Parejo,Ecuadorian Connecticut Shade,Honduras,Honduras,Honduras,Connecticut,Mild,,,,,,,,,0.0,,,89,,,,,,,,,,,asylum|asylum 13 connecticut robusto|robusto
CLE,img/icons/manufacturers/cle.svg,Asylum,,img/icons/brands/asylum.svg,,Asylum 13 Connecticut Toro,,Toro,6,52,Parejo,Ecuadorian Connecticut Shade,Honduras,Honduras,Honduras,Connecticut,Mild,,,,,,,,,0.0,,,89,,,,,,,,,,,asylum|asylum 13 connecticut toro|toro
CLE,img/icons/manufacturers/cle.svg,Asylum,,img/icons/brands/asylum.svg,,Asylum 13 Ogre 11/18 Super,,Perfecto,,,Perfecto,Nicaragua,Nicaragua,Nicaragua,Nicaragua,Mixed,Medium,,,,,,,,,0.0,,,89,,,,,,,,,,,asylum|asylum 13 ogre 11/18 super|perfecto
CLE,img/icons/manufacturers/cle.svg,Asylum,,img/icons/brands/asylum.svg,,Asylum 13 Ogre 38x7 Lancero,,Lancero,7,38,Pigtail Parejo,Nicaragua,Nicaragua,Nicaragua,Nicaragua,Mixed,Medium,,,,,,,,,0.0,,,89,,,,,,,,,,,asylum|asylum 13 ogre 38x7 lancero|lancero
CLE,img/icons/manufacturers/cle.svg,Asylum,,img/icons/brands/asylum.svg,,Asylum 13 Ogre 50x5,,Robusto,5,50,Parejo,Nicaragua,Nicaragua,Nicaragua,Nicaragua,Mixed,Medium,,,,,,,,,0.0,,,89,,,,,,,,,,,asylum|asylum 13 ogre 50x5|robusto
CLE,img/icons/manufacturers/cle.svg,Asylum,,img/icons/brands/asylum.svg,,Asylum 13 Ogre 52x6,,Toro,6,52,Parejo,Nicaragua,Nicaragua,Nicaragua,Nicaragua,Mixed,Medium,,,,,,,,,0.0,,,89,,,,,,,,,,,asylum|asylum 13 ogre 52x6|toro
CLE,img/icons/manufacturers/cle.svg,Asylum,,img/icons/brands/asylum.svg,,Asylum 13 Ogre 60x6,,Gordo,6,60,Parejo,Nicaragua,Nicaragua,Nicaragua,Nicaragua,Mixed,Medium,,,,,,,,,0.0,,,89,,,,,,,,,,,asylum|asylum 13 ogre 60x6|gordo
CLE,img/icons/manufacturers/cle.svg,Asylum,,img/icons/brands/asylum.svg,,Asylum 13 Ogre 70x7,,Gigante,7,70,Parejo,Nicaragua,Nicaragua,Nicaragua,Nicaragua,Mixed,Medium,,,,,,,,,0.0,,,89,,,,,,,,,,,asylum|asylum 13 ogre 70x7|gigante
CLE,img/icons/manufacturers/cle.svg,Asylum,,img/icons/brands/asylum.svg,,Asylum 13 Ogre 80x6,,Gigante,6,80,Parejo,Nicaragua,Nicaragua,Nicaragua,Nicaragua,Mixed,Medium,,,,,,,,,0.0,,,89,,,,,,,,,,,asylum|asylum 13 ogre 80x6|gigante
CLE,img/icons/manufacturers/cle.svg,Asylum,,img/icons/brands/asylum.svg,,Asylum 13 Ogre 80x8,,Gigante,8,80,Parejo,Nicaragua,Nicaragua,Nicaragua,Nicaragua,Mixed,Medium,,,,,,,,,0.0,,,89,,,,,,,,,,,asylum|asylum 13 ogre 80x8|gigante
CLE,img/icons/manufacturers/cle.svg,Asylum,,img/icons/brands/asylum.svg,,Asylum 13 PCA Exclusive Gordo,,Gordo,6,60,Parejo,Habano Honduran,Honduras,Honduras,Honduras,Maduro,Full,,,,,,,,,0.0,,,89,,,,,,,,,,,asylum|asylum 13 pca exclusive gordo|gordo
CLE,img/icons/manufacturers/cle.svg,Asylum,,img/icons/brands/asylum.svg,,Asylum 13 PCA Exclusive Perfecto,,Perfecto,6.25,0.866666666666667,Perfecto,Habano Honduran,Honduras,Honduras,Honduras,Maduro,Full,,,,,,,,,0.0,,,89,,,,,,,,,,,asylum|asylum 13 pca exclusive perfecto|perfecto
CLE,img/icons/manufacturers/cle.svg,Asylum,,img/icons/brands/asylum.svg,,Asylum 13 PCA Exclusive Robusto,,Robusto,5,50,Parejo,Habano Honduran,Honduras,Honduras,Honduras,Maduro,Full,,,,,,,,,0.0,,,89,,,,,,,,,,,asylum|asylum 13 pca exclusive robusto|robusto
CLE,img/icons/manufacturers/cle.svg,Asylum,,img/icons/brands/asylum.svg,,Asylum 13 Robusto,,Robusto,5,50,Parejo,Nicaragua,Nicaragua,Nicaragua,Nicaragua,Maduro,Medium,,,,,,,,,0.0,,,89,,,,,,,,,,,asylum|asylum 13 robusto|robusto
CLE,img/icons/manufacturers/cle.svg,Asylum,,img/icons/brands/asylum.svg,,Asylum 13 Seventy 7x70,,Gigante,7,70,Gigante,Nicaragua,Nicaragua,Nicaragua,Nicaragua,Maduro,Full,,,,,,,,,0.0,,,89,,,,,,,,,,,asylum|asylum 13 seventy 7x70|gigante
CLE,img/icons/manufacturers/cle.svg,Asylum,,img/icons/brands/asylum.svg,,Asylum 13 Sixty 6x60,,Gordo,6,60,Parejo,Nicaragua,Nicaragua,Nicaragua,Nicaragua,Maduro,Full,,,,,,,,,0.0,,,89,,,,,,,,,,,asylum|asylum 13 sixty 6x60|gordo
CLE,img/icons/manufacturers/cle.svg,Asylum,,img/icons/brands/asylum.svg,,Asylum 13 Toro,,Toro,6,52,Parejo,Nicaragua,Nicaragua,Nicaragua,Nicaragua,Maduro,Medium,,,,,,,,,0.0,,,89,,,,,,,,,,,asylum|asylum 13 toro|toro
CLE,img/icons/manufacturers/cle.svg,Asylum,,img/icons/brands/asylum.svg,,Asylum Eight Limited Edition 11/18,,Perfecto,6,54,Perfecto,Honduras,Honduras,Honduras,Honduras,Maduro,Medium,,,,,,,,,0.0,,,89,,,,,,,,,,,asylum|asylum eight limited edition 11/18|perfecto
CLE,img/icons/manufacturers/cle.svg,Asylum,,img/icons/brands/asylum.svg,,Asylum Nine Limited Edition 11/18,,Perfecto,6,54,Perfecto,Honduras,Honduras,Honduras,Honduras,Maduro,Full,,,,,,,,,0.0,,,89,,,,,,,,,,,asylum|asylum nine limited edition 11/18|perfecto
CLE,img/icons/manufacturers/cle.svg,Asylum,,img/icons/brands/asylum.svg,,Asylum Seven Limited Edition 11/18,,Perfecto,6,54,Perfecto,Nicaragua,Honduras,Honduras,Honduras,Maduro,,,,,,,,,,0.0,,,89,,,,,,,,,,,asylum|asylum seven limited edition 11/18|perfecto
CLE,img/icons/manufacturers/cle.svg,Asylum,,img/icons/brands/asylum.svg,,Authentic Corojo 6x80,,Gigante,6,80,Parejo,Honduras,Honduras,Honduras,Honduras,Natural,Full,,,,,,,,,0.0,,,89,,,,,,,,,,,asylum|authentic corojo 6x80|gigante
CLE,img/icons/manufacturers/cle.svg,Asylum,,img/icons/brands/asylum.svg,,Authentic Corojo 7x70,,Gigante,7,70,Parejo,Honduras,Honduras,Honduras,Honduras,Natural,Full,,,,,,,,,0.0,,,89,,,,,,,,,,,asylum|authentic corojo 7x70|gigante
CLE,img/icons/manufacturers/cle.svg,Asylum,,img/icons/brands/asylum.svg,,Authentic Corojo 8x80,,Gigante,8,80,Parejo,Honduras,Honduras,Honduras,Honduras,Natural,Full,,,,,,,,,0.0,,,89,,,,,,,,,,,asylum|authentic corojo 8x80|gigante
CLE,img/icons/manufacturers/cle.svg,Asylum,,img/icons/brands/asylum.svg,,Authentic Corojo Gigante 6x60,,Gigante,6,70,Parejo,Honduras,Honduras,Honduras,Honduras,Natural,Full,,,,,,,,,0.0,,,89,,,,,,,,,,,asylum|authentic corojo gigante 6x60|gigante
CLE,img/icons/manufacturers/cle.svg,Asylum,,img/icons/brands/asylum.svg,,Authentic Corojo Gordo,,Gordo,6,60,Parejo,Honduras,Honduras,Honduras,Honduras,Natural,Full,,,,,,,,,0.0,,,89,,,,,,,,,,,asylum|authentic corojo gordo|gordo
CLE,img/icons/manufacturers/cle.svg,Asylum,,img/icons/brands/asylum.svg,,Authentic Corojo Perfecto,,Perfecto,8,70,Perfecto,Honduras,Honduras,Honduras,Honduras,Natural,Full,,,,,,,,,0.0,,,89,,,,,,,,,,,asylum|authentic corojo perfecto|perfecto
CLE,img/icons/manufacturers/cle.svg,Asylum,,img/icons/brands/asylum.svg,,Authentic Corojo Robusto,,Robusto,5,50,Parejo,Honduras,Honduras,Honduras,Honduras,Natural,Full,,,,,,,,,0.0,,,89,,,,,,,,,,,asylum|authentic corojo robusto|robusto
CLE,img/icons/manufacturers/cle.svg,Asylum,,img/icons/brands/asylum.svg,,Authentic Corojo Toro,,Toro,6,52,Parejo,Honduras,Honduras,Honduras,Honduras,Natural,Full,,,,,,,,,0.0,,,89,,,,,,,,,,,asylum|authentic corojo toro|toro
CLE,img/icons/manufacturers/cle.svg,Asylum,,img/icons/brands/asylum.svg,,Bigtime Tommie 7x70,,Gigante,7,70,Gigante,Nicaragua,Nicaragua,Nicaragua,Nicaragua,Maduro,Full,,,,,,,,,0.0,,,89,,,,,,,,,,,asylum|bigtime tommie 7x70|gigante
CLE,img/icons/manufacturers/cle.svg,Asylum,,img/icons/brands/asylum.svg,,Friday The 13th Corona,,Corona,6,46,Parejo,Undisclosed,Undisclosed,Undisclosed,Honduras,Colorado,Medium,,,,,,,,,0.0,,,89,,,,,,,,,,,asylum|friday the 13th corona|corona
CLE,img/icons/manufacturers/cle.svg,Asylum,,img/icons/brands/asylum.svg,,Friday The 13th Figurado,,Figurado,5.25,46,Figurado,Undisclosed,Undisclosed,Undisclosed,Honduras,Colorado,Medium,,,,,,,,,0.0,,,89,,,,,,,,,,,asylum|friday the 13th figurado|figurado
CLE,img/icons/manufacturers/cle.svg,Asylum,,img/icons/brands/asylum.svg,,Friday The 13th Robusto,,Robusto,5,50,Parejo,Undisclosed,Undisclosed,Undisclosed,Honduras,Colorado,Medium,,,,,,,,,0.0,,,89,,,,,,,,,,,asylum|friday the 13th robusto|robusto
CLE,img/icons/manufacturers/cle.svg,Asylum,,img/icons/brands/asylum.svg,,Insidious Connecticut 6x44,,Corona,6,44,Parejo,Ecuadorian Connecticut Shade,Honduras,Honduras,Honduras,Connecticut,Mild,,,,,,,,,0.0,,,89,,,,,,,,,,,asylum|insidious connecticut 6x44|corona
CLE,img/icons/manufacturers/cle.svg,Asylum,,img/icons/brands/asylum.svg,,Insidious Connecticut 6x60,,Gordo,6,60,Parejo,Ecuadorian Connecticut Shade,Honduras,Honduras,Honduras,Connecticut,Mild,,,,,,,,,0.0,,,89,,,,,,,,,,,asylum|insidious connecticut 6x60|gordo
CLE,img/icons/manufacturers/cle.svg,Asylum,,img/icons/brands/asylum.svg,,Insidious Connecticut Churchill,,Churchill,7,48,Parejo,Ecuadorian Connecticut Shade,Honduras,Honduras,Honduras,Connecticut,Mild,,,,,,,,,0.0,,,89,,,,,,,,,,,asylum|insidious connecticut churchill|churchill
CLE,img/icons/manufacturers/cle.svg,Asylum,,img/icons/brands/asylum.svg,,Insidious Connecticut Robusto,,Robusto,5,50,Parejo,Ecuadorian Connecticut Shade,Honduras,Honduras,Honduras,Connecticut,Mild,,,,,,,,,0.0,,,89,,,,,,,,,,,asylum|insidious connecticut robusto|robusto
CLE,img/icons/manufacturers/cle.svg,Asylum,,img/icons/brands/asylum.svg,,Insidious Connecticut Toro,,Toro,6,52,Parejo,Ecuadorian Connecticut Shade,Honduras,Honduras,Honduras,Connecticut,Mild,,,,,,,,,0.0,,,89,,,,,,,,,,,asylum|insidious connecticut toro|toro
CLE,img/icons/manufacturers/cle.svg,Asylum,,img/icons/brands/asylum.svg,,Insidious Habano 6x43,,Corona,6,43,Parejo,Habano,Honduras,Honduras,Honduras,Colorado,Medium-Full,,,,,,,,,0.0,,,89,,,,,,,,,,,asylum|insidious habano 6x43|corona
CLE,img/icons/manufacturers/cle.svg,Asylum,,img/icons/brands/asylum.svg,,Insidious Habano Churchill,,Churchill,7,48,Parejo,Habano,Honduras,Honduras,Honduras,Colorado,Medium-Full,,,,,,,,,0.0,,,89,,,,,,,,,,,asylum|insidious habano churchill|churchill
CLE,img/icons/manufacturers/cle.svg,Asylum,,img/icons/brands/asylum.svg,,Insidious Habano Robusto,,Robusto,5,50,Parejo,Habano,Honduras,Honduras,Honduras,Colorado,Medium-Full,,,,,,,,,0.0,,,89,,,,,,,,,,,asylum|insidious habano robusto|robusto
CLE,img/icons/manufacturers/cle.svg,Asylum,,img/icons/brands/asylum.svg,,Insidious Habano Robusto,,Short Robusto,4.5,48,Parejo,Habano,Honduras,Honduras,Honduras,Colorado,Medium-Full,,,,,,,,,0.0,,,89,,,,,,,,,,,asylum|insidious habano robusto|short robusto
CLE,img/icons/manufacturers/cle.svg,Asylum,,img/icons/brands/asylum.svg,,Insidious Maduro 7x64,,Gigante,7,64,Parejo,Mexican San Andres Maduro,Honduras,Honduras,Honduras,Maduro,Medium,,,,,,,,,0.0,,,89,,,,,,,,,,,asylum|insidious maduro 7x64|gigante
CLE,img/icons/manufacturers/cle.svg,Asylum,,img/icons/brands/asylum.svg,,Insidious Maduro Robusto,,Robusto,5,50,Parejo,Mexican San Andres Maduro,Honduras,Honduras,Honduras,Maduro,Medium,,,,,,,,,0.0,,,89,,,,,,,,,,,asylum|insidious maduro robusto|robusto
CLE,img/icons/manufacturers/cle.svg,Asylum,,img/icons/brands/asylum.svg,,Insidious Maduro Toro,,Toro,6,52,Parejo,Mexican San Andres Maduro,Honduras,Honduras,Honduras,Maduro,Medium,,,,,,,,,0.0,,,89,,,,,,,,,,,asylum|insidious maduro toro|toro
CLE,img/icons/manufacturers/cle.svg,Asylum,,img/icons/brands/asylum.svg,,Medulla Oblongata Maduro 6x60,,Gordo,6,60,Parejo,Mexican San Andres Corojo,Honduran Corojo,Honduran Corojo,Honduras,Maduro,Medium,,,,,,,,,0.0,,,89,,,,,,,,,,,asylum|medulla oblongata maduro 6x60|gordo
CLE,img/icons/manufacturers/cle.svg,Asylum,,img/icons/brands/asylum.svg,,Medulla Oblongata Maduro 6x80,,Gigante,6,80,Parejo,Mexican San Andres Corojo,Honduran Corojo,Honduran Corojo,Honduras,Maduro,Medium,,,,,,,,,0.0,,,89,,,,,,,,,,,asylum|medulla oblongata maduro 6x80|gigante
CLE,img/icons/manufacturers/cle.svg,Asylum,,img/icons/brands/asylum.svg,,Medulla Oblongata Maduro 7x70,,Gigante,7,70,Parejo,Mexican San Andres Corojo,Honduran Corojo,Honduran Corojo,Honduras,Maduro,Medium,,,,,,,,,0.0,,,89,,,,,,,,,,,asylum|medulla oblongata maduro 7x70|gigante
CLE,img/icons/manufacturers/cle.svg,Asylum,,img/icons/brands/asylum.svg,,Medulla Oblongata Maduro Robusto,,Robusto,5,50,Parejo,Mexican San Andres Corojo,Honduran Corojo,Honduran Corojo,Honduras,Maduro,Medium,,,,,,,,,0.0,,,89,,,,,,,,,,,asylum|medulla oblongata maduro robusto|robusto
CLE,img/icons/manufacturers/cle.svg,Asylum,,img/icons/brands/asylum.svg,,Medulla Oblongata Maduro Toro,,Toro,6,52,Parejo,Mexican San Andres Corojo,Honduran Corojo,Honduran Corojo,Honduras,Maduro,Medium,,,,,,,,,0.0,,,89,,,,,,,,,,,asylum|medulla oblongata maduro toro|toro
CLE,img/icons/manufacturers/cle.svg,Asylum,,img/icons/brands/asylum.svg,,Medulla Oblongata Natural 6x60,,Gordo,6,60,Parejo,Honduran Corojo,Honduras,Honduras,Honduras,Natural,Medium-Full,,,,,,,,,0.0,,,89,,,,,,,,,,,asylum|medulla oblongata natural 6x60|gordo
CLE,img/icons/manufacturers/cle.svg,Asylum,,img/icons/brands/asylum.svg,,Medulla Oblongata Natural 6x80,,Gigante,6,80,Parejo,Honduran Corojo,Honduras,Honduras,Honduras,Natural,Medium-Full,,,,,,,,,0.0,,,89,,,,,,,,,,,asylum|medulla oblongata natural 6x80|gigante
CLE,img/icons/manufacturers/cle.svg,Asylum,,img/icons/brands/asylum.svg,,Medulla Oblongata Natural 7x70,,Gigante,7,70,Parejo,Honduran Corojo,Honduras,Honduras,Honduras,Natural,Medium-Full,,,,,,,,,0.0,,,89,,,,,,,,,,,asylum|medulla oblongata natural 7x70|gigante
CLE,img/icons/manufacturers/cle.svg,Asylum,,img/icons/brands/asylum.svg,,Medulla Oblongata Natural Robusto,,Robusto,5,50,Parejo,Honduran Corojo,Honduras,Honduras,Honduras,Natural,Medium-Full,,,,,,,,,0.0,,,89,,,,,,,,,,,asylum|medulla oblongata natural robusto|robusto
CLE,img/icons/manufacturers/cle.svg,Asylum,,img/icons/brands/asylum.svg,,Medulla Oblongata Natural Toro,,Toro,6,52,Parejo,Honduran Corojo,Honduras,Honduras,Honduras,Natural,Medium-Full,,,,,,,,,0.0,,,89,,,,,,,,,,,asylum|medulla oblongata natural toro|toro
CLE,img/icons/manufacturers/cle.svg,Asylum,,img/icons/brands/asylum.svg,,Nyctophilia 50x5 Robusto,,Robusto,5,50,Parejo,Mexican San Andres,Nicaragua,Nicaragua,Honduras,Maduro,Full,,,,,,,,,0.0,,,89,,,,,,,,,,,asylum|nyctophilia 50x5 robusto|robusto
CLE,img/icons/manufacturers/cle.svg,Asylum,,img/icons/brands/asylum.svg,,Nyctophilia 60x6,,Gordo,6,60,Parejo,Mexican San Andres,Nicaragua,Nicaragua,Honduras,Maduro,Full,,,,,,,,,0.0,,,89,,,,,,,,,,,asylum|nyctophilia 60x6|gordo
CLE,img/icons/manufacturers/cle.svg,Asylum,,img/icons/brands/asylum.svg,,Nyctophilia 70x7,,Gigante,7,70,Parejo,Mexican San Andres,Nicaragua,Nicaragua,Honduras,Maduro,Full,,,,,,,,,0.0,,,89,,,,,,,,,,,asylum|nyctophilia 70x7|gigante
CLE,img/icons/manufacturers/cle.svg,Asylum,,img/icons/brands/asylum.svg,,Pandemonium 8.5x52,,Gigante,8.5,52,Parejo,Ecuador Sumatra,Nicaragua,Nicaragua,Nicaragua,Natural,Full,,,,,,,,,0.0,,,89,,,,,,,,,,,asylum|pandemonium 8.5x52|gigante
CLE,img/icons/manufacturers/cle.svg,Asylum,,img/icons/brands/asylum.svg,,Pandemonium 8.5x60,,Gigante,8.5,60,Parejo,Ecuador Sumatra,Nicaragua,Nicaragua,Nicaragua,Natural,Full,,,,,,,,,0.0,,,89,,,,,,,,,,,asylum|pandemonium 8.5x60|gigante
CLE,img/icons/manufacturers/cle.svg,Asylum,,img/icons/brands/asylum.svg,,Pandemonium 8.5x70,,Gigante,8.5,70,Parejo,Ecuador Sumatra,Nicaragua,Nicaragua,Nicaragua,Natural,Full,,,,,,,,,0.0,,,89,,,,,,,,,,,asylum|pandemonium 8.5x70|gigante
CLE,img/icons/manufacturers/cle.svg,Asylum,,img/icons/brands/asylum.svg,,Premium 44x4,,Petite Corona,4,44,Parejo,Nicaragua,Nicaragua,Nicaragua,Nicaragua,Maduro,Full,,,,,,,,,0.0,,,89,,,,,,,,,,,asylum|premium 44x4|petite corona
CLE,img/icons/manufacturers/cle.svg,Asylum,,img/icons/brands/asylum.svg,,Premium 52x6 Toro,,Toro,6,52,Parejo,Nicaragua,Nicaragua,Nicaragua,Nicaragua,Maduro,Full,,,,,,,,,0.0,,,89,,,,,,,,,,,asylum|premium 52x6 toro|toro
CLE,img/icons/manufacturers/cle.svg,Asylum,,img/icons/brands/asylum.svg,,Premium 60x6,,Gordo,6,60,Parejo,Nicaragua,Nicaragua,Nicaragua,Nicaragua,Maduro,Full,,,,,,,,,0.0,,,89,,,,,,,,,,,asylum|premium 60x6|gordo
CLE,img/icons/manufacturers/cle.svg,Asylum,,img/icons/brands/asylum.svg,,Premium 67x6,,Gigante,6,67,Parejo,Nicaragua,Nicaragua,Nicaragua,Nicaragua,Maduro,Full,,,,,,,,,0.0,,,89,,,,,,,,,,,asylum|premium 67x6|gigante
CLE,img/icons/manufacturers/cle.svg,Asylum,,img/icons/brands/asylum.svg,,Premium Torpedo,,Pyramid,5,54,Pyramid,Nicaragua,Nicaragua,Nicaragua,Nicaragua,Maduro,Full,,,,,,,,,0.0,,,89,,,,,,,,,,,asylum|premium torpedo|pyramid
CLE,img/icons/manufacturers/cle.svg,Asylum,,img/icons/brands/asylum.svg,,Straight Jacket 7x70 Gigante,,Gigante,7,70,Gigante,Nicaragua,Nicaragua,Nicaragua,Nicaragua,Maduro,Full,,,,,,,,,0.0,,,89,,,,,,,,,,,asylum|straight jacket 7x70 gigante|gigante
CLE,img/icons/manufacturers/cle.svg,Asylum,,img/icons/brands/asylum.svg,,Straight Jacket Gordo,,Gordo,6,60,Parejo,Nicaragua,Nicaragua,Nicaragua,Nicaragua,Maduro,Full,,,,,,,,,0.0,,,89,,,,,,,,,,,asylum|straight jacket gordo|gordo
CLE,img/icons/manufacturers/cle.svg,Asylum,,img/icons/brands/asylum.svg,,Straight Jacket Robusto,,Robusto,5,50,Parejo,Nicaragua,Nicaragua,Nicaragua,Nicaragua,Maduro,Full,,,,,,,,,0.0,,,89,,,,,,,,,,,asylum|straight jacket robusto|robusto
CLE,img/icons/manufacturers/cle.svg,Asylum,,img/icons/brands/asylum.svg,,Straight Jacket Toro,,Toro Gordo,6,54,Parejo,Nicaragua,Nicaragua,Nicaragua,Nicaragua,Maduro,Full,,,,,,,,,0.0,,,89,,,,,,,,,,,asylum|straight jacket toro|toro gordo
,,Atabey,,img/icons/brands/atabey.svg,,Benditos Double Corona,,Double Corona,7.25,58,Parejo,Ecaudor,Undisclosed,Undisclosed,Costa Rica,Claro,Medium,,,,,,,,,0.0,,,89,,,,,,,,,,,atabey|benditos double corona|double corona
,,Atabey,,img/icons/brands/atabey.svg,,Brujos Robusto,,Robusto,5,52,Parejo,Ecaudor,Undisclosed,Undisclosed,Costa Rica,Claro,Medium,,,,,,,,,0.0,,,89,,,,,,,,,,,atabey|brujos robusto|robusto
,,Atabey,,img/icons/brands/atabey.svg,,Delirios Toro,,Toro,5.75,55,Parejo,Ecaudor,Undisclosed,Undisclosed,Costa Rica,Claro,Medium,,,,,,,,,0.0,,,89,,,,,,,,,,,atabey|delirios toro|toro
,,Atabey,,img/icons/brands/atabey.svg,,Dioses Gigante,,Gigante,8,50,Parejo,Ecaudor,Undisclosed,Undisclosed,Costa Rica,Claro,Medium,,,,,,,,,0.0,,,89,,,,,,,,,,,atabey|dioses gigante|gigante
,,Atabey,,img/icons/brands/atabey.svg,,Divinos Robusto,,Robusto,4.4,50,Parejo,Ecaudor,Undisclosed,Undisclosed,Costa Rica,Claro,Medium,,,,,,,,,0.0,,,89,,,,,,,,,,,atabey|divinos robusto|robusto
,,Atabey,,img/icons/brands/atabey.svg,,Duendes Pyramid,,Pyramid,6.13,54T,Pyramid,Ecaudor,Undisclosed,Undisclosed,Costa Rica,Claro,Medium,,,,,,,,,0.0,,,89,,,,,,,,,,,atabey|duendes pyramid|pyramid
,,Atabey,,img/icons/brands/atabey.svg,,Hechizos Short Panatela,,Short Panatela,4,40,Parejo,Ecaudor,Undisclosed,Undisclosed,Costa Rica,Claro,Medium,,,,,,,,,0.0,,,89,,,,,,,,,,,atabey|hechizos short panatela|short panatela
,,Atabey,,img/icons/brands/atabey.svg,,Idolos Robusto,,Robusto,4,55,Parejo,Ecaudor,Undisclosed,Undisclosed,Costa Rica,Claro,Medium,,,,,,,,,0.0,,,89,,,,,,,,,,,atabey|idolos robusto|robusto
,,Atabey,,img/icons/brands/atabey.svg,,Idolos Tubes Robusto,,Robusto,4,55,Parejo,Ecaudor,Undisclosed,Undisclosed,Costa Rica,Claro,Medium,,,,,,,,,0.0,,,89,,,,,,,,,,,atabey|idolos tubes robusto|robusto
,,Atabey,,img/icons/brands/atabey.svg,,Misticos Toro,,Toro,6.75,56,Parejo,Ecaudor,Undisclosed,Undisclosed,Costa Rica,Claro,Medium,,,,,,,,,0.0,,,89,,,,,,,,,,,atabey|misticos toro|toro
,,Atabey,,img/icons/brands/atabey.svg,,Misticos Tubes Toro,,Toro,6.75,56,Parejo,Ecaudor,Undisclosed,Undisclosed,Costa Rica,Claro,Medium,,,,,,,,,0.0,,,89,,,,,,,,,,,atabey|misticos tubes toro|toro
,,Atabey,,img/icons/brands/atabey.svg,,Ritos Toro,,Toro,6.13,55,Parejo,Ecaudor,Undisclosed,Undisclosed,Costa Rica,Claro,Medium,,,,,,,,,0.0,,,89,,,,,,,,,,,atabey|ritos toro|toro
,,Atabey,,img/icons/brands/atabey.svg,,Sabios Robusto,,Robusto,5.25,52,Parejo,Ecaudor,Undisclosed,Undisclosed,Costa Rica,Claro,Medium,,,,,,,,,0.0,,,89,,,,,,,,,,,atabey|sabios robusto|robusto
,,Atabey,,img/icons/brands/atabey.svg,,Sabios Tubes Robusto,,Robusto,5.25,52,Parejo,Ecaudor,Undisclosed,Undisclosed,Costa Rica,Claro,Medium,,,,,,,,,0.0,,,89,,,,,,,,,,,atabey|sabios tubes robusto|robusto
,,Atabey,,img/icons/brands/atabey.svg,,Spiritus,,Lancero,7.25,40,Parejo,Ecaudor,Undisclosed,Undisclosed,Costa Rica,Claro,Medium,,,,,,,,,0.0,,,89,,,,,,,,,,,atabey|spiritus|lancero
,,ATL Cigar Co.,,img/icons/brands/atlcigarco.svg,,ATL Magic Short Belicoso,,Short Belicoso,5,52,Belicoso,Mexican San Andres,Pueblo Nuevo,"Pueblo Nuevo, Esteli, Jalapa",,,Medium-Full,,,,,,,,,0.0,,,89,,,,,,,,,,,atl cigar co.|atl magic short belicoso|short belicoso
,,ATL Cigar Co.,,img/icons/brands/atlcigarco.svg,,ATL Magic Sublime,,Toro Gordo,6,54,Parejo,Mexican San Andres,Pueblo Nuevo,"Pueblo Nuevo, Esteli, Jalapa",,,Medium-Full,,,,,,,,,0.0,,,89,,,,,,,,,,,atl cigar co.|atl magic sublime|toro gordo
,,ATL Cigar Co.,,img/icons/brands/atlcigarco.svg,,Black Gordo,,Gordo,6.5,60,Parejo,,,,,,,,,,,,,,,0.0,,,89,,,,,,,,,,,atl cigar co.|black gordo|gordo
,,ATL Cigar Co.,,img/icons/brands/atlcigarco.svg,,Black Torpedo,,Torpedo,6,52,Pyramid,,,,,,,,,,,,,,,0.0,,,89,,,,,,,,,,,atl cigar co.|black torpedo|torpedo
,,ATL Cigar Co.,,img/icons/brands/atlcigarco.svg,,Good Trouble Canonazo,,,6.5,56,,,,,,,,,,,,,,,,0.0,,,89,,,,,,,,,,,atl cigar co.|good trouble canonazo|
,,ATL Cigar Co.,,img/icons/brands/atlcigarco.svg,,Good Trouble Gordo,,Gigante,6.5,64,Parejo,,,,,,,,,,,,,,,0.0,,,89,,,,,,,,,,,atl cigar co.|good trouble gordo|gigante
,,ATL Cigar Co.,,img/icons/brands/atlcigarco.svg,,Good Trouble Robusto,,Robusto,5,50,Parejo,,,,,,,,,,,,,,,0.0,,,89,,,,,,,,,,,atl cigar co.|good trouble robusto|robusto
,,ATL Cigar Co.,,img/icons/brands/atlcigarco.svg,,Libertad Robusto,,Robusto,5,50,Parejo,,,,,,,,,,,,,,,0.0,,,89,,,,,,,,,,,atl cigar co.|libertad robusto|robusto
,,ATL Cigar Co.,,img/icons/brands/atlcigarco.svg,,Libertad Toro,,Toro,6.5,54,Parejo,,,,,,,,,,,,,,,0.0,,,89,,,,,,,,,,,atl cigar co.|libertad toro|toro
,,Aurora,,,100 Años,Belicoso,,Belicoso,6.25,52,Belicoso,Dominican Republic,Dominican Republic,Dominican Republic,Dominican Republic,,,,,,,,,,,0.0,,,89,,,,,,,,Aficionado,2004.0,2.0,aurora|belicoso|belicoso
,,Aurora,,,Preferidos,Connecticut No. 1,,Perfecto,6,58,Perfecto,Connecticut,Dominican Republic,Dominican Republic/Nicaragua,Dominican Republic,Connecticut,,,,,,,,,,0.0,,,89,,,,,,,,Aficionado,2005.0,6.0,aurora|connecticut no. 1|perfecto
,,AVO,,,Classic,No. 2,https://www.cigaraficionado.com/top25cigar/AVO-classic-no-2-2007,Corona,6,50,Parejo,Ecuador Connecticut,Dominican Republic,Dominican Republic,Dominican Republic,,,,,,,,,,,0.0,,,89,,,,,,,,Aficionado,2007.0,18.0,avo|no. 2|corona
,,AVO,,,Classic,No. 2,https://www.cigaraficionado.com/top25cigar/AVO-classic-no-2-2008,Corona,6,50,Parejo,Ecuador Connecticut,Dominican Republic,Dominican Republic,Dominican Republic,,,,,,,,,,,0.0,,,89,,,,,,,,Aficionado,2008.0,16.0,avo|no. 2|corona
,,AVO,,,Classic,No. 2,https://www.cigaraficionado.com/top25cigar/AVO-classic-no-2-2012,Corona,6,50,Parejo,Ecuador Connecticut,Dominican Republic,Dominican Republic,Dominican Republic,,,,,,,,,,,0.0,,,89,,,,,,,,Aficionado,2012.0,22.0,avo|no. 2|corona
,,AVO,,,Domaine,AVO Domaine No. 10,https://www.cigaraficionado.com/top25cigar/AVO-domaine-no-10-2011,Toro,6,50,Parejo,Ecuador Connecticut,Dominican Republic,Dominican Republic,Dominican Republic,,,,,,,,,,,0.0,,,89,,,,,,,,Aficionado,2011.0,14.0,avo|avo domaine no. 10|toro
,,AVO,,,Legacy,No. 3,https://www.cigaraficionado.com/top25cigar/AVO-classic-no-3-2009,Toro,6,50,Parejo,Ecuador Connecticut,Dominican Republic,Dominican Republic,Dominican Republic,,,,,,,,,,,0.0,,,89,,,,,,,,Aficionado,2009.0,16.0,avo|no. 3|toro
,,AVO,,,Syncro Nicaragua,Short Robusto,https://www.cigaraficionado.com/top25cigar/AVO-syncro-nicaragua-short-robusto-2010,Robusto,4,52,Parejo,Ecuador,Nicaragua/Nicaragua,Dominican Republic,Dominican Republic,,,,,,,,,,,0.0,,,89,,,,,,,,Aficionado,2010.0,23.0,avo|short robusto|robusto
,,AVO,,,Syncro Nicaragua,Short Robusto,https://www.cigaraficionado.com/top25cigar/AVO-syncro-nicaragua-short-robusto-2015,Robusto,4,52,Parejo,Ecuador,S. Dominican,Nicaragua/DR,Dominican Republic,,,,,,,,,,,0.0,,,89,,,,,,,,Aficionado,2015.0,22.0,avo|short robusto|robusto
,,AVO,,,,AVO SYNCRO CARIBE TORO,,Toro,,,Parejo,Dominican Republic,Ecuador,Dominican Republic,Dominican Republic,,,,,,,,,,,0.0,,,89,,,,,,,,Cigar Journal,2022.0,11.0,avo|avo syncro caribe toro|toro
,,AVO,,img/icons/brands/avo.svg,,AVO Classic Puritos,,Cigarillo,4,30,Parejo,Ecuadorian Connecticut Sun Grown,Dominican Republic,Dominican Republic,Dominican Republic,Natural,Mild,,,,,,,,,0.0,,,89,,,,,,,,,,,avo|avo classic puritos|cigarillo
,,AVO,,img/icons/brands/avo.svg,,Classic Belicoso,,Belicoso,6,48,Pyramid,Ecuadorian Connecticut Sun Grown,Dominican Republic,Dominican Republic,Dominican Republic,Natural,Mild,,,,,,,,,0.0,,,89,,,,,,,,,,,avo|classic belicoso|belicoso
,,AVO,,img/icons/brands/avo.svg,,Classic Maduro No. 2 Toro,,Toro,6,59,Parejo,USA Connecticut Broadleaf,Dominican Republic,Dominican Republic,Dominican Republic,Maduro,Medium,,,,,,,,,0.0,,,89,,,,,,,,,,,avo|classic maduro no. 2 toro|toro
,,AVO,,img/icons/brands/avo.svg,,Classic Maduro No. 3 Churchill,,Double Corona,7.5,50,Parejo,USA Connecticut Broadleaf,Dominican Republic,Dominican Republic,Dominican Republic,Maduro,Medium,,,,,,,,,0.0,,,89,,,,,,,,,,,avo|classic maduro no. 3 churchill|double corona
,,AVO,,img/icons/brands/avo.svg,,Classic Maduro Robusto,,Robusto,5,50,Parejo,USA Connecticut Broadleaf,Dominican Republic,Dominican Republic,Dominican Republic,Maduro,Medium,,,,,,,,,0.0,,,89,,,,,,,,,,,avo|classic maduro robusto|robusto
,,AVO,,img/icons/brands/avo.svg,,Classic No. 2 Toro,,Toro,6,50,Parejo,Ecuadorian Connecticut Sun Grown,Dominican Republic,Dominican Republic,Dominican Republic,Natural,Mild,,,,,,,,,0.0,,,89,,,,,,,,,,,avo|classic no. 2 toro|toro
,,AVO,,img/icons/brands/avo.svg,,Classic No. 3 Churchill,,Double Corona,7.5,50,Parejo,Ecuadorian Connecticut Sun Grown,Dominican Republic,Dominican Republic,Dominican Republic,Natural,Mild,,,,,,,,,0.0,,,89,,,,,,,,,,,avo|classic no. 3 churchill|double corona
,,AVO,,img/icons/brands/avo.svg,,Classic No. 5 Corona Grande,,Corona Grande,6.63,50,Parejo,Ecuadorian Connecticut Sun Grown,Dominican Republic,Dominican Republic,Dominican Republic,Natural,Mild,,,,,,,,,0.0,,,89,,,,,,,,,,,avo|classic no. 5 corona grande|corona grande
,,AVO,,img/icons/brands/avo.svg,,Classic No. 6,,Gordo,6,60,Parejo,Ecuadorian Connecticut Sun Grown,Dominican Republic,Dominican Republic,Dominican Republic,Natural,Mild,,,,,,,,,0.0,,,89,,,,,,,,,,,avo|classic no. 6|gordo
,,AVO,,img/icons/brands/avo.svg,,Classic Robusto,,Robusto,5,50,Parejo,Ecuadorian Connecticut Sun Grown,Dominican Republic,Dominican Republic,Dominican Republic,Natural,Mild,,,,,,,,,0.0,,,89,,,,,,,,,,,avo|classic robusto|robusto
,,AVO,,img/icons/brands/avo.svg,,Domaine 10 Robusto,,Robusto,5.13,50,Parejo,Ecuadorian Connecticut/Cuban-Seed Sungrown,Dominican Republic,Dominican Republic,Dominican Republic,Colorado Maduro,Full,,,,,,,,,0.0,,,89,,,,,,,,,,,avo|domaine 10 robusto|robusto
,,AVO,,img/icons/brands/avo.svg,,Domaine 20 Perfecto,,Perfecto,4.63,50,Perfecto,Ecuadorian Connecticut/Cuban-Seed Sungrown,Dominican Republic,Dominican Republic,Dominican Republic,Colorado Maduro,Full,,,,,,,,,0.0,,,89,,,,,,,,,,,avo|domaine 20 perfecto|perfecto
,,AVO,,img/icons/brands/avo.svg,,Domaine 50 Perfecto,,Perfecto,6,54,Perfecto,Ecuadorian Connecticut/Cuban-Seed Sungrown,Dominican Republic,Dominican Republic,Dominican Republic,Colorado Maduro,Full,,,,,,,,,0.0,,,89,,,,,,,,,,,avo|domaine 50 perfecto|perfecto
,,AVO,,img/icons/brands/avo.svg,,Domaine 70 Toro,,Toro,6,54,Perfecto,Ecuadorian Connecticut/Cuban-Seed Sungrown,Dominican Republic,Dominican Republic,Dominican Republic,Colorado Maduro,Full,,,,,,,,,0.0,,,89,,,,,,,,,,,avo|domaine 70 toro|toro
,,AVO,,img/icons/brands/avo.svg,,Domaine Puritos,,Cigarillo,4,30,Parejo,Ecuadorian Connecticut/Cuban-Seed Sungrown,Dominican Republic,Dominican Republic,Dominican Republic,Colorado Maduro,Full,,,,,,,,,0.0,,,89,,,,,,,,,,,avo|domaine puritos|cigarillo
,,AVO,,img/icons/brands/avo.svg,,Heritage Robusto,,Robusto,4.5,50,Parejo,Ecuadorian Sun Grown,Dominican Republic,Dominican Republic,Dominican Republic,Natural,Medium,,,,,,,,,0.0,,,89,,,,,,,,,,,avo|heritage robusto|robusto
,,Balmoral,,,Añejo 18,Torpedo Mk52,,Torpedo,,52,Torpedo,Brazil,Dominican Republic,Dominican Republic; Peru; Brazil; Nicaragua,Dominican Republic,,,,,,,,,,,0.0,,,89,,,,,,,,Cigar Journal,2014.0,12.0,balmoral|torpedo mk52|torpedo
,,Balmoral,,,Añejo XO,Torpedo Mk52,,Torpedo,,,Torpedo,Brazil,Dominican Republic,Dominican Republic; Brazil; Nicaragua,Dominican Republic,,,,,,,,,,,0.0,,,89,,,,,,,,Cigar Journal,2017.0,20.0,balmoral|torpedo mk52|torpedo
,,Balmoral,,,Añejo XO Connecticut,Petit Robusto Flagtail,,Robusto,,,Parejo,USA,Ecuador,Dominican Republic; USA; Brazil,Dominican Republic,,,,,,,,,,,0.0,,,89,,,,,,,,Cigar Journal,2019.0,13.0,balmoral|petit robusto flagtail|robusto
,,Balmoral,,,Añejo XO Nicaragua,Rothschild Masivo,,,,,,Nicaragua,Brazil,Nicaragua; Dominican Republic; Brazil,Dominican Republic,,,,,,,,,,,0.0,,,89,,,,,,,,Cigar Journal,2020.0,18.0,balmoral|rothschild masivo|
,,Balmoral,,,,Añejo XO Oscuro,,,,,,Mexico,Dominican Republic,Brazil; Dominican Republic; Nicaragua,Dominican Republic,Oscuro,,,,,,,,,,0.0,,,89,,,,,,,,Cigar Journal,2018.0,12.0,balmoral|añejo xo oscuro|
,,Bespoke,,,,Limited Edition,,,,,,Dominican Republic,Dominican Republic,Dominican Republic; Nicaragua,Dominican Republic,,,,,,,,,,,0.0,,,89,,,,,,,,Cigar Journal,2018.0,14.0,bespoke|limited edition|
Drew Estate,img/icons/manufacturers/drewestate.svg,Blackened,,img/icons/brands/blackened.svg,M81 Maduro,Corona,,Corona,5,43,Parejo,,,,,,,,,,,,,,,10.0,200,20,89,11.655,106.55,5.3275,6.3275,Q-01-83-004,30.0,,,,,blackened|corona|corona
Drew Estate,img/icons/manufacturers/drewestate.svg,Blackened,,img/icons/brands/blackened.svg,M81 Maduro,Robusto,,Robusto,5,50,Parejo,,,,,,,,,,,,,,,10.25,205,20,89,11.905,109.05,5.4525,6.4525,Q-01-83-002,28.0,,,,,blackened|robusto|robusto
Drew Estate,img/icons/manufacturers/drewestate.svg,Blackened,,img/icons/brands/blackened.svg,M81 Maduro,Toro,,Toro,6,52,Parejo,,,,,,,,,,,,,,,10.75,215,20,89,12.399,113.99,5.6995,6.6995,Q-01-83-001,30.0,,,,,blackened|toro|toro
Drew Estate,img/icons/manufacturers/drewestate.svg,Blackened,,img/icons/brands/blackened.svg,M81 Maduro,Corona Doble,,Double Corona,7,50,Parejo,,,,,,,,,,,,,,,11.25,225,20,89,12.898,118.98,5.949,6.949,Q-01-83-003,30.0,,,,,blackened|corona doble|double corona
Drew Estate,img/icons/manufacturers/drewestate.svg,Blackened,,img/icons/brands/blackened.svg,S84 Shade To Black,Corona,,Corona,5,43,Parejo,,,,,,,,,,,,,,,10.0,200,20,89,11.655,106.55,5.3275,6.3275,Q-01-83-015,30.0,,,,,blackened|corona|corona
Drew Estate,img/icons/manufacturers/drewestate.svg,Blackened,,img/icons/brands/blackened.svg,S84 Shade To Black,Robusto,,Robusto,5,50,Parejo,,,,,,,,,,,,,,,10.25,205,20,89,11.905,109.05,5.4525,6.4525,Q-01-83-013,28.0,,,,,blackened|robusto|robusto
Drew Estate,img/icons/manufacturers/drewestate.svg,Blackened,,img/icons/brands/blackened.svg,S84 Shade To Black,Toro,,Toro,6,52,Parejo,,,,,,,,,,,,,,,10.75,215,20,89,12.399,113.99,5.6995,6.6995,Q-01-83-014,30.0,,,,,blackened|toro|toro
Drew Estate,img/icons/manufacturers/drewestate.svg,Blackened,,img/icons/brands/blackened.svg,S84 Shade To Black,Corona Doble,,Double Corona,7,50,Parejo,,,,,,,,,,,,,,,11.25,225,20,89,12.898,118.98,5.949,6.949,Q-01-83-016,30.0,,,,,blackened|corona doble|double corona
,,Blackened Cigars,,,M81,By Drew Estate Corona,,Corona,5,43,Parejo,Mexico (San Andrés),USA/Conn. Broadleaf,"Nicaragua,USA/Penn. Broadleaf",Nicaragua,,,,,,,,,,,0.0,,,89,,,,,,,,Aficionado,2023.0,7.0,blackened cigars|by drew estate corona|corona
,,Bolivar,,,Belicoso Fino,Belicoso Fino,https://www.cigaraficionado.com/top25/2020/bolivar-belicoso-fino,Belicoso,5.5,52,Belicoso,Cuba,Cuba,Cuba,Cuba,,,Cuba,,,,,,,,0.0,,,89,,,,,,,,Aficionado,2020.0,11.0,bolivar|belicoso fino|belicoso
,,Bolivar,,,Bolivar,Belicoso Fino,https://www.cigaraficionado.com/top25/2017/bolivar-belicoso-fino,Belicoso,5.5,52,Belicoso,Cuba,Cuba,Cuba,Cuba,,,Cuba,,,,,,,,0.0,,,89,,,,,,,,Aficionado,2017.0,4.0,bolivar|belicoso fino|belicoso
,,Bolivar,,,Tesoro ER 2016,5ta Avenida,,,,,,Cuba,Cuba,Cuba,Cuba,,,Cuba,,,,,,,,0.0,,,89,,,,,,,,Cigar Journal,2017.0,10.0,bolivar|5ta avenida|
,,Bolivar,,,,Churchill,,Churchill,7,47,Parejo,Cuba,Cuba,Cuba,Cuba,,,Cuba,,,,,,,,0.0,,,89,,,,,,,,Aficionado,2005.0,11.0,bolivar|churchill|churchill
,,Bolivar,,,,Petit Corona,,Petit Corona,5.12,42,Parejo,Cuba,Cuba,Cuba,Cuba,,,Cuba,,,,,,,,0.0,,,89,,,,,,,,Aficionado,2005.0,19.0,bolivar|petit corona|petit corona
,,Bolivar,,,,Royal Corona,,Robusto,4.88,50,Parejo,Cuba,Cuba,Cuba,Cuba,,,Cuba,,,,,,,,0.0,,,89,,,,,,,,Aficionado,2006.0,1.0,bolivar|royal corona|robusto
,,Brick House,,,Classic,Corona Larga,https://www.cigaraficionado.com/top25cigar/brick-house-corona-larga-2016,Corona Larga,6.25,46,,Nicaragua,Nicaragua,Nicaragua,Nicaragua,,,,,,,,,,,0.0,,,89,,,,,,,,Aficionado,2016.0,17.0,brick house|corona larga|corona larga
,,Brick House,,,Classic,Churchill,https://www.cigaraficionado.com/top25/2022/brick-house-churchill,Churchill,7.25,50,Parejo,Ecuador,Nicaragua,Nicaragua,Nicaragua,,,,,,,,,,,0.0,,,89,,,,,,,,Aficionado,2022.0,18.0,brick house|churchill|churchill
,,Brick House,,,Classic,Brick House Churchill,https://www.cigaraficionado.com/top25cigar/brick-house-churchill-2024,Churchill,7,50,Parejo,Nicaragua,Nicaragua,Nicaragua,Nicaragua,,,,,,,,,,,0.0,,,89,,,,,,,,Aficionado,2024.0,10.0,brick house|brick house churchill|churchill
,,Brick House,,,,Double Connecticut,,,,,,USA,USA,Nicaragua,Nicaragua,Connecticut,,,,,,,,,,0.0,,,89,,,,,,,,Cigar Journal,2018.0,18.0,brick house|double connecticut|
General Cigar Co.,img/icons/manufacturers/generalcigarco.svg,Brioso,,img/icons/brands/brioso.svg,,Brioso Toro,,Toro Gordo,6,54,Parejo,,,,,,,,,,,,,,,7.78,155.6,20,89,7.78,67.8,3.39,4.39,05504-BROT,,,,,,brioso|brioso toro|toro gordo
General Cigar Co.,img/icons/manufacturers/generalcigarco.svg,Brioso,,img/icons/brands/brioso.svg,,Brioso Maduro Toro,,Toro,6,50,Parejo,,,,,,,,,,,,,,,7.78,155.6,20,89,7.78,67.8,3.39,4.39,05502-BROT,,,,,,brioso|brioso maduro toro|toro
General Cigar Co.,img/icons/manufacturers/generalcigarco.svg,Brioso,,img/icons/brands/brioso.svg,,Brioso Toro,,Toro Gordo,6,54,Parejo,,,,,,,,,,,,,,,7.78,155.6,20,89,7.78,67.8,3.39,4.39,05504-BROT,,,,,,brioso|brioso toro|toro gordo
General Cigar Co.,img/icons/manufacturers/generalcigarco.svg,Brioso,,img/icons/brands/brioso.svg,,Brioso Maduro Toro,,Toro,6,50,Parejo,,,,,,,,,,,,,,,7.78,155.6,20,89,7.78,67.8,3.39,4.39,05502-BROT,,,,,,brioso|brioso maduro toro|toro
General Cigar Co.,img/icons/manufacturers/generalcigarco.svg,Brioso,,img/icons/brands/brioso.svg,,Brioso Gigante,,Gordo,6,60,Parejo,,,,,,,,,,,,,,,8.0,160,20,89,8.0,70.0,3.5,4.5,05489-BROG,,,,,,brioso|brioso gigante|gordo
General Cigar Co.,img/icons/manufacturers/generalcigarco.svg,Brioso,,img/icons/brands/brioso.svg,,Brioso Maduro Gigante,,Gordo,6,60,Parejo,,,,,,,,,,,,,,,8.0,160,20,89,8.0,70.0,3.5,4.5,05492-BROG,,,,,,brioso|brioso maduro gigante|gordo
General Cigar Co.,img/icons/manufacturers/generalcigarco.svg,Brioso,,img/icons/brands/brioso.svg,,Brioso Gigante,,Gordo,6,60,Parejo,,,,,,,,,,,,,,,8.0,160,20,89,8.0,70.0,3.5,4.5,05489-BROG,,,,,,brioso|brioso gigante|gordo
General Cigar Co.,img/icons/manufacturers/generalcigarco.svg,Brioso,,img/icons/brands/brioso.svg,,Brioso Maduro Gigante,,Gordo,6,60,Parejo,,,,,,,,,,,,,,,8.0,160,20,89,8.0,70.0,3.5,4.5,05492-BROG,,,,,,brioso|brioso maduro gigante|gordo
,,Brun del Ré,,,Gold,Churchill,,Churchill,,,Parejo,Ecuador,Indonesia,Nicaragua; Costa Rica,Costa Rica,,,,,,,,,,,0.0,,,89,,,,,,,,Cigar Journal,2014.0,23.0,brun del ré|churchill|churchill
,,Buena Vista,,,Araperique,Toro,,Toro,,,Parejo,Brazil,Indonesia,Dominican Republic; Peru; Brazil,Dominican Republic,,,,,,,,,,,0.0,,,89,,,,,,,,Cigar Journal,2014.0,13.0,buena vista|toro|toro
,,Buena Vista,,,,BUENA VISTA INCOGNITO TORO,,Toro,,,Parejo,Ecuador,Mexico,undisclosed,Dominican Republic,,,,,,,,,,,0.0,,,89,,,,,,,,Cigar Journal,2024.0,23.0,buena vista|buena vista incognito toro|toro
,,Buffalo,,,Ten,Ten Natural Toro,,Toro,6,50,Parejo,Indonesia,Indonesia,Dominican Republic; USA; Nicaragua,Dominican Republic,Natural,,,,,,,,,,0.0,,,89,,,,,,,,Cigar Journal,2021.0,18.0,buffalo|ten natural toro|toro
,,Buffalo Ten ,,img/icons/brands/buffaloten.svg,,Buffalo Ten Connecticut Toro,,Toro,6,50,Box-Pressed Parejo,Ecuadorian Connecticut,African Cameroon,"Dominican Republic, Nicaragua",Dominican Republic,Connecticut,,,,,,,,,,0.0,,,89,,,,,,,,,,,buffalo ten|buffalo ten connecticut toro|toro
,,Buffalo Ten ,,img/icons/brands/buffaloten.svg,,Buffalo Ten Maduro Toro,,Toro,6,50,Box-Pressed Parejo,Mexican San Andres,Dominican Negrito,"Dominican Republic, Nicaragua, Columbian, USA",Dominican Republic,Maduro,,,,,,,,,,0.0,,,89,,,,,,,,,,,buffalo ten|buffalo ten maduro toro|toro
,,Buffalo Ten ,,img/icons/brands/buffaloten.svg,,Buffalo Ten Natural Toro,,Toro,6,50,Box-Pressed Parejo,Ecuadorian Habano,Indonesian Sumatra,"Dominican Republic, Nicaragua, USA",Dominican Republic,Natural,,,,,,,,,,0.0,,,89,,,,,,,,,,,buffalo ten|buffalo ten natural toro|toro
,,Byron,,img/icons/brands/byron.svg,,Byron Aristcratas 21th  Toro Gordo,,Toro Gordo,8,52,Parejo,Ecuador,Undisclosed,"Undisclosed, Dominican Republic",Costa Rica,Connecticut,Medium,,,,,,,,,0.0,,,89,,,,,,,,,,,byron|byron aristcratas 21th  toro gordo|toro gordo
,,Byron,,img/icons/brands/byron.svg,,Byron Distinguidos 21th Toro,,Toro,6,55,Parejo,Ecuador,Undisclosed,"Undisclosed, Dominican Republic",Costa Rica,Connecticut,Medium,,,,,,,,,0.0,,,89,,,,,,,,,,,byron|byron distinguidos 21th toro|toro
,,Byron,,img/icons/brands/byron.svg,,Byron Elegantes 21th Toro,,Toro,6.13,55,Parejo,Ecuador,Undisclosed,"Undisclosed, Dominican Republic",Costa Rica,Connecticut,Medium,,,,,,,,,0.0,,,89,,,,,,,,,,,byron|byron elegantes 21th toro|toro
,,Byron,,img/icons/brands/byron.svg,,Byron Epique Poemas 19th,,Double Corona,7,54,Parejo,Ecuador,Undisclosed,"Undisclosed, Dominican Republic, Peruvian Ligero",Costa Rica,Maduro,Medium-Full,,,,,,,,,0.0,,,89,,,,,,,,,,,byron|byron epique poemas 19th|double corona
,,Byron,,img/icons/brands/byron.svg,,Byron Grand Poemas 19th,,Toro Gordo,6,56,Parejo,Ecuador,Undisclosed,"Undisclosed, Dominican Republic, Peruvian Ligero",Costa Rica,Maduro,Medium-Full,,,,,,,,,0.0,,,89,,,,,,,,,,,byron|byron grand poemas 19th|toro gordo
,,Byron,,img/icons/brands/byron.svg,,Byron Habaneros 20th Toro,,Toro,6,54,Parejo,Ecuador,Undisclosed,"Undisclosed, Dominican Republic, Peruvian Ligero",Costa Rica,Natural,Medium,,,,,,,,,0.0,,,89,,,,,,,,,,,byron|byron habaneros 20th toro|toro
,,Byron,,img/icons/brands/byron.svg,,Byron Honorables 21th Gordo,,Gigante,7,60,Parejo,Ecuador,Undisclosed,"Undisclosed, Dominican Republic",Costa Rica,Connecticut,Medium,,,,,,,,,0.0,,,89,,,,,,,,,,,byron|byron honorables 21th gordo|gigante
,,Byron,,img/icons/brands/byron.svg,,Byron Londineses 20th Robusto,,Robusto,5.25,54,Parejo,Ecuador,Undisclosed,"Undisclosed, Dominican Republic, Peruvian Ligero",Costa Rica,Natural,Medium,,,,,,,,,0.0,,,89,,,,,,,,,,,byron|byron londineses 20th robusto|robusto
,,Byron,,img/icons/brands/byron.svg,,Byron Mesolongis 20th Gordo,,Gigante,7.25,58,Parejo,Ecuador,Undisclosed,"Undisclosed, Dominican Republic, Peruvian Ligero",Costa Rica,Natural,Medium,,,,,,,,,0.0,,,89,,,,,,,,,,,byron|byron mesolongis 20th gordo|gigante
,,Byron,,img/icons/brands/byron.svg,,Byron Petit Poemas 19th,,Short Robusto,4,50,Parejo,Ecuador,Undisclosed,"Undisclosed, Dominican Republic, Peruvian Ligero",Costa Rica,Maduro,Medium-Full,,,,,,,,,0.0,,,89,,,,,,,,,,,byron|byron petit poemas 19th|short robusto
,,Byron,,img/icons/brands/byron.svg,,Byron Poemas 19th,,Robusto Extra,5,52,Parejo,Ecuador,Undisclosed,"Undisclosed, Dominican Republic, Peruvian Ligero",Costa Rica,Maduro,Medium-Full,,,,,,,,,0.0,,,89,,,,,,,,,,,byron|byron poemas 19th|robusto extra
,,Byron,,img/icons/brands/byron.svg,,Byron Venecianos 20th Toro,,Toro,6.5,56,Pyramid,Ecuador,Undisclosed,"Undisclosed, Dominican Republic, Peruvian Ligero",Costa Rica,Natural,Medium,,,,,,,,,0.0,,,89,,,,,,,,,,,byron|byron venecianos 20th toro|toro
,,Cabaiguan,,,Guapos,No. 4,,Corona Gorda,5.62,48,Parejo,Ecuador Connecticut,Nicaragua,Nicaragua,Nicaragua,,,,,,,,,,,0.0,,,89,,,,,,,,Aficionado,2004.0,20.0,cabaiguan|no. 4|corona gorda
,,Cabaiguan,,,Guapos,Guapos No. 4,https://www.cigaraficionado.com/top25cigar/cabaiguan-guapos-no-4-2010,Corona Gorda,5.62,48,Parejo,Ecuador Connecticut,Nicaragua,Nicaragua,Nicaragua,,,,,,,,,,,0.0,,,89,,,,,,,,Aficionado,2010.0,25.0,cabaiguan|guapos no. 4|corona gorda
Oliva,img/icons/manufacturers/oliva.svg,Cain,,img/icons/brands/cain.svg,,Cain 550 HABANO TUBOS,,Robusto,5,50,Parejo,,,,,,,,,Tubo,,,,,,11.0933333333333,133.12,12,89,11.0933333333333,60.56,5.04666666666667,6.04666666666663,TCCH011,,,,,,cain|cain 550 habano tubos|robusto
Oliva,img/icons/manufacturers/oliva.svg,Cain,,img/icons/brands/cain.svg,,Cain 550 MADURO TUBOS,,Robusto,5,50,Parejo,,,,,,,,,Tubo,,,,,,11.275,135.3,12,89,11.275,61.65,5.1375,6.1375,TCCM011,,,,,,cain|cain 550 maduro tubos|robusto
Oliva,img/icons/manufacturers/oliva.svg,Cain,,img/icons/brands/cain.svg,,Cain 550 F TUBOS,,Robusto,5,50,Parejo,,,,,,,,,Tubo,,,,,,12.5366666666667,150.44,12,89,12.5366666666667,69.22,5.76833333333333,6.76833333333337,TCCF011,,,,,,cain|cain 550 f tubos|robusto
Oliva,img/icons/manufacturers/oliva.svg,Cain,,img/icons/brands/cain.svg,,Cain 738 F Lancero,,Lancero,7,38,Parejo,,,,,,,,,,,,,,,10.0122222222222,180.22,18,89,10.0122222222222,81.11,4.50611111111111,5.50611111111109,TCCF040,,,,,,cain|cain 738 f lancero|lancero
Oliva,img/icons/manufacturers/oliva.svg,Cain,,img/icons/brands/cain.svg,,Cain 550 HABANO,,Robusto,5,50,Parejo,,,,,,,,,,,,,,,9.02083333333334,216.5,24,89,9.02083333333334,96.25,4.01041666666667,5.01041666666667,TCCH010,,,,,,cain|cain 550 habano|robusto
Oliva,img/icons/manufacturers/oliva.svg,Cain,,img/icons/brands/cain.svg,,Cain 550 MADURO,,Robusto,5,50,Parejo,,,,,,,,,,,,,,,9.38166666666666,225.16,24,89,9.38166666666666,100.58,4.19083333333333,5.19083333333333,TCCM010,,,,,,cain|cain 550 maduro|robusto
Oliva,img/icons/manufacturers/oliva.svg,Cain,,img/icons/brands/cain.svg,,Cain 550 F,,Robusto,5,50,Parejo,,,,,,,,,,,,,,,10.4633333333333,251.12,24,89,10.4633333333333,113.56,4.73166666666667,5.73166666666663,TCCF010,,,,,,cain|cain 550 f|robusto
Oliva,img/icons/manufacturers/oliva.svg,Cain,,img/icons/brands/cain.svg,,Cain 660 HABANO DBL TORO,,Gordo,6,60,Parejo,,,,,,,,,,,,,,,11.815,283.56,24,89,11.815,129.78,5.4075,6.4075,TCCH030,,,,,,cain|cain 660 habano dbl toro|gordo
Oliva,img/icons/manufacturers/oliva.svg,Cain,,img/icons/brands/cain.svg,,Cain 660 MADURO DBL TORO,,Gordo,6,60,Parejo,,,,,,,,,,,,,,,12.1758333333333,292.22,24,89,12.1758333333333,134.11,5.58791666666667,6.58791666666663,TCCM030,,,,,,cain|cain 660 maduro dbl toro|gordo
Oliva,img/icons/manufacturers/oliva.svg,Cain,,img/icons/brands/cain.svg,,Cain 660 DBL TORO F,,Gordo,6,60,Parejo,,,,,,,,,,,,,,,13.7975,331.14,24,89,13.7975,153.57,6.39875,7.39875,TCCF030,,,,,,cain|cain 660 dbl toro f|gordo
Oliva,img/icons/manufacturers/oliva.svg,Cain,,img/icons/brands/cain.svg,,Cain 654T HABANO,,Torpedo,6,54,Torpedo,,,,,,,,,,,,,,,10.4633333333333,251.12,24,89,10.4633333333333,113.56,4.73166666666667,5.73166666666663,TCCH020,,,,,,cain|cain 654t habano|torpedo
Oliva,img/icons/manufacturers/oliva.svg,Cain,,img/icons/brands/cain.svg,,Cain 654T MADURO,,Torpedo,6,54,Torpedo,,,,,,,,,,,,,,,10.8233333333333,259.76,24,89,10.8233333333333,117.88,4.91166666666667,5.91166666666663,TCCM020,,,,,,cain|cain 654t maduro|torpedo
Oliva,img/icons/manufacturers/oliva.svg,Cain,,img/icons/brands/cain.svg,,Cain 654TF,,Torpedo,6,54,Torpedo,,,,,,,,,,,,,,,12.1758333333333,292.22,24,89,12.1758333333333,134.11,5.58791666666667,6.58791666666663,TCCF020,,,,,,cain|cain 654tf|torpedo
Oliva,img/icons/manufacturers/oliva.svg,Cain,,img/icons/brands/cain.svg,,Cain Daytona 543 No.4,,Petit Corona,5,43,Parejo,,,,,,,,,,,,,,,7.57916666666666,181.9,24,89,7.57916666666666,78.95,3.28958333333333,4.28958333333333,TCCD010,,,,,,cain|cain daytona 543 no.4|petit corona
Oliva,img/icons/manufacturers/oliva.svg,Cain,,img/icons/brands/cain.svg,,Cain Daytona CORONA,,Corona,6,46,Parejo,,,,,,,,,,,,,,,8.66083333333334,207.86,24,89,8.66083333333334,91.93,3.83041666666667,4.83041666666667,TCCD030,,,,,,cain|cain daytona corona|corona
Oliva,img/icons/manufacturers/oliva.svg,Cain,,img/icons/brands/cain.svg,,Cain Daytona 550 Robusto,,Robusto,5,50,Parejo,,,,,,,,,,,,,,,9.02083333333334,216.5,24,89,9.02083333333334,96.25,4.01041666666667,5.01041666666667,TCCD020,,,,,,cain|cain daytona 550 robusto|robusto
Oliva,img/icons/manufacturers/oliva.svg,Cain,,img/icons/brands/cain.svg,,Cain Daytona 660 Double Toro,,Gordo,6,60,Parejo,,,,,,,,,,,,,,,11.815,283.56,24,89,11.815,129.78,5.4075,6.4075,TCCD050,,,,,,cain|cain daytona 660 double toro|gordo
Oliva,img/icons/manufacturers/oliva.svg,Cain,,img/icons/brands/cain.svg,,Cain Daytona 654T Torpedo,,Torpedo,6,54,Torpedo,,,,,,,,,,,,,,,10.4633333333333,251.12,24,89,10.4633333333333,113.56,4.73166666666667,5.73166666666663,TCCD040,,,,,,cain|cain daytona 654t torpedo|torpedo
,,Caldwell,,,Long Live the King,The Heater,https://www.cigaraficionado.com/top25cigar/caldwell-long-live-the-king-the-heater-2013,Corona,5.75,46,Parejo,Corojo,Dominican Republic,Dominican Republic/Nicaragua,Dominican Republic,,,,,,,,,,,0.0,,,89,,,,,,,,Aficionado,2013.0,22.0,caldwell|the heater|corona
,,Caldwell,,,Long Live The Queen,Ace of Hearts,,Toro,6,52,Parejo,Cameroon,Indonesia,"Dominican Republic,Nicaragua",Dominican Rep.,,,,,,,,,,,0.0,,,89,,,,,,,,Aficionado,2023.0,14.0,caldwell|ace of hearts|toro
,,Caldwell,,img/icons/brands/caldwell.svg,,All Out Kings Foreverlast,,Toro,6.5,54,Parejo,"Connecticut river Valley Stalk Cut, Sun Cured Habano",Indonesian Habano,"Connecticut Broadleaf Ligero, Dominican Corojo 98 seco, Nicaragua Esteli Viso, Nicaragua Jalapa Viso",Nicaragua,Maduro,Full,,,,,,,,,0.0,,,89,,,,,,,,,,,caldwell|all out kings foreverlast|toro
,,Caldwell,,img/icons/brands/caldwell.svg,,All Out Kings Give Me Your Lunch Money,,Corona,5.75,46,Parejo,"Connecticut river Valley Stalk Cut, Sun Cured Habano",Indonesian Habano,"Connecticut Broadleaf Ligero, Dominican Corojo 98 seco, Nicaragua Esteli Viso, Nicaragua Jalapa Viso",Nicaragua,Maduro,Full,,,,,,,,,0.0,,,89,,,,,,,,,,,caldwell|all out kings give me your lunch money|corona
,,Caldwell,,img/icons/brands/caldwell.svg,,All Out Kings Smash,,Short Robusto,4,52,Parejo,"Connecticut river Valley Stalk Cut, Sun Cured Habano",Indonesian Habano,"Connecticut Broadleaf Ligero, Dominican Corojo 98 seco, Nicaragua Esteli Viso, Nicaragua Jalapa Viso",Nicaragua,Maduro,Full,,,,,,,,,0.0,,,89,,,,,,,,,,,caldwell|all out kings smash|short robusto
,,Caldwell,,img/icons/brands/caldwell.svg,,All Out Kings The 4th Pose,,Pyramid,6,54,Pyramid,"Connecticut river Valley Stalk Cut, Sun Cured Habano",Indonesian Habano,"Connecticut Broadleaf Ligero, Dominican Corojo 98 seco, Nicaragua Esteli Viso, Nicaragua Jalapa Viso",Nicaragua,Maduro,Full,,,,,,,,,0.0,,,89,,,,,,,,,,,caldwell|all out kings the 4th pose|pyramid
,,Caldwell,,img/icons/brands/caldwell.svg,,Anastasia Caspia,,Lancero,5.75,43,Parejo,Undisclosed,Undisclosed,Undisclosed,Dominican Republic,Natural,Medium-Full,,,,,,,,,0.0,,,89,,,,,,,,,,,caldwell|anastasia caspia|lancero
,,Caldwell,,img/icons/brands/caldwell.svg,,Anastasia Kartel Robusto,,Robusto,5,49,Parejo,Undisclosed,Undisclosed,Undisclosed,Dominican Republic,EMS,Medium-Full,,,,,,,,,0.0,,,89,,,,,,,,,,,caldwell|anastasia kartel robusto|robusto
,,Caldwell,,img/icons/brands/caldwell.svg,,Anastasia Mercure,,Churchill,7,47,Parejo,Undisclosed,Undisclosed,Undisclosed,Dominican Republic,Natural,Medium-Full,,,,,,,,,0.0,,,89,,,,,,,,,,,caldwell|anastasia mercure|churchill
,,Caldwell,,img/icons/brands/caldwell.svg,,Anastasia Opera,,Toro,6,52,Parejo,Undisclosed,Undisclosed,Undisclosed,Dominican Republic,Natural,Medium-Full,,,,,,,,,0.0,,,89,,,,,,,,,,,caldwell|anastasia opera|toro
,,Caldwell,,img/icons/brands/caldwell.svg,,Blind Man's Bluff Connecticut Churchill,,Churchill,7,48,Parejo,Ecuadorian Connecticut,Honduran Criollo,"San Vincente, Honduran Criollo Ligero",Dominican Republic,Natural,Medium,,,,,,,,,0.0,,,89,,,,,,,,,,,caldwell|blind man's bluff connecticut churchill|churchill
,,Caldwell,,img/icons/brands/caldwell.svg,,Blind Man's Bluff Connecticut Corona,,Corona,5.75,44,Parejo,Ecuadorian Connecticut,Honduran Criollo,"San Vincente, Honduran Criollo Ligero",Dominican Republic,Natural,Medium,,,,,,,,,0.0,,,89,,,,,,,,,,,caldwell|blind man's bluff connecticut corona|corona
,,Caldwell,,img/icons/brands/caldwell.svg,,Blind Man's Bluff Connecticut Magnum,,Gordo,6,60,Parejo,Ecuadorian Connecticut,Honduran Criollo,"San Vincente, Honduran Criollo Ligero",Dominican Republic,Natural,Medium,,,,,,,,,0.0,,,89,,,,,,,,,,,caldwell|blind man's bluff connecticut magnum|gordo
,,Caldwell,,img/icons/brands/caldwell.svg,,Blind Man's Bluff Connecticut Robusto,,Robusto,5,50,Parejo,Ecuadorian Connecticut,Honduran Criollo,"San Vincente, Honduran Criollo Ligero",Dominican Republic,Natural,Medium,,,,,,,,,0.0,,,89,,,,,,,,,,,caldwell|blind man's bluff connecticut robusto|robusto
,,Caldwell,,img/icons/brands/caldwell.svg,,Blind Man's Bluff Connecticut Toro,,Toro,6,52,Parejo,Ecuadorian Connecticut,Honduran Criollo,"San Vincente, Honduran Criollo Ligero",Dominican Republic,Natural,Medium,,,,,,,,,0.0,,,89,,,,,,,,,,,caldwell|blind man's bluff connecticut toro|toro
,,Caldwell,,img/icons/brands/caldwell.svg,,Blind Man's Bluff Magnum,,Gordo,6,60,Parejo,Ecuadorian Habano,Honduran Criollo,"San Vincente, Honduran Criollo Ligero",Dominican Republic,Colorado Maduro,Medium,,,,,,,,,0.0,,,89,,,,,,,,,,,caldwell|blind man's bluff magnum|gordo
,,Caldwell,,img/icons/brands/caldwell.svg,,Blind Man's Bluff Robusto,,Robusto,5,50,Parejo,Ecuadorian Habano,Honduran Criollo,"San Vincente, Honduran Criollo Ligero",Dominican Republic,Colorado Maduro,Medium,,,,,,,,,0.0,,,89,,,,,,,,,,,caldwell|blind man's bluff robusto|robusto
,,Caldwell,,img/icons/brands/caldwell.svg,,Blind Man's Bluff Toro,,Toro,6,52,Parejo,Ecuadorian Habano,Honduran Criollo,"San Vincente, Honduran Criollo Ligero",Dominican Republic,Colorado Maduro,Medium,,,,,,,,,0.0,,,89,,,,,,,,,,,caldwell|blind man's bluff toro|toro
,,Caldwell,,img/icons/brands/caldwell.svg,,Eastern Standard Corretto,,Robusto,5,50,Parejo,"Connecticut Shade, Brazillian Matta Fina",Dominican Republic Habano,"Dominican Criollo 98, Dominican Corojo Ligero, Nicaraguan Habano",Dominican Republic,Natural,Medium,,,,,,,,,0.0,,,89,,,,,,,,,,,caldwell|eastern standard corretto|robusto
,,Caldwell,,img/icons/brands/caldwell.svg,,Eastern Standard Cream Crush,,Churchill,7,48,Parejo,"Connecticut Shade, Brazillian Matta Fina",Dominican Republic Habano,"Dominican Criollo 98, Dominican Corojo Ligero, Nicaraguan Habano",Dominican Republic,Natural,Medium,,,,,,,,,0.0,,,89,,,,,,,,,,,caldwell|eastern standard cream crush|churchill
,,Caldwell,,img/icons/brands/caldwell.svg,,Eastern Standard Cypress Room,,Toro,6,54,Parejo,"Connecticut Shade, Brazillian Matta Fina",Dominican Republic Habano,"Dominican Criollo 98, Dominican Corojo Ligero, Nicaraguan Habano",Dominican Republic,Natural,Medium,,,,,,,,,0.0,,,89,,,,,,,,,,,caldwell|eastern standard cypress room|toro
,,Caldwell,,img/icons/brands/caldwell.svg,,Eastern Standard Manzanita,,Corona,4,42,Parejo,"Connecticut Shade, Brazillian Matta Fina",Dominican Republic Habano,"Dominican Criollo 98, Dominican Corojo Ligero, Nicaraguan Habano",Dominican Republic,Natural,Medium,,,,,,,,,0.0,,,89,,,,,,,,,,,caldwell|eastern standard manzanita|corona
,,Caldwell,,img/icons/brands/caldwell.svg,,Hit & Run Almost Robusto,,Robusto,4.75,52,Parejo,Mexican Habano,Indonesia,Indonesian,Dominican Republic,Colorado,Medium,,,,,,,,,0.0,,,89,,,,,,,,,,,caldwell|hit & run almost robusto|robusto
,,Caldwell,,img/icons/brands/caldwell.svg,,Hit & Run Corona,,Corona,6,44,Parejo,Mexican Habano,Indonesia,Indonesian,Dominican Republic,Colorado,Medium,,,,,,,,,0.0,,,89,,,,,,,,,,,caldwell|hit & run corona|corona
,,Caldwell,,img/icons/brands/caldwell.svg,,Hit & Run Super Toro,,Toro,6,54,Parejo,Mexican Habano,Indonesia,Indonesian,Dominican Republic,Colorado,Medium,,,,,,,,,0.0,,,89,,,,,,,,,,,caldwell|hit & run super toro|toro
,,Caldwell,,img/icons/brands/caldwell.svg,,La Barba 6x54,,Toro,6,54,Parejo,Dominican Corojo,Dominican Corojo,"Dominican Habano, Corojo (50% Ligero)",Dominican Republic,Natural,Full,,,,,,,,,0.0,,,89,,,,,,,,,,,caldwell|la barba 6x54|toro
,,Caldwell,,img/icons/brands/caldwell.svg,,La Barba Purple 5x50,,Robusto,5,50,Parejo,Ecuadorian Habano,Dominican Corojo,"Dominican Habano, Corojo",Dominican Republic,Natural,Medium,,,,,,,,,0.0,,,89,,,,,,,,,,,caldwell|la barba purple 5x50|robusto
,,Caldwell,,img/icons/brands/caldwell.svg,,La Barba Purple 6.75x46,,Lonsdale,6.75,46,Parejo,Ecuadorian Habano,Dominican Corojo,"Dominican Habano, Corojo",Dominican Republic,Natural,Medium,,,,,,,,,0.0,,,89,,,,,,,,,,,caldwell|la barba purple 6.75x46|lonsdale
,,Caldwell,,img/icons/brands/caldwell.svg,,La Barba Purple 6x60,,Gordo,6,60,Parejo,Ecuadorian Habano,Dominican Corojo,"Dominican Habano, Corojo",Dominican Republic,Natural,Medium,,,,,,,,,0.0,,,89,,,,,,,,,,,caldwell|la barba purple 6x60|gordo
,,Caldwell,,img/icons/brands/caldwell.svg,,La Barba Purple 7x40,,Lonsdale,7,40,Parejo,Ecuadorian Habano,Dominican Corojo,"Dominican Habano, Corojo",Dominican Republic,Natural,Medium,,,,,,,,,0.0,,,89,,,,,,,,,,,caldwell|la barba purple 7x40|lonsdale
,,Caldwell,,img/icons/brands/caldwell.svg,,La Barba Red 4.5x52,,Robusto,4.5,52,Parejo,Dominican Corojo,Dominican Corojo,"Dominican Habano, Corojo (50% Ligero)",Dominican Republic,Natural,Full,,,,,,,,,0.0,,,89,,,,,,,,,,,caldwell|la barba red 4.5x52|robusto
,,Caldwell,,img/icons/brands/caldwell.svg,,La Barba Red 5.75x46,,Corona,5.75,46,Parejo,Dominican Corojo,Dominican Corojo,"Dominican Habano, Corojo (50% Ligero)",Dominican Republic,Natural,Full,,,,,,,,,0.0,,,89,,,,,,,,,,,caldwell|la barba red 5.75x46|corona
,,Caldwell,,img/icons/brands/caldwell.svg,,La Barba Red 6.5x40,,Lonsdale,6.5,40,Parejo,Dominican Corojo,Dominican Corojo,"Dominican Habano, Corojo (50% Ligero)",Dominican Republic,Natural,Full,,,,,,,,,0.0,,,89,,,,,,,,,,,caldwell|la barba red 6.5x40|lonsdale
,,Caldwell,,img/icons/brands/caldwell.svg,,Long Live The King Manzanita,,Petite Corona,4,42,Parejo,Dominican Corojo,Dominican Corojo,"Peruvian Pelo De Oro, Nicaragua Habana Ligero",Dominican Republic,Colorado,Full,,,,,,,,,0.0,,,89,,,,,,,,,,,caldwell|long live the king manzanita|petite corona
,,Caldwell,,img/icons/brands/caldwell.svg,,Long Live The King Marquis,,Gordo,6,60,Parejo,Dominican Corojo,Dominican Corojo,"Peruvian Pelo De Oro, Nicaragua Habana Ligero",Dominican Republic,Colorado,Full,,,,,,,,,0.0,,,89,,,,,,,,,,,caldwell|long live the king marquis|gordo
,,Caldwell,,img/icons/brands/caldwell.svg,,Long Live The King Petite Dbl Wide Short Churchill,,Toro,6,52,Parejo,Dominican Corojo,Dominican Corojo,"Peruvian Pelo De Oro, Nicaragua Habana Ligero",Dominican Republic,Colorado,Full,,,,,,,,,0.0,,,89,,,,,,,,,,,caldwell|long live the king petite dbl wide short churchill|toro
,,Caldwell,,img/icons/brands/caldwell.svg,,Long Live The King The Heater,,Corona Extra,5.75,46,Parejo,Dominican Corojo,Dominican Corojo,"Peruvian Pelo De Oro, Nicaragua Habana Ligero",Dominican Republic,Colorado,Full,,,,,,,,,0.0,,,89,,,,,,,,,,,caldwell|long live the king the heater|corona extra
,,Caldwell,,img/icons/brands/caldwell.svg,,Midnight Express Corona,,Corona,5.38,46,Parejo,Connecticut Arapiraca Maduro,Dominican Republic Habano,"Dominican Criollo 98, Dominican Corojo Ligero, Nicaraguan Habano",Dominican Republic,Maduro,Medium-Full,,,,,,,,,0.0,,,89,,,,,,,,,,,caldwell|midnight express corona|corona
,,Caldwell,,img/icons/brands/caldwell.svg,,Midnight Express Piramide,,Pyramid,6,50,Pyramid,Connecticut Arapiraca Maduro,Dominican Republic Habano,"Dominican Criollo 98, Dominican Corojo Ligero, Nicaraguan Habano",Dominican Republic,Maduro,Medium-Full,,,,,,,,,0.0,,,89,,,,,,,,,,,caldwell|midnight express piramide|pyramid
,,Caldwell,,img/icons/brands/caldwell.svg,,Midnight Express Robusto,,Robusto,5,50,Parejo,Connecticut Arapiraca Maduro,Dominican Republic Habano,"Dominican Criollo 98, Dominican Corojo Ligero, Nicaraguan Habano",Dominican Republic,Maduro,Medium-Full,,,,,,,,,0.0,,,89,,,,,,,,,,,caldwell|midnight express robusto|robusto
,,Caldwell,,img/icons/brands/caldwell.svg,,Midnight Express Toro,,Toro,6,52,Parejo,Connecticut Arapiraca Maduro,Dominican Republic Habano,"Dominican Criollo 98, Dominican Corojo Ligero, Nicaraguan Habano",Dominican Republic,Maduro,Medium-Full,,,,,,,,,0.0,,,89,,,,,,,,,,,caldwell|midnight express toro|toro
,,Caldwell,,img/icons/brands/caldwell.svg,,Savages Corona Extra,,Corona,6,46,Parejo,Habano,Dominican Republic,"Dominican Republic, Nicaragua",Dominican Republic,Colorado,Medium-Full,,,,,,,,,0.0,,,89,,,,,,,,,,,caldwell|savages corona extra|corona
,,Caldwell,,img/icons/brands/caldwell.svg,,Savages Super Rothschild,,Robusto,4.75,52,Parejo,Habano,Dominican Republic,"Dominican Republic, Nicaragua",Dominican Republic,Colorado,Medium-Full,,,,,,,,,0.0,,,89,,,,,,,,,,,caldwell|savages super rothschild|robusto
,,Caldwell,,img/icons/brands/caldwell.svg,,Savages Toro,,Toro,6,54,Parejo,Habano,Dominican Republic,"Dominican Republic, Nicaragua",Dominican Republic,Colorado,Medium-Full,,,,,,,,,0.0,,,89,,,,,,,,,,,caldwell|savages toro|toro
,,Caldwell,,img/icons/brands/caldwell.svg,,The King Is Dead Manzanita,,Petite Corona,4,42,Parejo,Dominican Negrito,Dominican Corojo,"Dominican Corojo Ligero, Dominican Negrito, Dominican grown Habano Vuelta Abajo",Dominican Republic,Colorado Maduro,Full,,,,,,,,,0.0,,,89,,,,,,,,,,,caldwell|the king is dead manzanita|petite corona
,,Caldwell,,img/icons/brands/caldwell.svg,,The King Is Dead Premier,,Robusto,5.5,50,Parejo,Dominican Negrito,Dominican Corojo,"Dominican Corojo Ligero, Dominican Negrito, Dominican grown Habano Vuelta Abajo",Dominican Republic,Colorado Maduro,Full,,,,,,,,,0.0,,,89,,,,,,,,,,,caldwell|the king is dead premier|robusto
,,Caldwell,,img/icons/brands/caldwell.svg,,The King Is Dead The Last Payday,,Pyramid,6,52,Pyramid,Dominican Negrito,Dominican Corojo,"Dominican Corojo Ligero, Dominican Negrito, Dominican grown Habano Vuelta Abajo",Dominican Republic,Colorado Maduro,Full,,,,,,,,,0.0,,,89,,,,,,,,,,,caldwell|the king is dead the last payday|pyramid
,,Caldwell,,img/icons/brands/caldwell.svg,,The King Is Dead Toro,,Toro,6,54,Parejo,Dominican Negrito,Dominican Corojo,"Dominican Corojo Ligero, Dominican Negrito, Dominican grown Habano Vuelta Abajo",Dominican Republic,Colorado Maduro,Full,,,,,,,,,0.0,,,89,,,,,,,,,,,caldwell|the king is dead toro|toro
,,Caldwell,,img/icons/brands/caldwell.svg,,The Last Tsar Belicoso,,Pyramid,5.5,52,Pyramid,Connecticut Arapiraca Maduro,Undisclosed,Undisclosed,Dominican Republic,Maduro,Full,,,,,,,,,0.0,,,89,,,,,,,,,,,caldwell|the last tsar belicoso|pyramid
,,Caldwell,,img/icons/brands/caldwell.svg,,The Last Tsar Churchill,,Churchill,7,48,Parejo,Connecticut Arapiraca Maduro,Undisclosed,Undisclosed,Dominican Republic,Maduro,Full,,,,,,,,,0.0,,,89,,,,,,,,,,,caldwell|the last tsar churchill|churchill
,,Caldwell,,img/icons/brands/caldwell.svg,,The Last Tsar Corona gorda,,Corona,5.75,46,Parejo,Connecticut Arapiraca Maduro,Undisclosed,Undisclosed,Dominican Republic,Maduro,Full,,,,,,,,,0.0,,,89,,,,,,,,,,,caldwell|the last tsar corona gorda|corona
,,Caldwell,,img/icons/brands/caldwell.svg,,The Last Tsar Toro,,Toro,6,50,Parejo,Connecticut Arapiraca Maduro,Undisclosed,Undisclosed,Dominican Republic,Maduro,Full,,,,,,,,,0.0,,,89,,,,,,,,,,,caldwell|the last tsar toro|toro
,,Caldwell,,img/icons/brands/caldwell.svg,,The T Lonsdale,,Lonsdale,6.5,44,Parejo,Mexican San Andres,Nicaragua,Nicaragua,Nicaragua,Colorado Claro,Full,,,,,,,,,0.0,,,89,,,,,,,,,,,caldwell|the t lonsdale|lonsdale
,,Caldwell,,img/icons/brands/caldwell.svg,,The T Robusto,,Robusto,5,52,Parejo,Mexican San Andres,Nicaragua,Nicaragua,Nicaragua,Colorado Claro,Full,,,,,,,,,0.0,,,89,,,,,,,,,,,caldwell|the t robusto|robusto
,,Caldwell,,img/icons/brands/caldwell.svg,,The T Short Churchill,,Corona Gorda,5.5,48,Parejo,Mexican San Andres,Nicaragua,Nicaragua,Nicaragua,Colorado Claro,Full,,,,,,,,,0.0,,,89,,,,,,,,,,,caldwell|the t short churchill|corona gorda
,,Caldwell,,img/icons/brands/caldwell.svg,,The T Toro,,Toro,6,52,Parejo,Mexican San Andres,Nicaragua,Nicaragua,Nicaragua,Colorado Claro,Full,,,,,,,,,0.0,,,89,,,,,,,,,,,caldwell|the t toro|toro
,,Caldwell,,img/icons/brands/caldwell.svg,,The T Toro Grande,,Gordo,6.5,56,Parejo,Mexican San Andres,Nicaragua,Nicaragua,Nicaragua,Colorado Claro,Full,,,,,,,,,0.0,,,89,,,,,,,,,,,caldwell|the t toro grande|gordo
,,Camacho,,,Corojo,Diadema,,Diadema,8.5,54,,Honduras,Honduras,Honduras,Honduras,,,,,,,,,,,0.0,,,89,,,,,,,,Aficionado,2005.0,18.0,camacho|diadema|diadema
,,Camacho,,,Nicaragua,Nicaragua Robusto,https://www.cigaraficionado.com/top25/2020/camacho-nicaragua-robusto,Robusto,5,52,Parejo,Ecuador,Honduras,Dominican Republic; Honduras; Nicaragua,Honduras,,,,,,,,,,,0.0,,,89,,,,,,,,Aficionado,2020.0,17.0,camacho|nicaragua robusto|robusto
,,Camacho,,img/icons/brands/camacho.svg,,American Barrel Aged Gordo,,Gordo,6,60,Parejo,USA Broadleaf,Broadleaf (USA),"USA - Broadleaf, USA - Pennsylvania Maduro, Honduras - Barrel-Aged Corojo",Honduras,Maduro,Medium-Full,,,,,,,,,0.0,,,89,,,,,,,,,,,camacho|american barrel aged gordo|gordo
,,Camacho,,img/icons/brands/camacho.svg,,American Barrel Aged Perfecto Gordo,,Perfecto,6,50-54,Perfecto,USA Broadleaf,Broadleaf (USA),"USA - Broadleaf, USA - Pennsylvania Maduro, Honduras - Barrel-Aged Corojo",Honduras,Maduro,Medium-Full,,,,,,,,,0.0,,,89,,,,,,,,,,,camacho|american barrel aged perfecto gordo|perfecto
,,Camacho,,img/icons/brands/camacho.svg,,American Barrel Aged Robusto,,Robusto,5,50,Parejo,USA Broadleaf,Broadleaf (USA),"USA - Broadleaf, USA - Pennsylvania Maduro, Honduras - Barrel-Aged Corojo",Honduras,Maduro,Medium-Full,,,,,,,,,0.0,,,89,,,,,,,,,,,camacho|american barrel aged robusto|robusto
,,Camacho,,img/icons/brands/camacho.svg,,American Barrel Aged Toro,,Toro,6,50,Parejo,USA Broadleaf,Broadleaf (USA),"USA - Broadleaf, USA - Pennsylvania Maduro, Honduras - Barrel-Aged Corojo",Honduras,Maduro,Medium-Full,,,,,,,,,0.0,,,89,,,,,,,,,,,camacho|american barrel aged toro|toro
,,Camacho,,img/icons/brands/camacho.svg,,Connecticut Box-Pressed Toro,,Toro,6,50,Box-Pressed Parejo,Honduran Connecticut,Honduran Corojo,"Dominican Republic - Generoso / Aleman Ligero, USA - American Broadleaf",Honduras,Connecticut,Medium,,,,,,,,,0.0,,,89,,,,,,,,,,,camacho|connecticut box-pressed toro|toro
,,Camacho,,img/icons/brands/camacho.svg,,Connecticut Churchill,,Churchill,7,48,Parejo,Honduran Connecticut,Honduran Corojo,"Dominican Republic, Honduras",Honduras,Connecticut,Medium,,,,,,,,,0.0,,,89,,,,,,,,,,,camacho|connecticut churchill|churchill
,,Camacho,,img/icons/brands/camacho.svg,,Connecticut Figurado,,Figurado,6.25,42,Figurado,Honduran Connecticut,Honduran Corojo,"Dominican Republic, Honduras",Honduras,Connecticut,Medium,,,,,,,,,0.0,,,89,,,,,,,,,,,camacho|connecticut figurado|figurado
,,Camacho,,img/icons/brands/camacho.svg,,Connecticut Gordo,,Gordo,6,60,Parejo,Honduran Connecticut,Honduran Corojo,"Dominican Republic, Honduras",Honduras,Connecticut,Medium,,,,,,,,,0.0,,,89,,,,,,,,,,,camacho|connecticut gordo|gordo
,,Camacho,,img/icons/brands/camacho.svg,,Connecticut Machitos,,Cigarillo,4,32,Parejo,Honduran Connecticut,Honduran Corojo,"Dominican Republic, Honduras",Honduras,Connecticut,Medium,,,,,,,,,0.0,,,89,,,,,,,,,,,camacho|connecticut machitos|cigarillo
,,Camacho,,img/icons/brands/camacho.svg,,Connecticut Robusto,,Robusto,5,50,Parejo,Honduran Connecticut,Honduran Corojo,"Dominican Republic, Honduras",Honduras,Connecticut,Medium,,,,,,,,,0.0,,,89,,,,,,,,,,,camacho|connecticut robusto|robusto
,,Camacho,,img/icons/brands/camacho.svg,,Connecticut Toro,,Toro,6,50,Parejo,Honduran Connecticut,Honduran Corojo,"Dominican Republic, Honduras",Honduras,Connecticut,Medium,,,,,,,,,0.0,,,89,,,,,,,,,,,camacho|connecticut toro|toro
,,Camacho,,img/icons/brands/camacho.svg,,Corojo Box-Pressed Toro,,Toro,6,50,Box-Pressed Parejo,Honduras - Authentic Corojo,Honduran Corojo,"Honduras - Authentic Corojo, USA - American Broadleaf",Honduras,Colorado Maduro,Medium,,,,,,,,,0.0,,,89,,,,,,,,,,,camacho|corojo box-pressed toro|toro
,,Camacho,,img/icons/brands/camacho.svg,,Corojo Churchill,,Churchill,7,48,Parejo,Honduran Corojo,Honduras Corojo Ligero,Honduras,Honduras,Colorado Maduro,Medium,,,,,,,,,0.0,,,89,,,,,,,,,,,camacho|corojo churchill|churchill
,,Camacho,,img/icons/brands/camacho.svg,,Corojo Corona,,Corona,5.5,44,Parejo,Honduran Corojo,Honduras Corojo Ligero,Honduras,Honduras,Colorado Maduro,Medium,,,,,,,,,0.0,,,89,,,,,,,,,,,camacho|corojo corona|corona
,,Camacho,,img/icons/brands/camacho.svg,,Corojo Figurado,,Figurado,6.13,54,Figurado,Honduran Corojo,Honduras Corojo Ligero,Honduras,Honduras,Colorado Maduro,Medium,,,,,,,,,0.0,,,89,,,,,,,,,,,camacho|corojo figurado|figurado
,,Camacho,,img/icons/brands/camacho.svg,,Corojo Gigante,,Gordo,6.5,54,Parejo,Honduran Corojo,Honduras Corojo Ligero,Honduras,Honduras,Colorado Maduro,Medium,,,,,,,,,0.0,,,89,,,,,,,,,,,camacho|corojo gigante|gordo
,,Camacho,,img/icons/brands/camacho.svg,,Corojo Gordo,,Gordo,6,60,Parejo,Honduran Corojo,Honduras Corojo Ligero,Honduras,Honduras,Colorado Maduro,Medium,,,,,,,,,0.0,,,89,,,,,,,,,,,camacho|corojo gordo|gordo
,,Camacho,,img/icons/brands/camacho.svg,,Corojo Machitos,,Cigarillo,4,32,Parejo,Honduran Corojo,Honduras Corojo Ligero,Honduras,Honduras,Colorado Maduro,Medium,,,,,,,,,0.0,,,89,,,,,,,,,,,camacho|corojo machitos|cigarillo
,,Camacho,,img/icons/brands/camacho.svg,,Corojo Robusto,,Robusto,5,50,Parejo,Honduran Corojo,Honduras Corojo Ligero,Honduras,Honduras,Colorado Maduro,Medium,,,,,,,,,0.0,,,89,,,,,,,,,,,camacho|corojo robusto|robusto
,,Camacho,,img/icons/brands/camacho.svg,,Corojo Toro,,Toro,6,50,Parejo,Honduran Corojo,Honduras Corojo Ligero,Honduras,Honduras,Colorado Maduro,Medium,,,,,,,,,0.0,,,89,,,,,,,,,,,camacho|corojo toro|toro
,,Camacho,,img/icons/brands/camacho.svg,,Criollo Churchill,,Churchill,7,48,Parejo,Honduras Criollo 98,Honduran Corojo,"Dominican Republic, Honduras",Honduras,Natural,Medium,,,,,,,,,0.0,,,89,,,,,,,,,,,camacho|criollo churchill|churchill
,,Camacho,,img/icons/brands/camacho.svg,,Criollo Corona,,Corona,5.5,44,Parejo,Honduras Criollo 98,Honduran Corojo,"Dominican Republic, Honduras",Honduras,Natural,Medium,,,,,,,,,0.0,,,89,,,,,,,,,,,camacho|criollo corona|corona
,,Camacho,,img/icons/brands/camacho.svg,,Criollo Figurado,,Figurado,6.25,42,Figurado,Honduras Criollo 98,Honduran Corojo,"Dominican Republic, Honduras",Honduras,Natural,Medium,,,,,,,,,0.0,,,89,,,,,,,,,,,camacho|criollo figurado|figurado
,,Camacho,,img/icons/brands/camacho.svg,,Criollo Gigante,,Gordo,6.5,54,Parejo,Honduras Criollo 98,Honduran Corojo,"Dominican Republic, Honduras",Honduras,Natural,Medium,,,,,,,,,0.0,,,89,,,,,,,,,,,camacho|criollo gigante|gordo
,,Camacho,,img/icons/brands/camacho.svg,,Criollo Machitos,,Cigarillo,4,32,Parejo,Honduras Criollo 98,Honduran Corojo,"Dominican Republic, Honduras",Honduras,Natural,Medium,,,,,,,,,0.0,,,89,,,,,,,,,,,camacho|criollo machitos|cigarillo
,,Camacho,,img/icons/brands/camacho.svg,,Criollo Robusto,,Robusto,5,50,Parejo,Honduras Criollo 98,Honduran Corojo,"Dominican Republic, Honduras",Honduras,Natural,Medium,,,,,,,,,0.0,,,89,,,,,,,,,,,camacho|criollo robusto|robusto
,,Camacho,,img/icons/brands/camacho.svg,,Criollo Toro,,Toro,6,50,Parejo,Honduras Criollo 98,Honduran Corojo,"Dominican Republic, Honduras",Honduras,Natural,Medium,,,,,,,,,0.0,,,89,,,,,,,,,,,camacho|criollo toro|toro
,,Camacho,,img/icons/brands/camacho.svg,,Ecuador Box-Pressed Toro,,Toro,6,50,Box-Pressed Parejo,Ecuador - Habano,Brazil Mata Fina,"Honduras - Authentic Corojo / Criollo Ligero, USA - American Broadleaf, Dominican Republic - Pelo de Oro",Honduras,Maduro,Medium-Full,,,,,,,,,0.0,,,89,,,,,,,,,,,camacho|ecuador box-pressed toro|toro
,,Camacho,,img/icons/brands/camacho.svg,,Ecuador Churchill,,Churchill,7,48,Parejo,Ecuador - Habano,Brazil Mata Fina,"Dominican Republic, Honduras",Honduras,Maduro,Medium-Full,,,,,,,,,0.0,,,89,,,,,,,,,,,camacho|ecuador churchill|churchill
,,Camacho,,img/icons/brands/camacho.svg,,Ecuador Figurado,,Figurado,5.5,42,Figurado,Ecuador - Habano,Brazil Mata Fina,"Dominican Republic, Honduras",Honduras,Maduro,Medium-Full,,,,,,,,,0.0,,,89,,,,,,,,,,,camacho|ecuador figurado|figurado
,,Camacho,,img/icons/brands/camacho.svg,,Ecuador Gordo,,Gordo,6,60,Parejo,Ecuador - Habano,Brazil Mata Fina,"Dominican Republic, Honduras",Honduras,Maduro,Medium-Full,,,,,,,,,0.0,,,89,,,,,,,,,,,camacho|ecuador gordo|gordo
,,Camacho,,img/icons/brands/camacho.svg,,Ecuador Robusto,,Robusto,5,50,Parejo,Ecuador - Habano,Brazil Mata Fina,"Dominican Republic, Honduras",Honduras,Maduro,Medium-Full,,,,,,,,,0.0,,,89,,,,,,,,,,,camacho|ecuador robusto|robusto
,,Camacho,,img/icons/brands/camacho.svg,,Ecuador Toro,,Toro,6,50,Parejo,Ecuador - Habano,Brazil Mata Fina,"Dominican Republic, Honduras",Honduras,Maduro,Medium-Full,,,,,,,,,0.0,,,89,,,,,,,,,,,camacho|ecuador toro|toro
,,Camacho,,img/icons/brands/camacho.svg,,Triple Maduro 11x18,,Churchill,6,48,Parejo,Honduras - San Andres,Mexico - Corojo Maduro,"Brazil, Dominican Republic, Honduras",Honduras,Maduro,Medium-Full,,,,,,,,,0.0,,,89,,,,,,,,,,,camacho|triple maduro 11x18|churchill
,,Camacho,,img/icons/brands/camacho.svg,,Triple Maduro Figurado,,Figurado,6.25,42,Figurado,Honduras - San Andres,Mexico - Corojo Maduro,"Brazil, Dominican Republic, Honduras",Honduras,Maduro,Medium-Full,,,,,,,,,0.0,,,89,,,,,,,,,,,camacho|triple maduro figurado|figurado
,,Camacho,,img/icons/brands/camacho.svg,,Triple Maduro Gordo,,Gordo,6,60,Parejo,Honduras - San Andres,Mexico - Corojo Maduro,"Brazil, Dominican Republic, Honduras",Honduras,Maduro,Medium-Full,,,,,,,,,0.0,,,89,,,,,,,,,,,camacho|triple maduro gordo|gordo
,,Camacho,,img/icons/brands/camacho.svg,,Triple Maduro Robusto,,Robusto,5,50,Parejo,Honduras - San Andres,Mexico - Corojo Maduro,"Brazil, Dominican Republic, Honduras",Honduras,Maduro,Medium-Full,,,,,,,,,0.0,,,89,,,,,,,,,,,camacho|triple maduro robusto|robusto
,,CAO,,,Amazon Basin,Amazon Basin Extra Añejo,https://www.cigaraficionado.com/top25/2018/CAO-amazon-basin-extra-anejo,Toro,6,52,Parejo,Ecuador,Brazil,Nicaragua,Nicaragua,,,,,,,,,,,0.0,,,89,,,,,,,,Aficionado,2018.0,12.0,cao|amazon basin extra añejo|toro
General Cigar Co.,img/icons/manufacturers/generalcigarco.svg,CAO,,img/icons/brands/cao.svg,Bones,Chicken Foot 5x54,,Robusto Gordo,5,54,Parejo,,,,,,,,,,,,,,,13.12,262.4,20,89,13.12,121.2,6.06,7.06,83014,,,,,,cao|chicken foot 5x54|robusto gordo
General Cigar Co.,img/icons/manufacturers/generalcigarco.svg,CAO,,img/icons/brands/cao.svg,Bones,Blind Hughie,,Toro Gordo,6,54,Parejo,,,,,,,,,,,,,,,13.32,266.4,20,89,13.32,123.2,6.16,7.16,83015,,,,,,cao|blind hughie|toro gordo
General Cigar Co.,img/icons/manufacturers/generalcigarco.svg,CAO,,img/icons/brands/cao.svg,Bones,Maltese Cross,,Gordo,6,60,Parejo,,,,,,,,,,,,,,,13.72,274.4,20,89,13.72,127.2,6.36,7.36,83016,,,,,,cao|maltese cross|gordo
,,CAO,,,Brazilia,Samba,https://www.cigaraficionado.com/top25cigar/CAO-brazilia-samba-2007,Torpedo,6.25,54,Torpedo,Brazilian Arapiraca,Honduras,Honduras,Honduras,,,,,,,,,,,0.0,,,89,,,,,,,,Aficionado,2007.0,14.0,cao|samba|torpedo
,,CAO,,,Brazilia,Samba,https://www.cigaraficionado.com/top25cigar/CAO-brazilia-samba-2008,Torpedo,6.25,54,Torpedo,Brazilian Arapiraca,Honduras,Honduras,Honduras,,,,,,,,,,,0.0,,,89,,,,,,,,Aficionado,2008.0,17.0,cao|samba|torpedo
,,CAO,,,Brazilia,Samba,https://www.cigaraficionado.com/top25cigar/CAO-brazilia-samba-2009,Torpedo,6.25,54,Torpedo,Brazilian Arapiraca,Honduras,Honduras,Honduras,,,,,,,,,,,0.0,,,89,,,,,,,,Aficionado,2009.0,15.0,cao|samba|torpedo
,,CAO,,,Brazilia,Samba,https://www.cigaraficionado.com/top25cigar/CAO-brazilia-samba-2010,Torpedo,6.25,54,Torpedo,Brazilian Arapiraca,Honduras,Honduras,Honduras,,,,,,,,,,,0.0,,,89,,,,,,,,Aficionado,2010.0,18.0,cao|samba|torpedo
,,CAO,,,Brazilia,Samba,https://www.cigaraficionado.com/top25cigar/CAO-brazilia-samba-2011,Torpedo,6.25,54,Torpedo,Brazilian Arapiraca,Honduras,Honduras,Honduras,,,,,,,,,,,0.0,,,89,,,,,,,,Aficionado,2011.0,20.0,cao|samba|torpedo
,,CAO,,,Brazilia,Amazon Basin,https://www.cigaraficionado.com/top25cigar/CAO-amazon-basin-2012,Toro,6,52,Parejo,Brazil Bragança,Nicaragua,Brazil,Nicaragua/Brazil,,,,,,,,,,,0.0,,,89,,,,,,,,Aficionado,2012.0,12.0,cao|amazon basin|toro
,,CAO,,,Brazilia,Amazon Basin,https://www.cigaraficionado.com/top25cigar/CAO-amazon-basin-2013,Toro,6,52,Parejo,Brazil Bragança,Nicaragua,Brazil,Nicaragua/Brazil,,,,,,,,,,,0.0,,,89,,,,,,,,Aficionado,2013.0,19.0,cao|amazon basin|toro
,,CAO,,,Brazilia,Amazon Basin,https://www.cigaraficionado.com/top25cigar/CAO-amazon-basin-2014,Toro,6,52,Parejo,Brazil Bragança,Nicaragua,Brazil,Nicaragua/Brazil,,,,,,,,,,,0.0,,,89,,,,,,,,Aficionado,2014.0,11.0,cao|amazon basin|toro
,,CAO,,,Brazilia,Box Pressed Samba,https://www.cigaraficionado.com/top25cigar/CAO-brazilia-samba-2015,Torpedo,6.25,54,Torpedo,Brazilian Arapiraca,Honduras,Honduras,Honduras,,,,,,,,,,,0.0,,,89,,,,,,,,Aficionado,2015.0,25.0,cao|box pressed samba|torpedo
General Cigar Co.,img/icons/manufacturers/generalcigarco.svg,CAO,,img/icons/brands/cao.svg,Cameroon,Robusto,,Robusto,5,50,Parejo,,,,,,,,,,,,,,,11.46,229.2,20,89,11.46,104.6,5.23,6.23,80058,,,Aficionado,2015.0,18.0,cao|robusto|robusto
General Cigar Co.,img/icons/manufacturers/generalcigarco.svg,CAO,,img/icons/brands/cao.svg,Cameroon,Toro,,Toro Gordo,5.5,55,Parejo,,,,,,,,,,,,,,,11.96,239.2,20,89,11.96,109.6,5.48,6.48,80059,,,,,,cao|toro|toro gordo
General Cigar Co.,img/icons/manufacturers/generalcigarco.svg,CAO,,img/icons/brands/cao.svg,Cameroon,Belicoso,,Toro Gordo,6,54,Parejo,,,,,,,,,,,,,,,12.86,257.2,20,89,12.86,118.6,5.93,6.93,80061,,,,,,cao|belicoso|toro gordo
General Cigar Co.,img/icons/manufacturers/generalcigarco.svg,CAO,,img/icons/brands/cao.svg,CAO America,Monument,,Gordo,6.25,54,Parejo,,,,,,,,,,,,,,,11.46,229.2,20,89,11.46,104.6,5.23,6.23,80044,,,,,,cao|monument|gordo
General Cigar Co.,img/icons/manufacturers/generalcigarco.svg,CAO,,img/icons/brands/cao.svg,CAO America,Potomac,,Robusto Gordo,5,56,Parejo,,,,,,,,,,,,,,,11.74,234.8,20,89,11.74,107.4,5.37,6.37,80043,,,,,,cao|potomac|robusto gordo
General Cigar Co.,img/icons/manufacturers/generalcigarco.svg,CAO,,img/icons/brands/cao.svg,CAO America,Landmark Gordo,,Gordo,6,60,Parejo,,,,,,,,,,,,,,,12.46,249.2,20,89,12.46,114.6,5.73,6.73,80045,,,,,,cao|landmark gordo|gordo
General Cigar Co.,img/icons/manufacturers/generalcigarco.svg,CAO,,img/icons/brands/cao.svg,CAO Brazilia,Lambada,,Toro,6,50,Parejo,,,,,,,,,,,,,,,10.86,217.2,20,89,10.86,98.6,4.93,5.93,80037,,,,,,cao|lambada|toro
General Cigar Co.,img/icons/manufacturers/generalcigarco.svg,CAO,,img/icons/brands/cao.svg,CAO Brazilia,CAO Brazilia Box-Pressed,,Robusto Gordo,5.25,54,Parejo,,,,,,,,BP,,,,,,,11.14,222.8,20,89,11.14,101.4,5.07,6.07,83159,,,,,,cao|cao brazilia box-pressed|robusto gordo
General Cigar Co.,img/icons/manufacturers/generalcigarco.svg,CAO,,img/icons/brands/cao.svg,CAO Brazilia,Corcovado,,Short Gordo,4.25,60,Parejo,,,,,,,,,,,,,,,11.18,223.6,20,89,11.18,101.8,5.09,6.09,80042,,,,,,cao|corcovado|short gordo
General Cigar Co.,img/icons/manufacturers/generalcigarco.svg,CAO,,img/icons/brands/cao.svg,CAO Brazilia,Samba,,Gordo,6.25,54,Parejo,,,,,,,,,,,,,,,11.36,227.2,20,89,11.36,103.6,5.18,6.18,80039,,,,,,cao|samba|gordo
General Cigar Co.,img/icons/manufacturers/generalcigarco.svg,CAO,,img/icons/brands/cao.svg,CAO Brazilia,Gol!,,Robusto Gordo,5,56,Parejo,,,,,,,,,,,,,,,11.66,233.2,20,89,11.66,106.6,5.33,6.33,80036,,,,,,cao|gol!|robusto gordo
General Cigar Co.,img/icons/manufacturers/generalcigarco.svg,CAO,,img/icons/brands/cao.svg,CAO Brazilia,Amazon,,Gordo,6,60,Parejo,,,,,,,,,,,,,,,12.36,247.2,20,89,12.36,113.6,5.68,6.68,80040,,,,,,cao|amazon|gordo
General Cigar Co.,img/icons/manufacturers/generalcigarco.svg,CAO,,img/icons/brands/cao.svg,CAO BX3,Robusto,,Robusto,5,52,Parejo,,,,,,,,,,,,,,,11.06,221.2,20,89,11.06,100.6,5.03,6.03,83291,,,Aficionado,2015.0,18.0,cao|robusto|robusto
General Cigar Co.,img/icons/manufacturers/generalcigarco.svg,CAO,,img/icons/brands/cao.svg,CAO BX3,Toro,,Toro Gordo,6,54,Parejo,,,,,,,,,,,,,,,11.66,233.2,20,89,11.66,106.6,5.33,6.33,83296,,,,,,cao|toro|toro gordo
General Cigar Co.,img/icons/manufacturers/generalcigarco.svg,CAO,,img/icons/brands/cao.svg,CAO BX3,Gordo,,Gordo,6,60,Parejo,,,,,,,,,,,,,,,12.66,253.2,20,89,12.66,116.6,5.83,6.83,83297,,,,,,cao|gordo|gordo
General Cigar Co.,img/icons/manufacturers/generalcigarco.svg,CAO,,img/icons/brands/cao.svg,CAO Cameroon,Perfecto,,Perfecto,4,48,Perfecto,,,,,,,,,,,,,,,8.1,162,20,89,8.1,71.0,3.55,4.55,83174,,,,,,cao|perfecto|perfecto
General Cigar Co.,img/icons/manufacturers/generalcigarco.svg,CAO,,img/icons/brands/cao.svg,CAO Cameroon,Perfecto,,Perfecto,4,48,Perfecto,,,,,,,,,,,,,,,8.1,162,20,89,8.1,71.0,3.55,4.55,83174,,,,,,cao|perfecto|perfecto
General Cigar Co.,img/icons/manufacturers/generalcigarco.svg,CAO,,img/icons/brands/cao.svg,CAO Fasa,Noche Gigante,,Gordo,6,60,Parejo,,,,,,,,,,,,,,,9.0,216,24,89,9.0,96.0,4.0,5.0,83353,,,,,,cao|noche gigante|gordo
General Cigar Co.,img/icons/manufacturers/generalcigarco.svg,CAO,,img/icons/brands/cao.svg,CAO Fasa,Noche Toro,,Toro,6,50,Parejo,,,,,,,,,,,,,,,8.0,192,24,89,8.0,84.0,3.5,4.5,83349,,,,,,cao|noche toro|toro
General Cigar Co.,img/icons/manufacturers/generalcigarco.svg,CAO,,img/icons/brands/cao.svg,CAO Fasa,Sol Gigante,,Gordo,6,60,Parejo,,,,,,,,,,,,,,,9.0,216,24,89,9.0,96.0,4.0,5.0,83358,,,,,,cao|sol gigante|gordo
General Cigar Co.,img/icons/manufacturers/generalcigarco.svg,CAO,,img/icons/brands/cao.svg,CAO Fasa,Sol Toro,,Toro,6,50,Parejo,,,,,,,,,,,,,,,8.0,192,24,89,8.0,84.0,3.5,4.5,83354,,,,,,cao|sol toro|toro
General Cigar Co.,img/icons/manufacturers/generalcigarco.svg,CAO,,img/icons/brands/cao.svg,CAO Fasa,Sombra Gigante,,Gordo,6,60,Parejo,,,,,,,,,,,,,,,9.0,216,24,89,9.0,96.0,4.0,5.0,83411,,,,,,cao|sombra gigante|gordo
General Cigar Co.,img/icons/manufacturers/generalcigarco.svg,CAO,,img/icons/brands/cao.svg,CAO Fasa,Sombra Toro,,Toro,6,50,Parejo,,,,,,,,,,,,,,,8.0,192,24,89,8.0,84.0,3.5,4.5,83410,,,,,,cao|sombra toro|toro
General Cigar Co.,img/icons/manufacturers/generalcigarco.svg,CAO,,img/icons/brands/cao.svg,CAO Flathead,V554 Camshaft,,Robusto Gordo,5.5,54,Parejo,,,,,,,,,,,,,,,12.96,311.04,24,89,12.96,143.52,5.98,6.98,81136,,,,,,cao|v554 camshaft|robusto gordo
General Cigar Co.,img/icons/manufacturers/generalcigarco.svg,CAO,,img/icons/brands/cao.svg,CAO Flathead,V660 Carb,,Gordo,6,60,Parejo,,,,,,,,,,,,,,,13.64,327.36,24,89,13.64,151.68,6.32,7.32,81137,,,,,,cao|v660 carb|gordo
General Cigar Co.,img/icons/manufacturers/generalcigarco.svg,CAO,,img/icons/brands/cao.svg,CAO Flathead,Resonator 8x60,,Gigante,8,60,Parejo,,,,,,,,,,,,,,,14.02,336.48,24,89,14.02,156.24,6.51,7.51,83345,,,,,,cao|resonator 8x60|gigante
General Cigar Co.,img/icons/manufacturers/generalcigarco.svg,CAO,,img/icons/brands/cao.svg,CAO Flathead,V770 Big Block,,Gigante,7,70,Parejo,,,,,,,,,,,,,,,14.94,358.56,24,89,14.94,167.28,6.97,7.97,81138,,,,,,cao|v770 big block|gigante
General Cigar Co.,img/icons/manufacturers/generalcigarco.svg,CAO,,img/icons/brands/cao.svg,CAO Flathead,V450 Sparkplug,,Robusto,4.5,50,Parejo,,,,,,,,,,,,,,,11.66,291.5,25,89,11.66,133.25,5.33,6.33,83101,,,,,,cao|v450 sparkplug|robusto
General Cigar Co.,img/icons/manufacturers/generalcigarco.svg,CAO,,img/icons/brands/cao.svg,CAO Flathead,V642 Piston,,Corona Extra,6.5,42,Parejo,,,,,,,,,,,,,,,11.96,358.8,30,89,11.96,164.4,5.48,6.48,81135,,,,,,cao|v642 piston|corona extra
General Cigar Co.,img/icons/manufacturers/generalcigarco.svg,CAO,,img/icons/brands/cao.svg,CAO Steel Horse,Apehanger,,Robusto Gordo,5.75,54,Parejo,,,,,,,,,,,,,,,12.94,258.8,20,89,12.94,119.4,5.97,6.97,83106,,,,,,cao|apehanger|robusto gordo
General Cigar Co.,img/icons/manufacturers/generalcigarco.svg,CAO,,img/icons/brands/cao.svg,CAO Steel Horse,Bullneck,,Gordo,6.5,52,Parejo,,,,,,,,,,,,,,,13.12,262.4,20,89,13.12,121.2,6.06,7.06,83107,,,,,,cao|bullneck|gordo
General Cigar Co.,img/icons/manufacturers/generalcigarco.svg,CAO,,img/icons/brands/cao.svg,CAO Steel Horse,Roadkill 6x60,,Gordo,6,60,Parejo,,,,,,,,,,,,,,,13.72,274.4,20,89,13.72,127.2,6.36,7.36,83109,,,,,,cao|roadkill 6x60|gordo
General Cigar Co.,img/icons/manufacturers/generalcigarco.svg,CAO,,img/icons/brands/cao.svg,CAO Zocalo,Toro,,Toro Gordo,6.25,54,Parejo,,,,,,,,,,,,,,,11.42,228.4,20,89,11.42,104.2,5.21,6.21,83162,,,,,,cao|toro|toro gordo
General Cigar Co.,img/icons/manufacturers/generalcigarco.svg,CAO,,img/icons/brands/cao.svg,CAO Zocalo,Gigante,,Gordo,6,60,Parejo,,,,,,,,,,,,,,,12.42,248.4,20,89,12.42,114.2,5.71,6.71,83163,,,,,,cao|gigante|gordo
General Cigar Co.,img/icons/manufacturers/generalcigarco.svg,CAO,,img/icons/brands/cao.svg,Colombia,Tinto Robusto,,Robusto,4.88,52,Parejo,,,,,,,,,,,,,,,10.96,219.2,20,89,10.96,99.6,4.98,5.98,83094,,,,,,cao|tinto robusto|robusto
General Cigar Co.,img/icons/manufacturers/generalcigarco.svg,CAO,,img/icons/brands/cao.svg,Colombia,Magdalena Toro,,Toro,6.25,52,Parejo,,,,,,,,,,,,,,,11.34,226.8,20,89,11.34,103.4,5.17,6.17,83096,,,,,,cao|magdalena toro|toro
General Cigar Co.,img/icons/manufacturers/generalcigarco.svg,CAO,,img/icons/brands/cao.svg,Colombia,Bogota Gordo,,Gordo,6,60,Parejo,,,,,,,,,,,,,,,12.44,248.8,20,89,12.44,114.4,5.72,6.72,81305,,,,,,cao|bogota gordo|gordo
General Cigar Co.,img/icons/manufacturers/generalcigarco.svg,CAO,,img/icons/brands/cao.svg,Consigliere,Associate,,Robusto,5,52,Parejo,,,,,,,,,,,,,,,12.16,243.2,20,89,12.16,111.6,5.58,6.58,82288,,,,,,cao|associate|robusto
General Cigar Co.,img/icons/manufacturers/generalcigarco.svg,CAO,,img/icons/brands/cao.svg,Consigliere,Soldier,,Toro Gordo,6,54,Parejo,,,,,,,,,,,,,,,13.16,263.2,20,89,13.16,121.6,6.08,7.08,82289,,,,,,cao|soldier|toro gordo
General Cigar Co.,img/icons/manufacturers/generalcigarco.svg,CAO,,img/icons/brands/cao.svg,Consigliere,Tony 6.5x60,,Gordo,6.5,60,Parejo,,,,,,,,,,,,,,,14.02,280.4,20,89,14.02,130.2,6.51,7.51,83172,,,,,,cao|tony 6.5x60|gordo
General Cigar Co.,img/icons/manufacturers/generalcigarco.svg,CAO,,img/icons/brands/cao.svg,Consigliere,Boss,,Gigante,7,56,Parejo,,,,,,,,,,,,,,,14.14,282.8,20,89,14.14,131.4,6.57,7.57,82290,,,,,,cao|boss|gigante
General Cigar Co.,img/icons/manufacturers/generalcigarco.svg,CAO,,img/icons/brands/cao.svg,Flathead,Flathead V21 Project Lometta,https://www.cigaraficionado.com/top25/2019/CAO-flathead-v21,Gordo,5,60,Parejo,USA Broadleaf,USA,Nicaragua,Nicaragua,,,,,,,,,,,0.0,,,89,,,,,,,,Aficionado,2019.0,23.0,cao|flathead v21 project lometta|gordo
General Cigar Co.,img/icons/manufacturers/generalcigarco.svg,CAO,,img/icons/brands/cao.svg,FLAVOURS Bella Vanilla,Robusto,,Robusto,5,48,Parejo,,,,,,,,,,FS,,,,,11.46,229.2,20,89,11.46,104.6,5.23,6.23,80129,,,Aficionado,2015.0,18.0,cao|robusto|robusto
General Cigar Co.,img/icons/manufacturers/generalcigarco.svg,CAO,,img/icons/brands/cao.svg,FLAVOURS Bella Vanilla,Tubo,,Cigarillo,4.75,30,Parejo,,,,,,,,,Tubo,FS,,,,,7.44,148.8,20,89,7.44,64.4,3.22,4.22,80130,,,,,,cao|tubo|cigarillo
General Cigar Co.,img/icons/manufacturers/generalcigarco.svg,CAO,,img/icons/brands/cao.svg,FLAVOURS Bella Vanilla,Corona,,Corona,5.25,42,Parejo,,,,,,,,,,FS,,,,,11.18,223.6,20,89,11.18,101.8,5.09,6.09,80128,,,,,,cao|corona|corona
General Cigar Co.,img/icons/manufacturers/generalcigarco.svg,CAO,,img/icons/brands/cao.svg,FLAVOURS Bella Vanilla,Petit Corona,,Petit Corona,4,40,Parejo,,,,,,,,,,FS,,,,,9.16,229,25,89,9.16,102.0,4.08,5.08,80127,,,,,,cao|petit corona|petit corona
General Cigar Co.,img/icons/manufacturers/generalcigarco.svg,CAO,,img/icons/brands/cao.svg,FLAVOURS Cherrybomb,Tubo,,Cigarillo,4.75,30,Parejo,,,,,,,,,Tubo,FS,,,,,7.44,148.8,20,89,7.44,64.4,3.22,4.22,80105,,,,,,cao|tubo|cigarillo
General Cigar Co.,img/icons/manufacturers/generalcigarco.svg,CAO,,img/icons/brands/cao.svg,FLAVOURS Cherrybomb,Corona,,Corona,5.25,42,Parejo,,,,,,,,,,FS,,,,,11.18,223.6,20,89,11.18,101.8,5.09,6.09,80104,,,,,,cao|corona|corona
General Cigar Co.,img/icons/manufacturers/generalcigarco.svg,CAO,,img/icons/brands/cao.svg,FLAVOURS Eileen's Dream,Tubo,,Cigarillo,4.75,30,Parejo,,,,,,,,,Tubo,FS,,,,,7.44,148.8,20,89,7.44,64.4,3.22,4.22,80117,,,,,,cao|tubo|cigarillo
General Cigar Co.,img/icons/manufacturers/generalcigarco.svg,CAO,,img/icons/brands/cao.svg,FLAVOURS Eileen's Dream,Corona,,Corona,5.25,42,Parejo,,,,,,,,,,FS,,,,,11.18,223.6,20,89,11.18,101.8,5.09,6.09,80115,,,,,,cao|corona|corona
General Cigar Co.,img/icons/manufacturers/generalcigarco.svg,CAO,,img/icons/brands/cao.svg,FLAVOURS Eileen's Dream,Petit Corona,,Petit Corona,4,40,Parejo,,,,,,,,,,FS,,,,,9.16,229,25,89,9.16,102.0,4.08,5.08,80114,,,,,,cao|petit corona|petit corona
General Cigar Co.,img/icons/manufacturers/generalcigarco.svg,CAO,,img/icons/brands/cao.svg,FLAVOURS Gold Honey,Corona,,Corona,5.25,42,Parejo,,,,,,,,,,FS,,,,,11.18,223.6,20,89,11.18,101.8,5.09,6.09,80120,,,,,,cao|corona|corona
General Cigar Co.,img/icons/manufacturers/generalcigarco.svg,CAO,,img/icons/brands/cao.svg,FLAVOURS Gold Honey,Petit Corona,,Petit Corona,4,40,Parejo,,,,,,,,,,FS,,,,,9.16,229,25,89,9.16,102.0,4.08,5.08,80119,,,,,,cao|petit corona|petit corona
General Cigar Co.,img/icons/manufacturers/generalcigarco.svg,CAO,,img/icons/brands/cao.svg,FLAVOURS Moontrance,Robusto,,Robusto,5,48,Parejo,,,,,,,,,,FS,,,,,11.46,229.2,20,89,11.46,104.6,5.23,6.23,80110,,,Aficionado,2015.0,18.0,cao|robusto|robusto
General Cigar Co.,img/icons/manufacturers/generalcigarco.svg,CAO,,img/icons/brands/cao.svg,FLAVOURS Moontrance,Tubo,,Cigarillo,4.75,30,Parejo,,,,,,,,,Tubo,FS,,,,,7.44,148.8,20,89,7.44,64.4,3.22,4.22,80111,,,,,,cao|tubo|cigarillo
General Cigar Co.,img/icons/manufacturers/generalcigarco.svg,CAO,,img/icons/brands/cao.svg,FLAVOURS Moontrance,Corona,,Corona,5.25,42,Parejo,,,,,,,,,,FS,,,,,11.18,223.6,20,89,11.18,101.8,5.09,6.09,80109,,,,,,cao|corona|corona
General Cigar Co.,img/icons/manufacturers/generalcigarco.svg,CAO,,img/icons/brands/cao.svg,FLAVOURS Moontrance,Torpedo,,Torpedo,6.25,50,Torpedo,,,,,,,,,,FS,,,,,12.06,241.2,20,89,12.06,110.6,5.53,6.53,80112,,,,,,cao|torpedo|torpedo
General Cigar Co.,img/icons/manufacturers/generalcigarco.svg,CAO,,img/icons/brands/cao.svg,FLAVOURS Moontrance,Petit Corona,,Petit Corona,4,40,Parejo,,,,,,,,,,FS,,,,,9.16,229,25,89,9.16,102.0,4.08,5.08,80107,,,,,,cao|petit corona|petit corona
General Cigar Co.,img/icons/manufacturers/generalcigarco.svg,CAO,,img/icons/brands/cao.svg,Gold,Robusto,,Robusto,5,50,Parejo,,,,,,,,,,,,,,,11.36,227.2,20,89,11.36,103.6,5.18,6.18,80068,,,Aficionado,2015.0,18.0,cao|robusto|robusto
General Cigar Co.,img/icons/manufacturers/generalcigarco.svg,CAO,,img/icons/brands/cao.svg,Gold,Corona,,Corona,5.5,42,Parejo,,,,,,,,,,,,,,,10.46,209.2,20,89,10.46,94.6,4.73,5.73,80066,,,,,,cao|corona|corona
General Cigar Co.,img/icons/manufacturers/generalcigarco.svg,CAO,,img/icons/brands/cao.svg,Gold,Corona Gorda,,Petit Corona,6.5,50,Parejo,,,,,,,,,,,,,,,11.66,233.2,20,89,11.66,106.6,5.33,6.33,80070,,,,,,cao|corona gorda|petit corona
General Cigar Co.,img/icons/manufacturers/generalcigarco.svg,CAO,,img/icons/brands/cao.svg,Gold,Churchill,,Churchill,7,48,Parejo,,,,,,,,,,,,,,,11.76,235.2,20,89,11.76,107.6,5.38,6.38,80072,,,,,,cao|churchill|churchill
General Cigar Co.,img/icons/manufacturers/generalcigarco.svg,CAO,,img/icons/brands/cao.svg,Gold,Double Corona,,Double Corona,7.5,54,Parejo,,,,,,,,,,,,,,,12.46,249.2,20,89,12.46,114.6,5.73,6.73,80075,,,,,,cao|double corona|double corona
General Cigar Co.,img/icons/manufacturers/generalcigarco.svg,CAO,,img/icons/brands/cao.svg,Gold,Torpedo,,Torpedo,6.25,52,Torpedo,,,,,,,,,,,,,,,12.86,257.2,20,89,12.86,118.6,5.93,6.93,80073,,,,,,cao|torpedo|torpedo
,,CAO,,,Italia,Novella,,Panatela,4.5,46,,Honduras,Honduras,Honduras,Honduras,,,,,,,,,,,0.0,,,89,,,,,,,,Aficionado,2006.0,13.0,cao|novella|panatela
General Cigar Co.,img/icons/manufacturers/generalcigarco.svg,CAO,,img/icons/brands/cao.svg,Italia,Gondola,,Gordo,6.25,54,Parejo,,,,,,,,,,,,,,,11.46,229.2,20,89,11.46,104.6,5.23,6.23,80026,,,,,,cao|gondola|gordo
General Cigar Co.,img/icons/manufacturers/generalcigarco.svg,CAO,,img/icons/brands/cao.svg,Italia,Ciao,,Robusto Gordo,5,56,Parejo,,,,,,,,,,,,,,,11.74,234.8,20,89,11.74,107.4,5.37,6.37,80025,,,,,,cao|ciao|robusto gordo
General Cigar Co.,img/icons/manufacturers/generalcigarco.svg,CAO,,img/icons/brands/cao.svg,Italia,Piazza,,Gordo,6,60,Parejo,,,,,,,,,,,,,,,12.46,249.2,20,89,12.46,114.6,5.73,6.73,80028,,,,,,cao|piazza|gordo
General Cigar Co.,img/icons/manufacturers/generalcigarco.svg,CAO,,img/icons/brands/cao.svg,MX2,Robusto,,Robusto,5,52,Parejo,,,,,,,,,,,,,,,12.06,241.2,20,89,12.06,110.6,5.53,6.53,80019,,,Aficionado,2015.0,18.0,cao|robusto|robusto
General Cigar Co.,img/icons/manufacturers/generalcigarco.svg,CAO,,img/icons/brands/cao.svg,MX2,Toro,,Toro Gordo,6,54,Parejo,,,,,,,,,,,,,,,12.94,258.8,20,89,12.94,119.4,5.97,6.97,80020,,,,,,cao|toro|toro gordo
General Cigar Co.,img/icons/manufacturers/generalcigarco.svg,CAO,,img/icons/brands/cao.svg,MX2,Gordo,,Gordo,6,60,Parejo,,,,,,,,,,,,,,,13.42,268.4,20,89,13.42,124.2,6.21,7.21,80023,,,,,,cao|gordo|gordo
General Cigar Co.,img/icons/manufacturers/generalcigarco.svg,CAO,,img/icons/brands/cao.svg,MX2,Belicoso,,Gigante,7,56,Parejo,,,,,,,,,,,,,,,14.04,280.8,20,89,14.04,130.4,6.52,7.52,80021,,,,,,cao|belicoso|gigante
General Cigar Co.,img/icons/manufacturers/generalcigarco.svg,CAO,,img/icons/brands/cao.svg,Pilon,Robusto,,Robusto,5,52,Parejo,,,,,,,,,,,,,,,11.56,231.2,20,89,11.56,105.6,5.28,6.28,82040,,,Aficionado,2015.0,18.0,cao|robusto|robusto
General Cigar Co.,img/icons/manufacturers/generalcigarco.svg,CAO,,img/icons/brands/cao.svg,Pilon,Churchill,,Churchill,7,49,Parejo,,,,,,,,,,,,,,,11.84,236.8,20,89,11.84,108.4,5.42,6.42,83123,,,,,,cao|churchill|churchill
General Cigar Co.,img/icons/manufacturers/generalcigarco.svg,CAO,,img/icons/brands/cao.svg,Pilon,Toro BP,,Toro Gordo,6.25,54,Parejo,,,,,,,,BP,,,,,,,11.94,238.8,20,89,11.94,109.4,5.47,6.47,83125,,,,,,cao|toro bp|toro gordo
General Cigar Co.,img/icons/manufacturers/generalcigarco.svg,CAO,,img/icons/brands/cao.svg,Pilon,Gigante,,Gordo,6,60,Parejo,,,,,,,,,,,,,,,12.34,246.8,20,89,12.34,113.4,5.67,6.67,83122,,,,,,cao|gigante|gordo
General Cigar Co.,img/icons/manufacturers/generalcigarco.svg,CAO,,img/icons/brands/cao.svg,Sopranos Edition,Associate Robusto,,Robusto,5,52,Parejo,Brazilian Maduro,Honduras,Nicaragua,Honduras,,,,,,,,,,,0.0,,,89,,,,,,,,Aficionado,2005.0,25.0,cao|associate robusto|robusto
,,Carlos Andre,,,Airborne,Corona Larga,,Corona,,,Parejo,Mexico,Nicaragua,Brazil; Dominican Republic; Nicaragua,Dominican Republic,,,,,,,,,,,0.0,,,89,,,,,,,,Cigar Journal,2020.0,16.0,carlos andre|corona larga|corona
,,Carlos Toraño,,,Exodus 1959,Torpedo,,Torpedo,6.25,54,Torpedo,Honduras,Honduras,Honduras/Dominican Republic/Costa Rica/Mexico,Honduras,,,,,,,,,,,0.0,,,89,,,,,,,,Aficionado,2006.0,5.0,carlos toraño|torpedo|torpedo
,,Carlos Toraño,,,Noventa,90,,Figurado,6,52,Figurado,Nicaragua,Nicaragua,Nicaragua,Nicaragua,,,,,,,,,,,0.0,,,89,,,,,,,,Aficionado,2004.0,24.0,carlos toraño|90|figurado
,,Casa 1910,,,,CASA 1910 SOLDADERA EDITION LA CORONELA,,,,,,Ecuador,Brazil,"Dominican Republic, Mexico",Dominican Republic,,,,,,,,,,,0.0,,,89,,,,,,,,Cigar Journal,2023.0,21.0,casa 1910|casa 1910 soldadera edition la coronela|
,,Casa Blanca,,img/icons/brands/casablanca.svg,,Casa Blanca Corona,,Corona,5.5,42,Parejo,Connecticut Shade,Mexico,Dominican Republic,Dominican Republic,Natural,Mellow,,,,,,,,,0.0,,,89,,,,,,,,,,,casa blanca|casa blanca corona|corona
,,Casa Blanca,,img/icons/brands/casablanca.svg,,Casa Blanca De Luxe Toro,,Toro,6,50,Parejo,Connecticut Shade,Mexico,Dominican Republic,Dominican Republic,Natural,Mellow,,,,,,,,,0.0,,,89,,,,,,,,,,,casa blanca|casa blanca de luxe toro|toro
,,Casa Blanca,,img/icons/brands/casablanca.svg,,Casa Blanca Half Jeroboam,,Short Gordo,5,65,Parejo,Connecticut Shade,Mexico,Dominican Republic,Dominican Republic,Natural,Mellow,,,,,,,,,0.0,,,89,,,,,,,,,,,casa blanca|casa blanca half jeroboam|short gordo
,,Casa Blanca,,img/icons/brands/casablanca.svg,,Casa Blanca Jeroboam,,Gigante,10,66,Parejo,Connecticut Shade,Mexico,Dominican Republic,Dominican Republic,Natural,Mellow,,,,,,,,,0.0,,,89,,,,,,,,,,,casa blanca|casa blanca jeroboam|gigante
,,Casa Blanca,,img/icons/brands/casablanca.svg,,Casa Blanca Lonsdale,,Lonsdale,6.5,42,Parejo,Connecticut Shade,Mexico,Dominican Republic,Dominican Republic,Natural,Mellow,,,,,,,,,0.0,,,89,,,,,,,,,,,casa blanca|casa blanca lonsdale|lonsdale
,,Casa Blanca,,img/icons/brands/casablanca.svg,,Casa Blanca Magnum,,Gigante,7,60,Parejo,Connecticut Shade,Mexico,Dominican Republic,Dominican Republic,Natural,Mellow,,,,,,,,,0.0,,,89,,,,,,,,,,,casa blanca|casa blanca magnum|gigante
,,Casa Blanca,,img/icons/brands/casablanca.svg,,Casa Blanca President,,Presidente,7.5,50,Parejo,Connecticut Shade,Mexico,Dominican Republic,Dominican Republic,Natural,Mellow,,,,,,,,,0.0,,,89,,,,,,,,,,,casa blanca|casa blanca president|presidente
,,Casa Blanca,,img/icons/brands/casablanca.svg,,Casa Blanca Robusto,,Robusto,5,50,Parejo,Connecticut Shade,Mexico,Dominican Republic,Dominican Republic,Natural,Mellow,,,,,,,,,0.0,,,89,,,,,,,,,,,casa blanca|casa blanca robusto|robusto
,,Casa Cuba,,img/icons/brands/casacuba.svg,,Doble Cinco,,Robusto,5,50,Parejo,Ecuador,Dominican Republic,Dominican Republic,Dominican Republic,Colorado Maduro,Medium,,,,,,,,,0.0,,,89,,,,,,,,Aficionado,2021.0,23.0,casa cuba|doble cinco|robusto
,,Casa Cuba,,img/icons/brands/casacuba.svg,,Divine Inspiration,,Corona Grande,6.25,47,Parejo,Ecuador,Dominican Republic,Dominican Republic,Dominican Republic,Colorado Maduro,Medium,,,,,,,,,0.0,,,89,,,,,,,,,,,casa cuba|divine inspiration|corona grande
,,Casa Cuba,,img/icons/brands/casacuba.svg,,Doble Dos,,Lonsdale,6.5,42,Parejo,Cameroon,Dominican Republic,Dominican Republic,Dominican Republic,Colorado Maduro,Medium,,,,,,,,,0.0,,,89,,,,,,,,,,,casa cuba|doble dos|lonsdale
,,Casa Cuba,,img/icons/brands/casacuba.svg,,Doble Quatro,,Short Robusto,4.5,54,Parejo,Ecuador,Dominican Republic,Dominican Republic,Dominican Republic,Colorado Maduro,Medium,,,,,,,,,0.0,,,89,,,,,,,,,,,casa cuba|doble quatro|short robusto
,,Casa Cuba,,img/icons/brands/casacuba.svg,,Doble Sies,,Toro,6,52,Parejo,Ecuador,Dominican Republic,Dominican Republic,Dominican Republic,Colorado Maduro,Medium,,,,,,,,,0.0,,,89,,,,,,,,,,,casa cuba|doble sies|toro
,,Casa Cuba,,img/icons/brands/casacuba.svg,,Doble Tres,,Corona,5.5,44,Parejo,Ecuador,Dominican Republic,Dominican Republic,Dominican Republic,Colorado Maduro,Medium,,,,,,,,,0.0,,,89,,,,,,,,,,,casa cuba|doble tres|corona
,,Casa Fernandez,,,Miami Aganorsa,Maduro Robusto Extra,https://www.cigaraficionado.com/top25cigar/casa-fernandez-miami-aganorsa-maduro-robusto-extra-2016,Robusto Extra,5.75,54,Parejo,Mexico San Andrés,Nicaragua,Nicaragua,USA,Maduro,,,,,,,,,,0.0,,,89,,,,,,,,Aficionado,2016.0,11.0,casa fernandez|maduro robusto extra|robusto extra
,,Casa Magna,,,Colorado,Robusto,https://www.cigaraficionado.com/top25cigar/casa-magna-colorado-robusto-2008,Robusto,5.5,52,Parejo,Honduras Colorado,Honduras,Nicaragua,Nicaragua,,,,,,,,,,,0.0,,,89,,,,,,,,Aficionado,2008.0,1.0,casa magna|robusto|robusto
,,Casa Magna,,,Colorado,Robusto,https://www.cigaraficionado.com/top25/2022/casa-magna-colorado-robusto,Robusto,5.5,52,Parejo,Nicaragua,Nicaragua,Nicaragua,Dominican Republic,,,,,,,,,,,0.0,,,89,,,,,,,,Aficionado,2022.0,20.0,casa magna|robusto|robusto
,,Casa Magna,,,,Colorado XV Anniversary 6x54,https://www.cigaraficionado.com/top25cigar/casa-magna-colorado-xv-anniversary-6-x-54-2024,Toro,6,54,Parejo,Honduras,Honduras,Honduras,Nicaragua,Colorado,,,,,,,,,,0.0,,,89,,,,,,,,Aficionado,2024.0,14.0,casa magna|colorado xv anniversary 6x54|toro
,,Casa Turrent,,,Maduro,Torpedo,,Torpedo,,,Torpedo,San Andres,Mexico,Nicaragua,Mexico,,,,,,,,,,,0.0,,,89,,,,,,,,Cigar Journal,2015.0,13.0,casa turrent|torpedo|torpedo
,,Casa Turrent,,,Origin Series,San Andres Robusto Extra,,Robusto,,,Parejo,Mexico,Mexico,Mexico,Mexico,,,,,,,,,,,0.0,,,89,,,,,,,,Cigar Journal,2020.0,12.0,casa turrent|san andres robusto extra|robusto
,,Casa Turrent,,,Origin Series,Casa Turrent Origin Series San Andres Robusto Extra,,Robusto,5.5,52,Parejo,Mexico,Mexico,Mexico,Mexico,,,,,,,,,,,0.0,,,89,,,,,,,,Cigar Journal,2021.0,11.0,casa turrent|casa turrent origin series san andres robusto extra|robusto
,,Casa Turrent,,,Serie 1901,Robusto,https://www.cigaraficionado.com/top25cigar/casa-turrent-serie-1901-robusto-2016,Robusto,5.25,50,Parejo,Mexico San Andrés,Mexico,Mexico,Mexico,,,,,,,,,,,0.0,,,89,,,,,,,,Aficionado,2016.0,12.0,casa turrent|robusto|robusto
,,Casa Turrent,,,Serie 1973,Torpedo,https://www.cigaraficionado.com/top25/2020/casa-turrent-serie-1973-torpedo,Torpedo,5.5,50,Torpedo,Mexico,Mexico,Mexico; Nicaragua,Mexico,,,,,,,,,,,0.0,,,89,,,,,,,,Aficionado,2020.0,14.0,casa turrent|torpedo|torpedo
,,Cavalier Genève,,,,White Series,,,,,,Honduras,Honduras,Paraguay; Honduras; Nicaragua,Honduras,,,,,,,,,,,0.0,,,89,,,,,,,,Cigar Journal,2019.0,25.0,cavalier genève|white series|
,,Chateau Diadem,,,,CHATEAU DIADEM CONVICTION ROBUSTO,,Robusto,,,Parejo,Ecuador,Dominican Republic,"Nicaragua, Dominican Republic",Dominican Republic,,,,,,,,,,,0.0,,,89,,,,,,,,Cigar Journal,2023.0,18.0,chateau diadem|chateau diadem conviction robusto|robusto
,,Chateau Diadem,,,,CHATEAU DIADEM CONVICTION LANCERO,,Lancero,,,Parejo,Ecuador,Dominican Republic,"Nicaragua, Dominican Republic",Dominican Republic,,,,,,,,,,,0.0,,,89,,,,,,,,Cigar Journal,2024.0,15.0,chateau diadem|chateau diadem conviction lancero|lancero
CLE Cigar Company,img/icons/manufacturers/clecigarcompany.svg,CLE,,img/icons/brands/cle.svg,25th Anniversary,CLE 25th Anniversary Robusto,,Robusto,5,50,Parejo,Honduras,Honduras,Honduras,Honduras,,,,,,,,,,,0.0,,,89,,,,,,,,Cigar Journal,2021.0,3.0,cle|cle 25th anniversary robusto|robusto
CLE Cigar Company,img/icons/manufacturers/clecigarcompany.svg,CLE,,img/icons/brands/cle.svg,Chele,646,,,,,,Ecuador,Nicaragua,Nicaragua,Nicaragua,,,,,,,,,,,0.0,,,89,,,,,,,,Cigar Journal,2016.0,14.0,cle|646|
CLE Cigar Company,img/icons/manufacturers/clecigarcompany.svg,CLE,,img/icons/brands/cle.svg,Prieto,Prieto 50x5,https://www.cigaraficionado.com/top25/2017/cle-prieto-50x5,Robusto,5,50,Parejo,USA Connecticut Broadleaf,Nicaragua,Nicaragua,Nicaragua,,,,,,,,,,,0.0,,,89,,,,,,,,Aficionado,2017.0,17.0,cle|prieto 50x5|robusto
CLE Cigar Company,img/icons/manufacturers/clecigarcompany.svg,CLE,,img/icons/brands/cle.svg,,Azabache 50x5,,Robusto,5,50,Parejo,Mexico,Honduras,"Honduras, Nicaragua, Peru",Honduras,Maduro,Full,,,,,,,,,0.0,,,89,,,,,,,,,,,cle|azabache 50x5|robusto
CLE Cigar Company,img/icons/manufacturers/clecigarcompany.svg,CLE,,img/icons/brands/cle.svg,,Azabache 54x4,,,4,54,Parejo,Mexico,Honduras,"Honduras, Nicaragua, Peru",Honduras,Maduro,Full,,,,,,,,,0.0,,,89,,,,,,,,,,,cle|azabache 54x4|
CLE Cigar Company,img/icons/manufacturers/clecigarcompany.svg,CLE,,img/icons/brands/cle.svg,,Azabache 54x6,,Toro,6,54,Parejo,Mexico,Honduras,"Honduras, Nicaragua, Peru",Honduras,Maduro,Full,,,,,,,,,0.0,,,89,,,,,,,,,,,cle|azabache 54x6|toro
CLE Cigar Company,img/icons/manufacturers/clecigarcompany.svg,CLE,,img/icons/brands/cle.svg,,Azabache 60x4,,Short Gordo,4,60,Parejo,Mexico,Honduras,"Honduras, Nicaragua, Peru",Honduras,Maduro,Full,,,,,,,,,0.0,,,89,,,,,,,,,,,cle|azabache 60x4|short gordo
CLE Cigar Company,img/icons/manufacturers/clecigarcompany.svg,CLE,,img/icons/brands/cle.svg,,Azabache 60x6,,Gordo,6,60,Parejo,Mexico,Honduras,"Honduras, Nicaragua, Peru",Honduras,Maduro,Full,,,,,,,,,0.0,,,89,,,,,,,,,,,cle|azabache 60x6|gordo
CLE Cigar Company,img/icons/manufacturers/clecigarcompany.svg,CLE,,img/icons/brands/cle.svg,,Azabache 69x4,,Short Gordo,4,69,Parejo,Mexico,Honduras,"Honduras, Nicaragua, Peru",Honduras,Maduro,Full,,,,,,,,,0.0,,,89,,,,,,,,,,,cle|azabache 69x4|short gordo
CLE Cigar Company,img/icons/manufacturers/clecigarcompany.svg,CLE,,img/icons/brands/cle.svg,,CLE 25th Anniversary 11/18,,Perfecto,6,54,Perfecto,Honduras,Honduras,Honduras,Honduras,Natural,Medium,,,,,,,,,0.0,,,89,,,,,,,,,,,cle|cle 25th anniversary 11/18|perfecto
CLE Cigar Company,img/icons/manufacturers/clecigarcompany.svg,CLE,,img/icons/brands/cle.svg,,CLE 25th Anniversary 50x5,,Robusto,5,50,Parejo,Honduras,Honduras,Honduras,Honduras,Natural,Medium,,,,,,,,,0.0,,,89,,,,,,,,,,,cle|cle 25th anniversary 50x5|robusto
CLE Cigar Company,img/icons/manufacturers/clecigarcompany.svg,CLE,,img/icons/brands/cle.svg,,CLE 25th Anniversary 54x6,,Toro,6,54,Parejo,Honduras,Honduras,Honduras,Honduras,Natural,Medium,,,,,,,,,0.0,,,89,,,,,,,,,,,cle|cle 25th anniversary 54x6|toro
CLE Cigar Company,img/icons/manufacturers/clecigarcompany.svg,CLE,,img/icons/brands/cle.svg,,CLE 25th Anniversary 60x6,,Gordo,6,60,Parejo,Honduras,Honduras,Honduras,Honduras,Natural,Medium,,,,,,,,,0.0,,,89,,,,,,,,,,,cle|cle 25th anniversary 60x6|gordo
CLE Cigar Company,img/icons/manufacturers/clecigarcompany.svg,CLE,,img/icons/brands/cle.svg,,CLE Chele 40x4,,Petite Corona,4,40,Box-Pressed Parejo,Ecuadoian Connecticut Shade,Nicaragua,Nicaragua,Nicaragua,Connecticut,Medium,,,,,,,,,0.0,,,89,,,,,,,,,,,cle|cle chele 40x4|petite corona
CLE Cigar Company,img/icons/manufacturers/clecigarcompany.svg,CLE,,img/icons/brands/cle.svg,,CLE Chele 46x6,,Corona,6,46,Box-Pressed Parejo,Ecuadoian Connecticut Shade,Nicaragua,Nicaragua,Nicaragua,Connecticut,Medium,,,,,,,,,0.0,,,89,,,,,,,,,,,cle|cle chele 46x6|corona
CLE Cigar Company,img/icons/manufacturers/clecigarcompany.svg,CLE,,img/icons/brands/cle.svg,,CLE Chele 50x5,,Robusto,5,50,Box-Pressed Parejo,Ecuadoian Connecticut Shade,Nicaragua,Nicaragua,Nicaragua,Connecticut,Medium,,,,,,,,,0.0,,,89,,,,,,,,,,,cle|cle chele 50x5|robusto
CLE Cigar Company,img/icons/manufacturers/clecigarcompany.svg,CLE,,img/icons/brands/cle.svg,,CLE Chele 52x6,,Toro,6,52,Box-Pressed Parejo,Ecuadoian Connecticut Shade,Nicaragua,Nicaragua,Nicaragua,Connecticut,Medium,,,,,,,,,0.0,,,89,,,,,,,,,,,cle|cle chele 52x6|toro
CLE Cigar Company,img/icons/manufacturers/clecigarcompany.svg,CLE,,img/icons/brands/cle.svg,,CLE Chele 60x6,,Gordo,6,60,Box-Pressed Parejo,Ecuadoian Connecticut Shade,Nicaragua,Nicaragua,Nicaragua,Connecticut,Medium,,,,,,,,,0.0,,,89,,,,,,,,,,,cle|cle chele 60x6|gordo
CLE Cigar Company,img/icons/manufacturers/clecigarcompany.svg,CLE,,img/icons/brands/cle.svg,,CLE Connecticut 11/18,,Toro,6,54,Parejo,Ecuadoian Connecticut,Honduras,Honduras,Honduras,Connecticut,Mild,,,,,,,,,0.0,,,89,,,,,,,,,,,cle|cle connecticut 11/18|toro
CLE Cigar Company,img/icons/manufacturers/clecigarcompany.svg,CLE,,img/icons/brands/cle.svg,,CLE Connecticut 40x4,,Petite Corona,4,40,Parejo,Ecuadoian Connecticut,Honduras,Honduras,Honduras,Connecticut,Mild,,,,,,,,,0.0,,,89,,,,,,,,,,,cle|cle connecticut 40x4|petite corona
CLE Cigar Company,img/icons/manufacturers/clecigarcompany.svg,CLE,,img/icons/brands/cle.svg,,CLE Connecticut 46x5.75,,Corona,5.75,46,Parejo,Ecuadoian Connecticut,Honduras,Honduras,Honduras,Connecticut,Mild,,,,,,,,,0.0,,,89,,,,,,,,,,,cle|cle connecticut 46x5.75|corona
CLE Cigar Company,img/icons/manufacturers/clecigarcompany.svg,CLE,,img/icons/brands/cle.svg,,CLE Connecticut 50x5,,Robusto,5,50,Parejo,Ecuadoian Connecticut,Honduras,Honduras,Honduras,Connecticut,Mild,,,,,,,,,0.0,,,89,,,,,,,,,,,cle|cle connecticut 50x5|robusto
CLE Cigar Company,img/icons/manufacturers/clecigarcompany.svg,CLE,,img/icons/brands/cle.svg,,CLE Connecticut 54x4,,,4,54,Parejo,Ecuadoian Connecticut,Honduras,Honduras,Honduras,Connecticut,Mild,,,,,,,,,0.0,,,89,,,,,,,,,,,cle|cle connecticut 54x4|
CLE Cigar Company,img/icons/manufacturers/clecigarcompany.svg,CLE,,img/icons/brands/cle.svg,,CLE Connecticut 60x4,,Short Gordo,4,60,Parejo,Ecuadoian Connecticut,Honduras,Honduras,Honduras,Connecticut,Mild,,,,,,,,,0.0,,,89,,,,,,,,,,,cle|cle connecticut 60x4|short gordo
CLE Cigar Company,img/icons/manufacturers/clecigarcompany.svg,CLE,,img/icons/brands/cle.svg,,CLE Connecticut 60x6,,Gordo,6,60,Parejo,Ecuadoian Connecticut,Honduras,Honduras,Honduras,Connecticut,Mild,,,,,,,,,0.0,,,89,,,,,,,,,,,cle|cle connecticut 60x6|gordo
CLE Cigar Company,img/icons/manufacturers/clecigarcompany.svg,CLE,,img/icons/brands/cle.svg,,CLE Connecticut 70x4,,Short Gordo,4,70,Parejo,Ecuadoian Connecticut,Honduras,Honduras,Honduras,Connecticut,Mild,,,,,,,,,0.0,,,89,,,,,,,,,,,cle|cle connecticut 70x4|short gordo
CLE Cigar Company,img/icons/manufacturers/clecigarcompany.svg,CLE,,img/icons/brands/cle.svg,,CLE Corojo 40x4,,Petite Corona,4,40,Parejo,Corojo,Honduras,Honduras,Honduras,Colorado,Full,,,,,,,,,0.0,,,89,,,,,,,,,,,cle|cle corojo 40x4|petite corona
CLE Cigar Company,img/icons/manufacturers/clecigarcompany.svg,CLE,,img/icons/brands/cle.svg,,CLE Corojo 46x5.75,,Double Corona,5.75,46,Parejo,Corojo,Honduras,Honduras,Honduras,Colorado,Full,,,,,,,,,0.0,,,89,,,,,,,,,,,cle|cle corojo 46x5.75|double corona
CLE Cigar Company,img/icons/manufacturers/clecigarcompany.svg,CLE,,img/icons/brands/cle.svg,,CLE Corojo 50x5,,Robusto,5,50,Parejo,Corojo,Honduras,Honduras,Honduras,Colorado,Full,,,,,,,,,0.0,,,89,,,,,,,,,,,cle|cle corojo 50x5|robusto
CLE Cigar Company,img/icons/manufacturers/clecigarcompany.svg,CLE,,img/icons/brands/cle.svg,,CLE Corojo 54x4,,,4,54,Parejo,Corojo,Honduras,Honduras,Honduras,Colorado,Full,,,,,,,,,0.0,,,89,,,,,,,,,,,cle|cle corojo 54x4|
CLE Cigar Company,img/icons/manufacturers/clecigarcompany.svg,CLE,,img/icons/brands/cle.svg,,CLE Corojo 60x4,,Short Gordo,4,60,Parejo,Corojo,Honduras,Honduras,Honduras,Colorado,Full,,,,,,,,,0.0,,,89,,,,,,,,,,,cle|cle corojo 60x4|short gordo
CLE Cigar Company,img/icons/manufacturers/clecigarcompany.svg,CLE,,img/icons/brands/cle.svg,,CLE Corojo 60x6,,Gordo,6,60,Parejo,Corojo,Honduras,Honduras,Honduras,Colorado,Full,,,,,,,,,0.0,,,89,,,,,,,,,,,cle|cle corojo 60x6|gordo
CLE Cigar Company,img/icons/manufacturers/clecigarcompany.svg,CLE,,img/icons/brands/cle.svg,,CLE Corojo 70x4,,Short Gordo,4,70,Parejo,Corojo,Honduras,Honduras,Honduras,Colorado,Full,,,,,,,,,0.0,,,89,,,,,,,,,,,cle|cle corojo 70x4|short gordo
CLE Cigar Company,img/icons/manufacturers/clecigarcompany.svg,CLE,,img/icons/brands/cle.svg,,CLE Habano 40x4,,Petite Corona,4,40,Parejo,Honduran Habano,Honduras,Honduras,Honduras,Natural,Medium,,,,,,,,,0.0,,,89,,,,,,,,,,,cle|cle habano 40x4|petite corona
CLE Cigar Company,img/icons/manufacturers/clecigarcompany.svg,CLE,,img/icons/brands/cle.svg,,CLE Habano 46x5.75,,Corona,5.75,46,Parejo,Honduran Habano,Honduras,Honduras,Honduras,Natural,Medium,,,,,,,,,0.0,,,89,,,,,,,,,,,cle|cle habano 46x5.75|corona
CLE Cigar Company,img/icons/manufacturers/clecigarcompany.svg,CLE,,img/icons/brands/cle.svg,,CLE Habano 50x5,,Robusto,5,50,Parejo,Honduran Habano,Honduras,Honduras,Honduras,Natural,Medium,,,,,,,,,0.0,,,89,,,,,,,,,,,cle|cle habano 50x5|robusto
CLE Cigar Company,img/icons/manufacturers/clecigarcompany.svg,CLE,,img/icons/brands/cle.svg,,CLE Habano 54x4,,,4,54,Parejo,Honduran Habano,Honduras,Honduras,Honduras,Natural,Medium,,,,,,,,,0.0,,,89,,,,,,,,,,,cle|cle habano 54x4|
CLE Cigar Company,img/icons/manufacturers/clecigarcompany.svg,CLE,,img/icons/brands/cle.svg,,CLE Habano 60x4,,Short Gordo,4,60,Parejo,Honduran Habano,Honduras,Honduras,Honduras,Natural,Medium,,,,,,,,,0.0,,,89,,,,,,,,,,,cle|cle habano 60x4|short gordo
CLE Cigar Company,img/icons/manufacturers/clecigarcompany.svg,CLE,,img/icons/brands/cle.svg,,CLE Habano 60x6,,Gordo,6,60,Parejo,Honduran Habano,Honduras,Honduras,Honduras,Natural,Medium,,,,,,,,,0.0,,,89,,,,,,,,,,,cle|cle habano 60x6|gordo
CLE Cigar Company,img/icons/manufacturers/clecigarcompany.svg,CLE,,img/icons/brands/cle.svg,,CLE Habano 70x4,,Short Gordo,4,70,Parejo,Honduran Habano,Honduras,Honduras,Honduras,Natural,Medium,,,,,,,,,0.0,,,89,,,,,,,,,,,cle|cle habano 70x4|short gordo
CLE Cigar Company,img/icons/manufacturers/clecigarcompany.svg,CLE,,img/icons/brands/cle.svg,,CLE Prieto 40x4,,Petite Corona,4,40,Box-Pressed Parejo,USA Connecticut Broadleaf,Nicaragua,Nicaragua,Nicaragua,Maduro,Medium-Full,,,,,,,,,0.0,,,89,,,,,,,,,,,cle|cle prieto 40x4|petite corona
CLE Cigar Company,img/icons/manufacturers/clecigarcompany.svg,CLE,,img/icons/brands/cle.svg,,CLE Prieto 46x6,,Double Corona,6,46,Box-Pressed Parejo,USA Connecticut Broadleaf,Nicaragua,Nicaragua,Nicaragua,Maduro,Medium-Full,,,,,,,,,0.0,,,89,,,,,,,,,,,cle|cle prieto 46x6|double corona
CLE Cigar Company,img/icons/manufacturers/clecigarcompany.svg,CLE,,img/icons/brands/cle.svg,,CLE Prieto 50x5,,Robusto,5,50,Box-Pressed Parejo,USA Connecticut Broadleaf,Nicaragua,Nicaragua,Nicaragua,Maduro,Medium-Full,,,,,,,,,0.0,,,89,,,,,,,,,,,cle|cle prieto 50x5|robusto
CLE Cigar Company,img/icons/manufacturers/clecigarcompany.svg,CLE,,img/icons/brands/cle.svg,,CLE Prieto 52x6,,Toro,6,52,Box-Pressed Parejo,USA Connecticut Broadleaf,Nicaragua,Nicaragua,Nicaragua,Maduro,Medium-Full,,,,,,,,,0.0,,,89,,,,,,,,,,,cle|cle prieto 52x6|toro
CLE Cigar Company,img/icons/manufacturers/clecigarcompany.svg,CLE,,img/icons/brands/cle.svg,,CLE Prieto 60x6,,Gordo,6,60,Box-Pressed Parejo,USA Connecticut Broadleaf,Nicaragua,Nicaragua,Nicaragua,Maduro,Medium-Full,,,,,,,,,0.0,,,89,,,,,,,,,,,cle|cle prieto 60x6|gordo
CLE Cigar Company,img/icons/manufacturers/clecigarcompany.svg,CLE,,img/icons/brands/cle.svg,,CLE Prieto Diadema,,Perfecto,7,52,Perfecto,USA Connecticut Broadleaf,Nicaragua,Nicaragua,Nicaragua,Maduro,Medium-Full,,,,,,,,,0.0,,,89,,,,,,,,,,,cle|cle prieto diadema|perfecto
CLE Cigar Company,img/icons/manufacturers/clecigarcompany.svg,CLE,,img/icons/brands/cle.svg,,CLE Signature Series 46x5.5,,Corona,5.5,46,,Undisclosed,Undisclosed,Undisclosed,Honduras,Maduro,,,,,,,,,,0.0,,,89,,,,,,,,,,,cle|cle signature series 46x5.5|corona
CLE Cigar Company,img/icons/manufacturers/clecigarcompany.svg,CLE,,img/icons/brands/cle.svg,,CLE Signature Series 50x4.5,,Robusto,4.5,50,,Undisclosed,Undisclosed,Undisclosed,Honduras,Maduro,,,,,,,,,,0.0,,,89,,,,,,,,,,,cle|cle signature series 50x4.5|robusto
CLE Cigar Company,img/icons/manufacturers/clecigarcompany.svg,CLE,,img/icons/brands/cle.svg,,CLE Signature Series 60x6,,Gordo,6,60,,Undisclosed,Undisclosed,Undisclosed,Honduras,Maduro,,,,,,,,,,0.0,,,89,,,,,,,,,,,cle|cle signature series 60x6|gordo
CLE Cigar Company,img/icons/manufacturers/clecigarcompany.svg,CLE,,img/icons/brands/cle.svg,,CLE Signature Series THT-EKE TAA 11/18,,Perfecto,6,54,Perfecto,Undisclosed,Undisclosed,Undisclosed,Honduras,Maduro,,,,,,,,,,0.0,,,89,,,,,,,,,,,cle|cle signature series tht-eke taa 11/18|perfecto
,,Cloud Hopper,,,No. 53,Cloud Hopper No. 53,https://www.cigaraficionado.com/top25/2021/cloud-hopper-no-53,Corona,5.25,42,Parejo,Nicaragua,Nicaragua,Nicaragua,Nicaragua,,,,,,,,,,,0.0,,,89,,,,,,,,Aficionado,2021.0,11.0,cloud hopper|cloud hopper no. 53|corona
,img/icons/manufacturers/cohibacuba.svg,Cohiba,,img/icons/brands/cohibacuba.svg,Behike,BHK 52,https://www.cigaraficionado.com/top25cigar/cohiba-behike-bhk-52-2009,Robusto,4.75,52,Parejo,Cuba,Cuba,Cuba,Cuba,,,Cuba,,,,,,,,0.0,,,89,,,,,,,,Aficionado,2009.0,2.0,cohiba|bhk 52|robusto
,img/icons/manufacturers/cohibacuba.svg,Cohiba,,img/icons/brands/cohibacuba.svg,Behike,BHK 52,https://www.cigaraficionado.com/top25cigar/cohiba-behike-bhk-52-2010,Robusto,4.75,52,Parejo,Cuba,Cuba,Cuba,Cuba,,,Cuba,,,,,,,,0.0,,,89,,,,,,,,Aficionado,2010.0,1.0,cohiba|bhk 52|robusto
,img/icons/manufacturers/cohibacuba.svg,Cohiba,,img/icons/brands/cohibacuba.svg,Behike,BHK 54,https://www.cigaraficionado.com/top25cigar/cohiba-behike-bhk-54-2013,Robusto Extra,5.75,54,Parejo,Cuba,Cuba,Cuba,Cuba,,,Cuba,,,,,,,,0.0,,,89,,,,,,,,Aficionado,2013.0,12.0,cohiba|bhk 54|robusto extra
,img/icons/manufacturers/cohibacuba.svg,Cohiba,,img/icons/brands/cohibacuba.svg,Behike,BHK 52,https://www.cigaraficionado.com/top25cigar/cohiba-behike-bhk-52-2014,Robusto,4.75,52,Parejo,Cuba,Cuba,Cuba,Cuba,,,Cuba,,,,,,,,0.0,,,89,,,,,,,,Aficionado,2014.0,8.0,cohiba|bhk 52|robusto
,img/icons/manufacturers/cohibacuba.svg,Cohiba,,img/icons/brands/cohibacuba.svg,Clásico Espléndidos,Espléndidos,,,,,,Cuba,Cuba,Cuba,Cuba,,,Cuba,,,,,,,,0.0,,,89,,,,,,,,Cigar Journal,2013.0,5.0,cohiba|espléndidos|
General Cigar Co.,img/icons/manufacturers/generalcigarco.svg,COHIBA,,img/icons/brands/cohiba.svg,Cohiba,Robusto,,Robusto,5,49,Parejo,,,,,,,Cuba,,,,,,,,28.96,724,25,89,28.96,349.5,13.98,14.98,07956-COHR,,,Aficionado,2008.0,5.0,cohiba|robusto|robusto
General Cigar Co.,img/icons/manufacturers/generalcigarco.svg,COHIBA,,img/icons/brands/cohiba.svg,Cohiba,Toro Tubo,,Toro,6,50,Parejo,,,,,,,,,Tubo,,,,,,30.16,301.6,10,89,30.16,145.8,14.58,15.58,07998-COHC,,,,,,cohiba|toro tubo|toro
General Cigar Co.,img/icons/manufacturers/generalcigarco.svg,COHIBA,,img/icons/brands/cohiba.svg,Cohiba,Crystal Corona,,Corona,5.5,42,Parejo,,,,,,,,,Tubo,,,,,,28.66,573.2,20,89,28.66,276.6,13.83,14.83,07964-COHC,,,,,,cohiba|crystal corona|corona
General Cigar Co.,img/icons/manufacturers/generalcigarco.svg,COHIBA,,img/icons/brands/cohiba.svg,Cohiba,Corona Minor,,Petit Corona,4,42,Parejo,,,,,,,,,,,,,,,18.66,466.5,25,89,18.66,220.75,8.83,9.83,07966-COHC,,,,,,cohiba|corona minor|petit corona
General Cigar Co.,img/icons/manufacturers/generalcigarco.svg,COHIBA,,img/icons/brands/cohiba.svg,Cohiba,Robusto Fino,,Robusto,4.75,47,Parejo,,,,,,,,,,,,,,,24.16,604,25,89,24.16,289.5,11.58,12.58,07960-COHR,,,,,,cohiba|robusto fino|robusto
General Cigar Co.,img/icons/manufacturers/generalcigarco.svg,COHIBA,,img/icons/brands/cohiba.svg,Cohiba,Corona,,Corona,5.12,42,Parejo,,,,,,,,,,,,,,,24.66,616.5,25,89,24.66,295.75,11.83,12.83,07961-COHC,,,,,,cohiba|corona|corona
General Cigar Co.,img/icons/manufacturers/generalcigarco.svg,COHIBA,,img/icons/brands/cohiba.svg,Cohiba,Lonsdale Grande,,Lonsdale,6.25,47,Parejo,,,,,,,,,,,,,,,29.06,726.5,25,89,29.06,350.75,14.03,15.03,07959-COHL,,,,,,cohiba|lonsdale grande|lonsdale
General Cigar Co.,img/icons/manufacturers/generalcigarco.svg,COHIBA,,img/icons/brands/cohiba.svg,Cohiba,Churchill,,Churchill,7,49,Parejo,,,,,,,,,,,,,,,31.66,791.5,25,89,31.66,383.25,15.33,16.33,07957-COHC,,,,,,cohiba|churchill|churchill
General Cigar Co.,img/icons/manufacturers/generalcigarco.svg,COHIBA,,img/icons/brands/cohiba.svg,Cohiba Black,Robusto Tubo,,Robusto,5.5,50,Parejo,,,,,Oscuro,,,,Tubo,,,,,,30.16,241.28,8,89,30.16,116.64,14.58,15.58,07983-COHR,,,,,,cohiba|robusto tubo|robusto
General Cigar Co.,img/icons/manufacturers/generalcigarco.svg,COHIBA,,img/icons/brands/cohiba.svg,Cohiba Black,Gigante Tubo,,Gordo,6,60,Parejo,,,,,Oscuro,,,,Tubo,,,,,,34.16,683.2,20,89,34.16,331.6,16.58,17.58,06156-COHG,,,,,,cohiba|gigante tubo|gordo
General Cigar Co.,img/icons/manufacturers/generalcigarco.svg,COHIBA,,img/icons/brands/cohiba.svg,Cohiba Black,Corona,,Corona,5.5,42,Parejo,,,,,Oscuro,,,,,,,,,,25.16,629,25,89,25.16,302.0,12.08,13.08,07982-COHC,,,,,,cohiba|corona|corona
General Cigar Co.,img/icons/manufacturers/generalcigarco.svg,COHIBA,,img/icons/brands/cohiba.svg,Cohiba Black,Supremo,,Toro Gordo,6,54,Parejo,,,,,Oscuro,,,,,,,,,,31.16,779,25,89,31.16,377.0,15.08,16.08,07980-COHS,,,,,,cohiba|supremo|toro gordo
General Cigar Co.,img/icons/manufacturers/generalcigarco.svg,COHIBA,,img/icons/brands/cohiba.svg,Cohiba Black,Churchill,,Churchill,7,49,Parejo,,,,,Oscuro,,,,,,,,,,32.16,804,25,89,32.16,389.5,15.58,16.58,07981-COHC,,,,,,cohiba|churchill|churchill
General Cigar Co.,img/icons/manufacturers/generalcigarco.svg,COHIBA,,img/icons/brands/cohiba.svg,Cohiba Blue,Robusto,,Robusto,5.5,50,Parejo,,,,,,,Cuba,,,,,,,,15.66,313.2,20,89,15.66,146.6,7.33,8.33,04551-COHC,,,Aficionado,2008.0,5.0,cohiba|robusto|robusto
General Cigar Co.,img/icons/manufacturers/generalcigarco.svg,COHIBA,,img/icons/brands/cohiba.svg,Cohiba Blue,Gigante 7x70,,Gigante,7,70,Parejo,,,,,,,,,,,,,,,19.8,297,15,89,19.8,141.0,9.4,10.4,05132-COHB,,,,,,cohiba|gigante 7x70|gigante
General Cigar Co.,img/icons/manufacturers/generalcigarco.svg,COHIBA,,img/icons/brands/cohiba.svg,Cohiba Blue,Rothschild,,Rothschild,4.5,50,Parejo,,,,,,,,,,,,,,,14.16,283.2,20,89,14.16,131.6,6.58,7.58,04552-COHC,,,,,,cohiba|rothschild|rothschild
General Cigar Co.,img/icons/manufacturers/generalcigarco.svg,COHIBA,,img/icons/brands/cohiba.svg,Cohiba Blue,Toro,,Toro Gordo,6,54,Parejo,,,,,,,,,,,,,,,16.66,333.2,20,89,16.66,156.6,7.83,8.83,04553-COHC,,,,,,cohiba|toro|toro gordo
General Cigar Co.,img/icons/manufacturers/generalcigarco.svg,COHIBA,,img/icons/brands/cohiba.svg,Cohiba Blue,Churchill,,Churchill,7.5,50,Parejo,,,,,,,,,,,,,,,17.66,353.2,20,89,17.66,166.6,8.33,9.33,04550-COHC,,,,,,cohiba|churchill|churchill
General Cigar Co.,img/icons/manufacturers/generalcigarco.svg,COHIBA,,img/icons/brands/cohiba.svg,Cohiba Blue,Robusto Tubo,,Robusto,5.5,50,Parejo,,,,,,,,,Tubo,,,,,,18.08,361.6,20,89,18.08,170.8,8.54,9.54,04841-COHB,,,,,,cohiba|robusto tubo|robusto
General Cigar Co.,img/icons/manufacturers/generalcigarco.svg,COHIBA,,img/icons/brands/cohiba.svg,Cohiba Connecticut,Robusto,,Robusto,5.5,50,Parejo,,,,,,,Cuba,,,,,,,,28.16,563.2,20,89,28.16,271.6,13.58,14.58,04799-COHC,,,Aficionado,2008.0,5.0,cohiba|robusto|robusto
General Cigar Co.,img/icons/manufacturers/generalcigarco.svg,COHIBA,,img/icons/brands/cohiba.svg,Cohiba Connecticut,Robusto Tubo,,Robusto,5,50,Parejo,,,,,,,,,Tubo,,,,,,29.16,291.6,10,89,29.16,140.8,14.08,15.08,04802-COHC,,,,,,cohiba|robusto tubo|robusto
General Cigar Co.,img/icons/manufacturers/generalcigarco.svg,COHIBA,,img/icons/brands/cohiba.svg,Cohiba Connecticut,Toro Tubo,,Toro,6.5,52,Parejo,,,,,,,,,Tubo,,,,,,32.06,320.6,10,89,32.06,155.3,15.53,16.53,05140-COHC,,,,,,cohiba|toro tubo|toro
General Cigar Co.,img/icons/manufacturers/generalcigarco.svg,COHIBA,,img/icons/brands/cohiba.svg,Cohiba Connecticut,Toro,,Toro,6.5,52,Parejo,,,,,,,,,,,,,,,30.16,603.2,20,89,30.16,291.6,14.58,15.58,04800-COHC,,,,,,cohiba|toro|toro
General Cigar Co.,img/icons/manufacturers/generalcigarco.svg,COHIBA,,img/icons/brands/cohiba.svg,Cohiba Connecticut,Gigante,,Gordo,6,60,Parejo,,,,,,,,,,,,,,,31.86,637.2,20,89,31.86,308.6,15.43,16.43,04801-COHC,,,,,,cohiba|gigante|gordo
General Cigar Co.,img/icons/manufacturers/generalcigarco.svg,COHIBA,,img/icons/brands/cohiba.svg,Cohiba Nicaragua,N 5x52 en Crystale,,Robusto,5,52,Parejo,,,,,,,,,Tubo,,,,,,23.16,185.28,8,89,23.16,88.64,11.08,12.08,06153-COHN,,,,,,cohiba|n 5x52 en crystale|robusto
General Cigar Co.,img/icons/manufacturers/generalcigarco.svg,COHIBA,,img/icons/brands/cohiba.svg,Cohiba Nicaragua,N 4 7/8 x 50,,Robusto,4.88,50,Parejo,,,,,,,,,,,,,,,21.16,338.56,16,89,21.16,161.28,10.08,11.08,06152-COHN,,,,,,cohiba|n 4 7/8 x 50|robusto
General Cigar Co.,img/icons/manufacturers/generalcigarco.svg,COHIBA,,img/icons/brands/cohiba.svg,Cohiba Nicaragua,N 5.25 x 54,,Robusto Gordo,5.25,54,Parejo,,,,,,,,,,,,,,,24.16,386.56,16,89,24.16,185.28,11.58,12.58,06154-COHN,,,,,,cohiba|n 5.25 x 54|robusto gordo
General Cigar Co.,img/icons/manufacturers/generalcigarco.svg,COHIBA,,img/icons/brands/cohiba.svg,Cohiba Nicaragua,N6 x 60 Gordo,,Gordo,6,60,Parejo,,,,,,,,,,,,,,,25.66,410.56,16,89,25.66,197.28,12.33,13.33,06399-COHN,,,,,,cohiba|n6 x 60 gordo|gordo
General Cigar Co.,img/icons/manufacturers/generalcigarco.svg,COHIBA,,img/icons/brands/cohibariviera.svg,Cohiba Riviera,Robusto,,Robusto,5,52,Parejo,,,,,,,Cuba,BP,,,,,,,23.04,460.8,20,89,23.04,220.4,11.02,12.02,05643-COHR,,,Aficionado,2008.0,5.0,cohiba|robusto|robusto
General Cigar Co.,img/icons/manufacturers/generalcigarco.svg,COHIBA,,img/icons/brands/cohibariviera.svg,Cohiba Riviera,Toro Tubo,,Toro,6.5,52,Parejo,,,,,,,,,Tubo,,,,,,26.0,260,10,89,26.0,125.0,12.5,13.5,06114-COHR,,,,,,cohiba|toro tubo|toro
General Cigar Co.,img/icons/manufacturers/generalcigarco.svg,COHIBA,,img/icons/brands/cohibariviera.svg,Cohiba Riviera,Perfecto,,Perfecto,6,60,Perfecto,,,,,,,,BP,,,,,,,26.54,265.4,10,89,26.54,127.7,12.77,13.77,05645-COHR,,,,,,cohiba|perfecto|perfecto
General Cigar Co.,img/icons/manufacturers/generalcigarco.svg,COHIBA,,img/icons/brands/cohibariviera.svg,Cohiba Riviera,Riviera Lancero,,Lancero,7,38,Parejo,Mexico,Honduras,"Honduras, Nicaragua",Nicaragua,,,,,,,,,,,17.02,255.3,15,89,17.02,120.15,8.01,9.01,06109-COHR,,,Cigar Journal,2024.0,18.0,cohiba|cohiba riviera lancero|lancero
General Cigar Co.,img/icons/manufacturers/generalcigarco.svg,COHIBA,,img/icons/brands/cohibariviera.svg,Cohiba Riviera,Toro,,Toro,6.5,52,Parejo,,,,,,,,BP,,,,,,,25.04,500.8,20,89,25.04,240.4,12.02,13.02,05644-COHR,,,,,,cohiba|toro|toro
General Cigar Co.,img/icons/manufacturers/generalcigarco.svg,COHIBA,,img/icons/brands/cohiba.svg,Cohiba Royale,Robusto,,Robusto,5.5,54,Parejo,,,,,,,Cuba,,,,,,,,34.12,341.2,10,89,34.12,165.6,16.56,17.56,06115-COHR,,,Aficionado,2008.0,5.0,cohiba|robusto|robusto
General Cigar Co.,img/icons/manufacturers/generalcigarco.svg,COHIBA,,img/icons/brands/cohiba.svg,Cohiba Royale,Toro,,Toro,6,50,Parejo,,,,,,,,,,,,,,,37.52,375.2,10,89,37.52,182.6,18.26,19.26,06116-COHR,,,,,,cohiba|toro|toro
General Cigar Co.,img/icons/manufacturers/generalcigarco.svg,COHIBA,,img/icons/brands/cohibarubicon.svg,Cohiba Rubicon,Robusto Box-Pressed,,Robusto,5.5,55,Parejo,,,,,,,,BP,,,,,,,9.52,190.4,20,89,9.52,85.2,4.26,5.26,06124-COHR,,,,,,cohiba|robusto box-pressed|robusto
General Cigar Co.,img/icons/manufacturers/generalcigarco.svg,COHIBA,,img/icons/brands/cohibarubicon.svg,Cohiba Rubicon,Toro,,Toro Gordo,6,54,Parejo,,,,,,,,,,,,,,,9.92,198.4,20,89,9.92,89.2,4.46,5.46,06125-COHR,,,,,,cohiba|toro|toro gordo
General Cigar Co.,img/icons/manufacturers/generalcigarco.svg,COHIBA,,img/icons/brands/cohibarubicon.svg,Cohiba Rubicon,Gigante,,Gordo,6,60,Parejo,,,,,,,,,,,,,,,10.5,210,20,89,10.5,95.0,4.75,5.75,06126-COHR,,,,,,cohiba|gigante|gordo
,img/icons/manufacturers/cohibacuba.svg,Cohiba,,img/icons/brands/cohibacuba.svg,Edición Limitada,55 Aniversario 2021,https://www.cigaraficionado.com/top25/2022/cohiba-55-aniversario-edicion-limitada-2021,Robusto Extra,5.875,57,Parejo,Cuba,Cuba,Cuba,Cuba,,,Cuba,,,,,,,,0.0,,,89,,,,,,,,Aficionado,2022.0,17.0,cohiba|55 aniversario 2021|robusto extra
,img/icons/manufacturers/cohibacuba.svg,Cohiba,,img/icons/brands/cohibacuba.svg,Maduro 5,Maduro 5 Magicos,https://www.cigaraficionado.com/top25cigar/cohiba-maduro-5-magicos-2024,Robusto,4.5,52,Parejo,Cuba,Cuba,Cuba,Cuba,Maduro,,Cuba,,,,,,,,0.0,,,89,,,,,,,,Aficionado,2024.0,8.0,cohiba|maduro 5 magicos|robusto
,img/icons/manufacturers/cohibacuba.svg,Cohiba,,img/icons/brands/cohibacuba.svg,Maduro 5 Secretos,Secretos,,,,,,Cuba,Cuba,Cuba,Cuba,,,Cuba,,,,,,,,0.0,,,89,,,,,,,,Cigar Journal,2015.0,4.0,cohiba|secretos|
,img/icons/manufacturers/cohibacuba.svg,Cohiba,,img/icons/brands/cohibacuba.svg,Piramides Extra,Cohiba Piramidesss Extra,https://www.cigaraficionado.com/top25/2023/cohiba-Piramidesss-extra,Piramidess,6.25,54,,Cuba,Cuba,Cuba,Cuba,,,Cuba,,,,,,,,0.0,,,89,,,,,,,,Aficionado,2023.0,16.0,cohiba|cohiba piramidesss extra|piramidess
,img/icons/manufacturers/generalcigarco.svg,Cohiba,,img/icons/brands/cohiba.svg,Riviera,Cohiba Riviera Robusto,https://www.cigaraficionado.com/top25cigar/cohiba-riviera-robusto-2024,Robusto,5,50,Parejo,Mexico,Nicaragua,Nicaragua,Nicaragua,,,,,,,,,,,0.0,,,89,,,,,,,,Aficionado,2024.0,20.0,cohiba|cohiba riviera robusto|robusto
,,Cohiba,,,Robusto,,https://www.cigaraficionado.com/top25cigar/cohiba-robusto-2007,Robusto,4.88,50,Parejo,Cuba,Cuba,Cuba,Cuba,,,Cuba,,,,,,,,0.0,,,89,,,,,,,,Aficionado,2007.0,3.0,cohiba||robusto
,img/icons/manufacturers/cohibacuba.svg,Cohiba,,img/icons/brands/cohibacuba.svg,Siglo,Siglo VI Tubo,https://www.cigaraficionado.com/top25cigar/cohiba-siglo-vi-2016,Toro,5.88,52,Parejo,Cuba,Cuba,Cuba,Cuba,,,Cuba,,,,,,,,0.0,,,89,,,,,,,,Cigar Journal,2016.0,19.0,cohiba|siglo vi tubo|toro
,img/icons/manufacturers/cohibacuba.svg,Cohiba,,img/icons/brands/cohibacuba.svg,Siglo Series,Cohiba Siglo VI,https://www.cigaraficionado.com/top25/2021/cohiba-siglo-vi,Corona Gorda,5.875,52,Parejo,Cuba,Cuba,Cuba,Cuba,,,Cuba,,,,,,,,0.0,,,89,,,,,,,,Aficionado,2021.0,8.0,cohiba|cohiba siglo vi|corona gorda
,img/icons/manufacturers/cohibacuba.svg,Cohiba,,img/icons/brands/cohibacuba.svg,,Siglo VI Canonazo,,Robusto Gordo,5.88,52,Parejo,Cuba,Cuba,Cuba,Cuba,,,Cuba,,,,,,,,0.0,,,89,,,,,,,,Aficionado,2004.0,3.0,cohiba|siglo vi canonazo|robusto gordo
,img/icons/manufacturers/cohibacuba.svg,Cohiba,,img/icons/brands/cohibacuba.svg,,Siglo II,,Petit Corona,5.12,42,Parejo,Cuba,Cuba,Cuba,Cuba,,,Cuba,,,,,,,,0.0,,,89,,,,,,,,Aficionado,2005.0,15.0,cohiba|siglo ii|petit corona
,img/icons/manufacturers/cohibacuba.svg,Cohiba,,img/icons/brands/cohibacuba.svg,,Medio Siglo,,,,,,Cuba,Cuba,Cuba,Cuba,,,Cuba,,,,,,,,0.0,,,89,,,,,,,,Cigar Journal,2016.0,19.0,cohiba|medio siglo|
,,Cohiba,,,,Cohiba Robusto,https://www.cigaraficionado.com/top25/2019/cohiba-robusto,Robusto,4.875,50,Parejo,Cuba,Cuba,Cuba,Cuba,,,Cuba,,,,,,,,0.0,,,89,,,,,,,,Aficionado,2019.0,4.0,cohiba|cohiba robusto|robusto
,,Confidenciaal,,,,CONFIDENCIAAL FIFTYSIX,,,,,,undisclosed,undisclosed,undisclosed,undisclosed,,,,,,,,,,,0.0,,,89,,,,,,,,Cigar Journal,2023.0,19.0,confidenciaal|confidenciaal fiftysix|
,,Conspiracy,,,,CONSPIRACY TORO MADURO,,Toro,,,Parejo,Mexico,undisclosed,undisclosed,Dominican Republic,Maduro,,,,,,,,,,0.0,,,89,,,,,,,,Cigar Journal,2024.0,24.0,conspiracy|conspiracy toro maduro|toro
Drew Estate,img/icons/manufacturers/drewestate.svg,Crazy Alice,,img/icons/brands/crazyalice.svg,,Crazy Alice,,Cigarillo,4,38-52,Parejo,,,,,,,,,,FS,,,,,8.75,87.5,10,89,10.406,47.03,4.703,5.703,Q-01-14-069,30.0,,,,,crazy alice|crazy alice|cigarillo
,,Crowned Heads,,,Four Kicks,Robusto,https://www.cigaraficionado.com/top25cigar/four-kicks-robusto-2008,Robusto,5,50,Parejo,Ecuador Habano,Nicaragua,Nicaragua,Nicaragua,,,,,,,,,,,0.0,,,89,,,,,,,,Aficionado,2008.0,25.0,crowned heads|robusto|robusto
,,Crowned Heads,,,Four Kicks,Robusto,https://www.cigaraficionado.com/top25cigar/four-kicks-robusto-2009,Robusto,5,50,Parejo,Ecuador Habano,Nicaragua,Nicaragua,Nicaragua,,,,,,,,,,,0.0,,,89,,,,,,,,Aficionado,2009.0,23.0,crowned heads|robusto|robusto
,,Crowned Heads,,,Four Kicks,Robusto,https://www.cigaraficionado.com/top25cigar/four-kicks-robusto-2011,Robusto,5,50,Parejo,Ecuador Habano,Nicaragua,Nicaragua,Nicaragua,,,,,,,,,,,0.0,,,89,,,,,,,,Aficionado,2011.0,21.0,crowned heads|robusto|robusto
,,Crowned Heads,,,Four Kicks,Robusto,https://www.cigaraficionado.com/top25cigar/four-kicks-robusto-2012,Robusto,5,50,Parejo,Ecuador Habano,Nicaragua,Nicaragua,Nicaragua,,,,,,,,,,,0.0,,,89,,,,,,,,Aficionado,2012.0,23.0,crowned heads|robusto|robusto
,,Crowned Heads,,,Jericho Hill,12 Honest Men,https://www.cigaraficionado.com/top25cigar/crowned-heads-jericho-hill-12-honest-men-2015,Panatela,5.38,44,,Mexico San Andrés,Nicaragua,Nicaragua,Nicaragua,,,,,,,,,,,0.0,,,89,,,,,,,,Aficionado,2015.0,23.0,crowned heads|12 honest men|panatela
,,Crowned Heads,,,,Juarez OBS,https://www.cigaraficionado.com/top25/2019/juarez-obs,Robusto,4.75,50,Parejo,Mexico,Ecuador,Nicaragua,Nicaragua,,,,,,,,,,,0.0,,,89,,,,,,,,Aficionado,2019.0,11.0,crowned heads|juarez obs|robusto
Oliva,img/icons/manufacturers/oliva.svg,Cuba Aliados,,img/icons/brands/oliva.svg,Cuba Aliados Cab by EPC,5x50 Cab,,Robusto,5,50,Parejo,,,,,,,,,,,,,,,16.898,337.96,20,89,16.898,158.98,7.949,8.949,TICB210,,,,,,cuba aliados|5x50 cab|robusto
Oliva,img/icons/manufacturers/oliva.svg,Cuba Aliados,,img/icons/brands/oliva.svg,Cuba Aliados Cab by EPC,Cab,,Toro,6,52,Parejo,,,,,,,,,,,,,,,17.439,348.78,20,89,17.439,164.39,8.2195,9.2195,TICB220,,,,,,cuba aliados|cab|toro
Oliva,img/icons/manufacturers/oliva.svg,Cuba Aliados,,img/icons/brands/oliva.svg,Cuba Aliados Cab by EPC,7x50 Cab,,Churchill,7,50,Parejo,,,,,,,,,,,,,,,18.088,361.76,20,89,18.088,170.88,8.544,9.544,TICB250,,,,,,cuba aliados|7x50 cab|churchill
Oliva,img/icons/manufacturers/oliva.svg,Cuba Aliados,,img/icons/brands/oliva.svg,Cuba Aliados Cab by EPC,6x60 Cab,,Gordo,6,60,Parejo,,,,,,,,,,,,,,,18.628,372.56,20,89,18.628,176.28,8.814,9.814,TICB240,,,,,,cuba aliados|6x60 cab|gordo
Oliva,img/icons/manufacturers/oliva.svg,Cuba Aliados,,img/icons/brands/oliva.svg,Cuba Aliados Cab by EPC,6x54T Cab,,Torpedo,6,54,Torpedo,,,,,,,,,,,,,,,17.763,355.26,20,89,17.763,167.63,8.3815,9.3815,TICB230,,,,,,cuba aliados|6x54t cab|torpedo
Oliva,img/icons/manufacturers/oliva.svg,Cuba Aliados,,img/icons/brands/oliva.svg,Cuba Aliados Original,5x50 Nat,,Robusto,5,50,Parejo,,,,,,,,,,,,,,,12.356,247.12,20,89,12.356,113.56,5.678,6.678,TICB010,,,,,,cuba aliados|5x50 nat|robusto
Oliva,img/icons/manufacturers/oliva.svg,Cuba Aliados,,img/icons/brands/oliva.svg,Cuba Aliados Original,6x52 Nat,,Toro,6,52,Parejo,,,,,,,,,,,,,,,12.897,257.94,20,89,12.897,118.97,5.9485,6.9485,TICB020,,,,,,cuba aliados|6x52 nat|toro
Oliva,img/icons/manufacturers/oliva.svg,Cuba Aliados,,img/icons/brands/oliva.svg,Cuba Aliados Original,7x50 Nat,,Churchill,7,50,Parejo,,,,,,,,,,,,,,,14.086,281.72,20,89,14.086,130.86,6.543,7.543,TICB050,,,,,,cuba aliados|7x50 nat|churchill
Oliva,img/icons/manufacturers/oliva.svg,Cuba Aliados,,img/icons/brands/oliva.svg,Cuba Aliados Original,6x60 Nat,,Gordo,6,60,Parejo,,,,,,,,,,,,,,,14.627,292.54,20,89,14.627,136.27,6.8135,7.8135,TICB040,,,,,,cuba aliados|6x60 nat|gordo
Oliva,img/icons/manufacturers/oliva.svg,Cuba Aliados,,img/icons/brands/oliva.svg,Cuba Aliados Original,6x54T Nat,,Torpedo,6,54,Torpedo,,,,,,,,,,,,,,,13.545,270.9,20,89,13.545,125.45,6.2725,7.2725,TICB030,,,,,,cuba aliados|6x54t nat|torpedo
,,Cubiche,,img/icons/brands/cubiche.svg,,Cubiche Cuban Wannabe Churchill,,Churchill,7,48,Parejo,Nicaragua,Nicaragua,Nicaragua,Nicaragua,Connecticut Shade,Mild,,,,,,,,,0.0,,,89,,,,,,,,,,,cubiche|cubiche cuban wannabe churchill|churchill
,,Cubiche,,img/icons/brands/cubiche.svg,,Cubiche Cuban Wannabe Toro,,Toro,6,52,Parejo,Nicaragua,Nicaragua,Nicaragua,Nicaragua,Connecticut Shade,Mild,,,,,,,,,0.0,,,89,,,,,,,,,,,cubiche|cubiche cuban wannabe toro|toro
,,Cuesta Rey,,img/icons/brands/cuestarey.svg,,Centro Fino No. 60,,Toro,6,50,Parejo,Ecuadorian Centro Fino Sungrown,Dominican Republic,Dominican Republic,Dominican Republic,Natural,Medium,,,,,,,,,0.0,,,89,,,,,,,,,,,cuesta rey|centro fino no. 60|toro
,,Cuesta Rey,,img/icons/brands/cuestarey.svg,,Pyramid No. 9,,Pyramid,6.25,52,Pyramid,Ecuadorian Centro Fino Sungrown,Dominican Republic,Dominican Republic,Dominican Republic,Natural,Medium,,,,,,,,,0.0,,,89,,,,,,,,,,,cuesta rey|pyramid no. 9|pyramid
,,Cuesta Rey,,img/icons/brands/cuestarey.svg,,Robusto No. 7,,Robusto,4.5,50,Parejo,Ecuadorian Centro Fino Sungrown,Dominican Republic,Dominican Republic,Dominican Republic,Natural,Medium,,,,,,,,,0.0,,,89,,,,,,,,,,,cuesta rey|robusto no. 7|robusto
,,Cumpay,,,,Cumpay Maduro Robusto,,Robusto,4.75,50,Parejo,Nicaragua,Nicaragua,Nicaragua,Nicaragua,Maduro,,,,,,,,,,0.0,,,89,,,,,,,,Cigar Journal,2021.0,22.0,cumpay|cumpay maduro robusto|robusto
,,Cumpay,,,,CUMPAY LANCERO,,Lancero,,,Parejo,Nicaragua,Nicaragua,Nicaragua,Nicaragua,,,,,,,,,,,0.0,,,89,,,,,,,,Cigar Journal,2022.0,20.0,cumpay|cumpay lancero|lancero
Curivari,img/icons/manufacturers/curivari.svg,Curivari,,img/icons/brands/curivari.svg,,Achilles Eternos,,Toro,6.25,52,Parejo,Nicaragua,Nicaragua,,Nicaragua,,,,,,,,,,,0.0,,,89,,,,,,,,,,,curivari|achilles eternos|toro
Curivari,img/icons/manufacturers/curivari.svg,Curivari,,img/icons/brands/curivari.svg,,Achilles Gloriosos,,,5.75,56,,Nicaragua,Nicaragua,,Nicaragua,,,,,,,,,,,0.0,,,89,,,,,,,,,,,curivari|achilles gloriosos|
Curivari,img/icons/manufacturers/curivari.svg,Curivari,,img/icons/brands/curivari.svg,,Achilles Heroicos,,,5.25,50,,Nicaragua,Nicaragua,,Nicaragua,,,,,,,,,,,0.0,,,89,,,,,,,,,,,curivari|achilles heroicos|
Curivari,img/icons/manufacturers/curivari.svg,Curivari,,img/icons/brands/curivari.svg,,Achilles Invensibles 4,,,4.88,50,,Nicaragua,Nicaragua,,Nicaragua,,,,,,,,,,,0.0,,,89,,,,,,,,,,,curivari|achilles invensibles 4|
Curivari,img/icons/manufacturers/curivari.svg,Curivari,,img/icons/brands/curivari.svg,,Achilles Invensibles 5,,Robusto,5.5,52,Parejo,Nicaragua,Nicaragua,,Nicaragua,,,,,,,,,,,0.0,,,89,,,,,,,,,,,curivari|achilles invensibles 5|robusto
Curivari,img/icons/manufacturers/curivari.svg,Curivari,,img/icons/brands/curivari.svg,,Achilles Invensibles 6,,,6.25,54,,Nicaragua,Nicaragua,,Nicaragua,,,,,,,,,,,0.0,,,89,,,,,,,,,,,curivari|achilles invensibles 6|
Curivari,img/icons/manufacturers/curivari.svg,Curivari,,img/icons/brands/curivari.svg,,Achilles Mirmidones 52,,,5,52,,Nicaragua,Nicaragua,,Nicaragua,,,,,,,,,,,0.0,,,89,,,,,,,,,,,curivari|achilles mirmidones 52|
Curivari,img/icons/manufacturers/curivari.svg,Curivari,,img/icons/brands/curivari.svg,,Achilles Mirmidones 54,,,6,54,,Nicaragua,Nicaragua,,Nicaragua,,,,,,,,,,,0.0,,,89,,,,,,,,,,,curivari|achilles mirmidones 54|
Curivari,img/icons/manufacturers/curivari.svg,Curivari,,img/icons/brands/curivari.svg,,Achilles Mirmidones 58,,,6.75,58,,Nicaragua,Nicaragua,,Nicaragua,,,,,,,,,,,0.0,,,89,,,,,,,,,,,curivari|achilles mirmidones 58|
Curivari,img/icons/manufacturers/curivari.svg,Curivari,,img/icons/brands/curivari.svg,,Anniversario 1997 446,,,4,46,,Nicaragua,Nicaragua,,Nicaragua,,,,,,,,,,,0.0,,,89,,,,,,,,,,,curivari|anniversario 1997 446|
Curivari,img/icons/manufacturers/curivari.svg,Curivari,,img/icons/brands/curivari.svg,,Anniversario 1997 550 Robusto,,Robusto,5,50,Parejo,Nicaragua,Nicaragua,,Nicaragua,,,,,,,,,,,0.0,,,89,,,,,,,,,,,curivari|anniversario 1997 550 robusto|robusto
Curivari,img/icons/manufacturers/curivari.svg,Curivari,,img/icons/brands/curivari.svg,,Anniversario 1997 556,,,5.5,56,,Nicaragua,Nicaragua,,Nicaragua,,,,,,,,,,,0.0,,,89,,,,,,,,,,,curivari|anniversario 1997 556|
Curivari,img/icons/manufacturers/curivari.svg,Curivari,,img/icons/brands/curivari.svg,,Anniversario 1997 650,,,6,50,,Nicaragua,Nicaragua,,Nicaragua,,,,,,,,,,,0.0,,,89,,,,,,,,,,,curivari|anniversario 1997 650|
Curivari,img/icons/manufacturers/curivari.svg,Curivari,,img/icons/brands/curivari.svg,,Anniversario 1997 T,,Torpedo,6.25,52,Pyramid,Nicaragua,Nicaragua,,Nicaragua,,,,,,,,,,,0.0,,,89,,,,,,,,,,,curivari|anniversario 1997 t|torpedo
Curivari,img/icons/manufacturers/curivari.svg,Curivari,,img/icons/brands/curivari.svg,,Archimedes 546,,Corona,5.5,46,Parejo,Nicaragua,Nicaragua,,Nicaragua,,,,,,,,,,,0.0,,,89,,,,,,,,,,,curivari|archimedes 546|corona
Curivari,img/icons/manufacturers/curivari.svg,Curivari,,img/icons/brands/curivari.svg,,Archimedes 550 Robusto,,Robusto,5,50,Parejo,Nicaragua,Nicaragua,,Nicaragua,,,,,,,,,,,0.0,,,89,,,,,,,,,,,curivari|archimedes 550 robusto|robusto
Curivari,img/icons/manufacturers/curivari.svg,Curivari,,img/icons/brands/curivari.svg,,Archimedes 650 Toro,,Toro,6,50,Parejo,Nicaragua,Nicaragua,,Nicaragua,,,,,,,,,,,0.0,,,89,,,,,,,,,,,curivari|archimedes 650 toro|toro
Curivari,img/icons/manufacturers/curivari.svg,Curivari,,img/icons/brands/curivari.svg,,Archimedes 654,,,6.25,54,,Nicaragua,Nicaragua,,Nicaragua,,,,,,,,,,,0.0,,,89,,,,,,,,,,,curivari|archimedes 654|
Curivari,img/icons/manufacturers/curivari.svg,Curivari,,img/icons/brands/curivari.svg,,Archimedes 750,,,7,50,,Nicaragua,Nicaragua,,Nicaragua,,,,,,,,,,,0.0,,,89,,,,,,,,,,,curivari|archimedes 750|
Curivari,img/icons/manufacturers/curivari.svg,Curivari,,img/icons/brands/curivari.svg,,Aristoteles 544,,,5.13,44,,Nicaragua,Nicaragua,,Nicaragua,,,,,,,,,,,0.0,,,89,,,,,,,,,,,curivari|aristoteles 544|
Curivari,img/icons/manufacturers/curivari.svg,Curivari,,img/icons/brands/curivari.svg,,Aristoteles 548,,,5,48,,Nicaragua,Nicaragua,,Nicaragua,,,,,,,,,,,0.0,,,89,,,,,,,,,,,curivari|aristoteles 548|
Curivari,img/icons/manufacturers/curivari.svg,Curivari,,img/icons/brands/curivari.svg,,Aristoteles 550 Robusto,,Robusto,5.5,50,Parejo,Nicaragua,Nicaragua,,Nicaragua,,,,,,,,,,,0.0,,,89,,,,,,,,,,,curivari|aristoteles 550 robusto|robusto
Curivari,img/icons/manufacturers/curivari.svg,Curivari,,img/icons/brands/curivari.svg,,Aristoteles 652,,Toro,6,52,Parejo,Nicaragua,Nicaragua,,Nicaragua,,,,,,,,,,,0.0,,,89,,,,,,,,,,,curivari|aristoteles 652|toro
Curivari,img/icons/manufacturers/curivari.svg,Curivari,,img/icons/brands/curivari.svg,,Aristoteles 748,,,7,48,,Nicaragua,Nicaragua,,Nicaragua,,,,,,,,,,,0.0,,,89,,,,,,,,,,,curivari|aristoteles 748|
Curivari,img/icons/manufacturers/curivari.svg,Curivari,,img/icons/brands/curivari.svg,,Buenaventura BV 500 Robusto,,Robusto,5.25,50,Parejo,Nicaragua,Nicaragua,Nicaragua,Nicaragua,Natural,,,,,,,,,,0.0,,,89,,,,,,,,,,,curivari|buenaventura bv 500 robusto|robusto
Curivari,img/icons/manufacturers/curivari.svg,Curivari,,img/icons/brands/curivari.svg,,Buenaventura BV 560,,Robusto Extra,5.5,56,,Nicaragua,Nicaragua,Nicaragua,Nicaragua,,,,,,,,,,,0.0,,,89,,,,,,,,,,,curivari|buenaventura bv 560|robusto extra
Curivari,img/icons/manufacturers/curivari.svg,Curivari,,img/icons/brands/curivari.svg,,Buenaventura BV 600,,Gordo,6,60,,Nicaragua,Nicaragua,Nicaragua,Nicaragua,,,,,,,,,,,0.0,,,89,,,,,,,,,,,curivari|buenaventura bv 600|gordo
Curivari,img/icons/manufacturers/curivari.svg,Curivari,,img/icons/brands/curivari.svg,,Buenaventura Cremas C100,,,5.63,46,,Nicaragua,Nicaragua,Nicaragua,Nicaragua,,,,,,,,,,,0.0,,,89,,,,,,,,,,,curivari|buenaventura cremas c100|
Curivari,img/icons/manufacturers/curivari.svg,Curivari,,img/icons/brands/curivari.svg,,Buenaventura Cremas C200,,,5,54,,Nicaragua,Nicaragua,Nicaragua,Nicaragua,,,,,,,,,,,0.0,,,89,,,,,,,,,,,curivari|buenaventura cremas c200|
Curivari,img/icons/manufacturers/curivari.svg,Curivari,,img/icons/brands/curivari.svg,,Buenaventura Cremas C300,,Toro,6,52,Parejo,Nicaragua,Nicaragua,Nicaragua,Nicaragua,Natural,,,,,,,,,,0.0,,,89,,,,,,,,,,,curivari|buenaventura cremas c300|toro
Curivari,img/icons/manufacturers/curivari.svg,Curivari,,img/icons/brands/curivari.svg,,Buenaventura Cremas C400,,Gordo,6,60,Parejo,Nicaragua,Nicaragua,Nicaragua,Nicaragua,Natural,,,,,,,,,,0.0,,,89,,,,,,,,,,,curivari|buenaventura cremas c400|gordo
Curivari,img/icons/manufacturers/curivari.svg,Curivari,,img/icons/brands/curivari.svg,,Buenaventura Cremas CT,,Torpedo,6.25,54,,Nicaragua,Nicaragua,Nicaragua,Nicaragua,,,,,,,,,,,0.0,,,89,,,,,,,,,,,curivari|buenaventura cremas ct|torpedo
Curivari,img/icons/manufacturers/curivari.svg,Curivari,,img/icons/brands/curivari.svg,,Buenaventura Dimensiones D4,,Short Gordo,4,58,,Nicaragua,Nicaragua,Nicaragua,Nicaragua,Natural,,,,,,,,,,0.0,,,89,,,,,,,,,,,curivari|buenaventura dimensiones d4|short gordo
Curivari,img/icons/manufacturers/curivari.svg,Curivari,,img/icons/brands/curivari.svg,,Buenaventura Dimensiones D5,,Robusto,5,50,Parejo,Nicaragua,Nicaragua,Nicaragua,Nicaragua,Natural,,,,,,,,,,0.0,,,89,,,,,,,,,,,curivari|buenaventura dimensiones d5|robusto
Curivari,img/icons/manufacturers/curivari.svg,Curivari,,img/icons/brands/curivari.svg,,Buenaventura Dimensiones D6,,Toro Gordo,6,54,Parejo,Nicaragua,Nicaragua,,Nicaragua,Natural,,,,,,,,,,0.0,,,89,,,,,,,,,,,curivari|buenaventura dimensiones d6|toro gordo
Curivari,img/icons/manufacturers/curivari.svg,Curivari,,img/icons/brands/curivari.svg,,Buenaventura Dimensiones D7,,,5.5,52,,Nicaragua,Nicaragua,,Nicaragua,Natural,,,,,,,,,,0.0,,,89,,,,,,,,,,,curivari|buenaventura dimensiones d7|
Curivari,img/icons/manufacturers/curivari.svg,Curivari,,img/icons/brands/curivari.svg,,Buenaventura Dimensiones D8,,,7,50,,Nicaragua,Nicaragua,,Nicaragua,Natural,,,,,,,,,,0.0,,,89,,,,,,,,,,,curivari|buenaventura dimensiones d8|
Curivari,img/icons/manufacturers/curivari.svg,Curivari,,img/icons/brands/curivari.svg,,Buenaventura Mini BV,,,3.5,50,,Nicaragua,Nicaragua,Nicaragua,Nicaragua,,,,,,,,,,,0.0,,,89,,,,,,,,,,,curivari|buenaventura mini bv|
Curivari,img/icons/manufacturers/curivari.svg,Curivari,,img/icons/brands/curivari.svg,,Buenaventura Petit BV,,,4.25,54,,Nicaragua,Nicaragua,Nicaragua,Nicaragua,,,,,,,,,,,0.0,,,89,,,,,,,,,,,curivari|buenaventura petit bv|
Curivari,img/icons/manufacturers/curivari.svg,Curivari,,img/icons/brands/curivari.svg,,Buenaventura Picadores 46,,,4.5,46,,Nicaragua,Nicaragua,,Nicaragua,,,,,,,,,,,0.0,,,89,,,,,,,,,,,curivari|buenaventura picadores 46|
Curivari,img/icons/manufacturers/curivari.svg,Curivari,,img/icons/brands/curivari.svg,,Buenaventura Picadores 50 Robusto,,Robusto,5,50,Parejo,Nicaragua,Nicaragua,,Nicaragua,Natural,,,,,,,,,,0.0,,,89,,,,,,,,,,,curivari|buenaventura picadores 50 robusto|robusto
Curivari,img/icons/manufacturers/curivari.svg,Curivari,,img/icons/brands/curivari.svg,,Buenaventura Picadores 52,,,6,52,,Nicaragua,Nicaragua,,Nicaragua,,,,,,,,,,,0.0,,,89,,,,,,,,,,,curivari|buenaventura picadores 52|
Curivari,img/icons/manufacturers/curivari.svg,Curivari,,img/icons/brands/curivari.svg,,Buenaventura Picadores 54,,,7,54,,Nicaragua,Nicaragua,,Nicaragua,,,,,,,,,,,0.0,,,89,,,,,,,,,,,curivari|buenaventura picadores 54|
Curivari,img/icons/manufacturers/curivari.svg,Curivari,,img/icons/brands/curivari.svg,,Buenaventura Picadores 60,,Gordo,6,60,,Nicaragua,Nicaragua,,Nicaragua,,,,,,,,,,,0.0,,,89,,,,,,,,,,,curivari|buenaventura picadores 60|gordo
Curivari,img/icons/manufacturers/curivari.svg,Curivari,,img/icons/brands/curivari.svg,,Buenaventura Picadores Fumas 44,,,4.25,44,,Nicaragua,Nicaragua,,Nicaragua,,,,,,,,,,,0.0,,,89,,,,,,,,,,,curivari|buenaventura picadores fumas 44|
Curivari,img/icons/manufacturers/curivari.svg,Curivari,,img/icons/brands/curivari.svg,,Buenaventura Pralines P 460,,,4.88,60,,Nicaragua,Nicaragua,Nicaragua,Nicaragua,,,,,,,,,,,0.0,,,89,,,,,,,,,,,curivari|buenaventura pralines p 460|
Curivari,img/icons/manufacturers/curivari.svg,Curivari,,img/icons/brands/curivari.svg,,Buenaventura Pralines P 554,,,5.75,54,,Nicaragua,Nicaragua,Nicaragua,Nicaragua,,,,,,,,,,,0.0,,,89,,,,,,,,,,,curivari|buenaventura pralines p 554|
Curivari,img/icons/manufacturers/curivari.svg,Curivari,,img/icons/brands/curivari.svg,,Buenaventura Pralines P 652,,Toro,6.75,52,Parejo,Nicaragua,Nicaragua,Nicaragua,Nicaragua,Natural,,,,,,,,,,0.0,,,89,,,,,,,,,,,curivari|buenaventura pralines p 652|toro
Curivari,img/icons/manufacturers/curivari.svg,Curivari,,img/icons/brands/curivari.svg,,Centauro 44,,,5.13,44,,Nicaragua,Nicaragua,,Nicaragua,,,,,,,,,,,0.0,,,89,,,,,,,,,,,curivari|centauro 44|
Curivari,img/icons/manufacturers/curivari.svg,Curivari,,img/icons/brands/curivari.svg,,Centauro 50,,,5,50,,Nicaragua,Nicaragua,,Nicaragua,,,,,,,,,,,0.0,,,89,,,,,,,,,,,curivari|centauro 50|
Curivari,img/icons/manufacturers/curivari.svg,Curivari,,img/icons/brands/curivari.svg,,Centauro 54,,,5.5,54,,Nicaragua,Nicaragua,,Nicaragua,,,,,,,,,,,0.0,,,89,,,,,,,,,,,curivari|centauro 54|
Curivari,img/icons/manufacturers/curivari.svg,Curivari,,img/icons/brands/curivari.svg,,Centauro T,,Torpedo,6.25,52,,Nicaragua,Nicaragua,,Nicaragua,,,,,,,,,,,0.0,,,89,,,,,,,,,,,curivari|centauro t|torpedo
Curivari,img/icons/manufacturers/curivari.svg,Curivari,,img/icons/brands/curivari.svg,,Centauro Toro,,Toro,6,52,,Nicaragua,Nicaragua,,Nicaragua,,,,,,,,,,,0.0,,,89,,,,,,,,,,,curivari|centauro toro|toro
Curivari,img/icons/manufacturers/curivari.svg,Curivari,,img/icons/brands/curivari.svg,,Ciclope 460,,,4,60,,Nicaragua,Nicaragua,,Nicaragua,,,,,,,,,,,0.0,,,89,,,,,,,,,,,curivari|ciclope 460|
Curivari,img/icons/manufacturers/curivari.svg,Curivari,,img/icons/brands/curivari.svg,,Ciclope 554,,,5,54,,Nicaragua,Nicaragua,,Nicaragua,,,,,,,,,,,0.0,,,89,,,,,,,,,,,curivari|ciclope 554|
Curivari,img/icons/manufacturers/curivari.svg,Curivari,,img/icons/brands/curivari.svg,,Ciclope 556,,,5.75,56,,Nicaragua,Nicaragua,,Nicaragua,,,,,,,,,,,0.0,,,89,,,,,,,,,,,curivari|ciclope 556|
Curivari,img/icons/manufacturers/curivari.svg,Curivari,,img/icons/brands/curivari.svg,,Ciclope 652,,,6,52,,Nicaragua,Nicaragua,,Nicaragua,,,,,,,,,,,0.0,,,89,,,,,,,,,,,curivari|ciclope 652|
Curivari,img/icons/manufacturers/curivari.svg,Curivari,,img/icons/brands/curivari.svg,,Ciclope 754,,,6.75,54,,Nicaragua,Nicaragua,,Nicaragua,,,,,,,,,,,0.0,,,89,,,,,,,,,,,curivari|ciclope 754|
Curivari,img/icons/manufacturers/curivari.svg,Curivari,,img/icons/brands/curivari.svg,,Democracia 46,,,4.5,46,,Nicaragua,Nicaragua,,Nicaragua,,,,,,,,,,,0.0,,,89,,,,,,,,,,,curivari|democracia 46|
Curivari,img/icons/manufacturers/curivari.svg,Curivari,,img/icons/brands/curivari.svg,,Democracia 54,,,5,54,,Nicaragua,Nicaragua,,Nicaragua,,,,,,,,,,,0.0,,,89,,,,,,,,,,,curivari|democracia 54|
Curivari,img/icons/manufacturers/curivari.svg,Curivari,,img/icons/brands/curivari.svg,,Democracia 56,,,5.5,56,,Nicaragua,Nicaragua,,Nicaragua,,,,,,,,,,,0.0,,,89,,,,,,,,,,,curivari|democracia 56|
Curivari,img/icons/manufacturers/curivari.svg,Curivari,,img/icons/brands/curivari.svg,,Democracia 60,,Gordo,6,60,,Nicaragua,Nicaragua,,Nicaragua,,,,,,,,,,,0.0,,,89,,,,,,,,,,,curivari|democracia 60|gordo
Curivari,img/icons/manufacturers/curivari.svg,Curivari,,img/icons/brands/curivari.svg,,Democracia T,,Torpedo,6,52,,Nicaragua,Nicaragua,,Nicaragua,,,,,,,,,,,0.0,,,89,,,,,,,,,,,curivari|democracia t|torpedo
Curivari,img/icons/manufacturers/curivari.svg,Curivari,,img/icons/brands/curivari.svg,,El Gran Rey Belicosos,,Belicoso,5.38,52,Pyramid,Nicaragua,Nicaragua,,Nicaragua,Natural,,,,,,,,,,0.0,,,89,,,,,,,,,,,curivari|el gran rey belicosos|belicoso
Curivari,img/icons/manufacturers/curivari.svg,Curivari,,img/icons/brands/curivari.svg,,El Gran Rey Emperadores,,Robusto,5,50,Parejo,Nicaragua,Nicaragua,,Nicaragua,Natural,,,,,,,,,,0.0,,,89,,,,,,,,,,,curivari|el gran rey emperadores|robusto
Curivari,img/icons/manufacturers/curivari.svg,Curivari,,img/icons/brands/curivari.svg,,El Gran Rey Prominentes,,Toro,6.5,50,Parejo,Nicaragua,Nicaragua,,Nicaragua,Natural,,,,,,,,,,0.0,,,89,,,,,,,,,,,curivari|el gran rey prominentes|toro
Curivari,img/icons/manufacturers/curivari.svg,Curivari,,img/icons/brands/curivari.svg,,Epitome 546,,,5.63,46,,Nicaragua,Nicaragua,,Nicaragua,,,,,,,,,,,0.0,,,89,,,,,,,,,,,curivari|epitome 546|
Curivari,img/icons/manufacturers/curivari.svg,Curivari,,img/icons/brands/curivari.svg,,Epitome 550,,Robusto,5,50,Parejo,Nicaragua,Nicaragua,Nicaragua,Nicaragua,,,,,,,,,,,0.0,,,89,,,,,,,,,,,curivari|epitome 550|robusto
Curivari,img/icons/manufacturers/curivari.svg,Curivari,,img/icons/brands/curivari.svg,,Epitome 650,,Toro,6,50,Parejo,Nicaragua,Nicaragua,,Nicaragua,,,,,,,,,,,0.0,,,89,,,,,,,,,,,curivari|epitome 650|toro
Curivari,img/icons/manufacturers/curivari.svg,Curivari,,img/icons/brands/curivari.svg,,Epitome 654,,,6.25,54,,Nicaragua,Nicaragua,,Nicaragua,,,,,,,,,,,0.0,,,89,,,,,,,,,,,curivari|epitome 654|
Curivari,img/icons/manufacturers/curivari.svg,Curivari,,img/icons/brands/curivari.svg,,Epitome 748,,,6.75,48,,Nicaragua,Nicaragua,,Nicaragua,,,,,,,,,,,0.0,,,89,,,,,,,,,,,curivari|epitome 748|
Curivari,img/icons/manufacturers/curivari.svg,Curivari,,img/icons/brands/curivari.svg,,Gloria De Leon Dominante,,,5.25,54,,Nicaragua,Nicaragua,,Nicaragua,,,,,,,,,,,0.0,,,89,,,,,,,,,,,curivari|gloria de leon dominante|
Curivari,img/icons/manufacturers/curivari.svg,Curivari,,img/icons/brands/curivari.svg,,Gloria De Leon Fuerza,,,4.5,50,,Nicaragua,Nicaragua,,Nicaragua,,,,,,,,,,,0.0,,,89,,,,,,,,,,,curivari|gloria de leon fuerza|
Curivari,img/icons/manufacturers/curivari.svg,Curivari,,img/icons/brands/curivari.svg,,Gloria De Leon Gran Dominio Hermosos,,,5,48,,Nicaragua,Nicaragua,,Nicaragua,,,,,,,,,,,0.0,,,89,,,,,,,,,,,curivari|gloria de leon gran dominio hermosos|
Curivari,img/icons/manufacturers/curivari.svg,Curivari,,img/icons/brands/curivari.svg,,Gloria De Leon Gran Dominio Poderosos,,Corona Extra,6,48,Parejo,Nicaragua,Nicaragua,,Nicaragua,Natural,,,,,,,,,,0.0,,,89,,,,,,,,,,,curivari|gloria de leon gran dominio poderosos|corona extra
Curivari,img/icons/manufacturers/curivari.svg,Curivari,,img/icons/brands/curivari.svg,,Gloria De Leon Gran Dominio Tremendos,,,4.25,44,,Nicaragua,Nicaragua,,Nicaragua,,,,,,,,,,,0.0,,,89,,,,,,,,,,,curivari|gloria de leon gran dominio tremendos|
Curivari,img/icons/manufacturers/curivari.svg,Curivari,,img/icons/brands/curivari.svg,,Gloria De Leon Prominente,,,6.75,54,,Nicaragua,Nicaragua,,Nicaragua,,,,,,,,,,,0.0,,,89,,,,,,,,,,,curivari|gloria de leon prominente|
Curivari,img/icons/manufacturers/curivari.svg,Curivari,,img/icons/brands/curivari.svg,,Gran Cru 44,,,5.13,44,,Nicaragua,Nicaragua,,Nicaragua,,,,,,,,,,,0.0,,,89,,,,,,,,,,,curivari|gran cru 44|
Curivari,img/icons/manufacturers/curivari.svg,Curivari,,img/icons/brands/curivari.svg,,Gran Cru 48,,,5,48,,Nicaragua,Nicaragua,,Nicaragua,,,,,,,,,,,0.0,,,89,,,,,,,,,,,curivari|gran cru 48|
Curivari,img/icons/manufacturers/curivari.svg,Curivari,,img/icons/brands/curivari.svg,,Gran Cru 50,,,5.5,50,,Nicaragua,Nicaragua,,Nicaragua,,,,,,,,,,,0.0,,,89,,,,,,,,,,,curivari|gran cru 50|
Curivari,img/icons/manufacturers/curivari.svg,Curivari,,img/icons/brands/curivari.svg,,Gran Cru 52,,,6,52,,Nicaragua,Nicaragua,,Nicaragua,,,,,,,,,,,0.0,,,89,,,,,,,,,,,curivari|gran cru 52|
Curivari,img/icons/manufacturers/curivari.svg,Curivari,,img/icons/brands/curivari.svg,,Gran Cru 75,,,7,50,,Nicaragua,Nicaragua,,Nicaragua,,,,,,,,,,,0.0,,,89,,,,,,,,,,,curivari|gran cru 75|
Curivari,img/icons/manufacturers/curivari.svg,Curivari,,img/icons/brands/curivari.svg,,Gran Reserva 458,,,4,58,,Nicaragua,Nicaragua,,Nicaragua,,,,,,,,,,,0.0,,,89,,,,,,,,,,,curivari|gran reserva 458|
Curivari,img/icons/manufacturers/curivari.svg,Curivari,,img/icons/brands/curivari.svg,,Gran Reserva 552,,,5.5,52,,Nicaragua,Nicaragua,,Nicaragua,,,,,,,,,,,0.0,,,89,,,,,,,,,,,curivari|gran reserva 552|
Curivari,img/icons/manufacturers/curivari.svg,Curivari,,img/icons/brands/curivari.svg,,Gran Reserva 554,,,5,54,,Nicaragua,Nicaragua,,Nicaragua,,,,,,,,,,,0.0,,,89,,,,,,,,,,,curivari|gran reserva 554|
Curivari,img/icons/manufacturers/curivari.svg,Curivari,,img/icons/brands/curivari.svg,,Gran Reserva 654,,,6,54,,Nicaragua,Nicaragua,,Nicaragua,,,,,,,,,,,0.0,,,89,,,,,,,,,,,curivari|gran reserva 654|
Curivari,img/icons/manufacturers/curivari.svg,Curivari,,img/icons/brands/curivari.svg,,Gran Reserva T,,Torpedo,6.25,52,,Nicaragua,Nicaragua,,Nicaragua,,,,,,,,,,,0.0,,,89,,,,,,,,,,,curivari|gran reserva t|torpedo
Curivari,img/icons/manufacturers/curivari.svg,Curivari,,img/icons/brands/curivari.svg,,Heroicos Achilles,,,5.5,50,,Nicaragua,Nicaragua,,Nicaragua,,,,,,,,,,,0.0,,,89,,,,,,,,,,,curivari|heroicos achilles|
Curivari,img/icons/manufacturers/curivari.svg,Curivari,,img/icons/brands/curivari.svg,,Heroicos Agamemnon,,,6.5,54,,Nicaragua,Nicaragua,,Nicaragua,,,,,,,,,,,0.0,,,89,,,,,,,,,,,curivari|heroicos agamemnon|
Curivari,img/icons/manufacturers/curivari.svg,Curivari,,img/icons/brands/curivari.svg,,Heroicos Hector,,,5,54,,Nicaragua,Nicaragua,,Nicaragua,,,,,,,,,,,0.0,,,89,,,,,,,,,,,curivari|heroicos hector|
Curivari,img/icons/manufacturers/curivari.svg,Curivari,,img/icons/brands/curivari.svg,,Heroicos Helena,,,5.25,46,,Nicaragua,Nicaragua,,Nicaragua,,,,,,,,,,,0.0,,,89,,,,,,,,,,,curivari|heroicos helena|
Curivari,img/icons/manufacturers/curivari.svg,Curivari,,img/icons/brands/curivari.svg,,Heroicos Homero,,,5,50,,Nicaragua,Nicaragua,,Nicaragua,,,,,,,,,,,0.0,,,89,,,,,,,,,,,curivari|heroicos homero|
Curivari,img/icons/manufacturers/curivari.svg,Curivari,,img/icons/brands/curivari.svg,,Heroicos Menelaus,,Gordo,6,60,,Nicaragua,Nicaragua,,Nicaragua,,,,,,,,,,,0.0,,,89,,,,,,,,,,,curivari|heroicos menelaus|gordo
Curivari,img/icons/manufacturers/curivari.svg,Curivari,,img/icons/brands/curivari.svg,,Heroicos Odisseus,,,6,52,,Nicaragua,Nicaragua,,Nicaragua,,,,,,,,,,,0.0,,,89,,,,,,,,,,,curivari|heroicos odisseus|
Curivari,img/icons/manufacturers/curivari.svg,Curivari,,img/icons/brands/curivari.svg,,Heroicos Paris,,,5.75,56,,Nicaragua,Nicaragua,,Nicaragua,,,,,,,,,,,0.0,,,89,,,,,,,,,,,curivari|heroicos paris|
Curivari,img/icons/manufacturers/curivari.svg,Curivari,,img/icons/brands/curivari.svg,,Heroicos Patroclus,,,4.5,50,,Nicaragua,Nicaragua,,Nicaragua,,,,,,,,,,,0.0,,,89,,,,,,,,,,,curivari|heroicos patroclus|
Curivari,img/icons/manufacturers/curivari.svg,Curivari,,img/icons/brands/curivari.svg,,Heroicos Peleus,,Lancero,7.25,42,Parejo,Nicaragua,Nicaragua,,Nicaragua,,,,,,,,,,,0.0,,,89,,,,,,,,,,,curivari|heroicos peleus|lancero
Curivari,img/icons/manufacturers/curivari.svg,Curivari,,img/icons/brands/curivari.svg,,Heroicos Priamus,,,7,52,,Nicaragua,Nicaragua,,Nicaragua,,,,,,,,,,,0.0,,,89,,,,,,,,,,,curivari|heroicos priamus|
Curivari,img/icons/manufacturers/curivari.svg,Curivari,,img/icons/brands/curivari.svg,,Heroicos Thetis,,Torpedo,6.25,52,,Nicaragua,Nicaragua,,Nicaragua,,,,,,,,,,,0.0,,,89,,,,,,,,,,,curivari|heroicos thetis|torpedo
Curivari,img/icons/manufacturers/curivari.svg,Curivari,,img/icons/brands/curivari.svg,,La Democracia 56,,Robusto Extra,5.5,56,Parejo,Nicaragua,Nicaragua,,Nicaragua,Natural,,,,,,,,,,0.0,,,89,,,,,,,,,,,curivari|la democracia 56|robusto extra
Curivari,img/icons/manufacturers/curivari.svg,Curivari,,img/icons/brands/curivari.svg,,LE 2021 SP Lanceros,,Lancero,7.25,42,Parejo,Nicaragua,Nicaragua,,Nicaragua,Natural,,,,,,,,,,0.0,,,89,,,,,,,,,,,curivari|le 2021 sp lanceros|lancero
Curivari,img/icons/manufacturers/curivari.svg,Curivari,,img/icons/brands/curivari.svg,,Onassis 550,,,5.5,50,,Nicaragua,Nicaragua,,Nicaragua,,,,,,,,,,,0.0,,,89,,,,,,,,,,,curivari|onassis 550|
Curivari,img/icons/manufacturers/curivari.svg,Curivari,,img/icons/brands/curivari.svg,,Onassis 554,,,5,54,,Nicaragua,Nicaragua,,Nicaragua,,,,,,,,,,,0.0,,,89,,,,,,,,,,,curivari|onassis 554|
Curivari,img/icons/manufacturers/curivari.svg,Curivari,,img/icons/brands/curivari.svg,,Onassis 652,,,6,52,,Nicaragua,Nicaragua,,Nicaragua,,,,,,,,,,,0.0,,,89,,,,,,,,,,,curivari|onassis 652|
Curivari,img/icons/manufacturers/curivari.svg,Curivari,,img/icons/brands/curivari.svg,,Onassis 750,,,6.75,50,,Nicaragua,Nicaragua,,Nicaragua,,,,,,,,,,,0.0,,,89,,,,,,,,,,,curivari|onassis 750|
Curivari,img/icons/manufacturers/curivari.svg,Curivari,,img/icons/brands/curivari.svg,,Onassis T,,Torpedo,6.25,54,,Nicaragua,Nicaragua,,Nicaragua,,,,,,,,,,,0.0,,,89,,,,,,,,,,,curivari|onassis t|torpedo
Curivari,img/icons/manufacturers/curivari.svg,Curivari,,img/icons/brands/curivari.svg,,Pythagoras 50,,,4.5,50,,Nicaragua,Nicaragua,,Nicaragua,,,,,,,,,,,0.0,,,89,,,,,,,,,,,curivari|pythagoras 50|
Curivari,img/icons/manufacturers/curivari.svg,Curivari,,img/icons/brands/curivari.svg,,Pythagoras 52,,,5,52,,Nicaragua,Nicaragua,,Nicaragua,,,,,,,,,,,0.0,,,89,,,,,,,,,,,curivari|pythagoras 52|
Curivari,img/icons/manufacturers/curivari.svg,Curivari,,img/icons/brands/curivari.svg,,Pythagoras 54,,,5.5,54,,Nicaragua,Nicaragua,,Nicaragua,,,,,,,,,,,0.0,,,89,,,,,,,,,,,curivari|pythagoras 54|
Curivari,img/icons/manufacturers/curivari.svg,Curivari,,img/icons/brands/curivari.svg,,Pythagoras 60,,Gordo,6,60,,Nicaragua,Nicaragua,,Nicaragua,,,,,,,,,,,0.0,,,89,,,,,,,,,,,curivari|pythagoras 60|gordo
Curivari,img/icons/manufacturers/curivari.svg,Curivari,,img/icons/brands/curivari.svg,,Pythagoras T,,Torpedo,6.25,54,,Nicaragua,Nicaragua,,Nicaragua,,,,,,,,,,,0.0,,,89,,,,,,,,,,,curivari|pythagoras t|torpedo
Curivari,img/icons/manufacturers/curivari.svg,Curivari,,img/icons/brands/curivari.svg,,Reserva Limitada 1000 Series Reserva 2000,,,5,50,,Nicaragua,Nicaragua,,Nicaragua,,,,,,,,,,,0.0,,,89,,,,,,,,,,,curivari|reserva limitada 1000 series reserva 2000|
Curivari,img/icons/manufacturers/curivari.svg,Curivari,,img/icons/brands/curivari.svg,,Reserva Limitada 1000 Series Reserva 3000,,Toro,6,50,Parejo,Nicaragua,Nicaragua,,Nicaragua,Maduro,,,,,,,,,,0.0,,,89,,,,,,,,,,,curivari|reserva limitada 1000 series reserva 3000|toro
Curivari,img/icons/manufacturers/curivari.svg,Curivari,,img/icons/brands/curivari.svg,,Reserva Limitada 1000 Series Reserva 4000,,,6.25,54,,Nicaragua,Nicaragua,Nicaragua,Nicaragua,,,,,,,,,,,0.0,,,89,,,,,,,,,,,curivari|reserva limitada 1000 series reserva 4000|
Curivari,img/icons/manufacturers/curivari.svg,Curivari,,img/icons/brands/curivari.svg,,Reserva Limitada Cafe Cafe 52,,,5,52,,Nicaragua,Nicaragua,,Nicaragua,,,,,,,,,,,0.0,,,89,,,,,,,,,,,curivari|reserva limitada cafe cafe 52|
Curivari,img/icons/manufacturers/curivari.svg,Curivari,,img/icons/brands/curivari.svg,,Reserva Limitada Cafe Cafe 60,,,5.5,58,,Nicaragua,Nicaragua,,Nicaragua,,,,,,,,,,,0.0,,,89,,,,,,,,,,,curivari|reserva limitada cafe cafe 60|
Curivari,img/icons/manufacturers/curivari.svg,Curivari,,img/icons/brands/curivari.svg,,Reserva Limitada Cafe Noir 54,,Robusto Extra,5.5,54,Parejo,Nicaragua,Nicaragua,,Nicaragua,Maduro,,,,,,,,,,0.0,,,89,,,,,,,,,,,curivari|reserva limitada cafe noir 54|robusto extra
Curivari,img/icons/manufacturers/curivari.svg,Curivari,,img/icons/brands/curivari.svg,,Reserva Limitada Cafe Noir 56,,,6,56,,Nicaragua,Nicaragua,,Nicaragua,Maduro,,,,,,,,,,0.0,,,89,,,,,,,,,,,curivari|reserva limitada cafe noir 56|
Curivari,img/icons/manufacturers/curivari.svg,Curivari,,img/icons/brands/curivari.svg,,Reserva Limitada Cafe Noir 62,,Gordo,6.25,60,,Nicaragua,Nicaragua,,Nicaragua,Maduro,,,,,,,,,,0.0,,,89,,,,,,,,,,,curivari|reserva limitada cafe noir 62|gordo
Curivari,img/icons/manufacturers/curivari.svg,Curivari,,img/icons/brands/curivari.svg,,Reserva Limitada Cafe Petit Cafe,,,4.5,42,,Nicaragua,Nicaragua,,Nicaragua,,,,,,,,,,,0.0,,,89,,,,,,,,,,,curivari|reserva limitada cafe petit cafe|
Curivari,img/icons/manufacturers/curivari.svg,Curivari,,img/icons/brands/curivari.svg,,Reserva Limitada Classica Epicures,,,4.5,52,,Nicaragua,Nicaragua,,Nicaragua,,,,,,,,,,,0.0,,,89,,,,,,,,,,,curivari|reserva limitada classica epicures|
Curivari,img/icons/manufacturers/curivari.svg,Curivari,,img/icons/brands/curivari.svg,,Reserva Limitada Classica Imperiales,,,6.25,54,,Nicaragua,Nicaragua,,Nicaragua,,,,,,,,,,,0.0,,,89,,,,,,,,,,,curivari|reserva limitada classica imperiales|
Curivari,img/icons/manufacturers/curivari.svg,Curivari,,img/icons/brands/curivari.svg,,Reserva Limitada Classica Monarcas,,,5.25,52,,Nicaragua,Nicaragua,,Nicaragua,,,,,,,,,,,0.0,,,89,,,,,,,,,,,curivari|reserva limitada classica monarcas|
Curivari,img/icons/manufacturers/curivari.svg,Curivari,,img/icons/brands/curivari.svg,,Seleccion Privada,,Robusto,,,,Nicaragua,Nicaragua,Nicaragua,Nicaragua,,,,,,,,,,,0.0,,,89,,,,,,,,,,,curivari|seleccion privada|robusto
Curivari,img/icons/manufacturers/curivari.svg,Curivari,,img/icons/brands/curivari.svg,,Seleccion Privada Coronations Cazadores,,,6.13,44,,Nicaragua,Nicaragua,,Nicaragua,,,,,,,,,,,0.0,,,89,,,,,,,,,,,curivari|seleccion privada coronations cazadores|
Curivari,img/icons/manufacturers/curivari.svg,Curivari,,img/icons/brands/curivari.svg,,Seleccion Privada Coronations Coronas,,Corona,5.13,42,,Nicaragua,Nicaragua,,Nicaragua,,,,,,,,,,,0.0,,,89,,,,,,,,,,,curivari|seleccion privada coronations coronas|corona
Curivari,img/icons/manufacturers/curivari.svg,Curivari,,img/icons/brands/curivari.svg,,Seleccion Privada Coronations Petit Coronas,,Petite Corona,4.38,42,,Nicaragua,Nicaragua,,Nicaragua,,,,,,,,,,,0.0,,,89,,,,,,,,,,,curivari|seleccion privada coronations petit coronas|petite corona
Curivari,img/icons/manufacturers/curivari.svg,Curivari,,img/icons/brands/curivari.svg,,Seleccion Privada Diplomaticos,,,6.25,54,,Nicaragua,Nicaragua,,Nicaragua,,,,,,,,,,,0.0,,,89,,,,,,,,,,,curivari|seleccion privada diplomaticos|
Curivari,img/icons/manufacturers/curivari.svg,Curivari,,img/icons/brands/curivari.svg,,Seleccion Privada Maduro Eminentes,,,5.5,52,,Nicaragua,Nicaragua,,Nicaragua,,,,,,,,,,,0.0,,,89,,,,,,,,,,,curivari|seleccion privada maduro eminentes|
Curivari,img/icons/manufacturers/curivari.svg,Curivari,,img/icons/brands/curivari.svg,,Seleccion Privada Maduro Fabulosos,,,7,52,,Nicaragua,Nicaragua,,Nicaragua,,,,,,,,,,,0.0,,,89,,,,,,,,,,,curivari|seleccion privada maduro fabulosos|
Curivari,img/icons/manufacturers/curivari.svg,Curivari,,img/icons/brands/curivari.svg,,Seleccion Privada Maduro Magnificos,,Gordo,6,60,Parejo,Nicaragua,Nicaragua,,Nicaragua,,,,,,,,,,,0.0,,,89,,,,,,,,,,,curivari|seleccion privada maduro magnificos|gordo
Curivari,img/icons/manufacturers/curivari.svg,Curivari,,img/icons/brands/curivari.svg,,Seleccion Privada Robustos,,Robusto,5,50,Parejo,Nicaragua,Nicaragua,,Nicaragua,,,,,,,,,,,0.0,,,89,,,,,,,,,,,curivari|seleccion privada robustos|robusto
Curivari,img/icons/manufacturers/curivari.svg,Curivari,,img/icons/brands/curivari.svg,,Seleccion Privada Royales,,Robusto Extra,5,54,Parejo,Nicaragua,Nicaragua,,Nicaragua,,,,,,,,,,,0.0,,,89,,,,,,,,,,,curivari|seleccion privada royales|robusto extra
Curivari,img/icons/manufacturers/curivari.svg,Curivari,,img/icons/brands/curivari.svg,,Socrates 458,,,4,58,,Nicaragua,Nicaragua,,Nicaragua,,,,,,,,,,,0.0,,,89,,,,,,,,,,,curivari|socrates 458|
Curivari,img/icons/manufacturers/curivari.svg,Curivari,,img/icons/brands/curivari.svg,,Socrates 550,,,5,50,,Nicaragua,Nicaragua,,Nicaragua,,,,,,,,,,,0.0,,,89,,,,,,,,,,,curivari|socrates 550|
Curivari,img/icons/manufacturers/curivari.svg,Curivari,,img/icons/brands/curivari.svg,,Socrates 552,,,5.5,52,,Nicaragua,Nicaragua,,Nicaragua,,,,,,,,,,,0.0,,,89,,,,,,,,,,,curivari|socrates 552|
Curivari,img/icons/manufacturers/curivari.svg,Curivari,,img/icons/brands/curivari.svg,,Socrates 654,,,6,54,,Nicaragua,Nicaragua,,Nicaragua,,,,,,,,,,,0.0,,,89,,,,,,,,,,,curivari|socrates 654|
Curivari,img/icons/manufacturers/curivari.svg,Curivari,,img/icons/brands/curivari.svg,,Socrates T,,Torpedo,6.25,52,,Nicaragua,Nicaragua,,Nicaragua,,,,,,,,,,,0.0,,,89,,,,,,,,,,,curivari|socrates t|torpedo
Curivari,img/icons/manufacturers/curivari.svg,Curivari,,img/icons/brands/curivari.svg,,Sun Grown 460,,,4,60,,Nicaragua,Nicaragua,,Nicaragua,,,,,,,,,,,0.0,,,89,,,,,,,,,,,curivari|sun grown 460|
Curivari,img/icons/manufacturers/curivari.svg,Curivari,,img/icons/brands/curivari.svg,,Sun Grown 550,,,5,50,,Nicaragua,Nicaragua,,Nicaragua,,,,,,,,,,,0.0,,,89,,,,,,,,,,,curivari|sun grown 550|
Curivari,img/icons/manufacturers/curivari.svg,Curivari,,img/icons/brands/curivari.svg,,Sun Grown 554,,,5.5,54,,Nicaragua,Nicaragua,,Nicaragua,,,,,,,,,,,0.0,,,89,,,,,,,,,,,curivari|sun grown 554|
Curivari,img/icons/manufacturers/curivari.svg,Curivari,,img/icons/brands/curivari.svg,,Sun Grown 652,,,6,52,,Nicaragua,Nicaragua,,Nicaragua,,,,,,,,,,,0.0,,,89,,,,,,,,,,,curivari|sun grown 652|
Curivari,img/icons/manufacturers/curivari.svg,Curivari,,img/icons/brands/curivari.svg,,Sun Grown Maduro 450,,Short Robusto,4.5,50,Parejo,Nicaragua,Nicaragua,,Nicaragua,Maduro,,,,,,,,,,0.0,,,89,,,,,,,,,,,curivari|sun grown maduro 450|short robusto
Curivari,img/icons/manufacturers/curivari.svg,Curivari,,img/icons/brands/curivari.svg,,Sun Grown Maduro 550 Robusto,,Robusto,5.5,50,Parejo,Nicaragua,Nicaragua,,Nicaragua,Maduro,,,,,,,,,,0.0,,,89,,,,,,,,,,,curivari|sun grown maduro 550 robusto|robusto
Curivari,img/icons/manufacturers/curivari.svg,Curivari,,img/icons/brands/curivari.svg,,Sun Grown Maduro 554,,Robusto Extra,5,54,Parejo,Nicaragua,Nicaragua,,Nicaragua,Maduro,,,,,,,,,,0.0,,,89,,,,,,,,,,,curivari|sun grown maduro 554|robusto extra
Curivari,img/icons/manufacturers/curivari.svg,Curivari,,img/icons/brands/curivari.svg,,Sun Grown Maduro 654,,Toro Gordo,6,54,Parejo,Nicaragua,Nicaragua,,Nicaragua,Maduro,,,,,,,,,,0.0,,,89,,,,,,,,,,,curivari|sun grown maduro 654|toro gordo
Curivari,img/icons/manufacturers/curivari.svg,Curivari,,img/icons/brands/curivari.svg,,Sun Grown Maduro 660,,Gordo,6,60,Parejo,Nicaragua,Nicaragua,,Nicaragua,Maduro,,,,,,,,,,0.0,,,89,,,,,,,,,,,curivari|sun grown maduro 660|gordo
Curivari,img/icons/manufacturers/curivari.svg,Curivari,,img/icons/brands/curivari.svg,,Sun Grown T,,Torpedo,6,52,Pyramid,Nicaragua,Nicaragua,,Nicaragua,,,,,,,,,,,0.0,,,89,,,,,,,,,,,curivari|sun grown t|torpedo
Curivari,img/icons/manufacturers/curivari.svg,Curivari,,img/icons/brands/curivari.svg,,Vintage 446,,,4.5,46,,Nicaragua,Nicaragua,,Nicaragua,,,,,,,,,,,0.0,,,89,,,,,,,,,,,curivari|vintage 446|
Curivari,img/icons/manufacturers/curivari.svg,Curivari,,img/icons/brands/curivari.svg,,Vintage 550,,,5.5,50,,Nicaragua,Nicaragua,,Nicaragua,,,,,,,,,,,0.0,,,89,,,,,,,,,,,curivari|vintage 550|
Curivari,img/icons/manufacturers/curivari.svg,Curivari,,img/icons/brands/curivari.svg,,Vintage 554,,,5,54,,Nicaragua,Nicaragua,,Nicaragua,,,,,,,,,,,0.0,,,89,,,,,,,,,,,curivari|vintage 554|
Curivari,img/icons/manufacturers/curivari.svg,Curivari,,img/icons/brands/curivari.svg,,Vintage 648,,,6,48,,Nicaragua,Nicaragua,,Nicaragua,,,,,,,,,,,0.0,,,89,,,,,,,,,,,curivari|vintage 648|
Curivari,img/icons/manufacturers/curivari.svg,Curivari,,img/icons/brands/curivari.svg,,Vintage 660,,Gordo,6,60,,Nicaragua,Nicaragua,,Nicaragua,,,,,,,,,,,0.0,,,89,,,,,,,,,,,curivari|vintage 660|gordo
Curivari,img/icons/manufacturers/curivari.svg,Curivari,,img/icons/brands/curivari.svg,,Virtudes 50,,,4.5,50,,Nicaragua,Nicaragua,,Nicaragua,,,,,,,,,,,0.0,,,89,,,,,,,,,,,curivari|virtudes 50|
Curivari,img/icons/manufacturers/curivari.svg,Curivari,,img/icons/brands/curivari.svg,,Virtudes 52,,,5,52,,Nicaragua,Nicaragua,,Nicaragua,,,,,,,,,,,0.0,,,89,,,,,,,,,,,curivari|virtudes 52|
Curivari,img/icons/manufacturers/curivari.svg,Curivari,,img/icons/brands/curivari.svg,,Virtudes 54,,Robusto Extra,5.5,54,Parejo,Nicaragua,Nicaragua,,Nicaragua,Natural,,,,,,,,,,0.0,,,89,,,,,,,,,,,curivari|virtudes 54|robusto extra
Curivari,img/icons/manufacturers/curivari.svg,Curivari,,img/icons/brands/curivari.svg,,Virtudes 56,,,6,56,,Nicaragua,Nicaragua,,Nicaragua,,,,,,,,,,,0.0,,,89,,,,,,,,,,,curivari|virtudes 56|
Curivari,img/icons/manufacturers/curivari.svg,Curivari,,img/icons/brands/curivari.svg,,Virtudes T,,Torpedo,6.25,54,,Nicaragua,Nicaragua,,Nicaragua,,,,,,,,,,,0.0,,,89,,,,,,,,,,,curivari|virtudes t|torpedo
,,Daniel Marshall,,,By Carlos Fuente,XXXVIII LE 2020,,,,,,Dominican Republic,Dominican Republic,Dominican Republic,Dominican Republic,,,,,,,,,,,0.0,,,89,,,,,,,,Cigar Journal,2020.0,5.0,daniel marshall|xxxviii le 2020|
Davidoff,img/icons/manufacturers/davidoff.svg,Davidoff,,img/icons/brands/davidoff.svg,,110th Anniversary Exclusive 2021,,Toro,6,50,Parejo,Ecuador 702,Mexico (Negro San Andres),"Nicaragua Jalapa Especial Visus, Dominican Republic Piloto Seco, San Vicente Ligero, Hybrid 192 Visus, Hybrid 259 Seco",,,Medium,,,,,,,,,0.0,,,89,,,,,,,,,,,davidoff|110th anniversary exclusive 2021|toro
Davidoff,img/icons/manufacturers/davidoff.svg,Davidoff,,img/icons/brands/davidoff.svg,,Aniversario Double R,,Double Corona,7.5,50,Parejo,"Ecuador, Nicaragua",Dominican Republic,Dominican Republic,Dominican Republic,Natural,Mild,,,,,,,,,0.0,,,89,,,,,,,,,,,davidoff|aniversario double r|double corona
Davidoff,img/icons/manufacturers/davidoff.svg,Davidoff,,img/icons/brands/davidoff.svg,,Aniversario Entreacto,,Short Corona,3.5,43,Parejo,"Ecuador, Nicaragua",Dominican Republic,Dominican Republic,Dominican Republic,Natural,Mild,,,,,,,,,0.0,,,89,,,,,,,,,,,davidoff|aniversario entreacto|short corona
Davidoff,img/icons/manufacturers/davidoff.svg,Davidoff,,img/icons/brands/davidoff.svg,,Aniversario No. 3 Toro,,Toro,6,50,Parejo,"Ecuador, Nicaragua",Dominican Republic,Dominican Republic,Dominican Republic,Natural,Mild,,,,,,,,,0.0,,,89,,,,,,,,,,,davidoff|aniversario no. 3 toro|toro
Davidoff,img/icons/manufacturers/davidoff.svg,Davidoff,,img/icons/brands/davidoff.svg,,Aniversario Short Perfecto,,Perfecto,4.88,52,Perfecto,"Ecuador, Nicaragua",Dominican Republic,Dominican Republic,Dominican Republic,Natural,Mild,,,,,,,,,0.0,,,89,,,,,,,,,,,davidoff|aniversario short perfecto|perfecto
Davidoff,img/icons/manufacturers/davidoff.svg,Davidoff,,img/icons/brands/davidoff.svg,,Aniversario Special R,,Short Robusto,4.88,50,Parejo,"Ecuador, Nicaragua",Dominican Republic,Dominican Republic,Dominican Republic,Natural,Mild,,,,,,,,,0.0,,,89,,,,,,,,,,,davidoff|aniversario special r|short robusto
Davidoff,img/icons/manufacturers/davidoff.svg,Davidoff,,img/icons/brands/davidoff.svg,,Aniversario Special T Torpedo,,Torpedo,6,52,Pyramid,"Ecuador, Nicaragua",Dominican Republic,Dominican Republic,Dominican Republic,Natural,Mild,,,,,,,,,0.0,,,89,,,,,,,,,,,davidoff|aniversario special t torpedo|torpedo
Davidoff,img/icons/manufacturers/davidoff.svg,Davidoff,,img/icons/brands/davidoff.svg,,Art Edition LE 2017 Toro,,Toro,6,54,Parejo,Ecuador Habano,Ecuador Habano,"Brazil, Dominican Republic",Dominican Republic,Natural,,,,,,,,,,0.0,,,89,,,,,,,,,,,davidoff|art edition le 2017 toro|toro
Davidoff,img/icons/manufacturers/davidoff.svg,Davidoff,,img/icons/brands/davidoff.svg,,Chefs Edition 2018 Toro,,Toro Gordo,6,54,Parejo,Dominican Republic,Mexico (Negro San Andres),"Dominican Republic (Piloto Viso, San Vicente Mejorado Ligero, Yamasá Viso) & Nicaragua (Estelí Viso)",Dominican Republic,Natural,,,,,,,,,,0.0,,,89,,,,,,,,,,,davidoff|chefs edition 2018 toro|toro gordo
Davidoff,img/icons/manufacturers/davidoff.svg,Davidoff,,img/icons/brands/davidoff.svg,,Chefs Edition 2021 Churchill,,Churchill,7,48,Parejo,Ecuador (Hybrid 238),Mexico (Negro San Andres Seco),"Dominican Republic (Piloto Seco, San Vincente Ligero, Piloto Visus, Hybrid 192 Seco)",Dominican Republic,Natural,,,,,,,,,,0.0,,,89,,,,,,,,,,,davidoff|chefs edition 2021 churchill|churchill
Davidoff,img/icons/manufacturers/davidoff.svg,Davidoff,,,Winston Churchill,Churchill,,Churchill,,,Parejo,Ecuador,Mexico,"Dominican Republic, Nicaragua",Dominican Republic,,,,,,,,,,,0.0,,,89,,,,,,,,Cigar Journal,2015.0,17.0,davidoff|churchill|churchill
Davidoff,img/icons/manufacturers/davidoff.svg,Davidoff,,,Winston Churchill Late Hour,Churchill,,Churchill,,,Parejo,Ecuador,Mexico,Dominican Republic; Nicaragua,Dominican Republic,,,,,,,,,,,0.0,,,89,,,,,,,,Cigar Journal,2017.0,3.0,davidoff|churchill|churchill
Davidoff,img/icons/manufacturers/davidoff.svg,Davidoff,,,Escurio,Corona Gorda,,Corona,,,Parejo,Ecuador,Brazil,Brazil; Dominican Republic,Dominican Republic,,,,,,,,,,,0.0,,,89,,,,,,,,Cigar Journal,2016.0,11.0,davidoff|corona gorda|corona
Davidoff,img/icons/manufacturers/davidoff.svg,Davidoff,,,Dominicana,Davidoff Dominicana Robusto,,Robusto,5,52,Parejo,Dominican Republic,Ecuador,Dominican Republic,Dominican Republic,,,,,,,,,,,0.0,,,89,,,,,,,,Cigar Journal,2021.0,4.0,davidoff|davidoff dominicana robusto|robusto
Davidoff,img/icons/manufacturers/davidoff.svg,Davidoff,,,,Dominicana Toro,,Toro,,,Parejo,Dominican Republic,Ecuador,Dominican Republic,Dominican Republic,,,,,,,,,,,0.0,,,89,,,,,,,,Cigar Journal,2022.0,17.0,davidoff|davidoff dominicana toro|toro
Davidoff,img/icons/manufacturers/davidoff.svg,Davidoff,,,,Maduro Toro,,Toro,,,Parejo,Ecuador,Mexico,Dominican Republic,Dominican Republic,Maduro,,,,,,,,,,0.0,,,89,,,,,,,,Cigar Journal,2024.0,4.0,davidoff|davidoff maduro toro|toro
Davidoff,img/icons/manufacturers/davidoff.svg,Davidoff,,,,Nicaragua Diadema,,Diadema,6.5,50,,Nicaragua,Nicaragua,Nicaragua,Nicaragua,,,,,,,,,,,0.0,,,89,,,,,,,,Aficionado,2022.0,3.0,davidoff|davidoff nicaragua diadema|diadema
Davidoff,img/icons/manufacturers/davidoff.svg,Davidoff,,,,WINSTON CHURCHILL LE 2022,,Churchill,6,60,Parejo,Ecuador,Mexico,Dominican Republic,Dominican Republic,,,,,,,,,,,0.0,,,89,,,,,,,,Cigar Journal,2022.0,2.0,davidoff|davidoff winston churchill le 2022|churchill
Davidoff,img/icons/manufacturers/davidoff.svg,Davidoff,,,,YEAR OF THE DRAGON DOUBLE CORONA,,Corona,,,Parejo,Ecuador,Dominican Republic,"Dominican Republic, Nicaragua, Mexico",Dominican Republic,,,,,,,,,,,0.0,,,89,,,,,,,,Cigar Journal,2023.0,6.0,davidoff|davidoff year of the dragon double corona|corona
Davidoff,img/icons/manufacturers/davidoff.svg,Davidoff,,img/icons/brands/davidoff.svg,,Dominicana Robusto,,Robusto,5.13,52,Parejo,Dominican (Hybrid 257),Ecuador (Hybrid 151),"Dominican (San Vicente Visus, San Vicente Mejorado Seco, Piloto Visus, Dominican Corojo 99 Seco, Yamasa Visus)",Dominican Republic,Natural,Full,,,,,,,,,0.0,,,89,,,,,,,,,,,davidoff|dominicana robusto|robusto
Davidoff,img/icons/manufacturers/davidoff.svg,Davidoff,,img/icons/brands/davidoff.svg,,Dominicana Short Robusto,,Short Robusto,4,50,Parejo,Dominican (Hybrid 257),Ecuador (Hybrid 151),"Dominican (San Vicente Visus, San Vicente Mejorado Seco, Piloto Visus, Dominican Corojo 99 Seco, Yamasa Visus)",Dominican Republic,Natural,Full,,,,,,,,,0.0,,,89,,,,,,,,,,,davidoff|dominicana short robusto|short robusto
Davidoff,img/icons/manufacturers/davidoff.svg,Davidoff,,img/icons/brands/davidoff.svg,,Dominicana Toro,,Toro,6,50,Parejo,Dominican (Hybrid 257),Ecuador (Hybrid 151),"Dominican (San Vicente Visus, San Vicente Mejorado Seco, Piloto Visus, Dominican Corojo 99 Seco, Yamasa Visus)",Dominican Republic,Natural,Full,,,,,,,,,0.0,,,89,,,,,,,,,,,davidoff|dominicana toro|toro
Davidoff,img/icons/manufacturers/davidoff.svg,Davidoff,,img/icons/brands/davidoff.svg,,Escurio Corona Gorda,,Corona Gordo,6,46,Parejo,Ecuador Habano,Brazil Cubra,"Brazil, Dominican Republic",Dominican Republic,EMS,Medium,,,,,,,,,0.0,,,89,,,,,,,,,,,davidoff|escurio corona gorda|corona gordo
Davidoff,img/icons/manufacturers/davidoff.svg,Davidoff,,img/icons/brands/davidoff.svg,,Escurio Gran Perfecto,,Perfecto,5,50-61,Perfecto,Ecuador Habano,Brazil Cubra,"Brazil, Dominican Republic",Dominican Republic,EMS,Medium,,,,,,,,,0.0,,,89,,,,,,,,,,,davidoff|escurio gran perfecto|perfecto
Davidoff,img/icons/manufacturers/davidoff.svg,Davidoff,,img/icons/brands/davidoff.svg,,Escurio Gran Toro,,Toro,5.5,58,Parejo,Ecuador Habano,Brazil Cubra,"Brazil, Dominican Republic",Dominican Republic,EMS,Medium,,,,,,,,,0.0,,,89,,,,,,,,,,,davidoff|escurio gran toro|toro
Davidoff,img/icons/manufacturers/davidoff.svg,Davidoff,,img/icons/brands/davidoff.svg,,Escurio Petit Robusto,,Robusto,3.25,50,Parejo,Ecuador Habano,Brazil Cubra,"Brazil, Dominican Republic",Dominican Republic,EMS,Medium,,,,,,,,,0.0,,,89,,,,,,,,,,,davidoff|escurio petit robusto|robusto
Davidoff,img/icons/manufacturers/davidoff.svg,Davidoff,,img/icons/brands/davidoff.svg,,Escurio Robusto,,Robusto,4.5,54,Parejo,Ecuador Habano,Brazil Cubra,"Brazil, Dominican Republic",Dominican Republic,EMS,Medium,,,,,,,,,0.0,,,89,,,,,,,,,,,davidoff|escurio robusto|robusto
Davidoff,img/icons/manufacturers/davidoff.svg,Davidoff,,img/icons/brands/davidoff.svg,,Grand Cru No. 2,,Corona Extra,5.63,43,Parejo,"Ecuador, Nicaragua",Dominican Republic,Dominican Republic,Dominican Republic,Natural,Mild,,,,,,,,,0.0,,,89,,,,,,,,,,,davidoff|grand cru no. 2|corona extra
Davidoff,img/icons/manufacturers/davidoff.svg,Davidoff,,img/icons/brands/davidoff.svg,,Grand Cru No. 3,,Corona,5.06,43,Parejo,"Ecuador, Nicaragua",Dominican Republic,Dominican Republic,Dominican Republic,Natural,Mild,,,,,,,,,0.0,,,89,,,,,,,,,,,davidoff|grand cru no. 3|corona
Davidoff,img/icons/manufacturers/davidoff.svg,Davidoff,,img/icons/brands/davidoff.svg,,Grand Cru No. 4,,Petite Corona,4.63,41,Parejo,"Ecuador, Nicaragua",Dominican Republic,Dominican Republic,Dominican Republic,Natural,Mild,,,,,,,,,0.0,,,89,,,,,,,,,,,davidoff|grand cru no. 4|petite corona
Davidoff,img/icons/manufacturers/davidoff.svg,Davidoff,,img/icons/brands/davidoff.svg,,Grand Cru No. 5,,Petite Corona,4,41,Parejo,"Ecuador, Nicaragua",Dominican Republic,Dominican Republic,Dominican Republic,Natural,Mild,,,,,,,,,0.0,,,89,,,,,,,,,,,davidoff|grand cru no. 5|petite corona
Davidoff,img/icons/manufacturers/davidoff.svg,Davidoff,,img/icons/brands/davidoff.svg,,Grand Cru Robusto,,Robusto,5.25,52,Parejo,"Ecuador, Nicaragua",Dominican Republic,Dominican Republic,Dominican Republic,Natural,Mild,,,,,,,,,0.0,,,89,,,,,,,,,,,davidoff|grand cru robusto|robusto
Davidoff,img/icons/manufacturers/davidoff.svg,Davidoff,,img/icons/brands/davidoff.svg,,Grand Cru Toro,,Toro,6,54,Parejo,"Ecuador, Nicaragua",Dominican Republic,Dominican Republic,Dominican Republic,Natural,Mild,,,,,,,,,0.0,,,89,,,,,,,,,,,davidoff|grand cru toro|toro
Davidoff,img/icons/manufacturers/davidoff.svg,Davidoff,,img/icons/brands/davidoff.svg,,Millenium Petit Corona,,Petite Corona,4.5,41,Parejo,Habano,Dominican Republic,Dominican Republic,Dominican Republic,Natural,Full,,,,,,,,,0.0,,,89,,,,,,,,,,,davidoff|millenium petit corona|petite corona
Davidoff,img/icons/manufacturers/davidoff.svg,Davidoff,,img/icons/brands/davidoff.svg,,Millenium Piramides,,Pyramid,6.13,52,Pyramid,Habano,Dominican Republic,Dominican Republic,Dominican Republic,Natural,Full,,,,,,,,,0.0,,,89,,,,,,,,,,,davidoff|millenium piramides|pyramid
Davidoff,img/icons/manufacturers/davidoff.svg,Davidoff,,img/icons/brands/davidoff.svg,,Millenium Robusto,,Robusto,5.25,50,Parejo,Habano,Dominican Republic,Dominican Republic,Dominican Republic,Natural,Full,,,,,,,,,0.0,,,89,,,,,,,,,,,davidoff|millenium robusto|robusto
Davidoff,img/icons/manufacturers/davidoff.svg,Davidoff,,img/icons/brands/davidoff.svg,,Millenium Short Robusto,,Short Robusto,4.25,52,Parejo,Habano,Dominican Republic,Dominican Republic,Dominican Republic,Natural,Full,,,,,,,,,0.0,,,89,,,,,,,,,,,davidoff|millenium short robusto|short robusto
Davidoff,img/icons/manufacturers/davidoff.svg,Davidoff,,img/icons/brands/davidoff.svg,,Millenium Toro,,Toro,6,50,Parejo,Habano,Dominican Republic,Dominican Republic,Dominican Republic,Natural,Full,,,,,,,,,0.0,,,89,,,,,,,,,,,davidoff|millenium toro|toro
Davidoff,img/icons/manufacturers/davidoff.svg,Davidoff,,img/icons/brands/davidoff.svg,,Mini Cigarillos,,Cigarillo,3.43,22,Parejo,Sumatra,Java,"Brazil, Indonesia",Dominican Republic,Natural,Mellow-Medium,,,,,,,,,0.0,,,89,,,,,,,,,,,davidoff|mini cigarillos|cigarillo
Davidoff,img/icons/manufacturers/davidoff.svg,Davidoff,,img/icons/brands/davidoff.svg,,My Father Exclusive Davidoff of Geneva,,,3.5,50,,,,,,,,,,,,,,,,0.0,,,89,,,,,,,,,,,davidoff|my father exclusive davidoff of geneva|
Davidoff,img/icons/manufacturers/davidoff.svg,Davidoff,,img/icons/brands/davidoff.svg,,New York City Exclusive 2021,,Toro,6,50,Parejo,Ecuador Habano,Mexico (Negro San Andres),"Dominican Republic, Nicaragua, Peru",,,Medium-Full,,,,,,,,,0.0,,,89,,,,,,,,,,,davidoff|new york city exclusive 2021|toro
Davidoff,img/icons/manufacturers/davidoff.svg,Davidoff,,,,Nicaragua,,,,,,Nicaragua,Nicaragua,Nicaragua,Dominican Republic,,,,,,,,,,,0.0,,,89,,,,,,,,Cigar Journal,2018.0,6.0,davidoff|nicaragua|
Davidoff,img/icons/manufacturers/davidoff.svg,Davidoff,,img/icons/brands/davidoff.svg,,Nicaragua Box-Pressed Robusto,,Robusto,5,48,Box-Pressed Parejo,Nicaragua Habano Jalapa,Nicaragua Habano Jalapa,"Nicaragua (Esteli Visus, Esteli Ligero, Ometepe Visus, Condega Ligero) ",Nicaragua,EMS,Mellow,,,,,,,,,0.0,,,89,,,,,,,,,,,davidoff|nicaragua box-pressed robusto|robusto
Davidoff,img/icons/manufacturers/davidoff.svg,Davidoff,,img/icons/brands/davidoff.svg,,Nicaragua Box-Pressed Toro,,Toro,6,52,Box-Pressed Parejo,Nicaragua Habano Jalapa,Nicaragua Habano Jalapa,"Nicaragua (Esteli Visus, Esteli Ligero, Ometepe Visus, Condega Ligero) ",Nicaragua,EMS,Mellow,,,,,,,,,0.0,,,89,,,,,,,,,,,davidoff|nicaragua box-pressed toro|toro
Davidoff,img/icons/manufacturers/davidoff.svg,Davidoff,,img/icons/brands/davidoff.svg,,Nicaragua Diadema,,Presidente,6.5,50,Presidente,Nicaragua Habano Jalapa,Nicaragua Habano Jalapa,"Nicaragua (Esteli Visus, Esteli Ligero, Ometepe Visus, Condega Ligero) ",Nicaragua,EMS,Mellow,,,,,,,,,0.0,,,89,,,,,,,,,,,davidoff|nicaragua diadema|presidente
Davidoff,img/icons/manufacturers/davidoff.svg,Davidoff,,img/icons/brands/davidoff.svg,,Nicaragua Robusto,,Robusto,5,50,Parejo,Nicaragua Habano Jalapa,Nicaragua Habano Jalapa,"Nicaragua (Esteli Visus, Esteli Ligero, Ometepe Visus, Condega Ligero) ",Nicaragua,EMS,Mellow,,,,,,,,,0.0,,,89,,,,,,,,,,,davidoff|nicaragua robusto|robusto
Davidoff,img/icons/manufacturers/davidoff.svg,Davidoff,,img/icons/brands/davidoff.svg,,Nicaragua Short Robusto,,Short Robusto,3.75,46,Parejo,Nicaragua Habano Jalapa,Nicaragua Habano Jalapa,"Nicaragua (Esteli Visus, Esteli Ligero, Ometepe Visus, Condega Ligero) ",Nicaragua,EMS,Mellow,,,,,,,,,0.0,,,89,,,,,,,,,,,davidoff|nicaragua short robusto|short robusto
Davidoff,img/icons/manufacturers/davidoff.svg,Davidoff,,img/icons/brands/davidoff.svg,,Nicaragua Toro,,Toro,5.5,54,Parejo,Nicaragua Habano Jalapa,Nicaragua Habano Jalapa,"Nicaragua (Esteli Visus, Esteli Ligero, Ometepe Visus, Condega Ligero) ",Nicaragua,EMS,Mellow,,,,,,,,,0.0,,,89,,,,,,,,,,,davidoff|nicaragua toro|toro
Davidoff,img/icons/manufacturers/davidoff.svg,Davidoff,,img/icons/brands/davidoff.svg,,Oro Blanco,,Toro Gordo,6,54,Parejo,Dominican Republic,Dominican Republic,Dominican Republic,Dominican Republic,Natural,Medium,,,,,,,,,0.0,,,89,,,,,,,,,,,davidoff|oro blanco|toro gordo
Davidoff,img/icons/manufacturers/davidoff.svg,Davidoff,,img/icons/brands/davidoff.svg,Yamasa,Petit Churchill,,Short Churchill,4,48,Parejo,Dominican Republic Yamasa,Dominican Republic Yamasa,"Dominican Republic, Nicaragua (Piloto Visus, San Vincente Mejorado Seco, San Vincente Mejorado Visus, Condega Seco, Esteli Seco)",Dominican Republic,EMS,Medium-Full,,,,,,,,,0.0,,,89,,,,,,,,,,,davidoff|petit churchill|short churchill
Davidoff,img/icons/manufacturers/davidoff.svg,Davidoff,,img/icons/brands/davidoff.svg,Yamasa,Piramides,,Pyramid,6.13,52,Pyramid,Dominican Republic Yamasa,Dominican Republic Yamasa,"Dominican Republic, Nicaragua (Piloto Visus, San Vincente Mejorado Seco, San Vincente Mejorado Visus, Condega Seco, Esteli Seco)",Dominican Republic,EMS,Medium-Full,,,,,,,,,0.0,,,89,,,,,,,,,,,davidoff|piramides|pyramid
Davidoff,img/icons/manufacturers/davidoff.svg,Davidoff,,,Yamasá,Pirámides,,,,,,Dominican Republic,Dominican Republic,Dominican Republic,Dominican Republic,,,,,,,,,,,0.0,,,89,,,,,,,,Cigar Journal,2016.0,2.0,davidoff|pirámides|
Davidoff,img/icons/manufacturers/davidoff.svg,Davidoff,,,Escurio,Robusto,https://www.cigaraficionado.com/top25cigar/davidoff-escurio-robusto-2015,Robusto,4.5,54,Parejo,Brazilian Arapiraca,Dominican Republic,Brazil/DR,Dominican Republic,,,,,,,,,,,0.0,,,89,,,,,,,,Aficionado,2015.0,8.0,davidoff|robusto|robusto
Davidoff,img/icons/manufacturers/davidoff.svg,Davidoff,,,Millennium Blend Series,Robusto,,Robusto,5.25,50,Parejo,Ecuador Habano,Dominican Republic,Dominican Republic,Dominican Republic,,,,,,,,,,,0.0,,,89,,,,,,,,Aficionado,2004.0,9.0,davidoff|robusto|robusto
Davidoff,img/icons/manufacturers/davidoff.svg,Davidoff,,,Nicaragua,Robusto,https://www.cigaraficionado.com/top25cigar/davidoff-nicaragua-robusto-2009,Robusto,5,50,Parejo,Nicaragua,Dominican Republic,Nicaragua,Nicaragua,,,,,,,,,,,0.0,,,89,,,,,,,,Aficionado,2009.0,20.0,davidoff|robusto|robusto
Davidoff,img/icons/manufacturers/davidoff.svg,Davidoff,,,Nicaragua,Robusto,https://www.cigaraficionado.com/top25cigar/davidoff-nicaragua-robusto-2012,Robusto,5,50,Parejo,Nicaragua,Dominican Republic,Nicaragua,Nicaragua,,,,,,,,,,,0.0,,,89,,,,,,,,Aficionado,2012.0,19.0,davidoff|robusto|robusto
Davidoff,img/icons/manufacturers/davidoff.svg,Davidoff,,,Nicaragua Robusto AT,Robusto,,Robusto,,,Parejo,Nicaragua,Nicaragua,Nicaragua,Dominican Republic,,,,,,,,,,,0.0,,,89,,,,,,,,Cigar Journal,2013.0,1.0,davidoff|robusto|robusto
Davidoff,img/icons/manufacturers/davidoff.svg,Davidoff,,img/icons/brands/davidoff.svg,,Robusto Intenseo,,Robusto,5.13,52,Parejo,Ecuadorian Habano,Dominican Republic (San Vicente Seco),"Dominican Republic (Semilla 254 Visus, Yamasa Visus, Piloto Visus, San Vicente Mejorado Ligero)",Dominican Republic,Natural,Medium-Full,,,,,,,,,0.0,,,89,,,,,,,,,,,davidoff|robusto intenseo|robusto
Davidoff,img/icons/manufacturers/davidoff.svg,Davidoff,,img/icons/brands/davidoff.svg,Yamasa,Robusto Tubo,,Robusto,5,50,Parejo,Dominican Republic Yamasa,Dominican Republic Yamasa,"Dominican Republic, Nicaragua (Piloto Visus, San Vincente Mejorado Seco, San Vincente Mejorado Visus, Condega Seco, Esteli Seco)",Dominican Republic,EMS,Medium-Full,,,,,,,,,0.0,,,89,,,,,,,,,,,davidoff|robusto tubo|robusto
Davidoff,img/icons/manufacturers/davidoff.svg,Davidoff,,img/icons/brands/davidoff.svg,,Royal Release Robusto,,Robusto Extra,5.5,55,Parejo,Dominican Aromatica,Ecuadorian Habano,Dominican Republic,"Dominican Republic, Ecuador",Natural,Medium-Full,,,,,,,,,0.0,,,89,,,,,,,,,,,davidoff|royal release robusto|robusto extra
Davidoff,img/icons/manufacturers/davidoff.svg,Davidoff,,img/icons/brands/davidoff.svg,,Royal Release Salomones,,Salomon,8.25,57,Salomon,Dominican Aromatica,Ecuadorian Habano,Dominican Republic,"Dominican Republic, Ecuador",Natural,Medium-Full,,,,,,,,,0.0,,,89,,,,,,,,,,,davidoff|royal release salomones|salomon
Davidoff,img/icons/manufacturers/davidoff.svg,Davidoff,,img/icons/brands/davidoff.svg,,Signature 1000 Petit Panetela,,Short Panetela,4.63,34,Parejo,"Ecuador, Connecticut",Dominican Republic,Dominican Republic,Dominican Republic,Natural,Mild-Medium,,,,,,,,,0.0,,,89,,,,,,,,,,,davidoff|signature 1000 petit panetela|short panetela
Davidoff,img/icons/manufacturers/davidoff.svg,Davidoff,,img/icons/brands/davidoff.svg,,Signature 2000 Corona,,Corona,5.06,43,Parejo,"Ecuador, Connecticut",Dominican Republic,Dominican Republic,Dominican Republic,Natural,Mild-Medium,,,,,,,,,0.0,,,89,,,,,,,,,,,davidoff|signature 2000 corona|corona
Davidoff,img/icons/manufacturers/davidoff.svg,Davidoff,,img/icons/brands/davidoff.svg,,Signature 6000 Robusto,,Robusto,5,48,Parejo,"Ecuador, Connecticut",Dominican Republic,Dominican Republic,Dominican Republic,Natural,Mild-Medium,,,,,,,,,0.0,,,89,,,,,,,,,,,davidoff|signature 6000 robusto|robusto
Davidoff,img/icons/manufacturers/davidoff.svg,Davidoff,,img/icons/brands/davidoff.svg,,Signature Ambassadrice,,Cigarillo,4.5,26,Parejo,"Ecuador, Connecticut",Dominican Republic,Dominican Republic,Dominican Republic,Natural,Mild-Medium,,,,,,,,,0.0,,,89,,,,,,,,,,,davidoff|signature ambassadrice|cigarillo
Davidoff,img/icons/manufacturers/davidoff.svg,Davidoff,,img/icons/brands/davidoff.svg,,Signature Exquisitos,,Cigarillo,3.63,22,Parejo,"Ecuador, Connecticut",Dominican Republic,Dominican Republic,Dominican Republic,Natural,Mild-Medium,,,,,,,,,0.0,,,89,,,,,,,,,,,davidoff|signature exquisitos|cigarillo
Davidoff,img/icons/manufacturers/davidoff.svg,Davidoff,,img/icons/brands/davidoff.svg,,Signature No. 2 Panetela,,Panetela,6,38,Parejo,"Ecuador, Connecticut",Dominican Republic,Dominican Republic,Dominican Republic,Natural,Mild-Medium,,,,,,,,,0.0,,,89,,,,,,,,,,,davidoff|signature no. 2 panetela|panetela
Davidoff,img/icons/manufacturers/davidoff.svg,Davidoff,,img/icons/brands/davidoff.svg,,Signature Petit Corona,,Petite Corona,4.5,41,Parejo,"Ecuador, Connecticut",Dominican Republic,Dominican Republic,Dominican Republic,Natural,Mild-Medium,,,,,,,,,0.0,,,89,,,,,,,,,,,davidoff|signature petit corona|petite corona
Davidoff,img/icons/manufacturers/davidoff.svg,Davidoff,,,Limited Edition,Special 53 Perfecto,,,,,,Dominican Republic,Dominican Republic,Dominican Republic,Dominican Republic,,,,,,,,,,,0.0,,,89,,,,,,,,Cigar Journal,2020.0,3.0,davidoff|special 53 perfecto|
Davidoff,img/icons/manufacturers/davidoff.svg,Davidoff,,,Special R,Special R,https://www.cigaraficionado.com/top25cigar/davidoff-special-r-2008,Robusto,4.88,50,Parejo,Ecuador Connecticut,Dominican Republic,Dominican Republic,Dominican Republic,,,,,,,,,,,0.0,,,89,,,,,,,,Aficionado,2008.0,22.0,davidoff|special r|robusto
Davidoff,img/icons/manufacturers/davidoff.svg,Davidoff,,,Special R,Special R,https://www.cigaraficionado.com/top25cigar/davidoff-special-r-2010,Robusto,4.88,50,Parejo,Ecuador Connecticut,Dominican Republic,Dominican Republic,Dominican Republic,,,,,,,,,,,0.0,,,89,,,,,,,,Aficionado,2010.0,9.0,davidoff|special r|robusto
Davidoff,img/icons/manufacturers/davidoff.svg,Davidoff,,,Winston Churchill,The Traveller LE 2019,,,,,,Dominican Republic,Mexico,Nicaragua; Dominican Republic,Dominican Republic,,,,,,,,,,,0.0,,,89,,,,,,,,Cigar Journal,2019.0,2.0,davidoff|the traveller le 2019|
Davidoff,img/icons/manufacturers/davidoff.svg,Davidoff,,img/icons/brands/davidoff.svg,Yamasa,Toro,,Toro,6,52,Parejo,Dominican Republic Yamasa,Dominican Republic Yamasa,"Dominican Republic, Nicaragua (Piloto Visus, San Vincente Mejorado Seco, San Vincente Mejorado Visus, Condega Seco, Esteli Seco)",Dominican Republic,EMS,Medium-Full,,,,,,,,,0.0,,,89,,,,,,,,Aficionado,2013.0,11.0,davidoff|toro|toro
Davidoff,img/icons/manufacturers/davidoff.svg,Davidoff,,img/icons/brands/davidoff.svg,,Winston Churchill Belicoso,,Belicoso,4.5,46,Pyramid,Ecuador Rojiza,Mexico (Negro San Andres),"Dominican (Piloto Mejorado Seco, Piloto Seco, Hybrid Olor/Piloto Seco), & Nicaragua (Esteli Seco, Condega Seco)",Dominican Republic,Colorado,Medium,,,,,,,,,0.0,,,89,,,,,,,,,,,davidoff|winston churchill belicoso|belicoso
Davidoff,img/icons/manufacturers/davidoff.svg,Davidoff,,img/icons/brands/davidoff.svg,,Winston Churchill Churchill,,Churchill,6.88,47,Parejo,Ecuador Rojiza,Mexico (Negro San Andres),"Dominican (Piloto Mejorado Seco, Piloto Seco, Hybrid Olor/Piloto Seco), & Nicaragua (Esteli Seco, Condega Seco)",Dominican Republic,Colorado,Medium,,,,,,,,,0.0,,,89,,,,,,,,,,,davidoff|winston churchill churchill|churchill
Davidoff,img/icons/manufacturers/davidoff.svg,Davidoff,,img/icons/brands/davidoff.svg,,Winston Churchill Late Hour Churchill,,Churchill,7,48,Parejo,Ecuador Marron Oscuro,Mexico (Negro San Andres),"Dominican (San Vicente Mejorado Visus, Piloto Seco & Olor Visus), & Nicaragua (barrel aged Esteli Visus)",Dominican Republic,Maduro,Medium-Full,,,,,,,,,0.0,,,89,,,,,,,,,,,davidoff|winston churchill late hour churchill|churchill
Davidoff,img/icons/manufacturers/davidoff.svg,Davidoff,,img/icons/brands/davidoff.svg,,Winston Churchill Late Hour Robusto,,Robusto,5,52,Parejo,Ecuador Marron Oscuro,Mexico (Negro San Andres),"Dominican (San Vicente Mejorado Visus, Piloto Seco & Olor Visus), & Nicaragua (barrel aged Esteli Visus)",Dominican Republic,Maduro,Medium-Full,,,,,,,,,0.0,,,89,,,,,,,,,,,davidoff|winston churchill late hour robusto|robusto
Davidoff,img/icons/manufacturers/davidoff.svg,Davidoff,,img/icons/brands/davidoff.svg,,Winston Churchill Late Hour Toro,,Toro,6,54,Parejo,Ecuador Marron Oscuro,Mexico (Negro San Andres),"Dominican (San Vicente Mejorado Visus, Piloto Seco & Olor Visus), & Nicaragua (barrel aged Esteli Visus)",Dominican Republic,Maduro,Medium-Full,,,,,,,,,0.0,,,89,,,,,,,,,,,davidoff|winston churchill late hour toro|toro
Davidoff,img/icons/manufacturers/davidoff.svg,Davidoff,,img/icons/brands/davidoff.svg,,Winston Churchill LE 2021 Toro,,Toro,6,52,Parejo,Ecuador,Dominican (Hybrid 257 seco),"Dominican (Piloto Ligero, Hybrid 20-20 seco, San Vicente Mejorado Ligero, San Vicente Visus), & Nicaragua (Esteli Visus)","Dominican Republic, Ecuador, Nicaragua",,Medium-Full,,,,,,,,,0.0,,,89,,,,,,,,,,,davidoff|winston churchill le 2021 toro|toro
Davidoff,img/icons/manufacturers/davidoff.svg,Davidoff,,img/icons/brands/davidoff.svg,,Winston Churchill LE 2022 Perfecto,,Perfecto,5.88,61,Perfecto,Ecuador,Mexico (Negro San Andres seco),"Dominican (Piloto Mejorado Seco, Piloto Seco, San Vicente Mejorado seco, San Vicente Mejorado visus), & Nicaragua (Esteli seco and Condega seco)",Dominican Republic,Maduro,Medium-Full,,,,,,,,,0.0,,,89,,,,,,,,,,,davidoff|winston churchill le 2022 perfecto|perfecto
Davidoff,img/icons/manufacturers/davidoff.svg,Davidoff,,img/icons/brands/davidoff.svg,,Winston Churchill Petit Corona,,Petite Corona,4.5,41,Parejo,Ecuador Rojiza,Mexico (Negro San Andres),"Dominican (Piloto Mejorado Seco, Piloto Seco, Hybrid Olor/Piloto Seco), & Nicaragua (Esteli Seco, Condega Seco)",Dominican Republic,Colorado,Medium,,,,,,,,,0.0,,,89,,,,,,,,,,,davidoff|winston churchill petit corona|petite corona
Davidoff,img/icons/manufacturers/davidoff.svg,Davidoff,,img/icons/brands/davidoff.svg,,Winston Churchill Petit Panetela,,Short Panetela,4,38,Parejo,Ecuador Rojiza,Mexico (Negro San Andres),"Dominican (Piloto Mejorado Seco, Piloto Seco, Hybrid Olor/Piloto Seco), & Nicaragua (Esteli Seco, Condega Seco)",Dominican Republic,Colorado,Medium,,,,,,,,,0.0,,,89,,,,,,,,,,,davidoff|winston churchill petit panetela|short panetela
Davidoff,img/icons/manufacturers/davidoff.svg,Davidoff,,img/icons/brands/davidoff.svg,,Winston Churchill Robusto,,Robusto,5.25,52,Parejo,Ecuador Rojiza,Mexico (Negro San Andres),"Dominican (Piloto Mejorado Seco, Piloto Seco, Hybrid Olor/Piloto Seco), & Nicaragua (Esteli Seco, Condega Seco)",Dominican Republic,,Medium,,,,,,,,,0.0,,,89,,,,,,,,,,,davidoff|winston churchill robusto|robusto
Davidoff,img/icons/manufacturers/davidoff.svg,Davidoff,,img/icons/brands/davidoff.svg,,Winston Churchill Toro,,Gordo,6,60,Parejo,Ecuador Rojiza,Mexico (Negro San Andres),"Dominican (Piloto Mejorado Seco, Piloto Seco, Hybrid Olor/Piloto Seco), & Nicaragua (Esteli Seco, Condega Seco)",Dominican Republic,,Medium,,,,,,,,,0.0,,,89,,,,,,,,,,,davidoff|winston churchill toro|gordo
Davidoff,img/icons/manufacturers/davidoff.svg,Davidoff,,img/icons/brands/davidoff.svg,,Year of the Dog 2018,Img/cigars/davidoffyearofthedog2018.png,Churchill,7,50,Parejo,Ecuadorian Habano Claro,Dominican San Vicente Seco,"Dominican Republic, Nicaragua",Dominican Republic,Colorado Maduro,,,,,,,,,,0.0,,,89,,,,,,,,,,,davidoff|year of the dog 2018|churchill
Davidoff,img/icons/manufacturers/davidoff.svg,Davidoff,,img/icons/brands/davidoff.svg,,Year of the Dragon 2012,Img/cigars/davidoffyearofthedragon2012.png,Pyramid,6,52,Pyramid,Ecuador 702 Habano,Ecuadorian Habano,Dominican Republic,Dominican Republic,,,,,,,,,,,0.0,,,89,,,,,,,,,,,davidoff|year of the dragon 2012|pyramid
Davidoff,img/icons/manufacturers/davidoff.svg,Davidoff,,img/icons/brands/davidoff.svg,,Year of the Dragon 2024,img/cigars/davidoffyearofthedragon2024.png,Double Corona,7.5,50,Parejo,Ecuador,Dominican Republic,"Dominican Republic, Mexico, Nicaragua",Dominican Republic,Maduro,Full,,,,,,,,,0.0,,,89,,,,,,,,,,,davidoff|year of the dragon 2024|double corona
Davidoff,img/icons/manufacturers/davidoff.svg,Davidoff,,img/icons/brands/davidoff.svg,,Year of the Horse 2014,Img/cigars/davidoffyearofthehorse2014.png,Gordo,6,60,Parejo,Dominican Yamasa,Dominican San Vicenté,Dominican Republic,Dominican Republic,,,,,,,,,,,0.0,,,89,,,,,,,,,,,davidoff|year of the horse 2014|gordo
Davidoff,img/icons/manufacturers/davidoff.svg,Davidoff,,img/icons/brands/davidoff.svg,,Year of the Monkey 2016,Img/cigars/davidoffyearofthemonkey2016.png,Toro,6.5,50,Parejo,Ecuadorian Habano,Mexico (Negro San Andres),"Dominican Republic, Nicaragua, Peru",Dominican Republic,,,,,,,,,,,0.0,,,89,,,,,,,,,,,davidoff|year of the monkey 2016|toro
Davidoff,img/icons/manufacturers/davidoff.svg,Davidoff,,img/icons/brands/davidoff.svg,,Year of the Ox 2021,Img/cigars/davidoffyearoftheox2021.png,Gordo,6,60,Parejo,Dominican,Ecuadorian Sumatran,"Dominican Republic, Nicaragua",Dominican Republic,EMS,,,,,,,,,,0.0,,,89,,,,,,,,,,,davidoff|year of the ox 2021|gordo
Davidoff,img/icons/manufacturers/davidoff.svg,Davidoff,,img/icons/brands/davidoff.svg,,Year of the Pig 2019,Img/cigars/davidoffyearofthepig2019.png,Toro Gordo,6,56,Parejo,Ecuador Habano 2000,Mexican San Andres,"Dominican Republic, Nicaragua",Dominican Republic,Colorado Maduro,,,,,,,,,,0.0,,,89,,,,,,,,,,,davidoff|year of the pig 2019|toro gordo
Davidoff,img/icons/manufacturers/davidoff.svg,Davidoff,,img/icons/brands/davidoff.svg,,Year of the Rabbit 2023,img/cigars/davidoffyearoftherabbit2023.png,Perfecto,5.875,54,Perfecto,Ecuador,Mexico,"Dominican Republic, Nicaragua",Dominican Republic,,,,,,,,,,,0.0,,,89,,,,,,,,,,,davidoff|year of the rabbit 2023|perfecto
Davidoff,img/icons/manufacturers/davidoff.svg,Davidoff,,img/icons/brands/davidoff.svg,,Year of the Rat 2020,Img/cigars/davidoffyearoftherat2020.png,Toro,6,52,Parejo,Ecuadorian Habano,Nicaragua,"Dominican Republic, Nicaragua",Dominican Republic,Colorado Maduro,,,,,,,,,,0.0,,,89,,,,,,,,,,,davidoff|year of the rat 2020|toro
Davidoff,img/icons/manufacturers/davidoff.svg,Davidoff,,img/icons/brands/davidoff.svg,,Year of the Rooster 2017,img/cigars/davidoffyearoftherooster2017.png,Presidente,6.75,50,Presidente,Ecuadorian Habano,Dominican Republic San Vicente Mejorado,Dominican Republic,Dominican Republic,Natural,,,,,,,,,,0.0,,,89,,,,,,,,,,,davidoff|year of the rooster 2017|presidente
Davidoff,img/icons/manufacturers/davidoff.svg,Davidoff,,img/icons/brands/davidoff.svg,,Year of the Sheep 2015,img/cigars/davidoffyearofthesheep2015.png,Belicoso,6.5,54,Pyramid,Ecuadorian Habano,Dominican Yamasa,Dominican Republic,Dominican Republic,,,,,,,,,,,0.0,,,89,,,,,,,,,,,davidoff|year of the sheep 2015|belicoso
Davidoff,img/icons/manufacturers/davidoff.svg,Davidoff,,img/icons/brands/davidoff.svg,,Year of the Snake 2013,Img/cigars/davidoffyearofthesnake2013.png,Churchill,7,48,Parejo,Ecuador 702,San Vicente Seco,"Piloto Seco, San Vicente Ligero, Piloto Viso, Hybrid 192 Seco/Yamasá",Dominican Republic,,,,,,,,,,,0.0,,,89,,,,,,,,,,,davidoff|year of the snake 2013|churchill
Davidoff,img/icons/manufacturers/davidoff.svg,Davidoff,,img/icons/brands/davidoff.svg,,Year of the Snake 2025,img/cigars/davidoffyearofthesnake2025.png,Lancero,7,43,Parejo,Ecuador,Ecuador,"Dominican Republic, Mexico",Dominican Republic,Maduro,Medium,,,,,,,,,0.0,,,89,,,,,,,,,,,davidoff|year of the snake 2025|lancero
Davidoff,img/icons/manufacturers/davidoff.svg,Davidoff,,img/icons/brands/davidoff.svg,,Year of the Tiger 2022,img/cigars/davidoffyearofthetiger2022.png,Pyramid,5.5,52,Pyramid,Ecuadorian Connecticut,Dominican Republic - Hybrid 257 seco,Dominican Republic,Dominican Republic,Natural,Medium,,,,,,,,,0.0,,,89,,,,,,,,,,,davidoff|year of the tiger 2022|pyramid
Davidoff,img/icons/manufacturers/davidoff.svg,Davidoff,,img/icons/brands/davidoff.svg,,Year of the Horse 2026 Gran Toro,img/cigars/davidoffyearofthehorse2026.png,Toro Gordo,6.5,55,Parejo,Dominican Republic,Ecuador,Ecuador,Dominican Republic,Colorado,,,,,,,,,,65.0,650,10,89,,,,,,,,,,,
Davidoff,img/icons/manufacturers/davidoff.svg,Davidoff,,img/icons/brands/davidoff.svg,,Year of the Horse 2026 Masterpiece Toro LE,img/cigars/davidoffyearofthehorsele2026.png,Toro Gordo,6,56,Parejo,Dominican Republic,Ecuador,Ecuador,Dominican Republic,Colorado,,,,,,,,,,556.82,49000,88,89,,,,,,,,,,,
Davidoff,img/icons/manufacturers/davidoff.svg,Davidoff,,img/icons/brands/davidoff.svg,,Year of the Horse 2026 Flagship Exclusive Torpedo,img/cigars/davidoffyearofthehorsetorpedo2026.png,Torpedo,6,52,Torpedo,Dominican Republic,Ecuador,Ecuador,Dominican Republic,Colorado,,,,,,,,,,89.0,2136,24,89,,,,,,,,,,,
Davidoff,img/icons/manufacturers/davidoff.svg,Davidoff,,img/icons/brands/davidoff.svg,,Limited Art Edition 2014,,,,,,Peru,Dominican Republic,Dominican Republic,Dominican Republic,,,,,,,,,,,0.0,,,89,,,,,,,,Cigar Journal,2014.0,15.0,davidoff||
,,Diamond Crown,,,JULIUS CAESER Toro,Toro,,Toro,,,Parejo,Ecuador,Dominican Republic,Dominican Republic,Dominican Republic,,,,,,,,,,,0.0,,,89,,,,,,,,Cigar Journal,2013.0,3.0,diamond crown|toro|toro
,,Dias de Gloria,,,,DIAS DE GLORIA BY AJ Fernandez BRAZIL FIGURADO,,Figurado,,,Figurado,Brazil,Nicaragua,Nicaragua,Nicaragua,,,,,,,,,,,0.0,,,89,,,,,,,,Cigar Journal,2024.0,3.0,dias de gloria|dias de gloria by aj fernandez brazil figurado|figurado
,,Diplomaticos,,,,No. 2,,Piramidess,6.12,52,,Cuba,Cuba,Cuba,Cuba,,,Cuba,,,,,,,,0.0,,,89,,,,,,,,Aficionado,2006.0,23.0,diplomaticos|no. 2|piramidess
Drew Estate,img/icons/manufacturers/drewestate.svg,Dominicana,,img/icons/brands/dominicana.svg,Dominicana,Robusto,,Robusto,5,50,Parejo,,,,,,,,,,FS,,,,,11.75,117.5,10,89,13.156,60.78,6.078,7.078,Q-01-87-024,30.0,,,,,dominicana|robusto|robusto
Drew Estate,img/icons/manufacturers/drewestate.svg,Dominicana,,img/icons/brands/dominicana.svg,Dominicana,Toro,,Toro,6,50,Parejo,,,,,,,,,,FS,,,,,12.5,125,10,89,13.9,64.5,6.45,7.45,Q-01-87-023,30.0,,,,,dominicana|toro|toro
Drew Estate,img/icons/manufacturers/drewestate.svg,Dominicana,,img/icons/brands/dominicana.svg,Dominicana,Gordo,,Gordo,6,60,Parejo,,,,,,,,,,FS,,,,,13.5,135,10,89,14.9,69.5,6.95,7.95,Q-01-87-025,30.0,,,,,dominicana|gordo|gordo
Drew Estate,img/icons/manufacturers/drewestate.svg,Dominicana,,img/icons/brands/dominicana.svg,Dominicana,Pequena,,Cigarillo,4,38,Parejo,,,,,,,,,,FS,,,,,6.5,130,20,89,7.9,69.0,3.45,4.45,Q-01-87-026,30.0,,,,,dominicana|pequena|cigarillo
,,Don Kiki,,,Platinum Label,Limited Selection Grande,,,,,,Ecuador,Nicaragua,Nicaragua,Nicaragua,,,,,,,,,,,0.0,,,89,,,,,,,,Cigar Journal,2017.0,18.0,don kiki|limited selection grande|
,,Don Pepin Garcia,,,Black Edition,1979 Robusto,,Robusto,,,Parejo,Ecuador,Dominican Republic,Nicaragua,Nicaragua,,,,,,,,,,,0.0,,,89,,,,,,,,Cigar Journal,2015.0,3.0,don pepin garcia|1979 robusto|robusto
,,Don Pepin Garcia,,,Blue Label,Generosos,,Corona Gorda,6,50,Parejo,Ecuador Habano,Nicaragua,Nicaragua,Nicaragua,,,,,,,,,,,0.0,,,89,,,,,,,,Aficionado,2004.0,25.0,don pepin garcia|generosos|corona gorda
,,Don Pepin Garcia,,,Blue Label,Invictos,https://www.cigaraficionado.com/top25cigar/don-pepin-garcia-blue-label-invictos-2007,Robusto,5,50,Parejo,Ecuador Habano,Nicaragua,Nicaragua,Nicaragua,,,,,,,,,,,0.0,,,89,,,,,,,,Aficionado,2007.0,10.0,don pepin garcia|invictos|robusto
General Cigar Co.,img/icons/manufacturers/generalcigarco.svg,Don Tomas,,img/icons/brands/dontomas.svg,Classico,Allegro Tubo,,Robusto Gordo,5.5,50,Parejo,,,,,,,,,Tubo,,,,,,11.26,225.2,20,89,11.26,102.6,5.13,6.13,70026,,,,,,don tomas|allegro tubo|robusto gordo
General Cigar Co.,img/icons/manufacturers/generalcigarco.svg,Don Tomas,,img/icons/brands/dontomas.svg,Classico,Rothschild,,Rothschild,4.5,50,Parejo,,,,,,,,,,,,,,,9.16,229,25,89,9.16,102.0,4.08,5.08,72067,,,,,,don tomas|rothschild|rothschild
General Cigar Co.,img/icons/manufacturers/generalcigarco.svg,Don Tomas,,img/icons/brands/dontomas.svg,Classico,Robusto,,Robusto,5.5,50,Parejo,,,,,,,,,,,,,,,9.66,241.5,25,89,9.66,108.25,4.33,5.33,72064,,,,,,don tomas|robusto|robusto
General Cigar Co.,img/icons/manufacturers/generalcigarco.svg,Don Tomas,,img/icons/brands/dontomas.svg,Classico,Cetro # 2,,Corona Extra,6.5,44,Parejo,,,,,,,,,,,,,,,10.16,254,25,89,10.16,114.5,4.58,5.58,72065,,,,,,don tomas|cetro # 2|corona extra
General Cigar Co.,img/icons/manufacturers/generalcigarco.svg,Don Tomas,,img/icons/brands/dontomas.svg,Classico,Toro,,Toro Gordo,6,54,Parejo,,,,,,,,,,,,,,,10.46,261.5,25,89,10.46,118.25,4.73,5.73,72101,,,,,,don tomas|toro|toro gordo
General Cigar Co.,img/icons/manufacturers/generalcigarco.svg,Don Tomas,,img/icons/brands/dontomas.svg,Classico,Presidente,,Churchill,7.5,50,Parejo,,,,,,,,,,,,,,,10.66,266.5,25,89,10.66,120.75,4.83,5.83,72061,,,,,,don tomas|presidente|churchill
General Cigar Co.,img/icons/manufacturers/generalcigarco.svg,Don Tomas,,img/icons/brands/dontomas.svg,Classico,Corona Grande Tubo,,Corona Gorda,6.5,44,Parejo,,,,,,,,,Tubo,,,,,,11.76,294,25,89,11.76,134.5,5.38,6.38,72060,,,,,,don tomas|corona grande tubo|corona gorda
General Cigar Co.,img/icons/manufacturers/generalcigarco.svg,Don Tomas,,img/icons/brands/dontomas.svg,Maduro,Allegro Tubo,,Robusto Gordo,5.5,50,Parejo,,,,,,,,,Tubo,,,,,,11.26,225.2,20,89,11.26,102.6,5.13,6.13,72080,,,,,,don tomas|allegro tubo|robusto gordo
General Cigar Co.,img/icons/manufacturers/generalcigarco.svg,Don Tomas,,img/icons/brands/dontomas.svg,Maduro,Rothschild,,Rothschild,4.5,50,Parejo,,,,,,,,,,,,,,,9.16,229,25,89,9.16,102.0,4.08,5.08,72068,,,,,,don tomas|rothschild|rothschild
General Cigar Co.,img/icons/manufacturers/generalcigarco.svg,Don Tomas,,img/icons/brands/dontomas.svg,Maduro,Robusto,,Robusto,5.5,50,Parejo,,,,,,,,,,,,,,,9.66,241.5,25,89,9.66,108.25,4.33,5.33,72063,,,,,,don tomas|robusto|robusto
General Cigar Co.,img/icons/manufacturers/generalcigarco.svg,Don Tomas,,img/icons/brands/dontomas.svg,Maduro,Presidente,,Churchill,7.5,50,Parejo,,,,,,,,,,,,,,,10.66,266.5,25,89,10.66,120.75,4.83,5.83,72062,,,,,,don tomas|presidente|churchill
General Cigar Co.,img/icons/manufacturers/generalcigarco.svg,Don Tomas,,img/icons/brands/dontomas.svg,Sungrown,Presidente,,Churchill,7.5,50,Parejo,,,,,,,,,,,,,,,10.66,266.5,25,89,10.66,120.75,4.83,5.83,72085,,,,,,don tomas|presidente|churchill
General Cigar Co.,img/icons/manufacturers/generalcigarco.svg,Don Tomas,,img/icons/brands/dontomas.svg,Sungrown,Gigante,,Gordo,6,60,Parejo,,,,,,,,,,,,,,,12.36,309,25,89,12.36,142.0,5.68,6.68,72314,,,,,,don tomas|gigante|gordo
,,Don Tomás,,,Clásico,Presidente,,Presidente,7.5,50,Presidente,Honduras,Honduras,Honduras,Honduras,,,,,,,,,,,0.0,,,89,,,,,,,,Aficionado,2006.0,22.0,don tomás|presidente|presidente
,,Doña Nieves,,,Sentimiento,Ternura,,,,,,Nicaragua,Nicaragua,Nicaragua,Nicaragua,,,,,,,,,,,0.0,,,89,,,,,,,,Cigar Journal,2016.0,15.0,doña nieves|ternura|
,,Drew Estate,,,Liga Privada,Unico Serie Year of the Rat,,,5,46,,USA,Brazil,Honduras; Nicaragua,Nicaragua,,,,,,,,,,,0.0,,,89,,,,,,,,Cigar Journal,2021.0,10.0,drew estate|unico serie year of the rat|
,,Drew Estate,,,Norteño,Robusto Grande,https://www.cigaraficionado.com/top25cigar/drew-estate-norteno-robusto-grande-2016,Robusto,5.5,54,Parejo,Mexico San Andrés Maduro,Nicaragua,Nicaragua,Nicaragua,,,,,,,,,,,0.0,,,89,,,,,,,,Aficionado,2016.0,7.0,drew estate|robusto grande|robusto
,,Drew Estate,,,,DREW ESTATE 20 ACRE FARM TORO,,Toro,,,Parejo,Ecuador,Honduras,Nicaragua,Nicaragua,,,,,,,,,,,0.0,,,89,,,,,,,,Cigar Journal,2022.0,14.0,drew estate|drew estate 20 acre farm toro|toro
,,Drew Estate,,,,DREW ESTATE BLACKENED CIGARS S84 SHADE TO BLACK TORO,,Toro,,,Parejo,Ecuador,USA,"USA, Nicaragua",Nicaragua,,,,,,,,,,,0.0,,,89,,,,,,,,Cigar Journal,2024.0,12.0,drew estate|drew estate blackened cigars s84 shade to black toro|toro
,,Dunhill,,,Aged Maduro,Short Robusto,,Robusto,,,Parejo,USA,Dominican Republic,Dominican Republic,Dominican Republic,,,,,,,,,,,0.0,,,89,,,,,,,,Cigar Journal,2016.0,22.0,dunhill|short robusto|robusto
,,Dunhill,,,Heritage,Robusto Box Pressed,,Robusto,,,Parejo,Ecuador,Nicaragua,"Nicaragua, Honduras",Nicaragua,,,,,,,,,,,0.0,,,89,,,,,,,,Cigar Journal,2015.0,10.0,dunhill|robusto box pressed|robusto
,,Eiroa,,,Classic,Prensado,,,,,,Honduras,Honduras,Honduras,Honduras,,,,,,,,,,,0.0,,,89,,,,,,,,Cigar Journal,2015.0,1.0,eiroa|prensado|
,,Eiroa,,,The First 20,54x6 Toro,,Toro,,,Parejo,Honduras,Honduras,Honduras,Honduras,,,,,,,,,,,0.0,,,89,,,,,,,,Cigar Journal,2017.0,9.0,eiroa|54x6 toro|toro
,,El Centurion,,,H-2K-CT,Toro Box Pressed,https://www.cigaraficionado.com/top25cigar/el-centurion-h2kct-toro-2016,Toro,6,52,Parejo,Hybrid H-2K-CT,Nicaragua,Nicaragua,Nicaragua,,,,,,,,,,,0.0,,,89,,,,,,,,Aficionado,2016.0,16.0,el centurion|toro box pressed|toro
,,El Centurion,,,H-2K-CT,Toro,,Toro,,,Parejo,USA,Nicaragua,Nicaragua,Nicaragua,,,,,,,,,,,0.0,,,89,,,,,,,,Cigar Journal,2016.0,8.0,el centurion|toro|toro
,,El Galan,,,Reserva Especial Connecticut,Airoso,,,,,,Ecuador,Nicaragua,Nicaragua,Nicaragua,,,,,,,,,,,0.0,,,89,,,,,,,,Cigar Journal,2017.0,25.0,el galan|airoso|
,,El Güegüense,,,Corona Gorda,Corona Gorda,https://www.cigaraficionado.com/top25/2016/el-gueguense-corona-gorda,Corona Gorda,5.625,46,Parejo,Nicaragua,Nicaragua,Nicaragua,Nicaragua,,,,,,,,,,,0.0,,,89,,,,,,,,Aficionado,2021.0,25.0,el güegüense|corona gorda|corona gorda
,,El Rey del Mundo,,,L'Epoque,El Rey del Mundo L’Epoque ER 2021 Francia,,,4.9,50,,Cuba,Cuba,Cuba,Cuba,,,,,,,,,,,0.0,,,89,,,,,,,,Cigar Journal,2021.0,23.0,el rey del mundo|el rey del mundo l’epoque er 2021 francia|
,,El Rey del Mundo,,,La Reina ER 2018,Gran Bretaña,,,,,,Cuba,Cuba,Cuba,Cuba,,,Cuba,,,,,,,,0.0,,,89,,,,,,,,Cigar Journal,2020.0,7.0,el rey del mundo|gran bretaña|
,,El Rey Del Mundo,,,Sobranos,,,,,,,Honduras,Honduras,Honduras,Honduras,,,,,,,,,,,0.0,,,89,,,,,,,,Cigar Journal,2013.0,23.0,el rey del mundo||
,,Emilio,,,AF2 Toro,Toro,,Toro,,,Parejo,Nicaragua,Nicaragua,"USA, Nicaragua",Nicaragua,,,,,,,,,,,0.0,,,89,,,,,,,,Cigar Journal,2015.0,5.0,emilio|toro|toro
,,EP Carrillo,,,Allegiance,EP Carrillo Allegiance Confidant,/mnt/data/Screenshot 2025-11-20 at 9.41.04 PM.png,Toro,6,52,Parejo,Ecuador,Nicaragua,Nicaragua,Nicaragua,,,,,,,,,,,0.0,,,89,,,,,,,,Aficionado,2023.0,5.0,ep carrillo|ep carrillo allegiance confidant|toro
,,EP Carrillo,,,Cardinal Series,No. 52,https://www.cigaraficionado.com/top25cigar/e-p-carrillo-cardinal-series-no-52-2013,Robusto,5,52,Parejo,Ecuador Sumatra,Nicaragua,Nicaragua,Nicaragua,,,,,,,,,,,0.0,,,89,,,,,,,,Aficionado,2013.0,7.0,ep carrillo|no. 52|robusto
,,EP Carrillo,,,Dusk,Dusk Solidos,https://www.cigaraficionado.com/top25/2017/ep-carrillo-dusk-solidos,Gordo,6,60,Parejo,USA Connecticut Broadleaf,Ecuador,Nicaragua,Dominican Republic,,,,,,,,,,,0.0,,,89,,,,,,,,Aficionado,2017.0,18.0,ep carrillo|dusk solidos|gordo
,,EP Carrillo,,,Elencos,Elencos Don Rubino,https://www.cigaraficionado.com/top25/2018/ep-carrillo-elencos-don-rubino,Toro,5.25,50,Parejo,Brazil,Dominican Republic,Dominican Republic,Dominican Republic,,,,,,,,,,,0.0,,,89,,,,,,,,Aficionado,2018.0,18.0,ep carrillo|elencos don rubino|toro
,,EP Carrillo,,,Encore,Encore Majestic Robusto,https://www.cigaraficionado.com/top25/2018/e-p-carrillo-encore-majestic,Robusto,5.375,52,Parejo,Nicaragua,Nicaragua,Nicaragua,Nicaragua,,,,,,,,,,,0.0,,,89,,,,,,,,Aficionado,2018.0,1.0,ep carrillo|encore majestic robusto|robusto
,,EP Carrillo,,,Encore,Encore Majestic Robusto,https://www.cigaraficionado.com/top25/2019/ep-carrillo-encore-majestic,Robusto,5.375,50,Parejo,Nicaragua,Nicaragua,Nicaragua,Dominican Republic,,,,,,,,,,,0.0,,,89,,,,,,,,Aficionado,2019.0,14.0,ep carrillo|encore majestic robusto|robusto
,,EP Carrillo,,,Encore,Encore Celestial,https://www.cigaraficionado.com/top25cigar/e-p-carrillo-encore-celestial-2024,Toro,6,50,Parejo,Nicaragua,Nicaragua,Nicaragua,Nicaragua,,,,,,,,,,,0.0,,,89,,,,,,,,Aficionado,2024.0,3.0,ep carrillo|encore celestial|toro
,,EP Carrillo,,,La Historia,Doña Elena,https://www.cigaraficionado.com/top25cigar/e-p-carrillo-la-historia-dona-elena-2014,Box Pressed Toro,6.13,50,,Mexico San Andrés,Nicaragua,Nicaragua,Dominican Republic/Nicaragua,,,,,,,,,,,0.0,,,89,,,,,,,,Aficionado,2014.0,6.0,ep carrillo|doña elena|box pressed toro
,,EP Carrillo,,,La Historia,E-III,https://www.cigaraficionado.com/top25cigar/e-p-carrillo-la-historia-e-iii-2015,Toro,6.88,54,Parejo,Mexico San Andrés,Nicaragua,Nicaragua,Dominican Republic/Nicaragua,,,,,,,,,,,0.0,,,89,,,,,,,,Aficionado,2015.0,6.0,ep carrillo|e-iii|toro
,,EP Carrillo,,,Pledge,Prequel,https://www.cigaraficionado.com/top25/2020/ep-carrillo-pledge-prequel,Robusto,5,50,Parejo,USA Conn. Habano,Ecuador,Nicaragua,Dominican Republic,,,,,,,,,,,0.0,,,89,,,,,,,,Aficionado,2020.0,1.0,ep carrillo|prequel|robusto
,,EP Carrillo,,,Pledge,EP Carrillo Pledge Apogee,,Gordo,6.25,58,Parejo,USA; Connecticut Broadleaf,USA; Connecticut Broadleaf,Nicaragua,Dominican Republic,,,,,,,,,,,0.0,,,89,,,,,,,,Aficionado,2022.0,9.0,ep carrillo|ep carrillo pledge apogee|gordo
,,EP Carrillo,,,Pledge,Apogee,https://www.cigaraficionado.com/top25/2022/ep-carrillo-pledge-apogee,Gordo,6.25,58,Parejo,USA Conn. Habano,Ecuador,Nicaragua,Dominican Republic,,,,,,,,,,,0.0,,,89,,,,,,,,Aficionado,2022.0,11.0,ep carrillo|apogee|gordo
,,EP Carrillo,,,Selección Oscuro,Piramidesss Royal,https://www.cigaraficionado.com/top25cigar/e-p-carrillo-seleccion-oscuro-Piramidesss-royal-2016,Piramidess,5.75,52,,Mexico San Andrés,Nicaragua,Nicaragua,Nicaragua,,,,,,,,,,,0.0,,,89,,,,,,,,Aficionado,2016.0,4.0,ep carrillo|piramidesss royal|piramidess
,,EP Carrillo,,,,Encore Majestic,,,,,,Nicaragua,Nicaragua,Nicaragua,Dominican Republic,,,,,,,,,,,0.0,,,89,,,,,,,,Cigar Journal,2019.0,19.0,ep carrillo|encore majestic|
,,EP Carrillo,,,,EP Carrillo ALLEGIANCE CONFIDANT,,,,,,Ecuador,Nicaragua,Nicaragua,Nicaragua,,,,,,,,,,,0.0,,,89,,,,,,,,Cigar Journal,2023.0,1.0,ep carrillo|ep carrillo allegiance confidant|
,,EPC,,,La Historia,,,,,,,Mexico,Nicaragua,Dominican Republic,Ecuador,,,,,,,,,,,0.0,,,89,,,,,,,,Cigar Journal,2013.0,14.0,epc||
,,Espinosa,,,,601 Red Label Habano Torpedo,https://www.cigaraficionado.com/top25/2017/601-red-label-habano-torpedo,Torpedo,6.125,52,Torpedo,Nicaragua,Nicaragua,Nicaragua,Nicaragua,,,,,,,,,,,0.0,,,89,,,,,,,,Aficionado,2017.0,14.0,601|601 red label habano torpedo|torpedo
General Cigar Co.,img/icons/manufacturers/generalcigarco.svg,Excalibur,,img/icons/brands/excalibur.svg,Excalibur,Short Crystal,,Robusto,5.25,50,Parejo,,,,,,,,,Tubo,,,,,,13.82,138.2,10,89,13.82,64.1,6.41,7.41,55362,,,,,,excalibur|short crystal|robusto
General Cigar Co.,img/icons/manufacturers/generalcigarco.svg,Excalibur,,img/icons/brands/excalibur.svg,Excalibur,Epicures Maduro,,Robusto,5.25,50,Parejo,,,,,,,,,,,,,,,13.5,270,20,89,13.5,125.0,6.25,7.25,50124,,,,,,excalibur|epicures maduro|robusto
General Cigar Co.,img/icons/manufacturers/generalcigarco.svg,Excalibur,,img/icons/brands/excalibur.svg,Excalibur,No. III EC,,Toro,6.12,50,Parejo,,,,,,,,,,,,,,,14.08,281.6,20,89,14.08,130.8,6.54,7.54,50104,,,,,,excalibur|no. iii ec|toro
General Cigar Co.,img/icons/manufacturers/generalcigarco.svg,Excalibur,,img/icons/brands/excalibur.svg,Excalibur,No. III Maduro,,Toro,6.12,50,Parejo,,,,,,,,,,,,,,,14.08,281.6,20,89,14.08,130.8,6.54,7.54,50105,,,,,,excalibur|no. iii maduro|toro
General Cigar Co.,img/icons/manufacturers/generalcigarco.svg,Excalibur,,img/icons/brands/excalibur.svg,Excalibur,Epicures EC,,Robusto,5.25,50,Parejo,,,,,,,,,,,,,,,13.5,270,20,89,13.5,125.0,6.25,7.25,50123,,,,,,excalibur|epicures ec|robusto
General Cigar Co.,img/icons/manufacturers/generalcigarco.svg,Excalibur,,img/icons/brands/excalibur.svg,Excalibur,No. I EC,,Gigante,7.25,54,Parejo,,,,,,,,,,,,,,,14.74,294.8,20,89,14.74,137.4,6.87,7.87,50097,,,,,,excalibur|no. i ec|gigante
General Cigar Co.,img/icons/manufacturers/generalcigarco.svg,Excalibur,,img/icons/brands/excalibur.svg,Excalibur,No. I Maduro,,Gigante,7.25,54,Parejo,,,,,,,,,,,,,,,14.74,294.8,20,89,14.74,137.4,6.87,7.87,50098,,,,,,excalibur|no. i maduro|gigante
General Cigar Co.,img/icons/manufacturers/generalcigarco.svg,Excalibur,,img/icons/brands/excalibur.svg,Excalibur,No. II EC,,Churchill,6.75,47,Parejo,,,,,,,,,,,,,,,14.2,284,20,89,14.2,132.0,6.6,7.6,50102,,,,,,excalibur|no. ii ec|churchill
General Cigar Co.,img/icons/manufacturers/generalcigarco.svg,Excalibur,,img/icons/brands/excalibur.svg,Excalibur,No. II Maduro,,Churchill,6.75,47,Parejo,,,,,,,,,,,,,,,14.2,284,20,89,14.2,132.0,6.6,7.6,50103,,,,,,excalibur|no. ii maduro|churchill
General Cigar Co.,img/icons/manufacturers/generalcigarco.svg,Excalibur,,img/icons/brands/excalibur.svg,Excalibur,No. 660,,Gordo,6,60,Parejo,,,,,,,,,,,,,,,14.54,290.8,20,89,14.54,135.4,6.77,7.77,55325,,,,,,excalibur|no. 660|gordo
General Cigar Co.,img/icons/manufacturers/generalcigarco.svg,Excalibur,,img/icons/brands/excalibur.svg,Excalibur,Black No. 1,,Gigante,7.25,54,Parejo,,,,,Maduro,,,,,,,,,,12.72,254.4,20,89,12.72,117.2,5.86,6.86,56116,,,,,,excalibur|black no. 1|gigante
General Cigar Co.,img/icons/manufacturers/generalcigarco.svg,Excalibur,,img/icons/brands/excalibur.svg,Excalibur Black,Robusto,,Robusto,5,50,Parejo,,,,,Maduro,,,,,,,,,,11.72,234.4,20,89,11.72,107.2,5.36,6.36,56114,,,,,,excalibur|robusto|robusto
General Cigar Co.,img/icons/manufacturers/generalcigarco.svg,Excalibur,,img/icons/brands/excalibur.svg,Excalibur Black,Toro,,Toro,6,52,Parejo,,,,,Maduro,,,,,,,,,,12.12,242.4,20,89,12.12,111.2,5.56,6.56,56115,,,,,,excalibur|toro|toro
General Cigar Co.,img/icons/manufacturers/generalcigarco.svg,Excalibur,,img/icons/brands/excalibur.svg,Excalibur Cameroon,Lancelot,,Gigante,7.25,54,Parejo,,,,,Colorado Maduro,,,,,,,,,,14.52,290.4,20,89,14.52,135.2,6.76,7.76,53170,,,,,,excalibur|lancelot|gigante
General Cigar Co.,img/icons/manufacturers/generalcigarco.svg,Excalibur,,img/icons/brands/excalibur.svg,Excalibur Cameroon,Merlin,,Robusto,5.25,50,Parejo,,,,,Colorado Maduro,,,,,,,,,,13.5,270,20,89,13.5,125.0,6.25,7.25,53167,,,,,,excalibur|merlin|robusto
Drew Estate,img/icons/manufacturers/drewestate.svg,Factory Smokes,,img/icons/brands/factorysmokesmaduro.svg,Maduro,Robusto,,Robusto,5,54,Parejo,,,,,,,,,,,,,,,2.35,58.75,25,89,3.9,36.25,1.45,2.45,Q-02-87-034,40.0,,,,,factory smokes|robusto|robusto
Drew Estate,img/icons/manufacturers/drewestate.svg,Factory Smokes,,img/icons/brands/factorysmokesmaduro.svg,Maduro,Toro,,Toro,6,52,Parejo,,,,,,,,,,,,,,,2.55,63.75,25,89,4.1,38.75,1.55,2.55,Q-02-87-033,40.0,,,,,factory smokes|toro|toro
Drew Estate,img/icons/manufacturers/drewestate.svg,Factory Smokes,,img/icons/brands/factorysmokesmaduro.svg,Maduro,Churchill,,Churchill,7,50,Parejo,,,,,,,,,,,,,,,2.75,68.75,25,89,4.3,41.25,1.65,2.65,Q-02-87-035,40.0,,,,,factory smokes|churchill|churchill
Drew Estate,img/icons/manufacturers/drewestate.svg,Factory Smokes,,img/icons/brands/factorysmokesmaduro.svg,Maduro,Gordito,,Gordo,6,60,Parejo,,,,,,,,,,,,,,,3.05,76.25,25,89,4.6,45.0,1.8,2.8,Q-02-87-036,40.0,,,,,factory smokes|gordito|gordo
Drew Estate,img/icons/manufacturers/drewestate.svg,Factory Smokes,,img/icons/brands/factorysmokesshade.svg,Shade,Robusto,,Robusto,5,54,Parejo,,,,,,,,,,,,,,,2.35,58.75,25,89,3.9,36.25,1.45,2.45,Q-02-87-030,40.0,,,,,factory smokes|robusto|robusto
Drew Estate,img/icons/manufacturers/drewestate.svg,Factory Smokes,,img/icons/brands/factorysmokesshade.svg,Shade,Toro,,Toro,6,52,Parejo,,,,,,,,,,,,,,,2.55,63.75,25,89,4.1,38.75,1.55,2.55,Q-02-87-029,40.0,,,,,factory smokes|toro|toro
Drew Estate,img/icons/manufacturers/drewestate.svg,Factory Smokes,,img/icons/brands/factorysmokesshade.svg,Shade,Churchill,,Churchill,7,50,Parejo,,,,,,,,,,,,,,,2.75,68.75,25,89,4.3,41.25,1.65,2.65,Q-02-87-031,40.0,,,,,factory smokes|churchill|churchill
Drew Estate,img/icons/manufacturers/drewestate.svg,Factory Smokes,,img/icons/brands/factorysmokesshade.svg,Shade,Gordito,,Gordo,6,60,Parejo,,,,,,,,,,,,,,,3.05,76.25,25,89,4.6,45.0,1.8,2.8,Q-02-87-032,40.0,,,,,factory smokes|gordito|gordo
Drew Estate,img/icons/manufacturers/drewestate.svg,Factory Smokes,,img/icons/brands/factorysmokessungrown.svg,Sungrown,Robusto,,Robusto,5,54,Parejo,,,,,,,,,,,,,,,2.35,58.75,25,89,3.9,36.25,1.45,2.45,Q-02-87-038,40.0,,,,,factory smokes|robusto|robusto
Drew Estate,img/icons/manufacturers/drewestate.svg,Factory Smokes,,img/icons/brands/factorysmokessungrown.svg,Sungrown,Toro,,Toro,6,52,Parejo,,,,,,,,,,,,,,,2.55,63.75,25,89,4.1,38.75,1.55,2.55,Q-02-87-037,40.0,,,,,factory smokes|toro|toro
Drew Estate,img/icons/manufacturers/drewestate.svg,Factory Smokes,,img/icons/brands/factorysmokessungrown.svg,Sungrown,Churchill,,Churchill,7,50,Parejo,,,,,,,,,,,,,,,2.75,68.75,25,89,4.3,41.25,1.65,2.65,Q-02-87-039,40.0,,,,,factory smokes|churchill|churchill
Drew Estate,img/icons/manufacturers/drewestate.svg,Factory Smokes,,img/icons/brands/factorysmokessungrown.svg,Sungrown,Gordito,,Gordo,6,60,Parejo,,,,,,,,,,,,,,,3.05,76.25,25,89,4.6,45.0,1.8,2.8,Q-02-87-040,40.0,,,,,factory smokes|gordito|gordo
Drew Estate,img/icons/manufacturers/drewestate.svg,Factory Smokes,,img/icons/brands/factorysmokessweet.svg,Sweet,Robusto,,Robusto,5,54,Parejo,,,,,,,,,,FS,,,,,2.59,51.8,20,89,4.14,31.4,1.57,2.57,Q-02-87-042,40.0,,,,,factory smokes|robusto|robusto
Drew Estate,img/icons/manufacturers/drewestate.svg,Factory Smokes,,img/icons/brands/factorysmokessweet.svg,Sweet,Toro,,Toro,6,54,Parejo,,,,,,,,,,FS,,,,,2.97,59.4,20,89,4.52,35.2,1.76,2.76,Q-02-87-041,40.0,,,,,factory smokes|toro|toro
Drew Estate,img/icons/manufacturers/drewestate.svg,Factory Smokes,,img/icons/brands/factorysmokessweet.svg,Sweet,Churchill,,Churchill,7,52,Parejo,,,,,,,,,,FS,,,,,3.27,65.4,20,89,4.82,38.2,1.91,2.91,Q-02-87-043,40.0,,,,,factory smokes|churchill|churchill
Drew Estate,img/icons/manufacturers/drewestate.svg,Factory Smokes,,img/icons/brands/factorysmokessweet.svg,Sweet,Belicoso,,Belicoso,6,54,Belicoso,,,,,,,,,,FS,,,,,3.39,67.8,20,89,4.94,39.4,1.97,2.97,Q-02-87-044,40.0,,,,,factory smokes|belicoso|belicoso
Drew Estate,img/icons/manufacturers/drewestate.svg,Fat Bottom Betty,,img/icons/brands/fatbottombetty.svg,Fat Bottom Betty,Robusto,,Robusto,5,54,Parejo,,,,,,,,,,FS,,,,,11.0,110,10,89,12.652,58.26,5.826,6.826,Q-01-14-068,30.0,,,,,fat bottom betty|robusto|robusto
Drew Estate,img/icons/manufacturers/drewestate.svg,Fat Bottom Betty,,img/icons/brands/fatbottombetty.svg,Fat Bottom Betty,Toro,,Toro,6,50,Parejo,,,,,,,,,,FS,,,,,11.75,117.5,10,89,13.402,62.01,6.201,7.201,Q-01-02-122,30.0,,,,,fat bottom betty|toro|toro
Drew Estate,img/icons/manufacturers/drewestate.svg,Fat Bottom Betty,,img/icons/brands/fatbottombetty.svg,Fat Bottom Betty,Gordito,,Gordo,6,60,Parejo,,,,,,,,,,FS,,,,,12.75,127.5,10,89,14.4,67.0,6.7,7.7,Q-01-02-125,30.0,,,,,fat bottom betty|gordito|gordo
,,Ferio Tego,,img/icons/brands/feriotego.svg,Summa,Ferio Tego Summa Corona Gorda,https://www.cigaraficionado.com/top25cigar/ferio-tego-summa-corona-gorda-2024,Corona,5.75,46,Parejo,Ecuador,Nicaragua,Dominican Republic,Nicaragua,,,,,,,,,,,0.0,,,89,,,,,,,,Aficionado,2024.0,24.0,ferio tego|ferio tego summa corona gorda|corona
,,Fernando Leon,,,Family Reserve,Belicoso,,Belicoso,,,Belicoso,Dominican Republic,Dominican Republic,Dominican Republic; Brazil,Dominican Republic,,,,,,,,,,,0.0,,,89,,,,,,,,Cigar Journal,2014.0,8.0,fernando leon|belicoso|belicoso
,,Flor de Copan,,,Special Edition,Rare Blend,,,,,,Ecuador,Nicaragua,Dominican Republic,Honduras,,,,,,,,,,,0.0,,,89,,,,,,,,Cigar Journal,2020.0,17.0,flor de copan|rare blend|
,,Flor de Copan,,,,FLOR DE COPÁN GRAN RESERVA 20 ANIVERSARIO ROSAS,,,,,,Ecuador,Nicaragua,"Honduras, Nicaragua",Honduras,,,,,,,,,,,0.0,,,89,,,,,,,,Cigar Journal,2023.0,9.0,flor de copan|flor de copán gran reserva 20 aniversario rosas|
,,Flor de las Antillas,,,,Robusto,,Robusto,,,Parejo,Nicaragua,Nicaragua,Nicaragua,Nicaragua,,,,,,,,,,,0.0,,,89,,,,,,,,Cigar Journal,2014.0,7.0,flor de las antillas|robusto|robusto
,,Flor de Selva,,,Colección Aniversario No. 20,Egoísta,,,,,,Honduras,Honduras,Honduras,Honduras,,,,,,,,,,,0.0,,,89,,,,,,,,Cigar Journal,2017.0,16.0,flor de selva|egoísta|
,,Flor de Selva,,,No. 15,No. 15,,,,,,Honduras,Honduras,Honduras,Honduras,,,,,,,,,,,0.0,,,89,,,,,,,,Cigar Journal,2013.0,25.0,flor de selva|no. 15|
,,Flor de Selva,,,No. 20,,,,,,,Honduras,Dominican Republic,Honduras,Honduras,,,,,,,,,,,0.0,,,89,,,,,,,,Cigar Journal,2015.0,14.0,flor de selva||
,,Flor de Selva,,,,Grand Pressé,,,,,,Honduras,Brazil,Honduras,Honduras,,,,,,,,,,,0.0,,,89,,,,,,,,Cigar Journal,2016.0,18.0,flor de selva|grand pressé|
,,Flor de Selva,,,,Flor de Selva COLECCIÓN ANIVERSARIO Nº20 TORO,,Toro,,,Parejo,Honduras,Honduras,Honduras,Honduras,,,,,,,,,,,0.0,,,89,,,,,,,,Cigar Journal,2022.0,8.0,flor de selva|flor de selva colección aniversario nº20 toro|toro
,,Flor de Selva,,,,Flor de Selva MADURO TORO,,Toro,,,Parejo,Honduras,Honduras,Honduras,Honduras,Maduro,,,,,,,,,,0.0,,,89,,,,,,,,Cigar Journal,2023.0,12.0,flor de selva|flor de selva maduro toro|toro
,,Fonseca,,,By My Father,Petit Corona,https://www.cigaraficionado.com/top25/2020/fonseca-by-my-father-petit-corona,Petit Corona,4.25,40,Parejo,Nicaragua,Nicaragua,Nicaragua,Nicaragua,,,,,,,,,,,0.0,,,89,,,,,,,,Aficionado,2020.0,18.0,fonseca|petit corona|petit corona
Foundation Cigar Company,img/icons/manufacturers/foundation.svg,Foundation,,img/icons/brands/foundation.svg,Aksum,Aksum Maduro Toro,,Toro,6,52,Parejo,,,,,,,,,,,,,,,17.35,173.5,10,89,18.36,86.8,8.68,9.68,,,,,,,foundation|aksum maduro toro|toro
Foundation Cigar Company,img/icons/manufacturers/foundation.svg,Foundation,,img/icons/brands/foundation.svg,Charter Oak,Especiales Pasquale Maduro Corona,,Corona,5.5,48,Parejo,,,,,,,,,,,,,,,13.65,163.8,12,89,14.6,81.6,6.8,7.8,,,,,,,foundation|especiales pasquale maduro corona|corona
Foundation Cigar Company,img/icons/manufacturers/foundation.svg,Foundation,,img/icons/brands/foundation.svg,Charter Oak,Especiales Pegnataro Connecticut Corona,,Corona,5.5,48,Parejo,,,,,,,,,,,,,,,13.65,163.8,12,89,14.6,81.6,6.8,7.8,,,,,,,foundation|especiales pegnataro connecticut corona|corona
Foundation Cigar Company,img/icons/manufacturers/foundation.svg,Foundation,,img/icons/brands/foundation.svg,Charter Oak,Shade Grande 6x60,,Gordo,6,60,Parejo,,,,,,,,,,,,,,,7.25,145,20,89,9.04,80.4,4.02,5.02,,,,,,,foundation|shade grande 6x60|gordo
,,Foundation,,,El Güegüense,Corona Gorda,https://www.cigaraficionado.com/top25cigar/el-gueguense-corona-gorda-2016,Corona Gorda,5.62,46,Parejo,Nicaragua Corojo,Nicaragua,Nicaragua,Nicaragua,,,,,,,,,,,0.0,,,89,,,,,,,,Aficionado,2016.0,25.0,foundation|corona gorda|corona gorda
Foundation Cigar Company,img/icons/manufacturers/foundation.svg,Foundation,,img/icons/brands/foundation.svg,Olmec,Olmec Maduro Toro,,Toro,6,52,Parejo,,,,,,,,,,,,,,,16.05,192.6,12,89,17.14,96.84,8.07,9.07,,,,,,,foundation|olmec maduro toro|toro
,,Foundation,,,The Wise Man Maduro,The Wise Man Maduro Robusto,https://www.cigaraficionado.com/top25/2018/the-wise-man-maduro-robusto,Robusto,5.5,50,Parejo,Mexico,Nicaragua,Nicaragua,Nicaragua,Maduro,,,,,,,,,,0.0,,,89,,,,,,,,Aficionado,2018.0,3.0,foundation|the wise man maduro robusto|robusto
,,Four Kicks,,,Capa Especial,Robusto,https://www.cigaraficionado.com/top25/2020/four-kicks-capa-especial-robusto,Robusto,5,50,Parejo,Ecuador,Nicaragua,"Dominican Republic, Nicaragua",Dominican Republic,,,,,,,,,,,0.0,,,89,,,,,,,,Aficionado,2020.0,20.0,four kicks|robusto|robusto
,,Garofalo,,,,GAROFALO LA FAMIGLIA CONNECTICUT EPICURE,,,,,,Ecuador,Nicaragua,Nicaragua,Nicaragua,Connecticut,,,,,,,,,,0.0,,,89,,,,,,,,Cigar Journal,2022.0,15.0,garofalo|garofalo la famiglia connecticut epicure|
Drew Estate,img/icons/manufacturers/drewestate.svg,Girl With No Name,,img/icons/brands/girlwithnoname.svg,Girl With No Name,Lonsdale,,Lonsdale,7,44,Parejo,,,,,,,,,,FS,,,,,11.25,224.97,20,89,12.9,119.0,5.95,6.95,Q-01-14-131,30.0,,,,,girl with no name|lonsdale|lonsdale
,,Gispert,,,Maduro,Robusto,,Robusto,5,52,Parejo,Maduro,Honduras,Honduras,Honduras,,,,,,,,,,,0.0,,,89,,,,,,,,Aficionado,2005.0,22.0,gispert|robusto|robusto
,,Great Wall,,,,GREAT WALL THE MAO SERIES TORO,,Toro,,,Parejo,Dominican Republic,Indonesia,Dominican Republic,China,,,,,,,,,,,0.0,,,89,,,,,,,,Cigar Journal,2022.0,24.0,great wall|great wall the mao series toro|toro
,,Great Wall,,,,GREAT WALL GJ NO.5 LANCERO,,Lancero,,,Parejo,Nicaragua,Indonesia,"Dominican Republic, China",China,,,,,,,,,,,0.0,,,89,,,,,,,,Cigar Journal,2024.0,16.0,great wall|great wall gj no.5 lancero|lancero
,,Gurkha,,,125th Anniversary,Torpedo,,Torpedo,,,Torpedo,Brazil,Ecuador,Brazil; Dominican Republic; Nicaragua,Dominican Republic,,,,,,,,,,,0.0,,,89,,,,,,,,Cigar Journal,2014.0,11.0,gurkha|torpedo|torpedo
,,Gurkha,,,CELLAR RESERVE,Koi,,,,,,Dominican Republic,Dominican Republic,Dominican Republic,Dominican Republic,,,,,,,,,,,0.0,,,89,,,,,,,,Cigar Journal,2013.0,12.0,gurkha|koi|
,,Gurkha,,,Ghost Gold,Shadow,,,,,,Ecuador,Mexico,Dominican Republic; USA,Dominican Republic,,,,,,,,,,,0.0,,,89,,,,,,,,Cigar Journal,2019.0,11.0,gurkha|shadow|
,,Gurkha,,,Heritage,Toro,,Toro,,,Parejo,Ecuador,Nicaragua,Dominican Republic; USA; Nicaragua,Nicaragua,,,,,,,,,,,0.0,,,89,,,,,,,,Cigar Journal,2016.0,20.0,gurkha|toro|toro
,,Gurkha,,,Royal Challenge,Maduro Toro,,Toro,,,Parejo,Ecuador,Honduras,"Nicaragua, Dominican Republic",Nicaragua,Maduro,,,,,,,,,,0.0,,,89,,,,,,,,Cigar Journal,2015.0,19.0,gurkha|maduro toro|toro
,,Gurkha,,,Trenta,Gurkha Trenta 30th Anniversary Robusto,,Robusto,5,50,Parejo,Nicaragua,Nicaragua,Nicaragua,Nicaragua,,,,,,,,,,,0.0,,,89,,,,,,,,Cigar Journal,2021.0,14.0,gurkha|gurkha trenta 30th anniversary robusto|robusto
,,Gurkha,,,,Heritage Maduro,,,,,,Mexico,Brazil,Brazil; Nicaragua,Nicaragua,Maduro,,,,,,,,,,0.0,,,89,,,,,,,,Cigar Journal,2018.0,15.0,gurkha|heritage maduro|
,,Gurkha,,,,GURKHA GHOST CONNECTICUT ASURA,,,,,,Ecuador,Mexico,"Dominican Republic, Nicaragua, USA",Dominican Republic,Connecticut,,,,,,,,,,0.0,,,89,,,,,,,,Cigar Journal,2023.0,22.0,gurkha|gurkha ghost connecticut asura|
,,Gurkha,,,,GURKHA COLECCIÓN ESPECIAL TORO PAREJO,,Toro,,,Parejo,Nicaragua,Nicaragua,Nicaragua,Nicaragua,,,,,,,,,,,0.0,,,89,,,,,,,,Cigar Journal,2024.0,19.0,gurkha|gurkha colección especial toro parejo|toro
,,H. Upmann,,,Magnum 46,Magnum 46,https://www.cigaraficionado.com/top25cigar/h-upmann-magnum-46-2007,Corona Gorda,5.62,46,Parejo,Cuba,Cuba,Cuba,Cuba,,,,,,,,,,,0.0,,,89,,,,,,,,Aficionado,2007.0,13.0,h. upmann|magnum 46|corona gorda
,,H. Upmann,,,Sir Winston,Sir Winston,https://www.cigaraficionado.com/top25/2018/h-upmann-sir-winston,Churchill,7,47,Parejo,Cuba,Cuba,Cuba,Cuba,,,Cuba,,,,,,,,0.0,,,89,,,,,,,,Aficionado,2018.0,5.0,h. upmann|sir winston|churchill
,,H. Upmann,,,The Banker,Annuity,https://www.cigaraficionado.com/top25cigar/h-upmann-the-banker-annuity-2009,Toro,6,52,Parejo,Ecuador Habano,Nicaragua,Nicaragua,Nicaragua/Ecuador,,,,,,,,,,,0.0,,,89,,,,,,,,Aficionado,2009.0,12.0,h. upmann|annuity|toro
,,H. Upmann,,,The Banker,Annuity,https://www.cigaraficionado.com/top25cigar/h-upmann-the-banker-annuity-2010,Toro,6,52,Parejo,Ecuador Habano,Nicaragua,Nicaragua,Nicaragua/Ecuador,,,,,,,,,,,0.0,,,89,,,,,,,,Aficionado,2010.0,21.0,h. upmann|annuity|toro
,,H. Upmann,,,The Banker,Annuity,https://www.cigaraficionado.com/top25cigar/h-upmann-the-banker-annuity-2012,Toro,6,52,Parejo,Ecuador Habano,Nicaragua,Nicaragua,Nicaragua/Ecuador,,,,,,,,,,,0.0,,,89,,,,,,,,Aficionado,2012.0,10.0,h. upmann|annuity|toro
,,H. Upmann,,,The Banker,Annuity,https://www.cigaraficionado.com/top25cigar/h-upmann-the-banker-annuity-2013,Toro,6,52,Parejo,Ecuador Habano,Nicaragua,Nicaragua,Nicaragua/Ecuador,,,,,,,,,,,0.0,,,89,,,,,,,,Aficionado,2013.0,21.0,h. upmann|annuity|toro
,,H. Upmann,,,The Banker,Annuity,https://www.cigaraficionado.com/top25cigar/h-upmann-the-banker-annuity-2015,Toro,6,52,Parejo,Ecuador Habano,Nicaragua,Nicaragua,Nicaragua/Ecuador,,,,,,,,,,,0.0,,,89,,,,,,,,Aficionado,2015.0,11.0,h. upmann|annuity|toro
,,H. Upmann,,,,Magnum 46,,Corona Gorda,5.62,46,Parejo,Cuba,Cuba,Cuba,Cuba,,,Cuba,,,,,,,,0.0,,,89,,,,,,,,Aficionado,2004.0,15.0,h. upmann|magnum 46|corona gorda
,,H. Upmann,,,,Magnum 50 Edicion Limitada 2005,,Double Robusto,6.3,50,,Cuba,Cuba,Cuba,Cuba,,,Cuba,,,,,,,,0.0,,,89,,,,,,,,Aficionado,2005.0,14.0,h. upmann|magnum 50 edicion limitada 2005|double robusto
,,H. Upmann,,,,175th Anniversary Churchill,https://www.cigaraficionado.com/top25/2019/h-upmann-175th-anniversary-churchill,Churchill,7,50,Parejo,Nicaragua,Nicaragua,Nicaragua,Nicaragua,,,,,,,,,,,0.0,,,89,,,,,,,,Aficionado,2019.0,10.0,h. upmann|175th anniversary churchill|churchill
,,H. Upmann,,,,H. Upmann No. 2,,Pyramid,6.125,52,Pyramid,Cuba,Cuba,Cuba,Cuba,,,Cuba,,,,,,,,0.0,,,89,,,,,,,,Aficionado,2022.0,1.0,h. upmann|h. upmann no. 2|pyramid
,,Hamlet,,,,Liberation by Hamlet Toro,,Toro,,,Parejo,Ecuador,Nicaragua,Honduras; Nicaragua,Nicaragua,,,,,,,,,,,0.0,,,89,,,,,,,,Cigar Journal,2019.0,20.0,hamlet|liberation by hamlet toro|toro
,,Hamlet Paredes,,,Tabaquero,Toro,,Toro,,,Parejo,Mexico,Mexico; Brazil,Nicaragua,Nicaragua,,,,,,,,,,,0.0,,,89,,,,,,,,Cigar Journal,2016.0,23.0,hamlet paredes|toro|toro
General Cigar Co.,img/icons/manufacturers/generalcigarco.svg,Havana Honeys,,img/icons/brands/havanahoneys.svg,HAVANA HONEYS HONEY,Del Sol Corona,,Corona,5.5,42,Parejo,,,,,,,,,,FS,,,,,0.0,,25,89,5.2,52.5,2.1,3.1,31104,,,,,,havana honeys|del sol corona|corona
General Cigar Co.,img/icons/manufacturers/generalcigarco.svg,Havana Honeys,,img/icons/brands/havanahoneys.svg,HAVANA HONEYS RUM,Del Sol Corona,,Corona,5.5,42,Parejo,,,,,,,,,,FS,,,,,0.0,,25,89,5.2,52.5,2.1,3.1,31106,,,,,,havana honeys|del sol corona|corona
General Cigar Co.,img/icons/manufacturers/generalcigarco.svg,Havana Honeys,,img/icons/brands/havanahoneys.svg,HAVANA HONEYS VANILLA,Del Sol Corona,,Corona,5.5,42,Parejo,,,,,,,,,,FS,,,,,0.0,,25,89,5.2,52.5,2.1,3.1,31105,,,,,,havana honeys|del sol corona|corona
,,Henry Clay,,,Stalk Cut,Toro,https://www.cigaraficionado.com/top25cigar/henry-clay-stalk-cut-toro-2016,Toro,6,54,Parejo,Connecticut Broadleaf,Dominican Republic,Dominican Republic,Dominican Republic,,,,,,,,,,,0.0,,,89,,,,,,,,Aficionado,2016.0,22.0,henry clay|toro|toro
,,Henry Clay,,,Stalk Cut,Stalk Cut Toro,https://www.cigaraficionado.com/top25/2016/henry-clay-stalk-cut-toro,Toro,6,54,Parejo,USA Conn Broadleaf,Dominican Republic,Dominican Republic; Nicaragua,Dominican Republic,,,,,,,,,,,0.0,,,89,,,,,,,,Aficionado,2021.0,22.0,henry clay|stalk cut toro|toro
,,Henry Clay,,,War Hawk,Corona,https://www.cigaraficionado.com/top25/2020/henry-clay-war-hawk-corona,Corona,5,44,Parejo,Ecuador,USA Broadleaf,Honduras,Honduras,,,,,,,,,,,0.0,,,89,,,,,,,,Aficionado,2020.0,10.0,henry clay|corona|corona
Drew Estate,img/icons/manufacturers/drewestate.svg,Herrera Esteli,hesteli,img/icons/brands/herreraesteli.svg,Brazilian Maduro,Robusto Grande,,Robusto Gordo,5.25,52,Parejo,,,,,,,,,,,,,,,10.7,267.7,25,89,12.3576,141.97,5.6788,6.6788,Q-01-84-012,25.0,,,,,herrera esteli|robusto grande|robusto gordo
Drew Estate,img/icons/manufacturers/drewestate.svg,Herrera Esteli,hesteli,img/icons/brands/herreraesteli.svg,Brazilian Maduro,Lonsdale Deluxe,,Lonsdale,6,44,Parejo,,,,,,,,,,,,,,,11.2,280,25,89,12.8528,148.16,5.9264,6.9264,Q-01-84-016,25.0,,,,,herrera esteli|lonsdale deluxe|lonsdale
Drew Estate,img/icons/manufacturers/drewestate.svg,Herrera Esteli,hesteli,img/icons/brands/herreraesteli.svg,Brazilian Maduro,Toro Especial,,Toro,6,54,Parejo,,,,,,,,,,,,,,,11.7,292.5,25,89,13.3512,154.39,6.1756,7.1756,Q-01-84-013,25.0,,,,,herrera esteli|toro especial|toro
Drew Estate,img/icons/manufacturers/drewestate.svg,Herrera Esteli,hesteli,img/icons/brands/herreraesteli.svg,Haban,Toro Especial,,Toro,6,54,Parejo,,,,,,,,,,,,,,,11.7,292.5,25,89,13.3512,154.39,6.1756,7.1756,Q-01-38-096,25.0,,,,,herrera esteli|toro especial|toro
,,Herrera Esteli,,,Habano,Herrera Esteli Habano Robusto Grande,https://www.cigaraficionado.com/top25/2021/herrera-esteli-habano-robusto-grande,Robusto,5.25,52,Parejo,Ecuador,Honduras,Nicaragua,Nicaragua,,,,,,,,,,,0.0,,,89,,,,,,,,Aficionado,2021.0,15.0,herrera esteli|herrera esteli habano robusto grande|robusto
Drew Estate,img/icons/manufacturers/drewestate.svg,Herrera Esteli,hesteli,img/icons/brands/herreraesteli.svg,Habano,Robusto Grande,,Robusto Gordo,5.25,52,Parejo,,,,,,,,,,,,,,,10.7,267.7,25,89,12.3576,141.97,5.6788,6.6788,Q-01-38-095,25.0,,,,,herrera esteli|robusto grande|robusto gordo
Drew Estate,img/icons/manufacturers/drewestate.svg,Herrera Esteli,hesteli,img/icons/brands/herreraesteli.svg,Habano,Lonsdale Deluxe,,Lonsdale,6,44,Parejo,,,,,,,,,,,,,,,11.2,280,25,89,12.8528,148.16,5.9264,6.9264,Q-01-38-099,25.0,,,,,herrera esteli|lonsdale deluxe|lonsdale
,,Herrera Esteli,,,Miami,Miami Short Corona Gorda,https://www.cigaraficionado.com/top25/2020/herrera-esteli-miami-short-corona-gorda,Corona Gorda,5.75,48,Parejo,Ecuador,Ecuador,Dominican Republic; Nicaragua,USA,,,,,,,,,,,0.0,,,89,,,,,,,,Aficionado,2020.0,24.0,herrera esteli|miami short corona gorda|corona gorda
,,Herrera Esteli,,,Norteño,Herrera Esteli Norteño Lonsdale,https://www.cigaraficionado.com/top25cigar/herrera-esteli-norteno-lonsdale-2024,Lonsdale,6.5,44,Parejo,Nicaragua,Nicaragua,Nicaragua,Nicaragua,,,,,,,,,,,0.0,,,89,,,,,,,,Aficionado,2024.0,19.0,herrera esteli|herrera esteli norteño lonsdale|lonsdale
,,Herrera Esteli,,,,Piramidess Fino,,Piramides,,,Pyramid,Ecuador,Honduras,Nicaragua,Nicaragua,,,,,,,,,,,0.0,,,89,,,,,,,,Cigar Journal,2014.0,17.0,herrera esteli|piramidess fino|piramides
,,Highclere Castle,,,Victorian,Victorian Toro,https://www.cigaraficionado.com/top25/2020/highclere-castle-victorian-toro,Toro,6,52,Parejo,Ecuador,Brazil,Nicaragua,Nicaragua,,,,,,,,,,,0.0,,,89,,,,,,,,Aficionado,2020.0,21.0,highclere castle|victorian toro|toro
,,Hoyo,,,La Amistad,Robusto,,Robusto,,,Parejo,Ecuador,Nicaragua,Nicaragua,Nicaragua,,,,,,,,,,,0.0,,,89,,,,,,,,Cigar Journal,2016.0,4.0,hoyo|robusto|robusto
,,Hoyo de Monterrey,,,Double Corona,Double Corona,https://www.cigaraficionado.com/top25cigar/hoyo-de-monterrey-double-corona-2013,Double Corona,7.62,49,Parejo,Cuba,Cuba,Cuba,Cuba,,,Cuba,,,,,,,,0.0,,,89,,,,,,,,Aficionado,2013.0,8.0,hoyo de monterrey|double corona|double corona
,,Hoyo de Monterrey,,,Epicure,Epicure No. 2,https://www.cigaraficionado.com/top25cigar/hoyo-de-monterrey-epicure-no-2-2016,Robusto,4.88,50,Parejo,Cuba,Cuba,Cuba,Cuba,,,Cuba,,,,,,,,0.0,,,89,,,,,,,,Cigar Journal,2016.0,9.0,hoyo de monterrey|epicure no. 2|robusto
,,Hoyo de Monterrey,,,Epicure Especial,Epicure Especial,https://www.cigaraficionado.com/top25cigar/hoyo-de-monterrey-epicure-especial-2014,Robusto Extra,5.63,50,Parejo,Cuba,Cuba,Cuba,Cuba,,,Cuba,,,,,,,,0.0,,,89,,,,,,,,Aficionado,2014.0,10.0,hoyo de monterrey|epicure especial|robusto extra
General Cigar Co.,img/icons/manufacturers/generalcigarco.svg,Hoyo de Monterrey,hdm,img/icons/brands/hoyodemonterrey.svg,HOYO DE MONTERREY MADURO,HDM Sabrosos MAD,,Corona,5,40,Parejo,,,,,Maduro,,,,,,,,,,8.0,200,25,89,8.0,87.5,3.5,4.5,50203,,,,,,hoyo de monterrey|hdm sabrosos mad|corona
General Cigar Co.,img/icons/manufacturers/generalcigarco.svg,Hoyo de Monterrey,hdm,img/icons/brands/hoyodemonterrey.svg,HOYO DE MONTERREY MADURO,Governors MAD,,Toro,6.12,50,Parejo,,,,,Maduro,,,,,,,,,,12.24,306,25,89,12.24,140.5,5.62,6.62,50171,,,,,,hoyo de monterrey|governors mad|toro
General Cigar Co.,img/icons/manufacturers/generalcigarco.svg,Hoyo de Monterrey,hdm,img/icons/brands/hoyodemonterrey.svg,HOYO DE MONTERREY MADURO,HDM Double Corona MAD,,Double Corona,6.75,48,Parejo,,,,,Maduro,,,,,,,,,,12.86,321.5,25,89,12.86,148.25,5.93,6.93,50158,,,,,,hoyo de monterrey|hdm double corona mad|double corona
General Cigar Co.,img/icons/manufacturers/generalcigarco.svg,Hoyo de Monterrey,hdm,img/icons/brands/hoyodemonterrey.svg,HOYO DE MONTERREY MADURO,HDM Sultans MAD,,Gigante,7.25,54,Parejo,,,,,Maduro,,,,,,,,,,15.12,378,25,89,15.12,176.5,7.06,8.06,50205,,,,,,hoyo de monterrey|hdm sultans mad|gigante
General Cigar Co.,img/icons/manufacturers/generalcigarco.svg,Hoyo de Monterrey,hdm,img/icons/brands/hoyodemonterrey.svg,HOYO DE MONTERREY MADURO,Rothschilds Cello MAD,,Rothschild,4.5,50,Parejo,,,,,Maduro,,,,,,,,,,10.36,518,50,89,10.36,234.0,4.68,5.68,50198,,,,,,hoyo de monterrey|rothschilds cello mad|rothschild
General Cigar Co.,img/icons/manufacturers/generalcigarco.svg,Hoyo de Monterrey,hdm,img/icons/brands/hoyodemonterrey.svg,HOYO DE MONTERREY MADURO,Rothschilds Cello MM,,Rothschild,4.5,50,Parejo,,,,,Maduro,,,,,,,,,,10.36,518,50,89,10.36,234.0,4.68,5.68,50199,,,,,,hoyo de monterrey|rothschilds cello mm|rothschild
General Cigar Co.,img/icons/manufacturers/generalcigarco.svg,Hoyo de Monterrey,hdm,img/icons/brands/hoyodemonterrey.svg,HOYO DE MONTERREY SUMATRA,HDM Sabrosos EMS,,Corona,5,40,Parejo,,,,,,,,,,,,,,,8.0,200,25,89,8.0,87.5,3.5,4.5,50201,,,,,,hoyo de monterrey|hdm sabrosos ems|corona
General Cigar Co.,img/icons/manufacturers/generalcigarco.svg,Hoyo de Monterrey,hdm,img/icons/brands/hoyodemonterrey.svg,HOYO DE MONTERREY SUMATRA,Governors EMS,,Toro,6.12,50,Parejo,,,,,,,,,,,,,,,12.24,306,25,89,12.24,140.5,5.62,6.62,50169,,,,,,hoyo de monterrey|governors ems|toro
General Cigar Co.,img/icons/manufacturers/generalcigarco.svg,Hoyo de Monterrey,hdm,img/icons/brands/hoyodemonterrey.svg,HOYO DE MONTERREY SUMATRA,Double Corona EMS,,Double Corona,6.75,48,Parejo,,,,,,,,,,,,,,,12.86,321.5,25,89,12.86,148.25,5.93,6.93,50156,,,,,,hoyo de monterrey|double corona ems|double corona
General Cigar Co.,img/icons/manufacturers/generalcigarco.svg,Hoyo de Monterrey,hdm,img/icons/brands/hoyodemonterrey.svg,HOYO DE MONTERREY SUMATRA,HDM Sultans EMS,,Gigante,7.25,54,Parejo,,,,,,,,,,,,,,,15.12,378,25,89,15.12,176.5,7.06,8.06,50204,,,,,,hoyo de monterrey|hdm sultans ems|gigante
General Cigar Co.,img/icons/manufacturers/generalcigarco.svg,Hoyo de Monterrey,hdm,img/icons/brands/hoyodemonterrey.svg,HOYO DE MONTERREY SUMATRA,Rothschilds Cello EMS,,Rothschild,4.5,50,Parejo,,,,,,,,,,,,,,,10.34,517,50,89,10.34,233.5,4.67,5.67,50197,,,,,,hoyo de monterrey|rothschilds cello ems|rothschild
General Cigar Co.,img/icons/manufacturers/generalcigarco.svg,Hoyo de Monterrey,hdm,img/icons/brands/hoyodemonterrey.svg,HOYO EPICURE SELECCION,Expicure No. 2,,Robusto,4.88,50,Parejo,,,,,,,,,,,,,,,10.58,211.6,20,89,10.58,95.8,4.79,5.79,55983,,,,,,hoyo de monterrey|expicure no. 2|robusto
General Cigar Co.,img/icons/manufacturers/generalcigarco.svg,Hoyo de Monterrey,hdm,img/icons/brands/hoyodemonterrey.svg,HOYO EPICURE SELECCION,No. 1,,Corona,5.63,46,Parejo,,,,,,,,,,,,,,,11.08,221.6,20,89,11.08,100.8,5.04,6.04,55982,,,,,,hoyo de monterrey|no. 1|corona
General Cigar Co.,img/icons/manufacturers/generalcigarco.svg,Hoyo de Monterrey,hdm,img/icons/brands/hoyodemonterrey.svg,HOYO EPICURE SELECCION,Toro Especial,,Toro,6,50,Parejo,,,,,,,,,,,,,,,11.18,223.6,20,89,11.18,101.8,5.09,6.09,55984,,,,,,hoyo de monterrey|toro especial|toro
General Cigar Co.,img/icons/manufacturers/generalcigarco.svg,Hoyo de Monterrey,hdm,img/icons/brands/hoyodemonterrey.svg,HOYO LA AMISTAD BLACK,Toro,,Toro,6.5,52,Parejo,,,,,Maduro,,,,,,,,,,12.66,253.2,20,89,12.66,116.6,5.83,6.83,55840,,,,,,hoyo de monterrey|toro|toro
General Cigar Co.,img/icons/manufacturers/generalcigarco.svg,Hoyo de Monterrey,hdm,img/icons/brands/hoyodemonterrey.svg,HOYO LA AMISTAD BLACK,HLA Gigante BP,,Gordo,5.88,60,Parejo,,,,,Maduro,,,BP,,,,,,,13.16,263.2,20,89,13.16,121.6,6.08,7.08,56140,,,,,,hoyo de monterrey|hla gigante bp|gordo
General Cigar Co.,img/icons/manufacturers/generalcigarco.svg,Hoyo de Monterrey,hdm,img/icons/brands/hoyodemonterrey.svg,HOYO LA AMISTAD DARK SUMATRA,HLA Dark Sumatra Noche,,Toro Gordo,6.5,52,Parejo,,,,,Maduro,,,,,,,,,,12.64,316,25,89,12.64,145.5,5.82,6.82,55869,,,,,,hoyo de monterrey|hla dark sumatra noche|toro gordo
General Cigar Co.,img/icons/manufacturers/generalcigarco.svg,Hoyo de Monterrey,hdm,img/icons/brands/hoyodemonterrey.svg,HOYO LA AMISTAD DARK SUMATRA,Media Noche,,Toro,5.75,54,Parejo,,,,,Maduro,,,,,,,,,,12.64,316,25,89,12.64,145.5,5.82,6.82,55868,,,,,,hoyo de monterrey|media noche|toro
General Cigar Co.,img/icons/manufacturers/generalcigarco.svg,Hoyo de Monterrey,hdm,img/icons/brands/hoyodemonterrey.svg,HOYO LA AMISTAD GOLD,Robusto,,Robusto,5.25,54,Parejo,,,,,,,Cuba,,,,,,,,12.66,253.2,20,89,12.66,116.6,5.83,6.83,56137,,,Aficionado,2010.0,8.0,hoyo de monterrey|robusto|robusto
General Cigar Co.,img/icons/manufacturers/generalcigarco.svg,Hoyo de Monterrey,hdm,img/icons/brands/hoyodemonterrey.svg,HOYO LA AMISTAD GOLD,Toro,,Toro,6,50,Parejo,,,,,,,,,,,,,,,12.66,253.2,20,89,12.66,116.6,5.83,6.83,55545,,,,,,hoyo de monterrey|toro|toro
General Cigar Co.,img/icons/manufacturers/generalcigarco.svg,Hoyo de Monterrey,hdm,img/icons/brands/hoyodemonterrey.svg,HOYO LA AMISTAD GOLD,HLA Gigante,,Gordo,6,60,Parejo,,,,,,,,,,,,,,,13.16,263.2,20,89,13.16,121.6,6.08,7.08,55546,,,,,,hoyo de monterrey|hla gigante|gordo
General Cigar Co.,img/icons/manufacturers/generalcigarco.svg,Hoyo de Monterrey,hdm,img/icons/brands/hoyodemonterrey.svg,HOYO OSCURO,Rothschild,,Rothschild,4.5,50,Parejo,,,,,Oscuro,,,,,,,,,,7.0,70,10,89,7.0,30.0,3.0,4.0,56320,,,,,,hoyo de monterrey|rothschild|rothschild
General Cigar Co.,img/icons/manufacturers/generalcigarco.svg,Hoyo de Monterrey,hdm,img/icons/brands/hoyodemonterrey.svg,HOYO OSCURO,Toro,,Toro,6,52,Parejo,,,,,Oscuro,,,,,,,,,,8.5,85,10,89,8.5,37.5,3.75,4.75,56321,,,,,,hoyo de monterrey|toro|toro
General Cigar Co.,img/icons/manufacturers/generalcigarco.svg,Hoyo de Monterrey,hdm,img/icons/brands/hoyodemonterrey.svg,HOYO OSCURO,Gigante,,Gordo,6,60,Parejo,,,,,Oscuro,,,,,,,,,,9.5,95,10,89,9.5,42.5,4.25,5.25,56325,,,,,,hoyo de monterrey|gigante|gordo
General Cigar Co.,img/icons/manufacturers/generalcigarco.svg,Hoyo de Monterrey,hdm,img/icons/brands/hoyodemonterrey.svg,HOYO ROJO,Rothschild,,Rothschild,4.5,50,Parejo,,,,,,,,,,,,,,,7.0,70,10,89,7.0,30.0,3.0,4.0,56326,,,,,,hoyo de monterrey|rothschild|rothschild
General Cigar Co.,img/icons/manufacturers/generalcigarco.svg,Hoyo de Monterrey,hdm,img/icons/brands/hoyodemonterrey.svg,HOYO ROJO,Toro,,Toro,6,52,Parejo,,,,,,,,,,,,,,,8.5,85,10,89,8.5,37.5,3.75,4.75,56327,,,,,,hoyo de monterrey|toro|toro
General Cigar Co.,img/icons/manufacturers/generalcigarco.svg,Hoyo de Monterrey,hdm,img/icons/brands/hoyodemonterrey.svg,HOYO ROJO,Gigante,,Gordo,6,60,Parejo,,,,,,,,,,,,,,,9.5,95,10,89,9.5,42.5,4.25,5.25,56331,,,,,,hoyo de monterrey|gigante|gordo
General Cigar Co.,img/icons/manufacturers/generalcigarco.svg,Hoyo de Monterrey,hdm,img/icons/brands/hoyodemonterrey.svg,HOYO SHADE,Rothschild,,Rothschild,4.5,50,Parejo,,,,,,,,,,,,,,,7.0,70,10,89,7.0,30.0,3.0,4.0,56364,,,,,,hoyo de monterrey|rothschild|rothschild
General Cigar Co.,img/icons/manufacturers/generalcigarco.svg,Hoyo de Monterrey,hdm,img/icons/brands/hoyodemonterrey.svg,HOYO SHADE,Toro,,Toro,6,52,Parejo,,,,,,,,,,,,,,,8.5,85,10,89,8.5,37.5,3.75,4.75,56365,,,,,,hoyo de monterrey|toro|toro
General Cigar Co.,img/icons/manufacturers/generalcigarco.svg,Hoyo de Monterrey,hdm,img/icons/brands/hoyodemonterrey.svg,HOYO SHADE,Gigante,,Gordo,6,60,Parejo,,,,,,,,,,,,,,,9.5,95,10,89,9.5,42.5,4.25,5.25,56366,,,,,,hoyo de monterrey|gigante|gordo
,,Illusione,,,Cruzado,Illusione Cruzado Robusto,https://www.cigaraficionado.com/top25/2021/illusione-cruzado-robusto,Robusto,5.25,50,Parejo,Nicaragua,Nicaragua,Nicaragua,Nicaragua,,,,,,,,,,,0.0,,,89,,,,,,,,Aficionado,2021.0,6.0,illusione|illusione cruzado robusto|robusto
,,Illusione,,,eccj 20th,,,,,,,Nicaragua,Nicaragua,Nicaragua,Nicaragua,,,,,,,,,,,0.0,,,89,,,,,,,,Cigar Journal,2013.0,21.0,illusione||
,,Illusione,,,Epernay,Le Matin,https://www.cigaraficionado.com/top25cigar/illusione-epernay-le-matin-2007,Corona Gorda,6.5,46,Parejo,Nicaragua,Nicaragua,Nicaragua,Nicaragua,,,,,,,,,,,0.0,,,89,,,,,,,,Aficionado,2007.0,25.0,illusione|le matin|corona gorda
,,Illusione,,,Epernay,Le Matin,https://www.cigaraficionado.com/top25cigar/illusione-epernay-le-matin-2008,Corona Gorda,6.5,46,Parejo,Nicaragua,Nicaragua,Nicaragua,Nicaragua,,,,,,,,,,,0.0,,,89,,,,,,,,Aficionado,2008.0,19.0,illusione|le matin|corona gorda
,,Illusione,,,Epernay,Le Matin,https://www.cigaraficionado.com/top25cigar/illusione-epernay-le-matin-2009,Corona Gorda,6.5,46,Parejo,Nicaragua,Nicaragua,Nicaragua,Nicaragua,,,,,,,,,,,0.0,,,89,,,,,,,,Aficionado,2009.0,10.0,illusione|le matin|corona gorda
,,Illusione,,,Epernay,Le Matin,https://www.cigaraficionado.com/top25cigar/illusione-epernay-le-matin-2010,Corona Gorda,6.5,46,Parejo,Nicaragua,Nicaragua,Nicaragua,Nicaragua,,,,,,,,,,,0.0,,,89,,,,,,,,Aficionado,2010.0,16.0,illusione|le matin|corona gorda
,,Illusione,,,Epernay,Le Matin,https://www.cigaraficionado.com/top25cigar/illusione-epernay-le-matin-2011,Corona Gorda,6.5,46,Parejo,Nicaragua,Nicaragua,Nicaragua,Nicaragua,,,,,,,,,,,0.0,,,89,,,,,,,,Aficionado,2011.0,12.0,illusione|le matin|corona gorda
,,Illusione,,,Epernay,Le Matin,https://www.cigaraficionado.com/top25cigar/illusione-epernay-le-matin-2012,Corona Gorda,6.5,46,Parejo,Nicaragua,Nicaragua,Nicaragua,Nicaragua,,,,,,,,,,,0.0,,,89,,,,,,,,Aficionado,2012.0,20.0,illusione|le matin|corona gorda
,,Illusione,,,Epernay,Le Matin,https://www.cigaraficionado.com/top25cigar/illusione-epernay-le-matin-2013,Corona Gorda,6.5,46,Parejo,Nicaragua,Nicaragua,Nicaragua,Nicaragua,,,,,,,,,,,0.0,,,89,,,,,,,,Aficionado,2013.0,23.0,illusione|le matin|corona gorda
,,Illusione,,,Epernay,Le Matin,https://www.cigaraficionado.com/top25cigar/illusione-epernay-le-matin-2015,Corona Gorda,6.5,46,Parejo,Nicaragua,Nicaragua,Nicaragua,Nicaragua,,,,,,,,,,,0.0,,,89,,,,,,,,Aficionado,2015.0,12.0,illusione|le matin|corona gorda
,,Illusione,,,Epernay,Epernay 10th Anniversary D’Aosta,https://www.cigaraficionado.com/top25/2019/illusione-epernay-10th-anniversary-daosta,Toro,6,50,Parejo,Nicaragua,Nicaragua,Nicaragua,Honduras,,,,,,,,,,,0.0,,,89,,,,,,,,Aficionado,2019.0,7.0,illusione|epernay 10th anniversary d’aosta|toro
,,Illusione,,,Fume D'Amour,Capistranos,https://www.cigaraficionado.com/top25cigar/illusione-fume-damour-capistranos-2014,Churchill,6.5,56,Parejo,Nicaragua,Nicaragua,Nicaragua,Nicaragua,,,,,,,,,,,0.0,,,89,,,,,,,,Aficionado,2014.0,16.0,illusione|capistranos|churchill
,,Illusione,,,mk,mk,https://www.cigaraficionado.com/top25/2016/illusione-mk,Corona,5.125,42,Parejo,Nicaragua,Nicaragua,Nicaragua,Nicaragua,,,,,,,,,,,0.0,,,89,,,,,,,,Aficionado,2021.0,24.0,illusione|mk|corona
,,Illusione,,,Original Documents,88 Robusto,https://www.cigaraficionado.com/top25cigar/illusione-88-robusto-2007,Robusto,5,52,Parejo,Nicaragua,Nicaragua,Nicaragua,Nicaragua,,,,,,,,,,,0.0,,,89,,,,,,,,Aficionado,2007.0,21.0,illusione|88 robusto|robusto
,,Illusione,,,Original Documents,88 Robusto,https://www.cigaraficionado.com/top25cigar/illusione-88-robusto-2008,Robusto,5,52,Parejo,Nicaragua,Nicaragua,Nicaragua,Nicaragua,,,,,,,,,,,0.0,,,89,,,,,,,,Aficionado,2008.0,12.0,illusione|88 robusto|robusto
,,Illusione,,,Original Documents,88 Robusto,https://www.cigaraficionado.com/top25cigar/illusione-88-robusto-2009,Robusto,5,52,Parejo,Nicaragua,Nicaragua,Nicaragua,Nicaragua,,,,,,,,,,,0.0,,,89,,,,,,,,Aficionado,2009.0,17.0,illusione|88 robusto|robusto
,,Illusione,,,Original Documents,88 Robusto,https://www.cigaraficionado.com/top25cigar/illusione-88-robusto-2010,Robusto,5,52,Parejo,Nicaragua,Nicaragua,Nicaragua,Nicaragua,,,,,,,,,,,0.0,,,89,,,,,,,,Aficionado,2010.0,20.0,illusione|88 robusto|robusto
,,Illusione,,,Original Documents,88 Robusto,https://www.cigaraficionado.com/top25cigar/illusione-88-robusto-2011,Robusto,5,52,Parejo,Nicaragua,Nicaragua,Nicaragua,Nicaragua,,,,,,,,,,,0.0,,,89,,,,,,,,Aficionado,2011.0,22.0,illusione|88 robusto|robusto
,,Illusione,,,Original Documents,68 Petite Corona,https://www.cigaraficionado.com/top25cigar/illusione-68-petite-corona-2014,Petite Corona,4.5,42,Parejo,Nicaragua,Nicaragua,Nicaragua,Nicaragua,,,,,,,,,,,0.0,,,89,,,,,,,,Aficionado,2014.0,22.0,illusione|68 petite corona|petite corona
,,Illusione,,,Original Documents,88 Robusto,https://www.cigaraficionado.com/top25cigar/illusione-88-robusto-2015,Robusto,5,52,Parejo,Nicaragua,Nicaragua,Nicaragua,Nicaragua,,,,,,,,,,,0.0,,,89,,,,,,,,Aficionado,2015.0,20.0,illusione|88 robusto|robusto
,,Illusione,,,Original Documents,mk,https://www.cigaraficionado.com/top25cigar/illusione-mk-2016,Corona,5.25,42,Parejo,Nicaragua,Nicaragua,Nicaragua,Nicaragua,,,,,,,,,,,0.0,,,89,,,,,,,,Aficionado,2016.0,24.0,illusione|mk|corona
,,Illusione,,,R Rothchildes,R Rothchildes,https://www.cigaraficionado.com/top25cigar/illusione-rothchildes-2009,Robusto,4.5,50,Parejo,Nicaragua,Nicaragua,Nicaragua,Nicaragua,,,,,,,,,,,0.0,,,89,,,,,,,,Aficionado,2009.0,22.0,illusione|r rothchildes|robusto
,,Illusione,,,R Rothchildes,R Rothchildes,https://www.cigaraficionado.com/top25cigar/illusione-rothchildes-2010,Robusto,4.5,50,Parejo,Nicaragua,Nicaragua,Nicaragua,Nicaragua,,,,,,,,,,,0.0,,,89,,,,,,,,Aficionado,2010.0,22.0,illusione|r rothchildes|robusto
,,Illusione,,,R Rothchildes,R Rothchildes,https://www.cigaraficionado.com/top25cigar/illusione-rothchildes-2011,Robusto,4.5,50,Parejo,Nicaragua,Nicaragua,Nicaragua,Nicaragua,,,,,,,,,,,0.0,,,89,,,,,,,,Aficionado,2011.0,25.0,illusione|r rothchildes|robusto
,,Illusione,,,Rothchildes,R Rothchildes,https://www.cigaraficionado.com/top25cigar/illusione-rothchildes-2012,Robusto,4.5,50,Parejo,Nicaragua,Nicaragua,Nicaragua,Nicaragua,,,,,,,,,,,0.0,,,89,,,,,,,,Aficionado,2012.0,24.0,illusione|r rothchildes|robusto
,,Illusione,,,Rothchildes,R Rothchildes,https://www.cigaraficionado.com/top25cigar/illusione-rothchildes-2014,Robusto,4.5,50,Parejo,Nicaragua,Nicaragua,Nicaragua,Nicaragua,,,,,,,,,,,0.0,,,89,,,,,,,,Aficionado,2014.0,25.0,illusione|r rothchildes|robusto
,,Illusione,,,,20th,,,,,,Nicaragua,Nicaragua,Nicaragua,Nicaragua,,,,,,,,,,,0.0,,,89,,,,,,,,Cigar Journal,2014.0,21.0,illusione|20th|
Drew Estate,img/icons/manufacturers/drewestate.svg,Isla Del Sol,,img/icons/brands/isladelsol.svg,Maduro,Breve,,Cigarillo,4,32,Parejo,,,,,Maduro,,,,,FS,,,,,14.0,70,5,89,17.0,40.0,8.0,9.0,Q-01-33-027,50.0,,,,,isla del sol|breve|cigarillo
Drew Estate,img/icons/manufacturers/drewestate.svg,Isla Del Sol,,img/icons/brands/isladelsol.svg,Maduro,Gran Corona,,Corona Extra,5,44,Parejo,,,,,Maduro,,,,,FS,,,,,5.5,55,10,89,7.15,30.75,3.075,4.075,Q-01-48-001,44.0,,,,,isla del sol|gran corona|corona extra
Drew Estate,img/icons/manufacturers/drewestate.svg,Isla Del Sol,,img/icons/brands/isladelsol.svg,Maduro,Robusto,,Robusto,5,52,Parejo,,,,,Maduro,,,,,FS,,,,,6.0,60,10,89,7.652,33.26,3.326,4.326,Q-01-48-002,44.0,,,,,isla del sol|robusto|robusto
Drew Estate,img/icons/manufacturers/drewestate.svg,Isla Del Sol,,img/icons/brands/isladelsol.svg,Maduro,Toro,,Toro,6,52,Parejo,,,,,Maduro,,,,,FS,,,,,6.25,62.5,10,89,7.898,34.49,3.449,4.449,Q-01-48-003,44.0,,,,,isla del sol|toro|toro
Drew Estate,img/icons/manufacturers/drewestate.svg,Isla Del Sol,,img/icons/brands/isladelsol.svg,Maduro,Churchill,,Churchill,7,50,Parejo,,,,,Maduro,,,,,FS,,,,,6.75,67.5,10,89,8.408,37.04,3.704,4.704,Q-01-48-004,44.0,,,,,isla del sol|churchill|churchill
Drew Estate,img/icons/manufacturers/drewestate.svg,Isla Del Sol,,img/icons/brands/isladelsol.svg,Maduro,Churchill,,Churchill,7,50,Parejo,,,,,Maduro,,,,,FS,,,,,6.75,67.5,10,89,8.408,37.04,3.704,4.704,Q-01-48-004,44.0,,,,,isla del sol|churchill|churchill
Drew Estate,img/icons/manufacturers/drewestate.svg,Isla Del Sol,,img/icons/brands/isladelsol.svg,Sungrown,Breve,,Cigarillo,4,32,Parejo,,,,,Natural,,,,,FS,,,,,14.0,70,5,89,17.0,40.0,8.0,9.0,Q-02-33-010,50.0,,,,,isla del sol|breve|cigarillo
Drew Estate,img/icons/manufacturers/drewestate.svg,Isla Del Sol,,img/icons/brands/isladelsol.svg,Sungrown,Gordito,,Gordo,6,60,Parejo,,,,,Natural,,,,,FS,,,,,7.25,116,16,89,8.9075,63.26,3.95375,4.95375,Q-01-33-026,22.0,,,,,isla del sol|gordito|gordo
Drew Estate,img/icons/manufacturers/drewestate.svg,Isla Del Sol,,img/icons/brands/isladelsol.svg,Sungrown,Gran Corona,,Corona Extra,5,44,Parejo,,,,,Natural,,,,,FS,,,,,5.5,110,20,89,7.153,61.53,3.0765,4.0765,Q-01-33-002,22.0,,,,,isla del sol|gran corona|corona extra
Drew Estate,img/icons/manufacturers/drewestate.svg,Isla Del Sol,,img/icons/brands/isladelsol.svg,Sungrown,Robusto,,Robusto,5,52,Parejo,,,,,Natural,,,,,FS,,,,,6.0,120,20,89,7.651,66.51,3.3255,4.3255,Q-01-33-001,22.0,,,,,isla del sol|robusto|robusto
Drew Estate,img/icons/manufacturers/drewestate.svg,Isla Del Sol,,img/icons/brands/isladelsol.svg,Sungrown,Toro,,Toro,6,52,Parejo,,,,,Natural,,,,,FS,,,,,6.25,125,20,89,7.899,68.99,3.4495,4.4495,Q-01-33-003,22.0,,,,,isla del sol|toro|toro
Drew Estate,img/icons/manufacturers/drewestate.svg,Isla Del Sol,,img/icons/brands/isladelsol.svg,Sungrown,Churchill,,Churchill,7,50,Parejo,,,,,Natural,,,,,FS,,,,,6.75,135,20,89,8.407,74.07,3.7035,4.7035,Q-01-33-004,22.0,,,,,isla del sol|churchill|churchill
Oscar Valladares,img/icons/manufacturers/oscarvalladares.svg,Island Jim,,img/icons/brands/islandjim.svg,Island Jim,Barber Pole #2 Torpedo,,Torpedo,6.5,52,Torpedo,Honduras,Honduras,Honduras,Honduras,Mixed,Medium,,,,,,,,,13.78,289.38,21,89,14.78,144.77,6.89,6.89,,,,,,,island jim|barber pole #2 torpedo|torpedo
Oscar Valladares,img/icons/manufacturers/oscarvalladares.svg,Island Jim,,img/icons/brands/islandjim.svg,Island Jim,Connecticut #2 Torpedo,,Torpedo,6.5,52,Torpedo,Honduras,Honduras,Honduras,Honduras,Claro,Medium,,,,,,,,,13.78,289.38,21,89,14.78,144.77,6.89,6.89,,,,,,,island jim|connecticut #2 torpedo|torpedo
Oscar Valladares,img/icons/manufacturers/oscarvalladares.svg,Island Jim,,img/icons/brands/islandjim.svg,Island Jim,Corojo #2 Torpedo,,Torpedo,6.5,52,Torpedo,Nicaraguan Jalapa,Honduras,Honduras,Honduras,Colorado Maduro,Medium,,,,,,,,,13.78,289.38,21,89,14.78,144.77,6.89,6.89,,,,,,,island jim|corojo #2 torpedo|torpedo
Oscar Valladares,img/icons/manufacturers/oscarvalladares.svg,Island Jim,,img/icons/brands/islandjim.svg,Island Jim,San Andreas #2 Torpedo,,Torpedo,6.5,52,Torpedo,"Mexican San Andres Maduro, Ecuadorian Connecticut Shade",Honduras,Honduras,Honduras,Colorado Maduro,Medium,,,,,,,,,13.78,289.38,21,89,14.78,144.77,6.89,6.89,,,,,,,island jim|san andreas #2 torpedo|torpedo
,,Israel Meerapfel,,,La Galera,,,,,,,Dominican Republic,Dominican Republic,Dominican Republic,Dominican Republic,,,,,,,,,,,0.0,,,89,,,,,,,,Cigar Journal,2013.0,19.0,israel meerapfel||
Rocky Patel,img/icons/manufacturers/rockypatel.svg,Java,,img/icons/brands/java.svg,JAVA Latte,JAVA Latte Toro,,Toro,6,50,,,,,,,,,,,FS,,,,,12.4,,24,89,13.4,148.8,6.2,7.2,,,,,,,java|java latte toro|toro
Rocky Patel,img/icons/manufacturers/rockypatel.svg,Java,,img/icons/brands/java.svg,JAVA Maduro,JAVA Maduro Toro,,Toro,6,50,,,,,,,,,,,FS,,,,,12.4,,24,89,13.4,148.8,6.2,7.2,,,,,,,java|java maduro toro|toro
Rocky Patel,img/icons/manufacturers/rockypatel.svg,Java,,img/icons/brands/java.svg,JAVA Mint,JAVA Mint Toro,,Toro,6,50,,,,,,,,,,,FS,,,,,12.4,,24,89,13.4,148.8,6.2,7.2,,,,,,,java|java mint toro|toro
,,JC Newman,,,,J.C. NEWMAN EL BATON BELICOSO,,Belicoso,,,Belicoso,Ecuador,Nicaragua,Nicaragua,Nicaragua,,,,,,,,,,,0.0,,,89,,,,,,,,Cigar Journal,2023.0,2.0,jc newman|j.c. newman el baton belicoso|belicoso
,,José Seijas,,,Signature Series,2000 Toro,,Toro,6.12,52,Parejo,Dominican Republic,Dominican Republic,Dominican Republic,Dominican Republic,,,,,,,,,,,0.0,,,89,,,,,,,,Aficionado,2006.0,6.0,josé seijas|2000 toro|toro
,,Joya,,,,Silver,,,,,,Ecuador,Mexico,Nicaragua,Nicaragua,,,,,,,,,,,0.0,,,89,,,,,,,,Cigar Journal,2018.0,22.0,joya|silver|
Drew Estate,img/icons/manufacturers/drewestate.svg,Joya de Nicaragua,jdn,img/icons/brands/joyadenicaragua.svg,Antano 1970,Churchill,,Churchill,6.875,48,Parejo,,,,,,,,,,,,,,,12.25,245,20,89,13.9,129.0,6.45,7.45,J-01-01-002,32.0,,Aficionado,2022.0,13.0,joya de nicaragua|churchill|churchill
Drew Estate,img/icons/manufacturers/drewestate.svg,Joya de Nicaragua,jdn,img/icons/brands/joyadenicaragua.svg,Antano 1970,4x32 Tins,,Cigarillo,4,32,Parejo,,,,,,,,,,,Tin,,,,21.0,105,5,89,27.0,65.0,13.0,14.0,Q-02-85-001,50.0,,,,,joya de nicaragua|4x32 tins|cigarillo
Drew Estate,img/icons/manufacturers/drewestate.svg,Joya de Nicaragua,jdn,img/icons/brands/joyadenicaragua.svg,Antano 1970,4x32 Tins,,Cigarillo,4,32,Parejo,,,,,,,,,,,Tin,,,,21.0,105,5,89,27.0,65.0,13.0,14.0,Q-02-85-001,50.0,,,,,joya de nicaragua|4x32 tins|cigarillo
Drew Estate,img/icons/manufacturers/drewestate.svg,Joya de Nicaragua,jdn,img/icons/brands/joyadenicaragua.svg,Antano 1970,Consul,,Robusto,4.5,52,Parejo,,,,,,,,,,,,,,,10.0,200,20,89,11.652,106.52,5.326,6.326,J-01-01-003,40.0,,,,,joya de nicaragua|consul|robusto
Drew Estate,img/icons/manufacturers/drewestate.svg,Joya de Nicaragua,jdn,img/icons/brands/joyadenicaragua.svg,Antano 1970,Robusto Grande,,Robusto Gordo,5.5,52,Parejo,,,,,,,,,,,,,,,11.0,220,20,89,12.651,116.51,5.8255,6.8255,J-01-01-009,32.0,,,,,joya de nicaragua|robusto grande|robusto gordo
Drew Estate,img/icons/manufacturers/drewestate.svg,Joya de Nicaragua,jdn,img/icons/brands/joyadenicaragua.svg,Antano 1970,Gran Consul,,Short Gordo,4.75,60,Parejo,,,,,,,,,,,,,,,11.25,225,20,89,12.901,119.01,5.9505,6.9505,J-01-01-004,36.0,,,,,joya de nicaragua|gran consul|short gordo
Drew Estate,img/icons/manufacturers/drewestate.svg,Joya de Nicaragua,jdn,img/icons/brands/joyadenicaragua.svg,Antano 1970,Alisado,,Toro,6,52,Parejo,,,,,,,,,,,,,,,12.0,240,20,89,13.651,126.51,6.3255,7.3255,J-01-01-010,32.0,,,,,joya de nicaragua|alisado|toro
Drew Estate,img/icons/manufacturers/drewestate.svg,Joya de Nicaragua,jdn,img/icons/brands/joyadenicaragua.svg,Antano 1970,Belicoso,,Belicoso,6,54,Belicoso,,,,,,,,,,,,,,,12.25,245,20,89,13.9,129.0,6.45,7.45,J-01-01-001,28.0,,,,,joya de nicaragua|belicoso|belicoso
Drew Estate,img/icons/manufacturers/drewestate.svg,Joya de Nicaragua,jdn,img/icons/brands/joyadenicaragua.svg,Antano 1970,Magnum 660,,Gordo,6,60,Parejo,,,,,,,,,,,,,,,12.75,255,20,89,14.406,134.06,6.703,7.703,J-01-01-008,24.0,,,,,joya de nicaragua|magnum 660|gordo
Drew Estate,img/icons/manufacturers/drewestate.svg,Joya de Nicaragua,jdn,img/icons/brands/joyadenicaragua.svg,Antano 1970,Big Bull 760,,Gordo,7,60,Parejo,,,,,,,,,,,,,,,13.25,265,20,89,14.903,139.03,6.9515,7.9515,J-01-01-011,24.0,,,,,joya de nicaragua|big bull 760|gordo
,,Joya de Nicaragua,,,Antaño 1970,Gran Consul,https://www.cigaraficionado.com/top25cigar/joya-de-nicaragua-antano-1970-gran-consul-2007,Figurado,4.75,60,Figurado,Nicaragua,Nicaragua,Nicaragua,Nicaragua,,,,,,,,,,,0.0,,,89,,,,,,,,Aficionado,2007.0,15.0,joya de nicaragua|gran consul|figurado
,,Joya de Nicaragua,,,Antaño 1970,Gran Consul,https://www.cigaraficionado.com/top25cigar/joya-de-nicaragua-antano-1970-gran-consul-2008,Figurado,4.75,60,Figurado,Nicaragua,Nicaragua,Nicaragua,Nicaragua,,,,,,,,,,,0.0,,,89,,,,,,,,Aficionado,2008.0,13.0,joya de nicaragua|gran consul|figurado
,,Joya de Nicaragua,,,Antaño 1970,Gran Consul,https://www.cigaraficionado.com/top25cigar/joya-de-nicaragua-antano-1970-gran-consul-2009,Figurado,4.75,60,Figurado,Nicaragua,Nicaragua,Nicaragua,Nicaragua,,,,,,,,,,,0.0,,,89,,,,,,,,Aficionado,2009.0,13.0,joya de nicaragua|gran consul|figurado
,,Joya de Nicaragua,,,Antaño 1970,Gran Consul,https://www.cigaraficionado.com/top25cigar/joya-de-nicaragua-antano-1970-gran-consul-2010,Figurado,4.75,60,Figurado,Nicaragua,Nicaragua,Nicaragua,Nicaragua,,,,,,,,,,,0.0,,,89,,,,,,,,Aficionado,2010.0,14.0,joya de nicaragua|gran consul|figurado
,,Joya de Nicaragua,,,Antaño 1970,Gran Consul,https://www.cigaraficionado.com/top25cigar/joya-de-nicaragua-antano-1970-gran-consul-2011,Figurado,4.75,60,Figurado,Nicaragua,Nicaragua,Nicaragua,Nicaragua,,,,,,,,,,,0.0,,,89,,,,,,,,Aficionado,2011.0,13.0,joya de nicaragua|gran consul|figurado
,,Joya de Nicaragua,,,Antaño 1970,Gran Consul,https://www.cigaraficionado.com/top25cigar/joya-de-nicaragua-antano-1970-gran-consul-2012,Figurado,4.75,60,Figurado,Nicaragua,Nicaragua,Nicaragua,Nicaragua,,,,,,,,,,,0.0,,,89,,,,,,,,Aficionado,2012.0,15.0,joya de nicaragua|gran consul|figurado
,,Joya de Nicaragua,,,Antaño 1970,Gran Consul,https://www.cigaraficionado.com/top25cigar/joya-de-nicaragua-antano-1970-gran-consul-2013,Figurado,4.75,60,Figurado,Nicaragua,Nicaragua,Nicaragua,Nicaragua,,,,,,,,,,,0.0,,,89,,,,,,,,Aficionado,2013.0,25.0,joya de nicaragua|gran consul|figurado
,,Joya de Nicaragua,,,Antaño 1970,Gran Consul,https://www.cigaraficionado.com/top25cigar/joya-de-nicaragua-antano-1970-gran-consul-2014,Figurado,4.75,60,Figurado,Nicaragua,Nicaragua,Nicaragua,Nicaragua,,,,,,,,,,,0.0,,,89,,,,,,,,Aficionado,2014.0,14.0,joya de nicaragua|gran consul|figurado
,,Joya de Nicaragua,,,Antano 1970 Gran Reserva,Robusto Grande,,Robusto Grande,5.25,52,,Nicaragua,Nicaragua,Nicaragua,Nicaragua,,,,,,,,,,,0.0,,,89,,,,,,,,Aficionado,2005.0,20.0,joya de nicaragua|robusto grande|robusto grande
Drew Estate,img/icons/manufacturers/drewestate.svg,Joya de Nicaragua,jdn,img/icons/brands/joyadenicaragua.svg,Antano CT,Corona Gorda,,Corona Gorda,5.25,46,Parejo,,,,,,,,,,,,,,,9.75,195,20,89,11.398,103.98,5.199,6.199,J-01-29-001,40.0,,,,,joya de nicaragua|corona gorda|corona gorda
Drew Estate,img/icons/manufacturers/drewestate.svg,Joya de Nicaragua,jdn,img/icons/brands/joyadenicaragua.svg,Antano CT,Robusto,,Robusto,5 x 52,52,Parejo,,,,,,,,,,,,,,,11.0,220,20,89,12.651,116.51,5.8255,6.8255,J-01-29-002,32.0,,,,,joya de nicaragua|robusto|robusto
Drew Estate,img/icons/manufacturers/drewestate.svg,Joya de Nicaragua,jdn,img/icons/brands/joyadenicaragua.svg,Antano CT,Lonsdale,,Lonsdale,6.625,44,Parejo,,,,,,,,,,,,,,,11.25,225,20,89,12.9,119.0,5.95,6.95,J-01-29-005,32.0,,,,,joya de nicaragua|lonsdale|lonsdale
Drew Estate,img/icons/manufacturers/drewestate.svg,Joya de Nicaragua,jdn,img/icons/brands/joyadenicaragua.svg,Antano CT,Toro,,Toro,6,50,Parejo,,,,,,,,,,,,,,,12.0,240,20,89,13.651,126.51,6.3255,7.3255,J-01-29-003,32.0,,,,,joya de nicaragua|toro|toro
Drew Estate,img/icons/manufacturers/drewestate.svg,Joya de Nicaragua,jdn,img/icons/brands/joyadenicaragua.svg,Antano Dark Corojo,El Martillo,,Robusto Gordo,5.5,54,Parejo,,,,,,,,,,,,,,,11.0,220,20,89,12.651,116.51,5.8255,6.8255,J-01-06-017,28.0,,,,,joya de nicaragua|el martillo|robusto gordo
Drew Estate,img/icons/manufacturers/drewestate.svg,Joya de Nicaragua,jdn,img/icons/brands/joyadenicaragua.svg,Antano Dark Corojo,Pesadilla,,Short Gordo,4.75,60,Parejo,,,,,,,,,,,,,,,11.25,225,20,89,12.901,119.01,5.9505,6.9505,J-01-06-019,36.0,,,,,joya de nicaragua|pesadilla|short gordo
Drew Estate,img/icons/manufacturers/drewestate.svg,Joya de Nicaragua,jdn,img/icons/brands/joyadenicaragua.svg,Antano Dark Corojo,La Niveladora,,Toro,6,52,Parejo,,,,,,,,,,,,,,,12.0,240,20,89,13.651,126.51,6.3255,7.3255,J-01-06-021,32.0,,,,,joya de nicaragua|la niveladora|toro
Drew Estate,img/icons/manufacturers/drewestate.svg,Joya de Nicaragua,jdn,img/icons/brands/joyadenicaragua.svg,Antano Dark Corojo,Poderoso,,Toro Gordo,6,54,Parejo,,,,,,,,,,,,,,,12.25,245,20,89,13.9,129.0,6.45,7.45,J-01-06-020,28.0,,,,,joya de nicaragua|poderoso|toro gordo
,,Joya de Nicaragua,,,Antaño Dark Corojo,Poderoso,https://www.cigaraficionado.com/top25cigar/joya-de-nicaragua-antano-dark-corojo-poderoso-2015,Double Corona,7,52,Parejo,Nicaragua Corojo,Nicaragua,Nicaragua,Nicaragua,,,,,,,,,,,0.0,,,89,,,,,,,,Aficionado,2015.0,24.0,joya de nicaragua|poderoso|double corona
Drew Estate,img/icons/manufacturers/drewestate.svg,Joya de Nicaragua,jdn,img/icons/brands/joyadenicaragua.svg,Antano Gran Reserva,Robusto Grande,,Robusto Gordo,5.5,52,Parejo,,,,,,,,,,,,,,,11.75,235,20,89,13.402,124.02,6.201,7.201,J-01-01-015,32.0,,,,,joya de nicaragua|robusto grande|robusto gordo
Drew Estate,img/icons/manufacturers/drewestate.svg,Joya de Nicaragua,jdn,img/icons/brands/joyadenicaragua.svg,Antano Gran Reserva,Gran Consul,,Short Gordo,4.75,60,Parejo,,,,,,,,,,,,,,,12.2,244,20,89,13.849,128.49,6.4245,7.4245,J-01-01-014,36.0,,,,,joya de nicaragua|gran consul|short gordo
Drew Estate,img/icons/manufacturers/drewestate.svg,Joya de Nicaragua,jdn,img/icons/brands/joyadenicaragua.svg,Antano Gran Reserva,GT20,,Toro Gordo,6,54,Parejo,,,,,,,,,,,,,,,13.0,260,20,89,14.656,136.56,6.828,7.828,J-01-40-003,28.0,,,,,joya de nicaragua|gt20|toro gordo
,,Joya de Nicaragua,,,Black,Joya Black Nocturno,https://www.cigaraficionado.com/top25/2017/joya-black-nocturno,Corona,6.25,46,Parejo,Mexico,Nicaragua,Nicaragua,Nicaragua,,,,,,,,,,,0.0,,,89,,,,,,,,Aficionado,2017.0,22.0,joya de nicaragua|joya black nocturno|corona
,,Joya de Nicaragua,,,Black,Doble Robusto,,Robusto,,,Parejo,Mexico,Nicaragua,Nicaragua,Nicaragua,,,,,,,,,,,0.0,,,89,,,,,,,,Cigar Journal,2017.0,12.0,joya de nicaragua|doble robusto|robusto
Drew Estate,img/icons/manufacturers/drewestate.svg,Joya de Nicaragua,jdn,img/icons/brands/joyadenicaragua.svg,Cinco de Cinco,Corona Extra,,Corona Extra,6.25,46,Parejo,,,,,,,,,,,,,,,16.25,162.5,10,89,17.5,82.5,8.25,9.25,J-01-38-003,24.0,,,,,joya de nicaragua|corona extra|corona extra
Drew Estate,img/icons/manufacturers/drewestate.svg,Joya de Nicaragua,jdn,img/icons/brands/joyadenicaragua.svg,Cinco de Cinco,Robusto Gordo,,Robusto Gordo,5.5,54,Parejo,,,,,,,,,,,,,,,18.25,182.5,10,89,19.5,92.5,9.25,10.25,J-01-38-002,24.0,,,,,joya de nicaragua|robusto gordo|robusto gordo
Drew Estate,img/icons/manufacturers/drewestate.svg,Joya de Nicaragua,jdn,img/icons/brands/joyadenicaragua.svg,Cinco de Cinco,Toro,,Toro,6,52,Parejo,,,,,,,,,,,,,,,20.25,202.5,10,89,21.5,102.5,10.25,11.25,J-01-38-001,24.0,,,,,joya de nicaragua|toro|toro
,,Joya de Nicaragua,,,Cinco Décadas,Cinco Décadas El Doctor,,,6,54,,Nicaragua,Nicaragua,Nicaragua,Nicaragua,,,,,,,,,,,0.0,,,89,,,,,,,,Cigar Journal,2021.0,19.0,joya de nicaragua|cinco décadas el doctor|
,,Joya de Nicaragua,,,Cinço Décadas,El General,,,,,,Undisclosed,Undisclosed,Undisclosed,Nicaragua,,,,,,,,,,,0.0,,,89,,,,,,,,Cigar Journal,2019.0,16.0,joya de nicaragua|el general|
,,Joya de Nicaragua,,,Cinço Décadas,Fundador,,,,,,Nicaragua,Nicaragua,Nicaragua,Nicaragua,,,,,,,,,,,0.0,,,89,,,,,,,,Cigar Journal,2020.0,20.0,joya de nicaragua|fundador|
Drew Estate,img/icons/manufacturers/drewestate.svg,Joya de Nicaragua,jdn,img/icons/brands/joyadenicaragua.svg,Clasico Claro Original,Claro Robusto,,Robusto,5,50,Parejo,,,,,,,,,,,,,,,9.25,231.25,25,89,10.5,118.75,4.75,5.75,J-01-22-006,25.0,,,,,joya de nicaragua|claro robusto|robusto
Drew Estate,img/icons/manufacturers/drewestate.svg,Joya de Nicaragua,jdn,img/icons/brands/joyadenicaragua.svg,Clasico Claro Original,Claro Toro,,Toro,6,50,Parejo,,,,,,,,,,,,,,,9.75,243.75,25,89,11.0,125.0,5.0,6.0,J-01-03-012,25.0,,,,,joya de nicaragua|claro toro|toro
Drew Estate,img/icons/manufacturers/drewestate.svg,Joya de Nicaragua,jdn,img/icons/brands/joyadenicaragua.svg,Clasico Claro Original,Claro Churchill,,Churchill,6.875,48,Parejo,,,,,,,,,,,,,,,9.95,248.75,25,89,11.2,127.5,5.1,6.1,J-01-03-002,25.0,,,,,joya de nicaragua|claro churchill|churchill
Drew Estate,img/icons/manufacturers/drewestate.svg,Joya de Nicaragua,jdn,img/icons/brands/joyadenicaragua.svg,Clasico Claro Original,Claro Torpedo,,Torpedo,6,52,Torpedo,,,,,,,,,,,,,,,10.25,256.25,25,89,11.5,131.25,5.25,6.25,J-01-03-013,25.0,,,,,joya de nicaragua|claro torpedo|torpedo
,,Joya de Nicaragua,,,Cuatro Cinco,Reserva Especial,https://www.cigaraficionado.com/top25cigar/joya-de-nicaragua-cuatro-cinco-2012,Gran Toro,6,54,,Nicaragua,Nicaragua,Nicaragua,Nicaragua,,,,,,,,,,,0.0,,,89,,,,,,,,Aficionado,2012.0,25.0,joya de nicaragua|reserva especial|gran toro
,,Joya de Nicaragua,,,Cuatro Cinco,Reserva Especial Gran Toro,https://www.cigaraficionado.com/top25cigar/joya-de-nicaragua-cuatro-cinco-2013,Toro Gordo,6,54,Parejo,Nicaragua,Nicaragua,Nicaragua,Nicaragua,,,,,,,,,,,0.0,,,89,,,,,,,,Aficionado,2013.0,13.0,joya de nicaragua|reserva especial gran toro|toro gordo
,,Joya de Nicaragua,,,Cuatro Cinco,Reserva Especial Torpedo,https://www.cigaraficionado.com/top25cigar/joya-de-nicaragua-cuatro-cinco-reserva-especial-torpedo-2015,Torpedo,6,52,Torpedo,Nicaragua,Nicaragua,Nicaragua,Nicaragua,,,,,,,,,,,0.0,,,89,,,,,,,,Aficionado,2015.0,10.0,joya de nicaragua|reserva especial torpedo|torpedo
Drew Estate,img/icons/manufacturers/drewestate.svg,Joya de Nicaragua,jdn,img/icons/brands/joyadenicaragua.svg,Cuatro Cinco,Petit Corona,,Petit Corona,4.5,46,Parejo,,,,,,,,,,,,,,,10.75,107.5,10,89,12.4,57.0,5.7,6.7,J-01-12-002,36.0,,,,,joya de nicaragua|petit corona|petit corona
Drew Estate,img/icons/manufacturers/drewestate.svg,Joya de Nicaragua,jdn,img/icons/brands/joyadenicaragua.svg,Cuatro Cinco,Doble Robusto,,Gordo,5,56,Parejo,,,,,,,,,,,,,,,14.45,144.5,10,89,16.1,75.5,7.55,8.55,J-01-12-004,24.0,,,,,joya de nicaragua|doble robusto|gordo
Drew Estate,img/icons/manufacturers/drewestate.svg,Joya de Nicaragua,jdn,img/icons/brands/joyadenicaragua.svg,Cuatro Cinco,Toro,,Toro,6.25,50,Parejo,,,,,,,,,,,,,,,15.45,154.5,10,89,17.1,80.5,8.05,9.05,J-01-12-005,24.0,,,,,joya de nicaragua|toro|toro
Drew Estate,img/icons/manufacturers/drewestate.svg,Joya de Nicaragua,jdn,img/icons/brands/joyadenicaragua.svg,Cuatro Cinco,Torpedo,,Torpedo,6,52,Torpedo,,,,,,,,,,,,,,,16.45,164.5,10,89,18.1,85.5,8.55,9.55,J-01-12-003,24.0,,,,,joya de nicaragua|torpedo|torpedo
,,Joya de Nicaragua,,,Cuatro Cinco Reserva,ESPECIAL DOBLE Robusto,,Robusto,,,Parejo,Nicaragua,Nicaragua,"Nicaragua, Cuba",Nicaragua,,,,,,,,,,,0.0,,,89,,,,,,,,Cigar Journal,2015.0,24.0,joya de nicaragua|especial doble robusto|robusto
Drew Estate,img/icons/manufacturers/drewestate.svg,Joya de Nicaragua,jdn,img/icons/brands/joyadenicaragua.svg,Joya Black,Joya Black 4x32 Tins,,Cigarillo,4,32,Parejo,,,,,,,,,,,Tin,,,,14.0,70,5,89,17.0,40.0,8.0,9.0,Q-02-85-003,50.0,,,,,joya de nicaragua|joya black 4x32 tins|cigarillo
Drew Estate,img/icons/manufacturers/drewestate.svg,Joya de Nicaragua,jdn,img/icons/brands/joyadenicaragua.svg,Joya Black,Robusto,,Robusto,5.25,50,Parejo,,,,,,,,,,,,,,,8.7,174,20,89,10.35,93.5,4.675,5.675,J-01-15-001,36.0,,,,,joya de nicaragua|robusto|robusto
Drew Estate,img/icons/manufacturers/drewestate.svg,Joya de Nicaragua,jdn,img/icons/brands/joyadenicaragua.svg,Joya Black,Toro,,Toro,6,52,Parejo,,,,,,,,,,,,,,,9.25,185,20,89,10.9,99.0,4.95,5.95,J-01-15-003,36.0,,,,,joya de nicaragua|toro|toro
Drew Estate,img/icons/manufacturers/drewestate.svg,Joya de Nicaragua,jdn,img/icons/brands/joyadenicaragua.svg,Joya Cabinetta,Robusto,,Robusto,5,50,Parejo,,,,,,,,,,,,,,,8.7,174,20,89,10.35,93.5,4.675,5.675,J-01-05-003,36.0,,,,,joya de nicaragua|robusto|robusto
Drew Estate,img/icons/manufacturers/drewestate.svg,Joya de Nicaragua,jdn,img/icons/brands/joyadenicaragua.svg,Joya Cabinetta,Toro,,Toro,6,52,Parejo,,,,,,,,,,,,,,,9.25,185,20,89,10.9,99.0,4.95,5.95,J-01-05-004,36.0,,,,,joya de nicaragua|toro|toro
Drew Estate,img/icons/manufacturers/drewestate.svg,Joya de Nicaragua,jdn,img/icons/brands/joyadenicaragua.svg,Joya Red,Joya Red 4x32 Tins,,Cigarillo,4,32,Parejo,,,,,,,,,,,Tin,,,,14.0,70,5,89,17.0,40.0,8.0,9.0,Q-02-85-002,50.0,,,,,joya de nicaragua|joya red 4x32 tins|cigarillo
Drew Estate,img/icons/manufacturers/drewestate.svg,Joya de Nicaragua,jdn,img/icons/brands/joyadenicaragua.svg,Joya Red,Robusto,,Robusto,5.25,50,Parejo,,,,,,,,,,,,,,,8.7,174,20,89,10.35,93.5,4.675,5.675,J-01-13-001,36.0,,,,,joya de nicaragua|robusto|robusto
Drew Estate,img/icons/manufacturers/drewestate.svg,Joya de Nicaragua,jdn,img/icons/brands/joyadenicaragua.svg,Joya Red,Toro,,Toro,6,52,Parejo,,,,,,,,,,,,,,,9.25,185,20,89,10.9,99.0,4.95,5.95,J-01-13-003,36.0,,,,,joya de nicaragua|toro|toro
Drew Estate,img/icons/manufacturers/drewestate.svg,Joya de Nicaragua,jdn,img/icons/brands/joyadenicaragua.svg,Joya Silver,Corona,,Corona,5.5,42,Parejo,,,,,,,,,,,,,,,7.45,149,20,89,9.1,81.0,4.05,5.05,J-01-17-001,40.0,,,,,joya de nicaragua|corona|corona
Drew Estate,img/icons/manufacturers/drewestate.svg,Joya de Nicaragua,jdn,img/icons/brands/joyadenicaragua.svg,Joya Silver,Robusto,,Robusto,5,50,Parejo,,,,,,,,,,,,,,,8.7,174,20,89,10.35,93.5,4.675,5.675,J-01-17-002,36.0,,,,,joya de nicaragua|robusto|robusto
Drew Estate,img/icons/manufacturers/drewestate.svg,Joya de Nicaragua,jdn,img/icons/brands/joyadenicaragua.svg,Joya Silver,Toro,,Toro,6,52,Parejo,,,,,,,,,,,,,,,9.25,185,20,89,10.9,99.0,4.95,5.95,J-01-17-003,30.0,,,,,joya de nicaragua|toro|toro
,,Joya de Nicaragua,,,Número Uno,L’Ambassadeur,https://www.cigaraficionado.com/top25/2020/joya-de-nicaragua-numero-uno-lambassadeur,Corona,6.625,44,Parejo,Ecuador,Nicaragua,Nicaragua,Nicaragua,,,,,,,,,,,0.0,,,89,,,,,,,,Aficionado,2020.0,6.0,joya de nicaragua|l’ambassadeur|corona
,,Joya de Nicaragua,,,Silver,Joya Silver Robusto,https://www.cigaraficionado.com/top25/2021/joya-silver-robusto,Robusto,5,50,Parejo,Ecuador,Mexico,Nicaragua,Nicaragua,,,,,,,,,,,0.0,,,89,,,,,,,,Aficionado,2021.0,16.0,joya de nicaragua|joya silver robusto|robusto
,,Joya de Nicaragua,,,,JOYA DE NICARAGUA CINCO DE CINCO CORONA EXTRA,,Corona,,,Parejo,Mexico,Nicaragua,Nicaragua,Nicaragua,,,,,,,,,,,0.0,,,89,,,,,,,,Cigar Journal,2024.0,9.0,joya de nicaragua|joya de nicaragua cinco de cinco corona extra|corona
,,Juan Lopez,,,Eminentes ER 2016,Suiza,,,,,,Cuba,Cuba,Cuba,Cuba,,,Cuba,,,,,,,,0.0,,,89,,,,,,,,Cigar Journal,2017.0,15.0,juan lopez|suiza|
,,Juan Lopez,,,ER 2018 Francia,Punto 55,,,,,,Cuba,Cuba,Cuba,Cuba,,,Cuba,,,,,,,,0.0,,,89,,,,,,,,Cigar Journal,2020.0,10.0,juan lopez|punto 55|
,,Juan Lopez,,,,Epicure No. 1,,Corona Gorda,5.62,46,Parejo,Cuba,Cuba,Cuba,Cuba,,,Cuba,,,,,,,,0.0,,,89,,,,,,,,Aficionado,2005.0,10.0,juan lopez|epicure no. 1|corona gorda
,,Karen Berger,,,,K BY KAREN BERGER 25TH ANNIVERSARY BY AJ Fernandez TORO,,Toro,,,Parejo,USA,Mexico,Nicaragua,Nicaragua,,,,,,,,,,,0.0,,,89,,,,,,,,Cigar Journal,2023.0,20.0,karen berger|k by karen berger 25th anniversary by aj fernandez toro|toro
Drew Estate,img/icons/manufacturers/drewestate.svg,Kentucky Fire Cured,kfc,img/icons/brands/kentuckyfirecured.svg,Kentucky Fire Cured,KFC Ponies,,Cigarillo,4,32,Parejo,,,,,,,,,,FS,,,,,16.0,80,5,89,19.0,45.0,9.0,10.0,Q-01-72-006,50.0,,,,,kentucky fire cured|kfc ponies|cigarillo
Drew Estate,img/icons/manufacturers/drewestate.svg,Kentucky Fire Cured,kfc,img/icons/brands/kentuckyfirecured.svg,Kentucky Fire Cured,KFC Chunky,,Corona,4,46,Parejo,,,,,,,,,,FS,,,,,7.25,72.5,10,89,8.898,39.49,3.949,4.949,J-02-09-021,150.0,,,,,kentucky fire cured|kfc chunky|corona
Drew Estate,img/icons/manufacturers/drewestate.svg,Kentucky Fire Cured,kfc,img/icons/brands/kentuckyfirecured.svg,Kentucky Fire Cured,KFC Fat Molly,,Robusto,5,56,Parejo,,,,,,,,,,FS,,,,,8.5,85,10,89,10.152,45.76,4.576,5.576,J-02-09-022,80.0,,,,,kentucky fire cured|kfc fat molly|robusto
Drew Estate,img/icons/manufacturers/drewestate.svg,Kentucky Fire Cured,kfc,img/icons/brands/kentuckyfirecured.svg,Kentucky Fire Cured,KFC Just a Friend,,Toro,6,52,Parejo,,,,,,,,,,FS,,,,,10.0,100,10,89,11.652,53.26,5.326,6.326,J-02-09-020,80.0,,,,,kentucky fire cured|kfc just a friend|toro
Drew Estate,img/icons/manufacturers/drewestate.svg,Kentucky Fire Cured,kfc,img/icons/brands/kentuckyfirecured.svg,Kentucky Fire Cured,KFC Flying Pig,,Perfecto,3.94,60,Perfecto,,,,,,,,,,FS,,,,,13.95,167.4,12,89,15.3533333333333,86.12,7.17666666666667,8.17666666666663,Q-01-72-001,30.0,,,,,kentucky fire cured|kfc flying pig|perfecto
Drew Estate,img/icons/manufacturers/drewestate.svg,Kentucky Fire Cured,kfc,img/icons/brands/kentuckyfirecured.svg,Kentucky Fire Cured,KFC Just a Friend Tubo,,Toro,6,52,Parejo,,,,,,,,,Tubo,FS,,,,,11.0,11,25,89,12.6544,145.68,5.8272,6.8272,Q-01-99-075,12.0,,,,,kentucky fire cured|kfc just a friend tubo|toro
Drew Estate,img/icons/manufacturers/drewestate.svg,Kentucky Fire Cured,kfc,img/icons/brands/kentuckyfirecured.svg,Sweets,KFC Sweets Ponies,,Cigarillo,4,32,Parejo,,,,,,,,,,FS,,,,,16.0,80,5,89,19.0,45.0,9.0,10.0,Q-01-72-007,50.0,,,,,kentucky fire cured|kfc sweets ponies|cigarillo
Drew Estate,img/icons/manufacturers/drewestate.svg,Kentucky Fire Cured,kfc,img/icons/brands/kentuckyfirecured.svg,Sweets,KFC Sweets Chunky,,Corona,4,46,Parejo,,,,,,,,,,FS,,,,,7.25,72.5,10,89,8.898,39.49,3.949,4.949,J-02-31-004,150.0,,,,,kentucky fire cured|kfc sweets chunky|corona
Drew Estate,img/icons/manufacturers/drewestate.svg,Kentucky Fire Cured,kfc,img/icons/brands/kentuckyfirecured.svg,Sweets,KFC Sweets Fat Molly,,Robusto,5,56,Parejo,,,,,,,,,,FS,,,,,8.5,85,10,89,10.152,45.76,4.576,5.576,J-02-31-003,80.0,,,,,kentucky fire cured|kfc sweets fat molly|robusto
Drew Estate,img/icons/manufacturers/drewestate.svg,Kentucky Fire Cured,kfc,img/icons/brands/kentuckyfirecured.svg,Sweets,KFC Sweets Just a Friend,,Toro,6,52,Parejo,,,,,,,,,,FS,,,,,10.0,100,10,89,11.652,53.26,5.326,6.326,J-02-31-002,80.0,,,,,kentucky fire cured|kfc sweets just a friend|toro
Drew Estate,img/icons/manufacturers/drewestate.svg,Kentucky Fire Cured,kfc,img/icons/brands/kentuckyfirecured.svg,Sweets,KFC Sweets Just a Friend Tubo,,Toro,6,52,Parejo,,,,,,,,,Tubo,FS,,,,,11.0,11,25,89,12.6544,145.68,5.8272,6.8272,Q-01-99-076,12.0,,,,,kentucky fire cured|kfc sweets just a friend tubo|toro
,,Kristoff,,,Galerones,DR4 660,,,6,60,,Ecuador,Nicaragua,Nicaragua,Dominican Republic,,,,,,,,,,,0.0,,,89,,,,,,,,Cigar Journal,2014.0,16.0,kristoff|dr4 660|
,,Kristoff,,,LIGERO MADURO Robusto,Robusto,,Robusto,,,Parejo,Brazil,Dominican Republic,Honduras,Dominican Republic,,,,,,,,,,,0.0,,,89,,,,,,,,Cigar Journal,2013.0,15.0,kristoff|robusto|robusto
,,Kristoff,,,Pistoff Kristoff,Pistoff Kristoff Churchill,https://www.cigaraficionado.com/top25/2019/pistoff-kristoff,Churchill,7,50,Parejo,Brazil,Mexico,Nicaragua,Dominican Republic,,,,,,,,,,,0.0,,,89,,,,,,,,Aficionado,2019.0,24.0,kristoff|pistoff kristoff churchill|churchill
,,Kristoff,,,San Andrés,Robusto,,Robusto,,,Parejo,Mexico,Ecuador,Nicaragua,Dominican Republic,,,,,,,,,,,0.0,,,89,,,,,,,,Cigar Journal,2016.0,13.0,kristoff|robusto|robusto
,,Kristoff,,,Shade Grown,Robusto,,Robusto,,,Parejo,Honduras,Dominican Republic,Nicaragua; Dominican Republic,Dominican Republic,,,,,,,,,,,0.0,,,89,,,,,,,,Cigar Journal,2020.0,25.0,kristoff|robusto|robusto
,,Kristoff,,,,KRISTOFF SIGNATURE SERIES 2023 INTERTABAC EXCLUSIVE TORO,,Toro,,,Parejo,Brazil,Dominican Republic,"Dominican Republic, Nicaragua",Dominican Republic,,,,,,,,,,,0.0,,,89,,,,,,,,Cigar Journal,2023.0,15.0,kristoff|kristoff signature series 2023 intertabac exclusive toro|toro
,,Kristoff,,,,KRISTOFF NICARAGUA ROBUSTO,,Robusto,,,Parejo,Nicaragua,Nicaragua,Nicaragua,Dominican Republic,,,,,,,,,,,0.0,,,89,,,,,,,,Cigar Journal,2024.0,10.0,kristoff|kristoff nicaragua robusto|robusto
,,Kuyt’s,,,Nicaraguan Blend Toro,Toro,,Toro,,,Parejo,Nicaragua,USA,Nicaragua,Nicaragua,,,,,,,,,,,0.0,,,89,,,,,,,,Cigar Journal,2015.0,21.0,kuyt’s|toro|toro
,,La Aroma de Cuba,,,Edicion Especial,No. 1,https://www.cigaraficionado.com/top25/2020/la-aroma-de-cuba-edicion-especial-no-1,Corona Gorda,5.625,46,Parejo,Ecuador,Nicaragua,Nicaragua,Nicaragua,,,,,,,,,,,0.0,,,89,,,,,,,,Aficionado,2020.0,15.0,la aroma de cuba|no. 1|corona gorda
,,La Aroma de Cuba,,,Edición Especial,No. 1,https://www.cigaraficionado.com/top25cigar/la-aroma-de-cuba-edicion-especial-no1-2007,Churchill,7.5,49,Parejo,Ecuador Shade,Nicaragua,Nicaragua,Nicaragua,,,,,,,,,,,0.0,,,89,,,,,,,,Aficionado,2007.0,8.0,la aroma de cuba|no. 1|churchill
,,La Aroma de Cuba,,,Edición Especial,No. 1,https://www.cigaraficionado.com/top25cigar/la-aroma-de-cuba-edicion-especial-no1-2008,Churchill,7.5,49,Parejo,Ecuador Shade,Nicaragua,Nicaragua,Nicaragua,,,,,,,,,,,0.0,,,89,,,,,,,,Aficionado,2008.0,15.0,la aroma de cuba|no. 1|churchill
,,La Aroma de Cuba,,,Edición Especial,Belicoso,https://www.cigaraficionado.com/top25cigar/la-aroma-de-cuba-edicion-especial-belicoso-2009,Belicoso,5.5,54,Belicoso,Ecuador Connecticut,Nicaragua,Nicaragua,Nicaragua,,,,,,,,,,,0.0,,,89,,,,,,,,Aficionado,2009.0,3.0,la aroma de cuba|belicoso|belicoso
Ashton Distributors,img/icons/manufacturers/ashtondistributors.svg,La Aroma de Cuba,ladc,img/icons/brands/laaromadecuba.svg,Fresh Packs LADC,92-93 Red Sampler Pack,,Sampler,0,0,Parejo,,,,,,,,,,,,Pack,,,0.0,,50,89,12.3,282.5,5.65,6.65,,,,,,,la aroma de cuba|92-93 red sampler pack|sampler
Ashton Distributors,img/icons/manufacturers/ashtondistributors.svg,La Aroma de Cuba,ladc,img/icons/brands/laaromadecuba.svg,Fresh Packs LADC,92-95 Green Sampler Pack,,Sampler,0,0,Parejo,,,,,,,,,,,,Pack,,,0.0,,50,89,12.9,297.5,5.95,6.95,,,,,,,la aroma de cuba|92-95 green sampler pack|sampler
Ashton Distributors,img/icons/manufacturers/ashtondistributors.svg,La Aroma de Cuba,ladc,img/icons/brands/laaromadecuba.svg,Fresh Packs LADC,Mi Amor Fresh Pack,,Sampler,0,0,Parejo,,,,,,,,,,,,Pack,,,0.0,,50,89,12.9,297.5,5.95,6.95,,,,,,,la aroma de cuba|mi amor fresh pack|sampler
Ashton Distributors,img/icons/manufacturers/ashtondistributors.svg,La Aroma de Cuba,ladc,img/icons/brands/laaromadecuba.svg,Fresh Packs LADC,94-95 Orange Sampler Pack,,Sampler,0,0,Parejo,,,,,,,,,,,,Pack,,,0.0,,50,89,13.3,307.5,6.15,7.15,,,,,,,la aroma de cuba|94-95 orange sampler pack|sampler
,,La Aroma de Cuba,,,Mi Amor,Belicoso,https://www.cigaraficionado.com/top25cigar/la-aroma-de-cuba-mi-amor-belicoso-2010,Belicoso,5.5,54,Belicoso,Mexico San Andrés,Nicaragua,Nicaragua,Nicaragua,,,,,,,,,,,0.0,,,89,,,,,,,,Aficionado,2010.0,3.0,la aroma de cuba|belicoso|belicoso
,,La Aroma de Cuba,,,Mi Amor,Belicoso,https://www.cigaraficionado.com/top25cigar/la-aroma-de-cuba-mi-amor-belicoso-2011,Belicoso,5.5,54,Belicoso,Mexico San Andrés,Nicaragua,Nicaragua,Nicaragua,,,,,,,,,,,0.0,,,89,,,,,,,,Aficionado,2011.0,2.0,la aroma de cuba|belicoso|belicoso
,,La Aroma de Cuba,,,Mi Amor,Reserva Maximo,https://www.cigaraficionado.com/top25cigar/la-aroma-de-cuba-mi-amor-reserva-maximo-2011,Robusto Extra,5.5,54,Parejo,Mexico San Andrés,Nicaragua,Nicaragua,Nicaragua,,,,,,,,,,,0.0,,,89,,,,,,,,Aficionado,2011.0,9.0,la aroma de cuba|reserva maximo|robusto extra
,,La Aroma de Cuba,,,Mi Amor,Robusto,https://www.cigaraficionado.com/top25cigar/la-aroma-de-cuba-mi-amor-robusto-2012,Robusto,5,50,Parejo,Mexico San Andrés,Nicaragua,Nicaragua,Nicaragua,,,,,,,,,,,0.0,,,89,,,,,,,,Aficionado,2012.0,17.0,la aroma de cuba|robusto|robusto
,,La Aroma de Cuba,,,Mi Amor,Duque,https://www.cigaraficionado.com/top25cigar/la-aroma-de-cuba-mi-amor-duque-2013,Robusto,5.25,56,Parejo,Mexico San Andrés,Nicaragua,Nicaragua,Nicaragua,,,,,,,,,,,0.0,,,89,,,,,,,,Aficionado,2013.0,6.0,la aroma de cuba|duque|robusto
,,La Aroma de Cuba,,,Mi Amor,Reserva Maximo,https://www.cigaraficionado.com/top25cigar/la-aroma-de-cuba-mi-amor-reserva-maximo-2014,Robusto Extra,5.5,54,Parejo,Mexico San Andrés,Nicaragua,Nicaragua,Nicaragua,,,,,,,,,,,0.0,,,89,,,,,,,,Aficionado,2014.0,9.0,la aroma de cuba|reserva maximo|robusto extra
,,La Aroma de Cuba,,,Mi Amor,Belicoso,,Belicoso,,,Belicoso,Mexico,Nicaragua,Nicaragua,Nicaragua,,,,,,,,,,,0.0,,,89,,,,,,,,Cigar Journal,2014.0,9.0,la aroma de cuba|belicoso|belicoso
,,La Aroma de Cuba,,,Mi Amor,Reserva Maximo,https://www.cigaraficionado.com/top25cigar/la-aroma-de-cuba-mi-amor-reserva-maximo-2015,Robusto Extra,5.5,54,Parejo,Mexico San Andrés,Nicaragua,Nicaragua,Nicaragua,,,,,,,,,,,0.0,,,89,,,,,,,,Aficionado,2015.0,9.0,la aroma de cuba|reserva maximo|robusto extra
,,La Aroma de Cuba,,,Mi Amor,Belicoso,https://www.cigaraficionado.com/top25cigar/la-aroma-de-cuba-mi-amor-belicoso-2016,Belicoso,5.5,54,Belicoso,Mexico San Andrés,Nicaragua,Nicaragua,Nicaragua,,,,,,,,,,,0.0,,,89,,,,,,,,Aficionado,2016.0,13.0,la aroma de cuba|belicoso|belicoso
,,La Aroma de Cuba,,,Mi Amor,Mi Amor Robusto,https://www.cigaraficionado.com/top25/2018/la-aroma-de-cuba-mi-amor-robusto,Robusto,5,52,Parejo,Mexico,Nicaragua,Nicaragua,Dominican Republic,,,,,,,,,,,0.0,,,89,,,,,,,,Aficionado,2018.0,14.0,la aroma de cuba|mi amor robusto|robusto
,,La Aroma de Cuba,,,Mi Amor,Mi Amor Duque,https://www.cigaraficionado.com/top25/2019/la-aroma-de-cuba-mi-amor-duque,Robusto,5.25,52,Parejo,Mexico,Nicaragua,Nicaragua,Nicaragua,,,,,,,,,,,0.0,,,89,,,,,,,,Aficionado,2019.0,19.0,la aroma de cuba|mi amor duque|robusto
,,La Aroma de Cuba,,,Mi Amor,Belicoso,,Belicoso,5.5,54,Belicoso,Mexico (San Andrés),Nicaragua,Nicaragua,Nicaragua,,,,,,,,,,,0.0,,,89,,,,,,,,Aficionado,2023.0,9.0,la aroma de cuba|belicoso|belicoso
Ashton Distributors,img/icons/manufacturers/ashtondistributors.svg,La Aroma de Cuba,ladc,img/icons/brands/laaromadecuba.svg,Samplers,LADC Noblesse/DuPont Lighter (4ct),,Sampler,-,-,-,,,,,,,,,,,,,,,0.0,,4,89,101.0,200.0,50.0,51.0,,,,,,,la aroma de cuba|ladc noblesse/dupont lighter (4ct)|sampler
Ashton Distributors,img/icons/manufacturers/ashtondistributors.svg,La Aroma de Cuba,ladc,img/icons/brands/laaromadecuba.svg,Samplers,LADC 5-Cigar Sampler,,Sampler,-,-,-,,,,,,,,,,,,Pack,,,0.0,,5,89,12.252,28.13,5.626,6.626,,,,,,,la aroma de cuba|ladc 5-cigar sampler|sampler
Ashton Distributors,img/icons/manufacturers/ashtondistributors.svg,La Aroma de Cuba,ladc,img/icons/brands/laaromadecuba.svg,Samplers,LADC/San Cristobal 93-95 Sampler,,Sampler,-,-,-,,,,,,,,,,,,Pack,,,0.0,,5,89,13.132,30.33,6.066,7.066,,,,,,,la aroma de cuba|ladc/san cristobal 93-95 sampler|sampler
Ashton Distributors,img/icons/manufacturers/ashtondistributors.svg,La Aroma de Cuba,ladc,img/icons/brands/laaromadecuba.svg,Samplers,LADC Best Sellers/Lighter Sampler,,Sampler,-,-,-,,,,,,,,,,,,Pack,,,0.0,,5,89,19.5,46.25,9.25,10.25,,,,,,,la aroma de cuba|ladc best sellers/lighter sampler|sampler
,,La Aroma de Cuba,,,,Corona,,Corona,5.5,44,Parejo,Ecuador,Dom. Blend,Honduras/Nicaragua,Honduras,,,,,,,,,,,0.0,,,89,,,,,,,,Aficionado,2004.0,16.0,la aroma de cuba|corona|corona
,,La Aroma de Cuba,,,,Churchill,,Churchill,6.75,48,Parejo,Honduras,Honduras,Honduras,Honduras,,,,,,,,,,,0.0,,,89,,,,,,,,Aficionado,2006.0,20.0,la aroma de cuba|churchill|churchill
,,La Aroma de Cuba,,,,LA AROMA DE CUBA (DEL CARIBE) PASIÓN BOX-PRESSED TORPEDO,,Torpedo,,,Torpedo,Nicaragua,Nicaragua,Nicaragua,Nicaragua,,,,,,,,,,,0.0,,,89,,,,,,,,Cigar Journal,2022.0,18.0,la aroma de cuba|la aroma de cuba (del caribe) pasión box-pressed torpedo|torpedo
,,La Aroma de Cuba,,,,Pasion Box-Pressed Torpedo,https://www.cigaraficionado.com/top25cigar/la-aroma-de-cuba-pasion-box-pressed-torpedo-2024,Torpedo,6,52,Torpedo,Nicaragua,Nicaragua,Nicaragua,Nicaragua,,,,,,,,,,,0.0,,,89,,,,,,,,Aficionado,2024.0,11.0,la aroma de cuba|pasion box-pressed torpedo|torpedo
Ashton Distributors,img/icons/manufacturers/ashtondistributors.svg,La Aroma de Cuba,ladc,img/icons/brands/laaromadecuba.svg,,LADC Connecticut Robusto,,Robusto,5.25,54,Parejo,,,,,,,,,,,,,,,10.8441666666667,260.26,24,89,10.8441666666667,118.13,4.92208333333333,5.92208333333337,,,,,,,la aroma de cuba|ladc connecticut robusto|robusto
Ashton Distributors,img/icons/manufacturers/ashtondistributors.svg,La Aroma de Cuba,ladc,img/icons/brands/laaromadecuba.svg,,LADC Connecticut Immensa Gordo,,Gordo,5.75,60,Parejo,,,,,,,,,,,,,,,11.4066666666667,273.76,24,89,11.4066666666667,124.88,5.20333333333333,6.20333333333337,,,,,,,la aroma de cuba|ladc connecticut immensa gordo|gordo
Ashton Distributors,img/icons/manufacturers/ashtondistributors.svg,La Aroma de Cuba,ladc,img/icons/brands/laaromadecuba.svg,,LADC Connecticut El Jefe Churchill,,Churchill,7,58,Parejo,,,,,,,,,,,,,,,12.0816666666667,289.96,24,89,12.0816666666667,132.98,5.54083333333333,6.54083333333337,,,,,,,la aroma de cuba|ladc connecticut el jefe churchill|churchill
Ashton Distributors,img/icons/manufacturers/ashtondistributors.svg,La Aroma de Cuba,ladc,img/icons/brands/laaromadecuba.svg,,LADC Connecticut Belicoso,,Belicoso,5.5,52,Belicoso,,,,,,,,,,,,,,,11.856,296.4,25,89,11.856,135.7,5.428,6.428,,,,,,,la aroma de cuba|ladc connecticut belicoso|belicoso
Ashton Distributors,img/icons/manufacturers/ashtondistributors.svg,La Aroma de Cuba,ladc,img/icons/brands/laaromadecuba.svg,,LADC Connecticut Corona,,Corona,5.5,44,Parejo,,,,,,,,,,,,,,,9.8312,245.78,25,89,9.8312,110.39,4.4156,5.4156,,,,,,,la aroma de cuba|ladc connecticut corona|corona
Ashton Distributors,img/icons/manufacturers/ashtondistributors.svg,La Aroma de Cuba,ladc,img/icons/brands/laaromadecuba.svg,,LADC Connecticut Rothschild,,Rothschild,5,50,Parejo,,,,,,,,,,,,,,,10.5624,264.06,25,89,10.5624,119.53,4.7812,5.7812,,,,,,,la aroma de cuba|ladc connecticut rothschild|rothschild
Ashton Distributors,img/icons/manufacturers/ashtondistributors.svg,La Aroma de Cuba,ladc,img/icons/brands/laaromadecuba.svg,,LADC Connecticut Monarch Toro,,Toro,6,52,Parejo,,,,,,,,,,,,,,,11.4064,285.16,25,89,11.4064,130.08,5.2032,6.2032,,,,,,,la aroma de cuba|ladc connecticut monarch toro|toro
Ashton Distributors,img/icons/manufacturers/ashtondistributors.svg,La Aroma de Cuba,ladc,img/icons/brands/laaromadecuba.svg,,LADC Connecticut Churchill,,Churchill,7,50,Parejo,,,,,,,,,,,,,,,11.9688,299.22,25,89,11.9688,137.11,5.4844,6.4844,,,,,,,la aroma de cuba|ladc connecticut churchill|churchill
Ashton Distributors,img/icons/manufacturers/ashtondistributors.svg,La Aroma de Cuba,ladc,img/icons/brands/laaromadecuba.svg,,LADC Connecticut Double Corona,,Double Corona,7.5,54,Parejo,,,,,,,,,,,,,,,12.1936,304.84,25,89,12.1936,139.92,5.5968,6.5968,,,,,,,la aroma de cuba|ladc connecticut double corona|double corona
Ashton Distributors,img/icons/manufacturers/ashtondistributors.svg,La Aroma de Cuba,ladc,img/icons/brands/laaromadecuba.svg,,LADC Edición Especial #5 Belicoso,,Belicoso,5.5,52,Belicoso,,,,,,,,,,,,,,,12.8128,320.32,25,89,12.8128,147.66,5.9064,6.9064,,,,,,,la aroma de cuba|ladc edición especial #5 belicoso|belicoso
Ashton Distributors,img/icons/manufacturers/ashtondistributors.svg,La Aroma de Cuba,ladc,img/icons/brands/laaromadecuba.svg,,LADC Edición Especial #1 Corona Extra,,Corona Extra,5.625,46,Parejo,,,,,,,,,,,,,,,12.0816,302.04,25,89,12.0816,138.52,5.5408,6.5408,,,,,,,la aroma de cuba|ladc edición especial #1 corona extra|corona extra
Ashton Distributors,img/icons/manufacturers/ashtondistributors.svg,La Aroma de Cuba,ladc,img/icons/brands/laaromadecuba.svg,,LADC Edición Especial #2 Robusto,,Robusto,5,50,Parejo,,,,,,,,,,,,,,,12.2504,306.26,25,89,12.2504,140.63,5.6252,6.6252,,,,,,,la aroma de cuba|ladc edición especial #2 robusto|robusto
Ashton Distributors,img/icons/manufacturers/ashtondistributors.svg,La Aroma de Cuba,ladc,img/icons/brands/laaromadecuba.svg,,LADC Edición Especial #3 Toro,,Toro,6,50,Parejo,,,,,,,,,,,,,,,12.5312,313.28,25,89,12.5312,144.14,5.7656,6.7656,,,,,,,la aroma de cuba|ladc edición especial #3 toro|toro
Ashton Distributors,img/icons/manufacturers/ashtondistributors.svg,La Aroma de Cuba,ladc,img/icons/brands/laaromadecuba.svg,,LADC Edición Especial #4 Churchill,,Churchill,7,49,Parejo,,,,,,,,,,,,,,,12.8128,320.32,25,89,12.8128,147.66,5.9064,6.9064,,,,,,,la aroma de cuba|ladc edición especial #4 churchill|churchill
Ashton Distributors,img/icons/manufacturers/ashtondistributors.svg,La Aroma de Cuba,ladc,img/icons/brands/laaromadecuba.svg,,LADC Edición Especial #60 Gordo,,Gordo,6,60,Parejo,,,,,,,,,,,,,,,13.0936,327.34,25,89,13.0936,151.17,6.0468,7.0468,,,,,,,la aroma de cuba|ladc edición especial #60 gordo|gordo
Ashton Distributors,img/icons/manufacturers/ashtondistributors.svg,La Aroma de Cuba,ladc,img/icons/brands/laaromadecuba.svg,,LADC Mi Amor Robusto,,Robusto,5,50,Parejo,,,,,,,,,,,,,,,12.0816,302.04,25,89,12.0816,138.52,5.5408,6.5408,,,,,,,la aroma de cuba|ladc mi amor robusto|robusto
Ashton Distributors,img/icons/manufacturers/ashtondistributors.svg,La Aroma de Cuba,ladc,img/icons/brands/laaromadecuba.svg,,LADC Mi Amor Duque Robusto,,Robusto,5.25,56,Parejo,,,,,,,,,,,,,,,12.2504,306.26,25,89,12.2504,140.63,5.6252,6.6252,,,,,,,la aroma de cuba|ladc mi amor duque robusto|robusto
Ashton Distributors,img/icons/manufacturers/ashtondistributors.svg,La Aroma de Cuba,ladc,img/icons/brands/laaromadecuba.svg,,LADC Mi Amor Magnifico Toro,,Toro,6,52,Parejo,,,,,,,,,,,,,,,12.5312,313.28,25,89,12.5312,144.14,5.7656,6.7656,,,,,,,la aroma de cuba|ladc mi amor magnifico toro|toro
Ashton Distributors,img/icons/manufacturers/ashtondistributors.svg,La Aroma de Cuba,ladc,img/icons/brands/laaromadecuba.svg,,LADC Mi Amor Churchill,,Churchill,7,50,Parejo,,,,,,,,,,,,,,,12.8128,320.32,25,89,12.8128,147.66,5.9064,6.9064,,,,,,,la aroma de cuba|ladc mi amor churchill|churchill
Ashton Distributors,img/icons/manufacturers/ashtondistributors.svg,La Aroma de Cuba,ladc,img/icons/brands/laaromadecuba.svg,,LADC Mi Amor Valentino Gordo,,Gordo,6,60,Parejo,,,,,,,,,,,,,,,13.0936,327.34,25,89,13.0936,151.17,6.0468,7.0468,,,,,,,la aroma de cuba|ladc mi amor valentino gordo|gordo
Ashton Distributors,img/icons/manufacturers/ashtondistributors.svg,La Aroma de Cuba,ladc,img/icons/brands/laaromadecuba.svg,,LADC Mi Amor Belicoso,,Belicoso,5.5,54,Belicoso,,,,,,,,,,,,,,,12.8128,320.32,25,89,12.8128,147.66,5.9064,6.9064,,,,,,,la aroma de cuba|ladc mi amor belicoso|belicoso
Ashton Distributors,img/icons/manufacturers/ashtondistributors.svg,La Aroma de Cuba,ladc,img/icons/brands/laaromadecuba.svg,,LADC Noblesse Regency Robusto,,Robusto Extra,5.5,50,Parejo,,,,,,,,,,,,,,,20.0,480,24,89,20.0,228.0,9.5,10.5,,,,,,,la aroma de cuba|ladc noblesse regency robusto|robusto extra
Ashton Distributors,img/icons/manufacturers/ashtondistributors.svg,La Aroma de Cuba,ladc,img/icons/brands/laaromadecuba.svg,,LADC Noblesse Coronation Toro,,Toro,6,52,Parejo,,,,,,,,,,,,,,,20.5,492,24,89,20.5,234.0,9.75,10.75,,,,,,,la aroma de cuba|ladc noblesse coronation toro|toro
Ashton Distributors,img/icons/manufacturers/ashtondistributors.svg,La Aroma de Cuba,ladc,img/icons/brands/laaromadecuba.svg,,LADC Noblesse Viceroy Pyramid,,Pyramid,6.125,52,Parejo,,,,,,,,,,,,,,,20.75,498,24,89,20.75,237.0,9.875,10.875,,,,,,,la aroma de cuba|ladc noblesse viceroy pyramid|pyramid
Ashton Distributors,img/icons/manufacturers/ashtondistributors.svg,La Aroma de Cuba,ladc,img/icons/brands/laaromadecuba.svg,,LADC Noblesse Monarchy Toro,,Toro Gordo,6.5,56,Parejo,,,,,,,,,,,,,,,21.0,504,24,89,21.0,240.0,10.0,11.0,,,,,,,la aroma de cuba|ladc noblesse monarchy toro|toro gordo
Ashton Distributors,img/icons/manufacturers/ashtondistributors.svg,La Aroma de Cuba,ladc,img/icons/brands/laaromadecuba.svg,,LADC Robusto,,Robusto,5.25,54,Parejo,,,,,,,,,,,,,,,10.8441666666667,260.26,24,89,10.8441666666667,118.13,4.92208333333333,5.92208333333337,,,,,,,la aroma de cuba|ladc robusto|robusto
Ashton Distributors,img/icons/manufacturers/ashtondistributors.svg,La Aroma de Cuba,ladc,img/icons/brands/laaromadecuba.svg,,LADC Immensa Gordo,,Gordo,5.75,60,Parejo,,,,,,,,,,,,,,,11.4066666666667,273.76,24,89,11.4066666666667,124.88,5.20333333333333,6.20333333333337,,,,,,,la aroma de cuba|ladc immensa gordo|gordo
Ashton Distributors,img/icons/manufacturers/ashtondistributors.svg,La Aroma de Cuba,ladc,img/icons/brands/laaromadecuba.svg,,LADC El Jefe Churchill,,Churchill,7,58,Parejo,,,,,,,,,,,,,,,12.0816666666667,289.96,24,89,12.0816666666667,132.98,5.54083333333333,6.54083333333337,,,,,,,la aroma de cuba|ladc el jefe churchill|churchill
Ashton Distributors,img/icons/manufacturers/ashtondistributors.svg,La Aroma de Cuba,ladc,img/icons/brands/laaromadecuba.svg,,LADC Belicoso,,Belicoso,5.5,52,Belicoso,,,,,,,,,,,,,,,11.856,296.4,25,89,11.856,135.7,5.428,6.428,,,,,,,la aroma de cuba|ladc belicoso|belicoso
Ashton Distributors,img/icons/manufacturers/ashtondistributors.svg,La Aroma de Cuba,ladc,img/icons/brands/laaromadecuba.svg,,LADC Corona,,Corona,5.5,44,Parejo,,,,,,,,,,,,,,,9.8312,245.78,25,89,9.8312,110.39,4.4156,5.4156,,,,,,,la aroma de cuba|ladc corona|corona
Ashton Distributors,img/icons/manufacturers/ashtondistributors.svg,La Aroma de Cuba,ladc,img/icons/brands/laaromadecuba.svg,,LADC Rothschild,,Rothschild,5,50,Parejo,,,,,,,,,,,,,,,10.5624,264.06,25,89,10.5624,119.53,4.7812,5.7812,,,,,,,la aroma de cuba|ladc rothschild|rothschild
Ashton Distributors,img/icons/manufacturers/ashtondistributors.svg,La Aroma de Cuba,ladc,img/icons/brands/laaromadecuba.svg,,LADC Monarch Toro,,Toro,6,52,Parejo,,,,,,,,,,,,,,,11.4064,285.16,25,89,11.4064,130.08,5.2032,6.2032,,,,,,,la aroma de cuba|ladc monarch toro|toro
Ashton Distributors,img/icons/manufacturers/ashtondistributors.svg,La Aroma de Cuba,ladc,img/icons/brands/laaromadecuba.svg,,LADC Churchill,,Churchill,7,50,Parejo,,,,,,,,,,,,,,,11.9688,299.22,25,89,11.9688,137.11,5.4844,6.4844,,,,,,,la aroma de cuba|ladc churchill|churchill
Ashton Distributors,img/icons/manufacturers/ashtondistributors.svg,La Aroma de Cuba,ladc,img/icons/brands/laaromadecuba.svg,,LADC Double Corona,,Double Corona,7.5,54,Parejo,,,,,,,,,,,,,,,12.1936,304.84,25,89,12.1936,139.92,5.5968,6.5968,,,,,,,la aroma de cuba|ladc double corona|double corona
Ashton Distributors,img/icons/manufacturers/ashtondistributors.svg,La Aroma de Cuba,ladc,img/icons/brands/laaromadecuba.svg,,LADC Pasion Corona Gorda,,Corona Gorda,5.625,46,Parejo,,,,,,,,,,,,,,,12.8504,321.26,25,89,12.8504,148.13,5.9252,6.9252,,,,,,,la aroma de cuba|ladc pasion corona gorda|corona gorda
Ashton Distributors,img/icons/manufacturers/ashtondistributors.svg,La Aroma de Cuba,ladc,img/icons/brands/laaromadecuba.svg,,LADC Pasion Robusto,,Robusto,5.5,50,Parejo,,,,,,,,,,,,,,,13.5,337.5,25,89,13.5,156.25,6.25,7.25,,,,,,,la aroma de cuba|ladc pasion robusto|robusto
Ashton Distributors,img/icons/manufacturers/ashtondistributors.svg,La Aroma de Cuba,ladc,img/icons/brands/laaromadecuba.svg,,LADC Pasion Churchill,,Churchill,7,49,Parejo,,,,,,,,,,,,,,,14.7504,368.76,25,89,14.7504,171.88,6.8752,7.8752,,,,,,,la aroma de cuba|ladc pasion churchill|churchill
Ashton Distributors,img/icons/manufacturers/ashtondistributors.svg,La Aroma de Cuba,ladc,img/icons/brands/laaromadecuba.svg,,LADC Pasion Marveloso Toro,,Toro,6,52,Parejo,,,,,,,,,,,,,,,14.7504,368.76,25,89,14.7504,171.88,6.8752,7.8752,,,,,,,la aroma de cuba|ladc pasion marveloso toro|toro
Ashton Distributors,img/icons/manufacturers/ashtondistributors.svg,La Aroma de Cuba,ladc,img/icons/brands/laaromadecuba.svg,,LADC Pasion Encanto Gordo,,Gordo,6,60,Parejo,,,,,,,,,,,,,,,15.2504,381.26,25,89,15.2504,178.13,7.1252,8.1252,,,,,,,la aroma de cuba|ladc pasion encanto gordo|gordo
Ashton Distributors,img/icons/manufacturers/ashtondistributors.svg,La Aroma de Cuba,ladc,img/icons/brands/laaromadecuba.svg,,LADC Pasion Box-Pressed Torpedo,,Torpedo,6.125,54,Torpedo,,,,,,,,BP,,,,,,,14.9,372.5,25,89,14.9,173.75,6.95,7.95,,,,,,,la aroma de cuba|ladc pasion box-pressed torpedo|torpedo
Ashton Distributors,img/icons/manufacturers/ashtondistributors.svg,La Aroma de Cuba,ladc,img/icons/brands/laaromadecuba.svg,,LADC Reserva Beso Belicoso,,Belicoso,5.625,48,Belicoso,,,,,,,,,,,,,,,12.85,308.4,24,89,12.85,142.2,5.925,6.925,,,,,,,la aroma de cuba|ladc reserva beso belicoso|belicoso
Ashton Distributors,img/icons/manufacturers/ashtondistributors.svg,La Aroma de Cuba,ladc,img/icons/brands/laaromadecuba.svg,,LADC Reserva Belicoso,,Belicoso,5.5,52,Belicoso,,,,,,,,,,,,,,,14.25,342,24,89,14.25,159.0,6.625,7.625,,,,,,,la aroma de cuba|ladc reserva belicoso|belicoso
Ashton Distributors,img/icons/manufacturers/ashtondistributors.svg,La Aroma de Cuba,ladc,img/icons/brands/laaromadecuba.svg,,LADC Reserva Maximo Robusto,,Robusto Gordo,5.5,54,Parejo,,,,,,,,,,,,,,,13.5,324,24,89,13.5,150.0,6.25,7.25,,,,,,,la aroma de cuba|ladc reserva maximo robusto|robusto gordo
Ashton Distributors,img/icons/manufacturers/ashtondistributors.svg,La Aroma de Cuba,ladc,img/icons/brands/laaromadecuba.svg,,LADC Reserva Romantico Churchill,,Churchill,6.875,50,Parejo,,,,,,,,,,,,,,,14.75,354,24,89,14.75,165.0,6.875,7.875,,,,,,,la aroma de cuba|ladc reserva romantico churchill|churchill
Ashton Distributors,img/icons/manufacturers/ashtondistributors.svg,La Aroma de Cuba,ladc,img/icons/brands/laaromadecuba.svg,,LADC Reserva Divino Toro,,Toro,6.25,52,Parejo,,,,,,,,,,,,,,,14.75,354,24,89,14.75,165.0,6.875,7.875,,,,,,,la aroma de cuba|ladc reserva divino toro|toro
Ashton Distributors,img/icons/manufacturers/ashtondistributors.svg,La Aroma de Cuba,ladc,img/icons/brands/laaromadecuba.svg,,LADC Reserva Pomposo Gordo,,Gordo,6.5,60,Parejo,,,,,,,,,,,,,,,15.25,366,24,89,15.25,171.0,7.125,8.125,,,,,,,la aroma de cuba|ladc reserva pomposo gordo|gordo
,,La Aurora,,,107 Anniversary Nicaragua,Robusto,,Robusto,,,Parejo,Nicaragua,Nicaragua,Nicaragua,Dominican Republic,,,,,,,,,,,0.0,,,89,,,,,,,,Cigar Journal,2020.0,6.0,la aurora|robusto|robusto
,,La Aurora,,,Black Lion Cameroon,Toro,,Toro,,,Parejo,Ecuador,Dominican Republic,Dominican Republic,Dominican Republic,,,,,,,,,,,0.0,,,89,,,,,,,,Cigar Journal,2016.0,25.0,la aurora|toro|toro
,,La Aurora,,,Hors d'Age,La Aurora Hors d’Age 2020 Toro,,Toro,6,54,Parejo,Ecuador,Ecuador,Colombia; Dominican Republic; Nicaragua,Dominican Republic,,,,,,,,,,,0.0,,,89,,,,,,,,Cigar Journal,2021.0,8.0,la aurora|la aurora hors d’age 2020 toro|toro
,,La Aurora,,,Preferido,Emerald,,Perfecto,5,54,Perfecto,Ecuador,Dominican Republic,Dominican Republic/Brazil/Nicaragua,Dominican Republic,,,,,,,,,,,0.0,,,89,,,,,,,,Aficionado,2006.0,7.0,la aurora|emerald|perfecto
,,La Aurora,,,PREFERIDOS RUBY,Ruby,,,,,,Ecuador,Brazil,Dominican Republic,Dominican Republic,,,,,,,,,,,0.0,,,89,,,,,,,,Cigar Journal,2013.0,24.0,la aurora|ruby|
,,La Aurora,,,,Hors d’Age 2017,,,,,,Ecuador,Ecuador,Colombia; Dominican Republic; Nicaragua,Dominican Republic,,,,,,,,,,,0.0,,,89,,,,,,,,Cigar Journal,2018.0,21.0,la aurora|hors d’age 2017|
,,La Aurora,,,,115 Anniversary Robusto,,Robusto,,,Parejo,Ecuador,Brazil,Dominican Republic; Brazil; Nicaragua,Dominican Republic,,,,,,,,,,,0.0,,,89,,,,,,,,Cigar Journal,2019.0,17.0,la aurora|115 anniversary robusto|robusto
,,La Aurora,,,,LA AURORA PREFERIDOS HORS D‘AGE 2020,,,,,,Ecuador,Ecuador,Colombia,Dominican Republic,,,,,,,,,,,0.0,,,89,,,,,,,,Cigar Journal,2022.0,6.0,la aurora|la aurora preferidos hors d‘age 2020|
,,La Aurora,,,,LA AURORA 120TH ANNIVERSARY ROBUSTO,,Robusto,,,Parejo,Dominican Republic,Dominican Republic,Dominican Republic,Dominican Republic,,,,,,,,,,,0.0,,,89,,,,,,,,Cigar Journal,2024.0,11.0,la aurora|la aurora 120th anniversary robusto|robusto
,,La Boheme,,,Pittore,,,,,,,Ecuador,Dominican Republic,Dominican Republic,Dominican Republic,,,,,,,,,,,0.0,,,89,,,,,,,,Cigar Journal,2015.0,11.0,la boheme||
General Cigar Co.,img/icons/manufacturers/generalcigarco.svg,La Estrella Cubana,lec,img/icons/brands/laestrellacubana.svg,LA ESTRELLA CUBANA CONNECTICUT,Robusto,,Robusto,5,50,Parejo,,,,,,,,,,,,,,,4.74,94.8,20,89,4.74,37.4,1.87,2.87,76100,,,,,,la estrella cubana|robusto|robusto
General Cigar Co.,img/icons/manufacturers/generalcigarco.svg,La Estrella Cubana,lec,img/icons/brands/laestrellacubana.svg,LA ESTRELLA CUBANA CONNECTICUT,Toro,,Toro,6,50,Parejo,,,,,,,,,,,,,,,5.26,105.2,20,89,5.26,42.6,2.13,3.13,76099,,,,,,la estrella cubana|toro|toro
General Cigar Co.,img/icons/manufacturers/generalcigarco.svg,La Estrella Cubana,lec,img/icons/brands/laestrellacubana.svg,LA ESTRELLA CUBANA CONNECTICUT,Churchill,,Churchill,7,48,Parejo,,,,,,,,,,,,,,,5.3,106,20,89,5.3,43.0,2.15,3.15,76098,,,,,,la estrella cubana|churchill|churchill
General Cigar Co.,img/icons/manufacturers/generalcigarco.svg,La Estrella Cubana,lec,img/icons/brands/laestrellacubana.svg,LA ESTRELLA CUBANA CONNECTICUT,Gigante,,Gordo,6,60,Parejo,,,,,,,,,,,,,,,6.0,120,20,89,6.0,50.0,2.5,3.5,76097,,,,,,la estrella cubana|gigante|gordo
General Cigar Co.,img/icons/manufacturers/generalcigarco.svg,La Estrella Cubana,lec,img/icons/brands/laestrellacubana.svg,LA ESTRELLA CUBANA HABANO,Robusto,,Robusto,5,50,Parejo,,,,,,,,,,,,,,,4.96,99.2,20,89,4.96,39.6,1.98,2.98,76079,,,,,,la estrella cubana|robusto|robusto
General Cigar Co.,img/icons/manufacturers/generalcigarco.svg,La Estrella Cubana,lec,img/icons/brands/laestrellacubana.svg,LA ESTRELLA CUBANA HABANO,Toro,,Toro,6,50,Parejo,,,,,,,,,,,,,,,5.26,105.2,20,89,5.26,42.6,2.13,3.13,76078,,,,,,la estrella cubana|toro|toro
General Cigar Co.,img/icons/manufacturers/generalcigarco.svg,La Estrella Cubana,lec,img/icons/brands/laestrellacubana.svg,LA ESTRELLA CUBANA HABANO,Churchill,,Churchill,7,48,Parejo,,,,,,,,,,,,,,,5.3,106,20,89,5.3,43.0,2.15,3.15,76077,,,,,,la estrella cubana|churchill|churchill
General Cigar Co.,img/icons/manufacturers/generalcigarco.svg,La Estrella Cubana,lec,img/icons/brands/laestrellacubana.svg,LA ESTRELLA CUBANA HABANO,Gigante,,Gordo,6,60,Parejo,,,,,,,,,,,,,,,6.0,120,20,89,6.0,50.0,2.5,3.5,76076,,,,,,la estrella cubana|gigante|gordo
,,La Flor Dominicana,,,1994,1994 Mambo,https://www.cigaraficionado.com/top25/2020/la-flor-dominicana-1994-mambo,Churchill,7,54,Parejo,Mexico,Dominican Republic,Dominican Republic,Dominican Republic,,,,,,,,,,,0.0,,,89,,,,,,,,Aficionado,2020.0,23.0,la flor dominicana|1994 mambo|churchill
,,La Flor Dominicana,,,Air Bender,Chisel,https://www.cigaraficionado.com/top25cigar/la-flor-dominicana-air-bender-chisel-2009,Chisel,6,54,Figurado,Ecuador Habano,Dominican Republic,Dominican Republic,Dominican Republic,,,,,,,,,,,0.0,,,89,,,,,,,,Aficionado,2009.0,24.0,la flor dominicana|chisel|chisel
,,La Flor Dominicana,,,Air Bender,Chisel,https://www.cigaraficionado.com/top25cigar/la-flor-dominicana-air-bender-chisel-2010,Chisel,6,54,Figurado,Ecuador Habano,Dominican Republic,Dominican Republic,Dominican Republic,,,,,,,,,,,0.0,,,89,,,,,,,,Aficionado,2010.0,19.0,la flor dominicana|chisel|chisel
,,La Flor Dominicana,,,Air Bender,Chisel,https://www.cigaraficionado.com/top25cigar/la-flor-dominicana-air-bender-chisel-2011,Chisel,6,54,Figurado,Ecuador Habano,Dominican Republic,Dominican Republic,Dominican Republic,,,,,,,,,,,0.0,,,89,,,,,,,,Aficionado,2011.0,17.0,la flor dominicana|chisel|chisel
,,La Flor Dominicana,,,Air Bender,Chisel,https://www.cigaraficionado.com/top25cigar/la-flor-dominicana-air-bender-chisel-2012,Chisel,6,54,Figurado,Ecuador Habano,Dominican Republic,Dominican Republic,Dominican Republic,,,,,,,,,,,0.0,,,89,,,,,,,,Aficionado,2012.0,9.0,la flor dominicana|chisel|chisel
,,La Flor Dominicana,,,Air Bender,Chisel,https://www.cigaraficionado.com/top25cigar/la-flor-dominicana-air-bender-chisel-2013,Chisel,6,54,Figurado,Ecuador Habano,Dominican Republic,Dominican Republic,Dominican Republic,,,,,,,,,,,0.0,,,89,,,,,,,,Aficionado,2013.0,24.0,la flor dominicana|chisel|chisel
,,La Flor Dominicana,,,Air Bender,Chisel,https://www.cigaraficionado.com/top25cigar/la-flor-dominicana-air-bender-chisel-2014,Chisel,6,54,Figurado,Ecuador Habano,Dominican Republic,Dominican Republic,Dominican Republic,,,,,,,,,,,0.0,,,89,,,,,,,,Aficionado,2014.0,19.0,la flor dominicana|chisel|chisel
,,La Flor Dominicana,,,Air Bender,Chisel,https://www.cigaraficionado.com/top25cigar/la-flor-dominicana-air-bender-chisel-2015,Chisel,6,54,Figurado,Ecuador Habano,Dominican Republic,Dominican Republic,Dominican Republic,,,,,,,,,,,0.0,,,89,,,,,,,,Aficionado,2015.0,17.0,la flor dominicana|chisel|chisel
,,La Flor Dominicana,,,Air Bender,La Flor Dominicana Air Bender Chisel,https://www.cigaraficionado.com/top25/2021/la-flor-dominicana-air-bender-chisel,Chisel,6.5,54,Figurado,Ecuador,Dominican Republic,Dominican Republic,Dominican Republic,,,,,,,,,,,0.0,,,89,,,,,,,,Aficionado,2021.0,20.0,la flor dominicana|la flor dominicana air bender chisel|chisel
,,La Flor Dominicana,,,Andalusian Bull,Andalusian Bull,https://www.cigaraficionado.com/top25cigar/la-flor-dominicana-andalusian-bull-2016,Torpedo,6.5,64,Torpedo,Ecuador Habano,Dominican Republic,Dominican Republic,Dominican Republic,,,,,,,,,,,0.0,,,89,,,,,,,,Aficionado,2016.0,1.0,la flor dominicana|andalusian bull|torpedo
,,La Flor Dominicana,,,Andalusian Bull,Andalusian Bull,,,,,,Ecuador,Dominican Republic,Dominican Republic,Dominican Republic,,,,,,,,,,,0.0,,,89,,,,,,,,Cigar Journal,2017.0,6.0,la flor dominicana|andalusian bull|
,,La Flor Dominicana,,,Coronado,Double Corona,,Double Corona,7,50,Parejo,Nicaragua,Dominican Republic,Dominican Republic,Dominican Republic,,,,,,,,,,,0.0,,,89,,,,,,,,Aficionado,2006.0,2.0,la flor dominicana|double corona|double corona
,,La Flor Dominicana,,,Double Ligero,Chisel,,Chisel,6,54,Figurado,Ecuador Sumatra,Dominican Republic,Dominican Republic,Dominican Republic,,,,,,,,,,,0.0,,,89,,,,,,,,Aficionado,2005.0,7.0,la flor dominicana|chisel|chisel
,,La Flor Dominicana,,,Double Ligero,Digger,https://www.cigaraficionado.com/top25cigar/la-flor-dominicana-double-ligero-digger-2013,Figurado,8.5,60,Figurado,Ecuador Habano,Dominican Republic,Dominican Republic,Dominican Republic,,,,,,,,,,,0.0,,,89,,,,,,,,Aficionado,2013.0,14.0,la flor dominicana|digger|figurado
,,La Flor Dominicana,,,Double Ligero,Double Ligero Lancero,https://www.cigaraficionado.com/top25/2017/la-flor-dominicana-double-ligero-lancero,Lancero,7.5,38,Parejo,Ecuador,Dominican Republic,Dominican Republic,Dominican Republic,,,,,,,,,,,0.0,,,89,,,,,,,,Aficionado,2017.0,23.0,la flor dominicana|double ligero lancero|lancero
,,La Flor Dominicana,,,Double Ligero,La Flor Dominicana Double Ligero Lancero,https://www.cigaraficionado.com/top25/2023/la-flor-dominicana-double-ligero-lancero,Lancero,7.5,38,Parejo,Ecuador,Dominican Republic,Dominican Republic,Dominican Republic,,,,,,,,,,,0.0,,,89,,,,,,,,Aficionado,2023.0,21.0,la flor dominicana|la flor dominicana double ligero lancero|lancero
,,La Flor Dominicana,,,Double Ligero,Double Ligero Chiselito Maduro,https://www.cigaraficionado.com/top25cigar/la-flor-dominicana-double-ligero-chiselito-maduro-2024,,5,44,,Maduro,Nicaragua,Nicaragua,Nicaragua,Maduro,,,,,,,,,,0.0,,,89,,,,,,,,Aficionado,2024.0,21.0,la flor dominicana|double ligero chiselito maduro|
,,La Flor Dominicana,,,Ligero,L300,https://www.cigaraficionado.com/top25cigar/la-flor-dominicana-l300-2007,Toro,5.75,50,Parejo,Ecuador Sumatra,Dominican Republic,Dominican Republic,Dominican Republic,,,,,,,,,,,0.0,,,89,,,,,,,,Aficionado,2007.0,9.0,la flor dominicana|l300|toro
,,La Flor Dominicana,,,Ligero,L300,https://www.cigaraficionado.com/top25cigar/la-flor-dominicana-l300-2008,Toro,5.75,50,Parejo,Ecuador Sumatra,Dominican Republic,Dominican Republic,Dominican Republic,,,,,,,,,,,0.0,,,89,,,,,,,,Aficionado,2008.0,9.0,la flor dominicana|l300|toro
,,La Flor Dominicana,,,Ligero A Tubo Especial,Especial,,,,,,Ecuador,Dominican Republic,Dominican Republic,Dominican Republic,,,,,,,,,,,0.0,,,89,,,,,,,,Cigar Journal,2015.0,22.0,la flor dominicana|especial|
,,La Flor Dominicana,,,Oro,Chisel,https://www.cigaraficionado.com/top25/2022/la-flor-dominicana-oro-chisel,Chisel,6,54,Figurado,Nicaragua,Dominican Republic,Dominican Republic,Dominican Republic,,,,,,,,,,,0.0,,,89,,,,,,,,Aficionado,2022.0,12.0,la flor dominicana|chisel|chisel
,,La Flor Dominicana,,,ORO No. 6 Tubo Natural,,,,,,,Dominican Republic,Dominican Republic,Dominican Republic,Dominican Republic,,,,,,,,,,,0.0,,,89,,,,,,,,Cigar Journal,2013.0,13.0,la flor dominicana||
,,La Flor Dominicana,,,Oro No.6,Tubo Natural,,,,,,Nicaragua,Dominican Republic,Dominican Republic,Dominican Republic,Natural,,,,,,,,,,0.0,,,89,,,,,,,,Cigar Journal,2014.0,2.0,la flor dominicana|tubo natural|
,,La Flor Dominicana,,,,La Volcada,,,,,,Mexico,Ecuador,Dominican Republic,Dominican Republic,,,,,,,,,,,0.0,,,89,,,,,,,,Cigar Journal,2018.0,24.0,la flor dominicana|la volcada|
,,La Galera,,,1936,Torpedo Cortador,,Torpedo,,,Torpedo,Ecuador,Dominican Republic,Dominican Republic,Dominican Republic,,,,,,,,,,,0.0,,,89,,,,,,,,Cigar Journal,2019.0,22.0,la galera|torpedo cortador|torpedo
,,La Galera,,,Maduro,El Lector,,,,,,Mexico,Dominican Republic,Dominican Republic,Dominican Republic,,,,,,,,,,,0.0,,,89,,,,,,,,Cigar Journal,2017.0,14.0,la galera|el lector|
,,La Galera,,,,Habano Supremo,,,,,,Ecuador,Dominican Republic,Dominican Republic,Dominican Republic,,,,,,,,,,,0.0,,,89,,,,,,,,Cigar Journal,2018.0,11.0,la galera|habano supremo|
,,La Gloria Cubana,,,Reserva Figurado,Selectos de Lujos,,Figurado,6.75,54,Figurado,Ecuador Sumatra,Dominican Republic,Nicaragua/Dominican Republic,Dominican Republic,,,,,,,,,,,0.0,,,89,,,,,,,,Aficionado,2004.0,6.0,la gloria cubana|selectos de lujos|figurado
,,La Gloria Cubana,,,Serie R,No. 7,https://www.cigaraficionado.com/top25cigar/la-gloria-cubana-serie-r-no-7-2007,Churchill,7,58,Parejo,Ecuador Sumatra,Dominican Republic,Dominican Republic/Nicaragua,Dominican Republic,,,,,,,,,,,0.0,,,89,,,,,,,,Aficionado,2007.0,23.0,la gloria cubana|no. 7|churchill
,,La Gloria Cubana,,,Serie R,No. 5,https://www.cigaraficionado.com/top25cigar/la-gloria-cubana-serie-r-no-5-2008,Robusto,5.5,54,Parejo,Ecuador Sumatra,Dominican Republic,Dominican Republic/Nicaragua,Dominican Republic,,,,,,,,,,,0.0,,,89,,,,,,,,Aficionado,2008.0,4.0,la gloria cubana|no. 5|robusto
,,La Palina,,,Classic,Toro,,Toro,,,Parejo,Brazil,Ecuador,Cuba,Dominican Republic,,,Cuba,,,,,,,,0.0,,,89,,,,,,,,Cigar Journal,2014.0,19.0,la palina|toro|toro
,,La Palina,,,EL DIARIO KB II,KB II,,,,,,Honduras,Nicaragua,Nicaragua,Honduras,,,,,,,,,,,0.0,,,89,,,,,,,,Cigar Journal,2013.0,8.0,la palina|kb ii|
,,La Palina,,,Goldie,Laguito No. 2,https://www.cigaraficionado.com/top25/2022/la-palina-goldie-laguito-no-2,Laguito No. 2,6,38,,Ecuador,Ecuador,"Dominican Republic, Nicaragua",USA,,,,,,,,,,,0.0,,,89,,,,,,,,Aficionado,2022.0,15.0,la palina|laguito no. 2|laguito no. 2
Drew Estate,img/icons/manufacturers/drewestate.svg,Larutan,,img/icons/brands/larutan.svg,Larutan Egg,Larutan Egg,,Figurado,Egg,1,Figurado,,,,,,,,,,,,,,,25.2,,1,89,26.86,12.93,12.93,13.93,Q-01-02-003,100.0,,,,,larutan|larutan egg|figurado
Drew Estate,img/icons/manufacturers/drewestate.svg,Larutan,,img/icons/brands/larutan.svg,Larutan Egg,Larutan Egg Maduro,,Figurado,Egg,1,Figurado,,,,,,,,,,,,,,,25.2,,1,89,26.86,12.93,12.93,13.93,Q-01-02-032,100.0,,,,,larutan|larutan egg maduro|figurado
,,Laura Chavin,,,Classic Edition 2019,No. 66,,,,,,Ecuador,Dominican Republic,Dominican Republic,Dominican Republic,,,,,,,,,,,0.0,,,89,,,,,,,,Cigar Journal,2020.0,19.0,laura chavin|no. 66|
,,Leaf by Oscar,,,The Oscar,Robusto,,Robusto,,,Parejo,Ecuador,Honduras,Honduras; Nicaragua,Honduras,,,,,,,,,,,0.0,,,89,,,,,,,,Cigar Journal,2016.0,9.0,leaf by oscar|robusto|robusto
Drew Estate,img/icons/manufacturers/drewestate.svg,Leather Rose,,img/icons/brands/leatherrose.svg,Leather Rose,Petite Corona,,Petit Corona,4,43,Parejo,,,,,,,,,,FS,,,,,7.75,186,24,89,9.40166666666666,100.82,4.20083333333333,5.20083333333333,Q-01-02-134,30.0,,,,,leather rose|petite corona|petit corona
Drew Estate,img/icons/manufacturers/drewestate.svg,Leather Rose,,img/icons/brands/leatherrose.svg,Leather Rose,Torpedo,,Torpedo,5,54,Torpedo,,,,,,,,,,FS,,,,,10.75,258,24,89,12.4066666666667,136.88,5.70333333333333,6.70333333333337,Q-01-14-109,30.0,,,,,leather rose|torpedo|torpedo
,,Leonel,,,Classic,Leonel Classic Churchill,,Churchill,7,52,Parejo,Ecuador,USA,Dominican Republic; Honduras,Nicaragua,,,,,,,,,,,0.0,,,89,,,,,,,,Cigar Journal,2021.0,21.0,leonel|leonel classic churchill|churchill
,,Leonel,,,,LEONEL RARE D‘OR ROBUSTO,,Robusto,,,Parejo,Nicaragua,Nicaragua,Nicaragua,Nicaragua,,,,,,,,,,,0.0,,,89,,,,,,,,Cigar Journal,2023.0,25.0,leonel|leonel rare d‘or robusto|robusto
,,Leonel,,,,LEONEL NO. 511 ROBUSTO,,Robusto,,,Parejo,Nicaragua,Nicaragua,Nicaragua,Nicaragua,,,,,,,,,,,0.0,,,89,,,,,,,,Cigar Journal,2024.0,22.0,leonel|leonel no. 511 robusto|robusto
,,Liga Privada,,,No. 9,Corona Viva,,Corona,,,Parejo,USA,Brazil,Nicaragua; Honduras,Nicaragua,,,,,,,,,,,0.0,,,89,,,,,,,,Cigar Journal,2019.0,6.0,liga privada|corona viva|corona
,,Liga Privada,,,,LIGA PRIVADA ÚNICO SERIE YEAR OF THE OX,,,,,,USA,Brazil,Honduras,Nicaragua,,,,,,,,,,,0.0,,,89,,,,,,,,Cigar Journal,2022.0,22.0,liga privada|liga privada único serie year of the ox|
,,Liga Privada,,,,LIGA PRIVADA ÚNICO SERIE YEAR OF THE RABBIT,,,,,,USA,Mexico,"Brazil, Nicaragua",Nicaragua,,,,,,,,,,,0.0,,,89,,,,,,,,Cigar Journal,2023.0,3.0,liga privada|liga privada único serie year of the rabbit|
,,Litto Gomez,,,Diez,Chisel Puro,,Chisel,6,54,Figurado,Dominican Republic,Dominican Republic,Dominican Republic,Dominican Republic,,,,,,,,,,,0.0,,,89,,,,,,,,Aficionado,2004.0,11.0,litto gomez|chisel puro|chisel
,,Los Statos,,,,LOS STATOS DELUXE LIMITED EDITION churchill,,Churchill,,,Parejo,Mexico,Ecuador,"USA, Nicaragua",Dominican Republic,,,,,,,,,,,0.0,,,89,,,,,,,,Cigar Journal,2024.0,25.0,los statos|los statos deluxe limited edition churchill|churchill
,,Luciano,,,Foreign Affair,Foreign Affair By Luciano Cigars Corona,https://www.cigaraficionado.com/top25/2023/foreign-affair-by-luciano-cigars-corona,Corona,5.625,42,Parejo,Ecuador,Ecuador Nicaragua,Costa Rica Dominican Republic Nicaragua,Nicaragua,,,,,,,,,,,0.0,,,89,,,,,,,,Aficionado,2023.0,19.0,luciano|foreign affair by luciano cigars corona|corona
,,Luciano,,,The Dreamer,Luciano The Dreamer,https://www.cigaraficionado.com/top25/2021/luciano-the-dreamer,Lancero,7.5,38,Parejo,Ecuador,Nicaragua,Nicaragua Peru,Nicaragua,,,,,,,,,,,0.0,,,89,,,,,,,,Aficionado,2021.0,12.0,luciano|luciano the dreamer|lancero
,,Luciano Cigars,,,,LUCIANO CIGARS Y PANDA TORO,,Toro,6,54,Parejo,Ecuador,"Brazil, Ecuador",Nicaragua,Nicaragua,,,,,,,,,,,0.0,,,89,,,,,,,,Cigar Journal,2024.0,21.0,luciano cigars|luciano cigars y panda toro|toro
,,Macanudo,,,Cafe,Hyde Park,,Robusto,5.5,49,Parejo,Connecticut Shade,Mexico,Dominican Republic,Dominican Republic,,,,,,,,,,,0.0,,,89,,,,,,,,Aficionado,2005.0,23.0,macanudo|hyde park|robusto
,,Macanudo,,,Inspirado,Pirámide,,,,,,Honduras,"Brazil, Dominican Republic","Dominican Republic, Honduras",Honduras,,,,,,,,,,,0.0,,,89,,,,,,,,Cigar Journal,2015.0,12.0,macanudo|pirámide|
,,Macanudo,,,Inspirado Black,Cañonazo,,,,,,USA,Dominican Republic,Dominican Republic; Honduras; Nicaragua,Dominican Republic,,,,,,,,,,,0.0,,,89,,,,,,,,Cigar Journal,2016.0,17.0,macanudo|cañonazo|
General Cigar Co.,img/icons/manufacturers/generalcigarco.svg,Macanudo,,img/icons/brands/macanudo.svg,INSPIRADO BLACK,Inspirado Black Robusto,,Robusto,4.88,48,Parejo,USA Connecticut Broadleaf,Ecuador Sumatra,Nicaragua,Dominican Republic,Maduro,Full,,,,,,,,,10.46,209.2,20,89,10.46,94.6,4.73,5.73,04665-MACB,,,,,,macanudo|inspirado black robusto|robusto
General Cigar Co.,img/icons/manufacturers/generalcigarco.svg,Macanudo,,img/icons/brands/macanudo.svg,INSPIRADO BLACK,Inspirado Black Toro,,Toro,5.5,54,Parejo,USA Connecticut Broadleaf,Ecuador Sumatra,Nicaragua,Dominican Republic,Maduro,Full,,,,,,,,,11.46,229.2,20,89,11.46,104.6,5.23,6.23,04666-MACB,,,,,,macanudo|inspirado black toro|toro
General Cigar Co.,img/icons/manufacturers/generalcigarco.svg,Macanudo,,img/icons/brands/macanudo.svg,INSPIRADO BLACK,Inspirado Black Churchill,,Churchill,7,48,Parejo,USA Connecticut Broadleaf,Ecuador Sumatra,Nicaragua,Dominican Republic,Maduro,Full,,,,,,,,,11.56,231.2,20,89,11.56,105.6,5.28,6.28,04667-MACB,,,,,,macanudo|inspirado black churchill|churchill
General Cigar Co.,img/icons/manufacturers/generalcigarco.svg,Macanudo,,img/icons/brands/macanudo.svg,INSPIRADO BLACK,Inspirado Black Robusto Tubo,,Robusto,4.88,48,Parejo,USA Connecticut Broadleaf,Ecuador Sumatra,Nicaragua,Dominican Republic,Maduro,Full,,,Tubo,,,,,,11.86,237.2,20,89,11.86,108.6,5.43,6.43,04697-MACI,,,,,,macanudo|inspirado black robusto tubo|robusto
General Cigar Co.,img/icons/manufacturers/generalcigarco.svg,Macanudo,,img/icons/brands/macanudo.svg,INSPIRADO GREEN,Inspirado Green Robusto,,Robusto,5,52,Parejo,Brazilian Arapiraca,Indonesia,"Dominican Republic, Colombia",Dominican Republic,Maduro,Medium,,,,,,,,,9.94,248.5,25,89,9.94,111.75,4.47,5.47,04885-MACI,,,Aficionado,2019.0,25.0,macanudo|inspirado green robusto|robusto
General Cigar Co.,img/icons/manufacturers/generalcigarco.svg,Macanudo,,img/icons/brands/macanudo.svg,INSPIRADO GREEN,Inspirado Green Gigante,,Gordo,6,60,Parejo,Brazilian Arapiraca,Indonesia,"Dominican Republic, Colombia",Dominican Republic,Maduro,Medium,,,,,,,,,11.06,221.2,20,89,11.06,100.6,5.03,6.03,05571-MACI,,,,,,macanudo|inspirado green gigante|gordo
General Cigar Co.,img/icons/manufacturers/generalcigarco.svg,Macanudo,,img/icons/brands/macanudo.svg,INSPIRADO GREEN,Inspirado Green Toro,,Toro,6,50,Parejo,Brazilian Arapiraca,Indonesia,"Dominican Republic, Colombia",Dominican Republic,Maduro,Medium,,,,,,,,,10.44,261,25,89,10.44,118.0,4.72,5.72,04886-MACI,,,,,,macanudo|inspirado green toro|toro
General Cigar Co.,img/icons/manufacturers/generalcigarco.svg,Macanudo,,img/icons/brands/macanudo.svg,INSPIRADO GREEN,Inspirado Green Churchill,,Churchill,7,48,Parejo,Brazilian Arapiraca,Indonesia,"Dominican Republic, Colombia",Dominican Republic,Maduro,Medium,,,,,,,,,10.84,271,25,89,10.84,123.0,4.92,5.92,04887-MACI,,,,,,macanudo|inspirado green churchill|churchill
General Cigar Co.,img/icons/manufacturers/generalcigarco.svg,Macanudo,,img/icons/brands/macanudo.svg,INSPIRADO ORANGE,Inspirado Orange Churchill,,Churchill,7,49,Parejo,Honduras,Honduras,"Dominican Republic Piloto Cubano, Honduras, Nicaragua",Honduras,Colorado,Medium,,,,,,,,,10.86,217.2,20,89,10.86,98.6,4.93,5.93,04960-MACI,,,Aficionado,2017.0,20.0,macanudo|inspirado orange churchill|churchill
General Cigar Co.,img/icons/manufacturers/generalcigarco.svg,Macanudo,,img/icons/brands/macanudo.svg,INSPIRADO ORANGE,Inspirado Orange Robusto,,Robusto,5,50,Parejo,Honduras,Honduras,"Dominican Republic Piloto Cubano, Honduras, Nicaragua",Honduras,Colorado,Medium,,,,,,,,,9.96,199.2,20,89,9.96,89.6,4.48,5.48,04345-MACI,,,,,,macanudo|inspirado orange robusto|robusto
General Cigar Co.,img/icons/manufacturers/generalcigarco.svg,Macanudo,,img/icons/brands/macanudo.svg,INSPIRADO ORANGE,Inspirado Orange Toro,,Toro,6,50,Parejo,Honduras,Honduras,"Dominican Republic Piloto Cubano, Honduras, Nicaragua",Honduras,Colorado,Medium,,,,,,,,,10.46,209.2,20,89,10.46,94.6,4.73,5.73,04954-MACI,,,,,,macanudo|inspirado orange toro|toro
General Cigar Co.,img/icons/manufacturers/generalcigarco.svg,Macanudo,,img/icons/brands/macanudo.svg,INSPIRADO ORANGE,Inspirado Orange Gigante,,Gordo,6,60,Parejo,Honduras,Honduras,"Dominican Republic Piloto Cubano, Honduras, Nicaragua",Honduras,Colorado,Medium,,,,,,,,,11.06,221.2,20,89,11.06,100.6,5.03,6.03,04955-MACI,,,,,,macanudo|inspirado orange gigante|gordo
General Cigar Co.,img/icons/manufacturers/generalcigarco.svg,Macanudo,,img/icons/brands/macanudo.svg,INSPIRADO ORANGE,Inspirado Orange Tubo,,Robusto,5,50,Parejo,Honduras,Honduras,"Dominican Republic Piloto Cubano, Honduras, Nicaragua",Honduras,Colorado,Medium,,,Tubo,,,,,,11.76,235.2,20,89,11.76,107.6,5.38,6.38,04964-MACI,,,,,,macanudo|inspirado orange tubo|robusto
General Cigar Co.,img/icons/manufacturers/generalcigarco.svg,Macanudo,,img/icons/brands/macanudo.svg,INSPIRADO RED,Inspirado Red Robusto,,Robusto,5,50,Parejo,Ecuadorian Habano,Nicaragua,"Honduras, Nicaragua",Nicaragua,Maduro,Full,,,,,,,,,9.96,199.2,20,89,9.96,89.6,4.48,5.48,04958-MACR,,,,,,macanudo|inspirado red robusto|robusto
General Cigar Co.,img/icons/manufacturers/generalcigarco.svg,Macanudo,,img/icons/brands/macanudo.svg,INSPIRADO RED,Inspirado Red Toro,,Toro,6,50,Parejo,Ecuadorian Habano,Nicaragua,"Honduras, Nicaragua",Nicaragua,Maduro,Full,,,,,,,,,10.46,209.2,20,89,10.46,94.6,4.73,5.73,04749-MACR,,,,,,macanudo|inspirado red toro|toro
General Cigar Co.,img/icons/manufacturers/generalcigarco.svg,Macanudo,,img/icons/brands/macanudo.svg,INSPIRADO RED,Inspirado Red Gigante,,Gordo,6,60,Parejo,Ecuadorian Habano,Nicaragua,"Honduras, Nicaragua",Nicaragua,Maduro,Full,,,,,,,,,11.06,221.2,20,89,11.06,100.6,5.03,6.03,04750-MACR,,,,,,macanudo|inspirado red gigante|gordo
General Cigar Co.,img/icons/manufacturers/generalcigarco.svg,Macanudo,,img/icons/brands/macanudo.svg,INSPIRADO WHITE,Inspirado White Corona,,Corona,5.5,42,Parejo,Ecuadorian Connecticut Shade,Indonesia,"Mexico, Nicaragua",Dominican Republic,Natural,Medium,,,,,,,,,8.12,162.4,20,89,8.12,71.2,3.56,4.56,05525-MACW,,,,,,macanudo|inspirado white corona|corona
General Cigar Co.,img/icons/manufacturers/generalcigarco.svg,Macanudo,,img/icons/brands/macanudo.svg,INSPIRADO WHITE,Inspirado White Robusto,,Robusto,5,50,Parejo,Ecuadorian Connecticut Shade,Indonesia,"Mexico, Nicaragua",Dominican Republic,Natural,Medium,,,,,,,,,9.96,199.2,20,89,9.96,89.6,4.48,5.48,04662-MACW,,,,,,macanudo|inspirado white robusto|robusto
General Cigar Co.,img/icons/manufacturers/generalcigarco.svg,Macanudo,,img/icons/brands/macanudo.svg,INSPIRADO WHITE,Inspirado White Toro,,Toro,6.5,50,Parejo,Ecuadorian Connecticut Shade,Indonesia,"Mexico, Nicaragua",Dominican Republic,Natural,Medium,,,,,,,,,10.46,209.2,20,89,10.46,94.6,4.73,5.73,04663-MACW,,,,,,macanudo|inspirado white toro|toro
General Cigar Co.,img/icons/manufacturers/generalcigarco.svg,Macanudo,,img/icons/brands/macanudo.svg,INSPIRADO WHITE,Inspirado White Churchill,,Churchill,7,48,Parejo,Ecuadorian Connecticut Shade,Indonesia,"Mexico, Nicaragua",Dominican Republic,Natural,Medium,,,,,,,,,10.86,217.2,20,89,10.86,98.6,4.93,5.93,04664-MACW,,,,,,macanudo|inspirado white churchill|churchill
General Cigar Co.,img/icons/manufacturers/generalcigarco.svg,Macanudo,,img/icons/brands/macanudo.svg,INSPIRADO WHITE,Inspirado White Gigante,,Gordo,6,60,Parejo,Ecuadorian Connecticut Shade,Indonesia,"Mexico, Nicaragua",Dominican Republic,Natural,Medium,,,,,,,,,11.06,221.2,20,89,11.06,100.6,5.03,6.03,04877-MACW,,,,,,macanudo|inspirado white gigante|gordo
General Cigar Co.,img/icons/manufacturers/generalcigarco.svg,Macanudo,,img/icons/brands/macanudo.svg,INSPIRADO WHITE,Inspirado White Robusto Tubo,,Robusto,5,50,Parejo,Ecuadorian Connecticut Shade,Indonesia,"Mexico, Nicaragua",Dominican Republic,Natural,Medium,,,Tubo,,,,,,11.76,235.2,20,89,11.76,107.6,5.38,6.38,04698-MACI,,,,,,macanudo|inspirado white robusto tubo|robusto
General Cigar Co.,img/icons/manufacturers/generalcigarco.svg,Macanudo,,img/icons/brands/macanudo.svg,M BOURBON BY MACANUDO,Macanudo M Bourbon Robusto,,Robusto,5,50,Parejo,,,,,,,,,,FS,,,,,11.04,220.8,20,89,11.04,100.4,5.02,6.02,04814-MACB,,,,,,macanudo|macanudo m bourbon robusto|robusto
General Cigar Co.,img/icons/manufacturers/generalcigarco.svg,Macanudo,,img/icons/brands/macanudo.svg,M BY MACANUDO,M by Macanudo Belicoso,,Belicoso,6,54,Belicoso,,,,,,,,,,FS,,,,,12.34,246.8,20,89,12.34,113.4,5.67,6.67,04768-MACM,,,,,,macanudo|m by macanudo belicoso|belicoso
General Cigar Co.,img/icons/manufacturers/generalcigarco.svg,Macanudo,,img/icons/brands/macanudo.svg,M BY MACANUDO,M by Macanudo Corona,,Corona,6,44,Parejo,,,,,,,,,,FS,,,,,10.84,216.8,20,89,10.84,98.4,4.92,5.92,04766-MACM,,,,,,macanudo|m by macanudo corona|corona
General Cigar Co.,img/icons/manufacturers/generalcigarco.svg,Macanudo,,img/icons/brands/macanudo.svg,M BY MACANUDO,M by Macanudo Toro,,Toro,6,50,Parejo,,,,,,,,,,FS,,,,,11.54,230.8,20,89,11.54,105.4,5.27,6.27,04767-MACM,,,,,,macanudo|m by macanudo toro|toro
General Cigar Co.,img/icons/manufacturers/generalcigarco.svg,Macanudo,,img/icons/brands/macanudo.svg,M ESPRESSO BY MACANUDO,M Espresso by Macanudo Belicoso,,Belicoso,6,54,Belicoso,,,,,,,,,,FS,,,,,12.34,246.8,20,89,12.34,113.4,5.67,6.67,05119-MACM,,,,,,macanudo|m espresso by macanudo belicoso|belicoso
General Cigar Co.,img/icons/manufacturers/generalcigarco.svg,Macanudo,,img/icons/brands/macanudo.svg,M ESPRESSO BY MACANUDO,M Espresso by Macanudo Toro,,Toro,6,50,Parejo,,,,,,,,,,FS,,,,,11.54,230.8,20,89,11.54,105.4,5.27,6.27,05117-MACM,,,,,,macanudo|m espresso by macanudo toro|toro
General Cigar Co.,img/icons/manufacturers/generalcigarco.svg,Macanudo,,img/icons/brands/macanudo.svg,M FLAVORS BY MACANUDO,M Flavours by Macanudo Honey Robusto,,Robusto,5,48,Parejo,,,,,,,,,,FS,,,,,10.62,212.4,20,89,10.62,96.2,4.81,5.81,05936-MAC,,,,,,macanudo|m flavours by macanudo honey robusto|robusto
General Cigar Co.,img/icons/manufacturers/generalcigarco.svg,Macanudo,,img/icons/brands/macanudo.svg,M FLAVORS BY MACANUDO,M Flavours by Macanudo Irish Cream Robusto,,Robusto,5,48,Parejo,,,,,,,,,,FS,,,,,10.62,212.4,20,89,10.62,96.2,4.81,5.81,05941-MAC,,,,,,macanudo|m flavours by macanudo irish cream robusto|robusto
General Cigar Co.,img/icons/manufacturers/generalcigarco.svg,Macanudo,,img/icons/brands/macanudo.svg,M FLAVORS BY MACANUDO,M Flavours by Macanudo Vanilla Bourbon Robusto,,Robusto,5,48,Parejo,,,,,,,,,,FS,,,,,10.62,212.4,20,89,10.62,96.2,4.81,5.81,05946-MACB,,,,,,macanudo|m flavours by macanudo vanilla bourbon robusto|robusto
General Cigar Co.,img/icons/manufacturers/generalcigarco.svg,Macanudo,,img/icons/brands/macanudo.svg,MACANUDO,Macanudo Cafe Crystal Tubo,,Robusto Extra,5.5,50,Parejo,USA Connecticut Shade,Mexico,"Mexico, Piloto Cubano",Dominican Republic,Natural,Medium,,,Tubo,,,,,,16.2,129.6,8,89,16.2,60.8,7.6,8.6,08068-MACC,,,,,,macanudo|macanudo cafe crystal tubo|robusto extra
General Cigar Co.,img/icons/manufacturers/generalcigarco.svg,Macanudo,,img/icons/brands/macanudo.svg,MACANUDO,Prince Philip 10s,,Double Corona,7.5,49,Parejo,,,,,Natural,,,,Tubo,,,,,,17.2,172,10,89,17.2,81.0,8.1,9.1,08037-MACP,,,,,,macanudo|prince philip 10s|double corona
General Cigar Co.,img/icons/manufacturers/generalcigarco.svg,Macanudo,,img/icons/brands/macanudo.svg,MACANUDO,Macanudo Cafe Thames 20s Tubo,,Toro,6,50,Parejo,USA Connecticut Shade,Mexico,"Mexico, Piloto Cubano",Dominican Republic,Natural,Medium,,,Tubo,,,,,,17.48,349.6,20,89,17.48,164.8,8.24,9.24,08186-MACT,,,,,,macanudo|macanudo cafe thames 20s tubo|toro
General Cigar Co.,img/icons/manufacturers/generalcigarco.svg,Macanudo,,img/icons/brands/macanudo.svg,MACANUDO,Macanudo Cafe Baron De Rothschild,,Lonsdale,6.5,42,Parejo,USA Connecticut Shade,Mexico,"Mexico, Piloto Cubano",Dominican Republic,Natural,Medium,,,,,,,,,15.06,376.5,25,89,15.06,175.75,7.03,8.03,08028-MACR,,,,,,macanudo|macanudo cafe baron de rothschild|lonsdale
General Cigar Co.,img/icons/manufacturers/generalcigarco.svg,Macanudo,,img/icons/brands/macanudo.svg,MACANUDO,Macanudo Cafe Claybourne,,Panatela,6,31,Parejo,USA Connecticut Shade,Mexico,"Mexico, Piloto Cubano",Dominican Republic,Natural,Medium,,,,,,,,,11.46,286.5,25,89,11.46,130.75,5.23,6.23,08004-MACC,,,,,,macanudo|macanudo cafe claybourne|panatela
General Cigar Co.,img/icons/manufacturers/generalcigarco.svg,Macanudo,,img/icons/brands/macanudo.svg,MACANUDO,Macanudo Cafe Duke of Devon,,Corona,5.5,42,Parejo,USA Connecticut Shade,Mexico,"Mexico, Piloto Cubano",Dominican Republic,Natural,Medium,,,,,,,,,13.7,342.5,25,89,13.7,158.75,6.35,7.35,08013-MACD,,,,,,macanudo|macanudo cafe duke of devon|corona
General Cigar Co.,img/icons/manufacturers/generalcigarco.svg,Macanudo,,img/icons/brands/macanudo.svg,MACANUDO,Macanudo Cafe Duke of Windsor,,Toro,6,50,Parejo,USA Connecticut Shade,Mexico,"Mexico, Piloto Cubano",Dominican Republic,Natural,Medium,,,,,,,,,16.96,424,25,89,16.96,199.5,7.98,8.98,08057-MACD,,,,,,macanudo|macanudo cafe duke of windsor|toro
General Cigar Co.,img/icons/manufacturers/generalcigarco.svg,Macanudo,,img/icons/brands/macanudo.svg,MACANUDO,Macanudo Cafe Duke Of York,,Robusto Gordo,5.25,54,Parejo,USA Connecticut Shade,Mexico,"Mexico, Piloto Cubano",Dominican Republic,Natural,Medium,,,,,,,,,16.2,405,25,89,16.2,190.0,7.6,8.6,02403-MACY,,,,,,macanudo|macanudo cafe duke of york|robusto gordo
General Cigar Co.,img/icons/manufacturers/generalcigarco.svg,Macanudo,,img/icons/brands/macanudo.svg,MACANUDO,Macanudo Cafe Gigante 6x60,,Gordo,6,60,Parejo,USA Connecticut Shade,Mexico,"Mexico, Piloto Cubano",Dominican Republic,Natural,Medium,,,,,,,,,17.6,440,25,89,17.6,207.5,8.3,9.3,04176-MACC,,,,,,macanudo|macanudo cafe gigante 6x60|gordo
General Cigar Co.,img/icons/manufacturers/generalcigarco.svg,Macanudo,,img/icons/brands/macanudo.svg,MACANUDO,Macanudo Cafe Hampton Court Tubo,,Corona,5.5,42,Parejo,USA Connecticut Shade,Mexico,"Mexico, Piloto Cubano",Dominican Republic,Natural,Medium,,,Tubo,,,,,,14.34,358.5,25,89,14.34,166.75,6.67,7.67,08045-MACH,,,,,,macanudo|macanudo cafe hampton court tubo|corona
General Cigar Co.,img/icons/manufacturers/generalcigarco.svg,Macanudo,,img/icons/brands/macanudo.svg,MACANUDO,Macanudo Cafe Hyde Park,,Robusto Extra,5.5,49,Parejo,USA Connecticut Shade,Mexico,"Mexico, Piloto Cubano",Dominican Republic,Natural,Medium,,,,,,,,,14.94,373.5,25,89,14.94,174.25,6.97,7.97,08064-MACH,,,,,,macanudo|macanudo cafe hyde park|robusto extra
General Cigar Co.,img/icons/manufacturers/generalcigarco.svg,Macanudo,,img/icons/brands/macanudo.svg,MACANUDO,Macanudo Cafe Lords,,Robusto,4.75,49,Parejo,USA Connecticut Shade,Mexico,"Mexico, Piloto Cubano",Dominican Republic,Natural,Medium,,,,,,,,,12.08,302,25,89,12.08,138.5,5.54,6.54,08048-MACL,,,,,,macanudo|macanudo cafe lords|robusto
General Cigar Co.,img/icons/manufacturers/generalcigarco.svg,Macanudo,,img/icons/brands/macanudo.svg,MACANUDO,Macanudo Cafe Petit Corona 25s,,Petit Corona,5,38,Parejo,USA Connecticut Shade,Mexico,"Mexico, Piloto Cubano",Dominican Republic,Natural,Medium,,,,,,,,,11.84,296,25,89,11.84,135.5,5.42,6.42,08047-MACP,,,,,,macanudo|macanudo cafe petit corona 25s|petit corona
General Cigar Co.,img/icons/manufacturers/generalcigarco.svg,Macanudo,,img/icons/brands/macanudo.svg,MACANUDO,Macanudo Cafe Portofino Tubo,,Lonsdale,7,34,Parejo,USA Connecticut Shade,Mexico,"Mexico, Piloto Cubano",Dominican Republic,Natural,Medium,,,Tubo,,,,,,15.32,383,25,89,15.32,179.0,7.16,8.16,08025-MACP,,,,,,macanudo|macanudo cafe portofino tubo|lonsdale
General Cigar Co.,img/icons/manufacturers/generalcigarco.svg,Macanudo,,img/icons/brands/macanudo.svg,MACANUDO,Macanudo Cafe Tudor,,Toro,6,52,Parejo,USA Connecticut Shade,Mexico,"Mexico, Piloto Cubano",Dominican Republic,Natural,Medium,,,,,,,,,16.34,408.5,25,89,16.34,191.75,7.67,8.67,02404-MACT,,,,,,macanudo|macanudo cafe tudor|toro
General Cigar Co.,img/icons/manufacturers/generalcigarco.svg,Macanudo,,img/icons/brands/macanudo.svg,MACANUDO,Prince of Wales,,Gigante,8,52,Parejo,,,,,Natural,,,,,,,,,,17.84,446,25,89,17.84,210.5,8.42,9.42,08056-MACP,,,,,,macanudo|prince of wales|gigante
General Cigar Co.,img/icons/manufacturers/generalcigarco.svg,Macanudo,,img/icons/brands/macanudo.svg,MACANUDO,Prince Philip 25s,,Double Corona,7.5,49,Parejo,,,,,Natural,,,,,,,,,,17.2,430,25,89,17.2,202.5,8.1,9.1,08039-MACP,,,,,,macanudo|prince philip 25s|double corona
General Cigar Co.,img/icons/manufacturers/generalcigarco.svg,Macanudo,,img/icons/brands/macanudo.svg,MACANUDO,Macanudo Cafe Court Tubo,,Petit Corona,4.19,36,Parejo,USA Connecticut Shade,Mexico,"Mexico, Piloto Cubano",Dominican Republic,Natural,Medium,,,Tubo,,,,,,7.14,214.2,30,89,7.14,92.1,3.07,4.07,08189-MACC,,,,,,macanudo|macanudo cafe court tubo|petit corona
General Cigar Co.,img/icons/manufacturers/generalcigarco.svg,Macanudo,,img/icons/brands/macanudo.svg,MACANUDO,Macanudo Cafe Caviar,,Petit Corona,4,36,Parejo,USA Connecticut Shade,Mexico,"Mexico, Piloto Cubano",Dominican Republic,Natural,Medium,,,,,,,,,7.1,355,50,89,7.1,152.5,3.05,4.05,08001-MACC,,,,,,macanudo|macanudo cafe caviar|petit corona
General Cigar Co.,img/icons/manufacturers/generalcigarco.svg,Macanudo,,img/icons/brands/macanudo.svg,MACANUDO 1968,Robusto,,Robusto,5,50,Parejo,,,,,,,,,,,,,,,12.92,258.4,20,89,12.92,119.2,5.96,6.96,04115-MACA,,,,,,macanudo|robusto|robusto
General Cigar Co.,img/icons/manufacturers/generalcigarco.svg,Macanudo,,img/icons/brands/macanudo.svg,MACANUDO 1968,Churchill,,Churchill,7,49,Parejo,,,,,,,,,,,,,,,14.46,289.2,20,89,14.46,134.6,6.73,7.73,04113-MACA,,,,,,macanudo|churchill|churchill
General Cigar Co.,img/icons/manufacturers/generalcigarco.svg,Macanudo,,img/icons/brands/macanudo.svg,MACANUDO 1968,Toro,,Toro Gordo,6,54,Parejo,,,,,,,,,,,,,,,14.46,289.2,20,89,14.46,134.6,6.73,7.73,04114-MACA,,,,,,macanudo|toro|toro gordo
General Cigar Co.,img/icons/manufacturers/generalcigarco.svg,Macanudo,,img/icons/brands/macanudo.svg,MACANUDO 1968,Gigante,,Gordo,6,60,Parejo,,,,,,,,,,,,,,,14.96,299.2,20,89,14.96,139.6,6.98,7.98,04116-MACA,,,,,,macanudo|gigante|gordo
General Cigar Co.,img/icons/manufacturers/generalcigarco.svg,Macanudo,,img/icons/brands/macanudo.svg,MACANUDO CRU ROYALE,Robusto,,Robusto,5,50,Parejo,,,,,Maduro,,,,,,,,,,13.06,261.2,20,89,13.06,120.6,6.03,7.03,04109-MACR,,,,,,macanudo|robusto|robusto
General Cigar Co.,img/icons/manufacturers/generalcigarco.svg,Macanudo,,img/icons/brands/macanudo.svg,MACANUDO CRU ROYALE,Toro,,Toro Gordo,6,54,Parejo,,,,,Maduro,,,,,,,,,,13.84,276.8,20,89,13.84,128.4,6.42,7.42,04110-MACR,,,,,,macanudo|toro|toro gordo
General Cigar Co.,img/icons/manufacturers/generalcigarco.svg,Macanudo,,img/icons/brands/macanudo.svg,MACANUDO CRU ROYALE,Gigante,,Gordo,6,60,Parejo,,,,,Maduro,,,,,,,,,,14.14,282.8,20,89,14.14,131.4,6.57,7.57,04111-MACR,,,,,,macanudo|gigante|gordo
General Cigar Co.,img/icons/manufacturers/generalcigarco.svg,Macanudo,,img/icons/brands/macanudo.svg,MACANUDO EMISSARY,Robusto,,Robusto,5,52,Parejo,,,,,Maduro,,,,,,,,,,16.0,256,16,89,16.0,120.0,7.5,8.5,05983-MACEMI,,,,,,macanudo|robusto|robusto
General Cigar Co.,img/icons/manufacturers/generalcigarco.svg,Macanudo,,img/icons/brands/macanudo.svg,MACANUDO EMISSARY,Toro,,Toro,6,52,Parejo,,,,,Maduro,,,,,,,,,,17.0,272,16,89,17.0,128.0,8.0,9.0,05984-MACEMI,,,,,,macanudo|toro|toro
General Cigar Co.,img/icons/manufacturers/generalcigarco.svg,Macanudo,,img/icons/brands/macanudo.svg,MACANUDO EMISSARY,Churchill,,Churchill,7,48,Parejo,,,,,Maduro,,,,,,,,,,18.0,288,16,89,18.0,136.0,8.5,9.5,05985-MACEMI,,,,,,macanudo|churchill|churchill
General Cigar Co.,img/icons/manufacturers/generalcigarco.svg,Macanudo,,img/icons/brands/macanudo.svg,MACANUDO EMISSARY,Perfecto,,Perfecto,6,40,Perfecto,,,,,Maduro,,,,,,,,,,19.0,304,16,89,19.0,144.0,9.0,10.0,05986-MACEMI,,,,,,macanudo|perfecto|perfecto
General Cigar Co.,img/icons/manufacturers/generalcigarco.svg,Macanudo,,img/icons/brands/macanudo.svg,MACANUDO EMISSARY FRANCE,Robusto,,Robusto,5,52,Parejo,,,,,Maduro,,,,,,,,,,16.0,256,16,89,16.0,120.0,7.5,8.5,05959-MACEMI,,,,,,macanudo|robusto|robusto
General Cigar Co.,img/icons/manufacturers/generalcigarco.svg,Macanudo,,img/icons/brands/macanudo.svg,MACANUDO EMISSARY FRANCE,Toro,,Toro,6,52,Parejo,,,,,Maduro,,,,,,,,,,17.0,272,16,89,17.0,128.0,8.0,9.0,05960-MACEMI,,,,,,macanudo|toro|toro
General Cigar Co.,img/icons/manufacturers/generalcigarco.svg,Macanudo,,img/icons/brands/macanudo.svg,MACANUDO EMISSARY FRANCE,Churchill,,Churchill,7,48,Parejo,,,,,Maduro,,,,,,,,,,18.0,288,16,89,18.0,136.0,8.5,9.5,05961-MACEMI,,,,,,macanudo|churchill|churchill
General Cigar Co.,img/icons/manufacturers/generalcigarco.svg,Macanudo,,img/icons/brands/macanudo.svg,MACANUDO EMISSARY FRANCE,Perfecto,,Perfecto,5.75,50,Perfecto,,,,,Maduro,,,,,,,,,,19.0,304,16,89,19.0,144.0,9.0,10.0,05962-MACEMI,,,,,,macanudo|perfecto|perfecto
General Cigar Co.,img/icons/manufacturers/generalcigarco.svg,Macanudo,,img/icons/brands/macanudo.svg,MACANUDO GOLD LABEL,Crystal Tubo,,Robusto Extra,5.5,50,Parejo,,,,,Natural,,,,Tubo,,,,,,18.2,145.6,8,89,18.2,68.8,8.6,9.6,08185-MACG,,,,,,macanudo|crystal tubo|robusto extra
General Cigar Co.,img/icons/manufacturers/generalcigarco.svg,Macanudo,,img/icons/brands/macanudo.svg,MACANUDO GOLD LABEL,Shakespeare,,Lonsdale,6.5,45,Parejo,,,,,Natural,,,,,,,,,,16.82,420.5,25,89,16.82,197.75,7.91,8.91,08122-MACG,,,,,,macanudo|shakespeare|lonsdale
General Cigar Co.,img/icons/manufacturers/generalcigarco.svg,Macanudo,,img/icons/brands/macanudo.svg,MACANUDO GOLD LABEL,Duke of York,,Robusto Gordo,5.25,54,Parejo,,,,,Natural,,,,,,,,,,17.08,427,25,89,17.08,201.0,8.04,9.04,08117-MACG,,,,,,macanudo|duke of york|robusto gordo
General Cigar Co.,img/icons/manufacturers/generalcigarco.svg,Macanudo,,img/icons/brands/macanudo.svg,MACANUDO GOLD LABEL,Hampton Court Tubo,,Corona,5.5,42,Parejo,,,,,Natural,,,,Tubo,,,,,,17.58,439.5,25,89,17.58,207.25,8.29,9.29,02448-MACG,,,,,,macanudo|hampton court tubo|corona
General Cigar Co.,img/icons/manufacturers/generalcigarco.svg,Macanudo,,img/icons/brands/macanudo.svg,MACANUDO GOLD LABEL,Macanudo Gold Label Tudor,,Toro,6,52,Parejo,,,,,Natural,,,,,,,,,,17.84,446,25,89,17.84,210.5,8.42,9.42,08159-MACG,,,,,,macanudo|macanudo gold label tudor|toro
General Cigar Co.,img/icons/manufacturers/generalcigarco.svg,Macanudo,,img/icons/brands/macanudo.svg,MACANUDO GOLD LABEL,Lord Nelson,,Churchill,7,49,Parejo,,,,,Natural,,,,,,,,,,18.2,455,25,89,18.2,215.0,8.6,9.6,08067-MACG,,,,,,macanudo|lord nelson|churchill
General Cigar Co.,img/icons/manufacturers/generalcigarco.svg,Macanudo,,img/icons/brands/macanudo.svg,MACANUDO MADURO,Crystals Tubo,,Robusto Extra,5.5,50,Parejo,,,,,Maduro,,,,Tubo,,,,,,16.2,129.6,8,89,16.2,60.8,7.6,8.6,02446-MACC,,,,,,macanudo|crystals tubo|robusto extra
General Cigar Co.,img/icons/manufacturers/generalcigarco.svg,Macanudo,,img/icons/brands/macanudo.svg,MACANUDO MADURO,Prince Philip,,Double Corona,7.5,49,Parejo,,,,,Maduro,,,,,,,,,,17.2,172,10,89,17.2,81.0,8.1,9.1,08041-MACP,,,,,,macanudo|prince philip|double corona
General Cigar Co.,img/icons/manufacturers/generalcigarco.svg,Macanudo,,img/icons/brands/macanudo.svg,MACANUDO MADURO,Diplomat,,Figurado,4.5,38/60/44,Figurado,,,,,Maduro,,,,,,,,,,14.58,364.5,25,89,14.58,169.75,6.79,7.79,08089-MACD,,,,,,macanudo|diplomat|figurado
General Cigar Co.,img/icons/manufacturers/generalcigarco.svg,Macanudo,,img/icons/brands/macanudo.svg,MACANUDO MADURO,Diplomat,,Petit Corona,4.5,38,Parejo,,,,,Maduro,,,,,,,,,,14.58,364.5,25,89,14.58,169.75,6.79,7.79,08069-MACM,,,,,,macanudo|diplomat|petit corona
General Cigar Co.,img/icons/manufacturers/generalcigarco.svg,Macanudo,,img/icons/brands/macanudo.svg,MACANUDO MADURO,Gigante,,Gordo,6,60,Parejo,,,,,Maduro,,,,,,,,,,17.6,440,25,89,17.6,207.5,8.3,9.3,04969-MACM,,,,,,macanudo|gigante|gordo
General Cigar Co.,img/icons/manufacturers/generalcigarco.svg,Macanudo,,img/icons/brands/macanudo.svg,MACANUDO MADURO,Hampton Court Tubo,,Corona,5.5,42,Parejo,,,,,Maduro,,,,Tubo,,,,,,14.34,358.5,25,89,14.34,166.75,6.67,7.67,08011-MACM,,,,,,macanudo|hampton court tubo|corona
General Cigar Co.,img/icons/manufacturers/generalcigarco.svg,Macanudo,,img/icons/brands/macanudo.svg,MACANUDO MADURO,Hyde Park,,Robusto Extra,5.5,49,Parejo,,,,,Maduro,,,,,,,,,,14.94,373.5,25,89,14.94,174.25,6.97,7.97,08043-MACH,,,,,,macanudo|hyde park|robusto extra
General Cigar Co.,img/icons/manufacturers/generalcigarco.svg,Macanudo,,img/icons/brands/macanudo.svg,MACANUDO MADURO,Macanudo Maduro Baron De Rothschild,,Lonsdale,6.5,42,Parejo,,,,,Maduro,,,,,,,,,,15.06,376.5,25,89,15.06,175.75,7.03,8.03,08042-MACR,,,,,,macanudo|macanudo maduro baron de rothschild|lonsdale
General Cigar Co.,img/icons/manufacturers/generalcigarco.svg,Macanudo,,img/icons/brands/macanudo.svg,MACANUDO VINTAGE 2010,Mac Vintage 2010 Toro Grande,,Toro Gordo,6.62,54,Parejo,,,,,,,,,,,,,,,15.08,301.6,20,89,15.08,140.8,7.04,8.04,05122-MACV,,,,,,macanudo|mac vintage 2010 toro grande|toro gordo
General Cigar Co.,img/icons/manufacturers/generalcigarco.svg,Macanudo,,img/icons/brands/macanudo.svg,MACANUDO VINTAGE 2010,Churchill,,Churchill,7.25,48,Parejo,,,,,,,,,,,,,,,15.38,307.6,20,89,15.38,143.8,7.19,8.19,05121-MACV,,,,,,macanudo|churchill|churchill
General Cigar Co.,img/icons/manufacturers/generalcigarco.svg,Macanudo,,img/icons/brands/macanudo.svg,MACANUDO VINTAGE 2010,Torpedo,,Torpedo,6.25,52,Torpedo,,,,,,,,,,,,,,,15.08,301.6,20,89,15.08,140.8,7.04,8.04,05120-MACV,,,,,,macanudo|torpedo|torpedo
General Cigar Co.,img/icons/manufacturers/generalcigarco.svg,Macanudo,,img/icons/brands/macanudo.svg,MACANUDO VINTAGE MADURO 2013,Robusto,,Robusto,5,50,Parejo,,,,,Maduro,,,,,,,,,,14.04,280.8,20,89,14.04,130.4,6.52,7.52,05685-MACV,,,,,,macanudo|robusto|robusto
General Cigar Co.,img/icons/manufacturers/generalcigarco.svg,Macanudo,,img/icons/brands/macanudo.svg,MACANUDO VINTAGE MADURO 2013,Mac Vintage Maduro 2013 Toro Grande,,Toro Gordo,6,54,Parejo,,,,,Maduro,,,,,,,,,,15.08,301.6,20,89,15.08,140.8,7.04,8.04,05686-MACV,,,,,,macanudo|mac vintage maduro 2013 toro grande|toro gordo
General Cigar Co.,img/icons/manufacturers/generalcigarco.svg,Macanudo,,img/icons/brands/macanudo.svg,MACANUDO VINTAGE MADURO 2013,Churchill,,Churchill,7,49,Parejo,,,,,Maduro,,,,,,,,,,15.38,307.6,20,89,15.38,143.8,7.19,8.19,05687-MACV,,,,,,macanudo|churchill|churchill
General Cigar Co.,img/icons/manufacturers/generalcigarco.svg,Macanudo,,img/icons/brands/macanudo.svg,MACANUDO VINTAGE MADURO 97,Toro,,Toro Gordo,6,54,Parejo,,,,,Maduro,,,,,,,,,,18.86,226.32,12,89,18.86,107.16,8.93,9.93,04056-MACV,,,,,,macanudo|toro|toro gordo
General Cigar Co.,img/icons/manufacturers/generalcigarco.svg,Macanudo,,img/icons/brands/macanudo.svg,MACANUDO VINTAGE MADURO 97,Churchill,,Churchill,7,49,Parejo,,,,,Maduro,,,,,,,,,,19.36,232.32,12,89,19.36,110.16,9.18,10.18,04950-MACV,,,,,,macanudo|churchill|churchill
,,Macanudo,,,Vintage 1997,No. III,,Corona,5.56,43,Parejo,USA/Connecticut Shade,Mexico,Dominican Republic/Mexico,Dominican Republic,,,,,,,,,,,0.0,,,89,,,,,,,,Aficionado,2006.0,12.0,macanudo|no. iii|corona
,,Macanudo,,,,Inspirado White,,,,,,Ecuador,Indonesia,Nicaragua; Mexico,Honduras,,,,,,,,,,,0.0,,,89,,,,,,,,Cigar Journal,2018.0,25.0,macanudo|inspirado white|
,,MBombay,,,Gaaja,Torpedo,,Torpedo,,,Torpedo,Ecuador,Ecuador,Dominican Republic; Peru; Ecuador; Paraguay,Costa Rica,,,,,,,,,,,0.0,,,89,,,,,,,,Cigar Journal,2017.0,24.0,mbombay|torpedo|torpedo
,,Micallef,,,Reserva Limitada Privada,Churchill,,Churchill,,,Parejo,Mexico,Nicaragua,Honduras; Dominican Republic; Peru,Nicaragua,,,,,,,,,,,0.0,,,89,,,,,,,,Cigar Journal,2017.0,22.0,micallef|churchill|churchill
,,Monte by Montecristo,,,AJ Fernandez,Toro,,Toro,,,Parejo,Ecuador,Nicaragua,Nicaragua; Dominican Republic,Nicaragua,,,,,,,,,,,0.0,,,89,,,,,,,,Cigar Journal,2017.0,13.0,monte by montecristo|toro|toro
,,Montecristo,,,1935 Anniversary,Montecristo 1935 Anniversary Nicaragua No 2,https://www.cigaraficionado.com/top25/2021/montecristo-1935-anniversary-nicaragua-no-2,Torpedo,6.125,52,Torpedo,Nicaragua,Nicaragua,Nicaragua,Nicaragua,,,,,,,,,,,0.0,,,89,,,,,,,,Aficionado,2021.0,2.0,montecristo|montecristo 1935 anniversary nicaragua no 2|torpedo
,,Montecristo,,,1935 Anniversary,Montecristo 1935 Anniversary Edicion Diamante Grande,https://www.cigaraficionado.com/top25/2023/montecristo-1935-anniversary-edición-diamante-grande,Gordo,6,60,Parejo,Nicaragua,Nicaragua,Nicaragua,Nicaragua,,,,,,,,,,,0.0,,,89,,,,,,,,Aficionado,2023.0,17.0,montecristo|montecristo 1935 anniversary edicion diamante grande|gordo
,,Montecristo,,,1935 Anniversary Nicaragua,Espeso,https://www.cigaraficionado.com/top25cigar/montecristo-1935-anniversary-nicaragua-espeso-2024,Gordo,5.5,60,Parejo,Nicaragua,Nicaragua,Nicaragua,Nicaragua,,,,,,,,,,,0.0,,,89,,,,,,,,Aficionado,2024.0,2.0,montecristo|espeso|gordo
,,Montecristo,,,Medias Coronas,Medias Coronas,,Corona,,,Parejo,Cuba,Cuba,Cuba,Cuba,,,Cuba,,,,,,,,0.0,,,89,,,,,,,,Cigar Journal,2015.0,15.0,montecristo|medias coronas|corona
,,Montecristo,,,Nicaragua,Nicaragua Series Toro,https://www.cigaraficionado.com/top25/2019/montecristo-nicaragua-series-toro,Toro,6,54,Parejo,Ecuador,Nicaragua,Nicaragua,Nicaragua,,,,,,,,,,,0.0,,,89,,,,,,,,Aficionado,2019.0,20.0,montecristo|nicaragua series toro|toro
,,Montecristo,,,Nicaragua Series,Nicaragua Series Robusto,https://www.cigaraficionado.com/top25/2018/montecristo-nicaragua-series-robusto,Robusto,5,54,Parejo,Nicaragua,Nicaragua,Nicaragua,Nicaragua,,,,,,,,,,,0.0,,,89,,,,,,,,Aficionado,2018.0,10.0,montecristo|nicaragua series robusto|robusto
,,Montecristo,,,No. 2,No. 2,https://www.cigaraficionado.com/top25cigar/montecristo-no-2-2007,Torpedo,6.13,52,Torpedo,Cuba,Cuba,Cuba,Cuba,,,Cuba,,,,,,,,0.0,,,89,,,,,,,,Aficionado,2007.0,17.0,montecristo|no. 2|torpedo
,,Montecristo,,,No. 2,No. 2,https://www.cigaraficionado.com/top25cigar/montecristo-no-2-2009,Torpedo,6.13,52,Torpedo,Cuba,Cuba,Cuba,Cuba,,,Cuba,,,,,,,,0.0,,,89,,,,,,,,Aficionado,2009.0,7.0,montecristo|no. 2|torpedo
,,Montecristo,,,No. 2,No. 2,,,,,,Cuba,Cuba,Cuba,Cuba,,,Cuba,,,,,,,,0.0,,,89,,,,,,,,Cigar Journal,2013.0,2.0,montecristo|no. 2|
,,Montecristo,,,No. 2,No. 2,https://www.cigaraficionado.com/top25cigar/montecristo-no-2-2015,Torpedo,6.13,52,Torpedo,Cuba,Cuba,Cuba,Cuba,,,Cuba,,,,,,,,0.0,,,89,,,,,,,,Cigar Journal,2015.0,5.0,montecristo|no. 2|torpedo
,,Montecristo,,,No. 4,No. 4,https://www.cigaraficionado.com/top25cigar/montecristo-no-4-2008,Petit Corona,5.12,42,Parejo,Cuba,Cuba,Cuba,Cuba,,,Cuba,,,,,,,,0.0,,,89,,,,,,,,Aficionado,2008.0,18.0,montecristo|no. 4|petit corona
,,Montecristo,,,No. 4,No. 4,https://www.cigaraficionado.com/top25cigar/montecristo-no-4-2011,Petit Corona,5.12,42,Parejo,Cuba,Cuba,Cuba,Cuba,,,Cuba,,,,,,,,0.0,,,89,,,,,,,,Aficionado,2011.0,18.0,montecristo|no. 4|petit corona
,,Montecristo,,,No. 4,No. 4,https://www.cigaraficionado.com/top25cigar/montecristo-no-4-2012,Petit Corona,5.12,42,Parejo,Cuba,Cuba,Cuba,Cuba,,,Cuba,,,,,,,,0.0,,,89,,,,,,,,Aficionado,2012.0,18.0,montecristo|no. 4|petit corona
,,Montecristo,,,No. 4,No. 4,https://www.cigaraficionado.com/top25cigar/montecristo-no-4-2014,Petit Corona,5.12,42,Parejo,Cuba,Cuba,Cuba,Cuba,,,Cuba,,,,,,,,0.0,,,89,,,,,,,,Aficionado,2014.0,17.0,montecristo|no. 4|petit corona
,,Montecristo,,,Platinum Series,Mini Belicoso Tubo,,Belicoso,5,52,Belicoso,Mexico San Andrés,Dominican Republic,Dominican Republic,Dominican Republic,,,,,,,,,,,0.0,,,89,,,,,,,,Aficionado,2004.0,5.0,montecristo|mini belicoso tubo|belicoso
,,Montecristo,,,,No. 2 Torpedo,,Torpedo,6.13,52,Torpedo,Cuba,Cuba,Cuba,Cuba,,,Cuba,,,,,,,,0.0,,,89,,,,,,,,Aficionado,2004.0,8.0,montecristo|no. 2 torpedo|torpedo
,,Montecristo,,,,Edmundo,,Robusto,5.38,52,Parejo,Cuba,Cuba,Cuba,Cuba,,,Cuba,,,,,,,,0.0,,,89,,,,,,,,Aficionado,2005.0,2.0,montecristo|edmundo|robusto
,,Montecristo,,,,D Edicion Limitada 2005,,Robusto,4.88,50,Parejo,Cuba,Cuba,Cuba,Cuba,,,Cuba,,,,,,,,0.0,,,89,,,,,,,,Aficionado,2005.0,17.0,montecristo|d edicion limitada 2005|robusto
,,Montecristo,,,,Robusto Edición Limitada 2006,,Robusto,4.88,50,Parejo,Cuba,Cuba,Cuba,Cuba,,,Cuba,,,,,,,,0.0,,,89,,,,,,,,Aficionado,2006.0,18.0,montecristo|robusto edición limitada 2006|robusto
,,Montecristo,,,,Petit Tubo,,Petit Corona,5,42,Parejo,Cuba,Cuba,Cuba,Cuba,,,Cuba,,,,,,,,0.0,,,89,,,,,,,,Aficionado,2006.0,25.0,montecristo|petit tubo|petit corona
,,Montecristo,,,,No. 2,https://www.cigaraficionado.com/top25cigar/montecristo-no-2-2013,Torpedo,6.13,52,Torpedo,Cuba,Cuba,Cuba,Cuba,,,Cuba,,,,,,,,0.0,,,89,,,,,,,,Aficionado,2013.0,1.0,montecristo|no. 2|torpedo
,,Montecristo,,,,Edmundo,,,,,,Cuba,Cuba,Cuba,Cuba,,,Cuba,,,,,,,,0.0,,,89,,,,,,,,Cigar Journal,2014.0,6.0,montecristo|edmundo|
,,Montenegro,,,Plasencia Reserva 1898,Toro,https://www.cigaraficionado.com/top25cigar/plasencia-reserva-1898-toro-2011,Toro,6,50,Parejo,Nicaragua,Honduras,Nicaragua/Honduras,Nicaragua,,,,,,,,,,,0.0,,,89,,,,,,,,Aficionado,2011.0,5.0,montenegro|toro|toro
,,My Father,,,Don Pepin Garcia,Blue Label Invictos,https://www.cigaraficionado.com/top25cigar/don-pepin-garcia-blue-label-invictos-2008,Robusto,5,50,Parejo,Ecuador Habano,Nicaragua,Nicaragua,Nicaragua,,,,,,,,,,,0.0,,,89,,,,,,,,Aficionado,2008.0,10.0,my father|blue label invictos|robusto
,,My Father,,,Don Pepin Garcia,Series JJ Belicoso,https://www.cigaraficionado.com/top25cigar/don-pepin-garcia-series-jj-belicoso-2008,Belicoso,5.75,52,Belicoso,Nicaragua,Nicaragua,Nicaragua,Nicaragua,,,,,,,,,,,0.0,,,89,,,,,,,,Aficionado,2008.0,23.0,my father|series jj belicoso|belicoso
,,My Father,,,El Centurion,H-2K-CT Robusto,https://www.cigaraficionado.com/top25cigar/my-father-el-centurion-h2kct-robusto-2015,Robusto,5.75,50,Parejo,Hybrid H-2K-CT,Nicaragua,Nicaragua,Nicaragua,,,,,,,,,,,0.0,,,89,,,,,,,,Aficionado,2015.0,14.0,my father|h-2k-ct robusto|robusto
,,My Father,,,Flor de las Antillas,Toro,https://www.cigaraficionado.com/top25cigar/flor-de-las-antillas-toro-2012,Toro,6,52,Parejo,Nicaragua,Nicaragua,Nicaragua,Nicaragua,,,,,,,,,,,0.0,,,89,,,,,,,,Aficionado,2012.0,1.0,my father|toro|toro
,,My Father,,,Flor de las Antillas,Toro,https://www.cigaraficionado.com/top25cigar/flor-de-las-antillas-toro-2013,Toro,6,52,Parejo,Nicaragua,Nicaragua,Nicaragua,Nicaragua,,,,,,,,,,,0.0,,,89,,,,,,,,Aficionado,2013.0,18.0,my father|toro|toro
,,My Father,,,Flor de las Antillas,Flor de las Antillas Maduro Toro,https://www.cigaraficionado.com/top25/2019/flor-de-las-antillas-maduro-toro,Toro,6,52,Parejo,Nicaragua,Nicaragua,Nicaragua,Nicaragua,Maduro,,,,,,,,,,0.0,,,89,,,,,,,,Aficionado,2019.0,22.0,my father|flor de las antillas maduro toro|toro
My Father Cigars,img/icons/manufacturers/myfather.svg,My Father,mf,img/icons/brands/myfather.svg,Flor De Las Antillas,Flor De Las Antillas Robusto,,Robusto,5,50,Parejo,Nicaragua,Nicaragua,Nicaragua,Nicaragua,Colorado,Medium,,,,,,,,,9.15,183,20,89,9.7,87.0,4.35,5.35,,,,,,,my father|flor de las antillas robusto|robusto
My Father Cigars,img/icons/manufacturers/myfather.svg,My Father,mf,img/icons/brands/myfather.svg,Flor De Las Antillas,Flor De Las Antillas Maduro Petit Robusto,,Short Robusto,4.5,50,Parejo,Habano Sun Grown Oscuro,Nicaragua,Nicaragua,Nicaragua,,,,,,,,,,,9.15,183,20,89,1.0,,0.0,1.0,,,,,,,my father|flor de las antillas maduro petit robusto|short robusto
My Father Cigars,img/icons/manufacturers/myfather.svg,My Father,mf,img/icons/brands/myfather.svg,Flor De Las Antillas,Flor De Las Antillas Toro Gordo,,Toro Gordo,6.5,56,Parejo,Nicaragua,Nicaragua,Nicaragua,Nicaragua,Colorado,Medium,,,,,,,,,11.35,227,20,89,11.8,108.0,5.4,6.4,,,,,,,my father|flor de las antillas toro gordo|toro gordo
My Father Cigars,img/icons/manufacturers/myfather.svg,My Father,mf,img/icons/brands/myfather.svg,Jaime Garcia,Jaime Garcia Reserva Especial Robusto,,Robusto,5.25,52,Parejo,USA Connecticut Broadleaf,Nicaragua,Nicaragua,Nicaragua,Maduro,Full,,,,,,,,,8.65,173,20,89,9.8,88.0,4.4,5.4,,,,,,,my father|jaime garcia reserva especial robusto|robusto
My Father Cigars,img/icons/manufacturers/myfather.svg,My Father,mf,img/icons/brands/myfather.svg,Jaime Garcia,Jaime Garcia Reserva Especial Toro,,Toro,6,54,Parejo,USA Connecticut Broadleaf,Nicaragua,Nicaragua,Nicaragua,Maduro,Full,,,,,,,,,9.55,191,20,89,10.1,91.0,4.55,5.55,,,,,,,my father|jaime garcia reserva especial toro|toro
My Father Cigars,img/icons/manufacturers/myfather.svg,My Father,mf,img/icons/brands/myfather.svg,Jaime Garcia,Jaime Garcia Reserva Especial CT Toro,,Toro,6,54,Parejo,Ecuadorian Connecticut Shade,Nicaragua,Nicaragua,Nicaragua,Natural,Full,,,,,,,,,9.85,197,20,89,10.4,94.0,4.7,5.7,,,,,,,my father|jaime garcia reserva especial ct toro|toro
My Father Cigars,img/icons/manufacturers/myfather.svg,My Father,mf,img/icons/brands/myfather.svg,Jaime Garcia,Jaime Garcia Reserva Especial CT Robusto,,Robusto,50,5,Parejo,Ecuadorian Connecticut Shade,Nicaragua,Nicaragua,Nicaragua,Natural,Full,,,,,,,,,0.0,0,20,89,10.0,90.0,4.5,5.5,,,,,,,my father|jaime garcia reserva especial ct robusto|robusto
,,My Father,,,Jaime Garcia Reserva Especial,Especial Toro,https://www.cigaraficionado.com/top25cigar/jaime-garcia-reserva-especial-toro-2014,Toro,6,54,Parejo,Connecticut Broadleaf,Nicaragua,Nicaragua,Nicaragua,,,,,,,,,,,0.0,,,89,,,,,,,,Aficionado,2014.0,2.0,my father|especial toro|toro
,,My Father,,,La Antiguedad,Corona Grande,https://www.cigaraficionado.com/top25cigar/my-father-la-antiguedad-corona-grande-2009,Corona Grande,6,47,,Ecuador Habano,Nicaragua,Nicaragua,Nicaragua,,,,,,,,,,,0.0,,,89,,,,,,,,Aficionado,2009.0,25.0,my father|corona grande|corona grande
,,My Father,,,La Antiguedad,Toro Grande,https://www.cigaraficionado.com/top25cigar/my-father-la-antiguedad-toro-grande-2010,Toro,6,52,Parejo,Ecuador Habano,Nicaragua,Nicaragua,Nicaragua,,,,,,,,,,,0.0,,,89,,,,,,,,Aficionado,2010.0,17.0,my father|toro grande|toro
,,My Father,,,La Antiguedad,Corona Grande,https://www.cigaraficionado.com/top25cigar/my-father-la-antiguedad-corona-grande-2014,Corona Gorda,6,47,Parejo,Ecuador Habano,Nicaragua,Nicaragua,Nicaragua,,,,,,,,,,,0.0,,,89,,,,,,,,Aficionado,2014.0,15.0,my father|corona grande|corona gorda
,,My Father,,,La Gran Oferta,La Gran Oferta Toro,https://www.cigaraficionado.com/top25/2018/my-father-la-gran-oferta-toro,Toro,6,52,Parejo,Ecuador,Nicaragua,Nicaragua,Nicaragua,,,,,,,,,,,0.0,,,89,,,,,,,,Aficionado,2018.0,20.0,my father|la gran oferta toro|toro
,,My Father,,,La Opulencia,La Opulencia Toro,https://www.cigaraficionado.com/top25/2018/my-father-la-opulencia-toro,Toro,6,54,Parejo,Mexico,Nicaragua,Nicaragua,Nicaragua,,,,,,,,,,,0.0,,,89,,,,,,,,Aficionado,2018.0,2.0,my father|la opulencia toro|toro
,,My Father,,,La Promesa,La Promesa Toro,https://www.cigaraficionado.com/top25/2019/my-father-la-promesa-toro,Toro,6,52,Parejo,Ecuador,Nicaragua,Nicaragua,Nicaragua,,,,,,,,,,,0.0,,,89,,,,,,,,Aficionado,2019.0,12.0,my father|la promesa toro|toro
My Father Cigars,img/icons/manufacturers/myfather.svg,My Father,mf,img/icons/brands/myfather.svg,Le Bijou,MF Le Bijou 1922 Grand Robusto 5.625x55,,Robusto Gordo,5.625,55,Parejo,Nicaraguan Habano,Nicaragua,Nicaragua,Nicaragua,Maduro,Full,,,,,,,,,12.45,286.35,23,89,12.8695652173913,136.5,5.93478260869565,6.93478260869565,,,,,,,my father|mf le bijou 1922 grand robusto 5.625x55|robusto gordo
My Father Cigars,img/icons/manufacturers/myfather.svg,My Father,mf,img/icons/brands/myfather.svg,Le Bijou,MF Le Bijou 1922 Toro 6x52,,Toro,6,52,Parejo,Nicaraguan Habano,Nicaragua,Nicaragua,Nicaragua,Maduro,Full,,,,,,,,,12.95,297.85,23,89,13.304347826087,141.5,6.15217391304348,7.15217391304352,,,,,,,my father|mf le bijou 1922 toro 6x52|toro
My Father Cigars,img/icons/manufacturers/myfather.svg,My Father,mf,img/icons/brands/myfather.svg,Le Bijou,MF Le Bijou 1922 Torpedo BP,,Torpedo,6.125,52,Torpedo,Nicaraguan Habano,Nicaragua,Nicaragua,Nicaragua,Maduro,Full,,BP,,,,,,,13.35,307.05,23,89,13.7391304347826,146.5,6.3695652173913,7.3695652173913,,,,,,,my father|mf le bijou 1922 torpedo bp|torpedo
,,My Father,,,Le Bijou 1922,Petit Robusto,https://www.cigaraficionado.com/top25cigar/my-father-le-bijou-1922-petit-robusto-2009,Petit Robusto,4.5,50,Parejo,Ecuador Habano Oscuro,Nicaragua,Nicaragua,Nicaragua,,,,,,,,,,,0.0,,,89,,,,,,,,Aficionado,2009.0,8.0,my father|petit robusto|petit robusto
,,My Father,,,Le Bijou 1922,Toro,https://www.cigaraficionado.com/top25cigar/my-father-le-bijou-1922-toro-2010,Toro,6,52,Parejo,Ecuador Habano Oscuro,Nicaragua,Nicaragua,Nicaragua,,,,,,,,,,,0.0,,,89,,,,,,,,Aficionado,2010.0,6.0,my father|toro|toro
,,My Father,,,Le Bijou 1922,Petit Robusto,https://www.cigaraficionado.com/top25cigar/my-father-le-bijou-1922-petit-robusto-2011,Petit Robusto,4.5,50,Parejo,Ecuador Habano Oscuro,Nicaragua,Nicaragua,Nicaragua,,,,,,,,,,,0.0,,,89,,,,,,,,Aficionado,2011.0,16.0,my father|petit robusto|petit robusto
,,My Father,,,Le Bijou 1922,Petit Robusto,https://www.cigaraficionado.com/top25cigar/my-father-le-bijou-1922-petit-robusto-2012,Petit Robusto,4.5,50,Parejo,Ecuador Habano Oscuro,Nicaragua,Nicaragua,Nicaragua,,,,,,,,,,,0.0,,,89,,,,,,,,Aficionado,2012.0,5.0,my father|petit robusto|petit robusto
,,My Father,,,Le Bijou 1922,Petit Robusto,https://www.cigaraficionado.com/top25cigar/my-father-le-bijou-1922-petit-robusto-2013,Robusto,4.5,50,Parejo,Ecuador Habano Oscuro,Nicaragua,Nicaragua,Nicaragua,,,,,,,,,,,0.0,,,89,,,,,,,,Aficionado,2013.0,5.0,my father|petit robusto|robusto
,,My Father,,,Le Bijou 1922,Torpedo Box Pressed,https://www.cigaraficionado.com/top25cigar/my-father-le-bijou-1922-torpedo-box-pressed-2015,Torpedo,6.12,52,Torpedo,Ecuador Habano Oscuro,Nicaragua,Nicaragua,Nicaragua,,,,,,,,,,,0.0,,,89,,,,,,,,Aficionado,2015.0,1.0,my father|torpedo box pressed|torpedo
,,My Father,,,Le Bijou 1922,My Father Le Bijou 1922 Petit Robusto,,Robusto,4.5,50,Parejo,Nicaragua,Nicaragua,Nicaragua,Nicaragua,,,,,,,,,,,0.0,,,89,,,,,,,,Aficionado,2022.0,8.0,my father|my father le bijou 1922 petit robusto|robusto
,,My Father,,,Le Bijou 1922 100 Años LE,Corona Especial,,Corona,6.5,44,Parejo,Nicaragua,Nicaragua,Nicaragua,Nicaragua,,,,,,,,,,,0.0,,,89,,,,,,,,Aficionado,2023.0,13.0,my father|corona especial|corona
,,My Father,,,The Judge,The Judge Grand Robusto,https://www.cigaraficionado.com/top25/2017/my-father-the-judge-grand-robusto,Robusto Gordo,5,60,Parejo,Ecuador Sumatra,Nicaragua (Corojo & Criollo),Nicaragua,Nicaragua,,,,,,,,,,,0.0,,,89,,,,,,,,Aficionado,2017.0,7.0,my father|the judge grand robusto|robusto gordo
,,My Father,,,The Judge,Grand Robusto,,Robusto,,,Parejo,Ecuador,Nicaragua,Nicaragua,Nicaragua,,,,,,,,,,,0.0,,,89,,,,,,,,Cigar Journal,2017.0,1.0,my father|grand robusto|robusto
,,My Father,,,The Judge,My Father The Judge Grand Robusto,https://www.cigaraficionado.com/top25/2021/my-father-the-judge-grand-robusto,Robusto,5,60,Parejo,Ecuador,Nicaragua,Nicaragua,Nicaragua,,,,,,,,,,,0.0,,,89,,,,,,,,Aficionado,2021.0,17.0,my father|my father the judge grand robusto|robusto
,,My Father,,,The Judge,Grand Robusto,https://www.cigaraficionado.com/top25cigar/my-father-the-judge-grand-robusto-2024,Gordo,5,60,Parejo,Ecuador Sumatra,Nicaragua,Nicaragua,Nicaragua,,,,,,,,,,,0.0,,,89,,,,,,,,Aficionado,2024.0,1.0,my father|grand robusto|gordo
My Father Cigars,img/icons/manufacturers/myfather.svg,My Father,mf,img/icons/brands/myfather.svg,The Judge,MF The Judge Toro Fino 6x52,,Toro Gordo,6,56,Parejo,Ecuadorian Sumatra-Seed,Nicaragua,Nicaragua,Nicaragua,Colorado Maduro,Full,,,,,,,,,13.25,304.75,23,89,13.6,144.9,6.3,7.3,,,,,,,my father|mf the judge toro fino 6x52|toro gordo
My Father Cigars,img/icons/manufacturers/myfather.svg,My Father,mf,img/icons/brands/myfather.svg,The Judge,MF The Judge Toro 6x56,,Toro,6,52,Parejo,Ecuadorian Sumatra-Seed,Nicaragua,Nicaragua,Nicaragua,Colorado Maduro,Full,,,,,,,,,13.65,313.95,23,89,14.0,149.5,6.5,7.5,,,,,,,my father|mf the judge toro 6x56|toro
My Father Cigars,img/icons/manufacturers/myfather.svg,My Father,mf,img/icons/brands/myfather.svg,The Judge,MF The Judge Grand Robusto 5x60,,Robusto Gordo,5,60,Parejo,Ecuadorian Sumatra-Seed,Nicaragua,Nicaragua,Nicaragua,Colorado Maduro,Full,,,,,,,,FAV,13.95,320.85,23,89,14.0,149.5,6.5,7.5,,,,,,,my father|mf the judge grand robusto 5x60|robusto gordo
My Father Cigars,img/icons/manufacturers/myfather.svg,My Father,mf,img/icons/brands/myfather.svg,The Judge,MF The Judge Corona Gorda 5.625x46,,Corona Gorda,5.625,46,Parejo,Ecuadorian Sumatra-Seed,Nicaragua,Nicaragua,Nicaragua,Colorado Maduro,Full,,,,,,,,,13.6,312.8,23,89,13.6,144.9,6.3,7.3,,,,,,,my father|mf the judge corona gorda 5.625x46|corona gorda
,,My Father,,,,La Opulencia,,,,,,Mexico,Nicaragua,Nicaragua,Nicaragua,,,,,,,,,,,0.0,,,89,,,,,,,,Cigar Journal,2018.0,23.0,my father|la opulencia|
,,New World,,,Dorado,Robusto,https://www.cigaraficionado.com/top25/2022/new-world-dorado-robusto,Robusto,5.5,52,Parejo,Nicaragua,Nicaragua,Nicaragua,Nicaragua,,,,,,,,,,,0.0,,,89,,,,,,,,Aficionado,2022.0,14.0,new world|robusto|robusto
Drew Estate,img/icons/manufacturers/drewestate.svg,Nica Rustica,,img/icons/brands/nicarustica.svg,Adobe,Robusto,,Robusto,5,54,Parejo,,,,,,,,,,FS,,,,,7.5,187.5,25,89,9.1528,101.91,4.0764,5.0764,Q-01-68-017,32.0,,,,,nica rustica|robusto|robusto
Drew Estate,img/icons/manufacturers/drewestate.svg,Nica Rustica,,img/icons/brands/nicarustica.svg,Adobe,Toro,,Toro,6,52,Parejo,,,,,,,,,,FS,,,,,8.0,200,25,89,9.6528,108.16,4.3264,5.3264,Q-01-68-016,24.0,,,,,nica rustica|toro|toro
Drew Estate,img/icons/manufacturers/drewestate.svg,Nica Rustica,,img/icons/brands/nicarustica.svg,Adobe,Gordo,,Gordo,6,60,Parejo,,,,,,,,,,FS,,,,,8.2,205,25,89,9.8528,110.66,4.4264,5.4264,Q-01-68-018,24.0,,,,,nica rustica|gordo|gordo
Drew Estate,img/icons/manufacturers/drewestate.svg,Nica Rustica,,img/icons/brands/nicarustica.svg,Broadleaf,Short Robusto,,Short Robusto,4.5,50,Parejo,,,,,,,,,,FS,,,,,7.2,180,25,89,8.8528,98.16,3.9264,4.9264,Q-01-68-015,40.0,,,,,nica rustica|short robusto|short robusto
Drew Estate,img/icons/manufacturers/drewestate.svg,Nica Rustica,,img/icons/brands/nicarustica.svg,Broadleaf,El Brujito,,Toro,6,52,Parejo,,,,,,,,,,FS,,,,,8.0,200,25,89,9.6528,108.16,4.3264,5.3264,Q-01-68-007,30.0,,,,,nica rustica|el brujito|toro
Drew Estate,img/icons/manufacturers/drewestate.svg,Nica Rustica,,img/icons/brands/nicarustica.svg,Broadleaf,Gordo,,Gordo,6,60,Parejo,,,,,,,,,,FS,,,,,8.2,205,25,89,9.8528,110.66,4.4264,5.4264,Q-01-68-038,24.0,,,,,nica rustica|gordo|gordo
Drew Estate,img/icons/manufacturers/drewestate.svg,Nica Rustica,,img/icons/brands/nicarustica.svg,Shade,Short Robusto,,Short Robusto,4.5,50,Parejo,,,,,,,,,,FS,,,,,7.2,180,25,89,8.8528,98.16,3.9264,4.9264,Q-01-68-041,32.0,,,,,nica rustica|short robusto|short robusto
Drew Estate,img/icons/manufacturers/drewestate.svg,Nica Rustica,,img/icons/brands/nicarustica.svg,Shade,Toro,,Toro,6,50,Parejo,,,,,,,,,,FS,,,,,8.0,200,25,89,9.6528,108.16,4.3264,5.3264,Q-01-68-040,24.0,,,,,nica rustica|toro|toro
Drew Estate,img/icons/manufacturers/drewestate.svg,Nica Rustica,,img/icons/brands/nicarustica.svg,Shade,Gordo,,Gordo,5,66,Parejo,,,,,,,,,,FS,,,,,8.2,205,25,89,9.8528,110.66,4.4264,5.4264,Q-01-68-039,18.0,,,,,nica rustica|gordo|gordo
,,Nicaroma,,,,NICAROMA 6 x 54,,Toro Gordo,,,Parejo,Nicaragua,Nicaragua,Nicaragua,Nicaragua,,,,,,,,,,,0.0,,,89,,,,,,,,Cigar Journal,2024.0,20.0,nicaroma|nicaroma 6 x 54|toro gordo
Oliva,img/icons/manufacturers/oliva.svg,NUB,,img/icons/brands/nub.svg,NUB,460 Cameroon Tubo,,Short Gordo,4,60,Parejo,,,,,,,,,Tubo,,,,,,11.275,135.3,12,89,11.275,61.65,5.1375,6.1375,TNCA021,,,,,,nub|460 cameroon tubo|short gordo
Oliva,img/icons/manufacturers/oliva.svg,NUB,,img/icons/brands/nub.svg,NUB,460 Connecticut Tubo,,Short Gordo,4,60,Parejo,,,,,,,,,Tubo,,,,,,12.8966666666667,154.76,12,89,12.8966666666667,71.38,5.94833333333333,6.94833333333337,TNCO021,,,,,,nub|460 connecticut tubo|short gordo
Oliva,img/icons/manufacturers/oliva.svg,NUB,,img/icons/brands/nub.svg,NUB,460 NUB Habano Tubo,,Short Gordo,4,60,Parejo,,,,,,,,,Tubo,,,,,,12.8966666666667,154.76,12,89,12.8966666666667,71.38,5.94833333333333,6.94833333333337,TNHA021,,,,,,nub|460 nub habano tubo|short gordo
Oliva,img/icons/manufacturers/oliva.svg,NUB,,img/icons/brands/nub.svg,NUB,460 Maduro Tubo,,Short Gordo,4,60,Parejo,,,,,,,,,Tubo,,,,,,13.7983333333333,165.58,12,89,13.7983333333333,76.79,6.39916666666667,7.39916666666663,TNMA011,,,,,,nub|460 maduro tubo|short gordo
Oliva,img/icons/manufacturers/oliva.svg,NUB,,img/icons/brands/nub.svg,NUB,358 CAMEROON,,Short Gordo,3,58,Parejo,,,,,,,,,,,,,,,9.38166666666666,225.16,24,89,9.38166666666666,100.58,4.19083333333333,5.19083333333333,TNCA010,,,,,,nub|358 cameroon|short gordo
Oliva,img/icons/manufacturers/oliva.svg,NUB,,img/icons/brands/nub.svg,NUB,460 CAMEROON,,Short Gordo,4,60,Parejo,,,,,,,,,,,,,,,9.7425,233.82,24,89,9.7425,104.91,4.37125,5.37125,TNCA020,,,,,,nub|460 cameroon|short gordo
Oliva,img/icons/manufacturers/oliva.svg,NUB,,img/icons/brands/nub.svg,NUB,354 CONNECTICUT,,Short Gordo,3,54,Parejo,,,,,,,,,,,,,,,9.7425,233.82,24,89,9.7425,104.91,4.37125,5.37125,TNCO040,,,,,,nub|354 connecticut|short gordo
Oliva,img/icons/manufacturers/oliva.svg,NUB,,img/icons/brands/nub.svg,NUB,460 NUB CAIN HABANO,,Short Gordo,4,60,Parejo,,,,,,,,,,,,,,,10.3733333333333,248.96,24,89,10.3733333333333,112.48,4.68666666666667,5.68666666666663,TNCH010,,,,,,nub|460 nub cain habano|short gordo
Oliva,img/icons/manufacturers/oliva.svg,NUB,,img/icons/brands/nub.svg,NUB,460 NUB CAIN MADURO,,Short Gordo,4,60,Parejo,,,,,,,,,,,,,,,10.3733333333333,248.96,24,89,10.3733333333333,112.48,4.68666666666667,5.68666666666663,TNCM010,,,,,,nub|460 nub cain maduro|short gordo
Oliva,img/icons/manufacturers/oliva.svg,NUB,,img/icons/brands/nub.svg,NUB,358 CONNECTICUT,,Short Gordo,3,58,Parejo,,,,,,,,,,,,,,,10.7333333333333,257.6,24,89,10.7333333333333,116.8,4.86666666666667,5.86666666666663,TNCO010,,,,,,nub|358 connecticut|short gordo
Oliva,img/icons/manufacturers/oliva.svg,NUB,,img/icons/brands/nub.svg,NUB,358 HABANO,,Short Gordo,3,58,Parejo,,,,,,,,,,,,,,,10.7333333333333,257.6,24,89,10.7333333333333,116.8,4.86666666666667,5.86666666666663,TNHA010,,,,,,nub|358 habano|short gordo
Oliva,img/icons/manufacturers/oliva.svg,NUB,,img/icons/brands/nub.svg,NUB,460 CONNECTICUT,,Short Gordo,4,60,Parejo,,,,,,,,,,,,,,,11.0941666666667,266.26,24,89,11.0941666666667,121.13,5.04708333333333,6.04708333333337,TNCO020,,,,,,nub|460 connecticut|short gordo
Oliva,img/icons/manufacturers/oliva.svg,NUB,,img/icons/brands/nub.svg,NUB,460 HABANO,,Short Gordo,4,60,Parejo,,,,,,,,,,,,,,,11.0941666666667,266.26,24,89,11.0941666666667,121.13,5.04708333333333,6.04708333333337,TNHA020,,,,,,nub|460 habano|short gordo
Oliva,img/icons/manufacturers/oliva.svg,NUB,,img/icons/brands/nub.svg,NUB,460 NUB CAIN F,,Short Gordo,4,60,Parejo,,,,,,,,,,,,,,,11.0941666666667,266.26,24,89,11.0941666666667,121.13,5.04708333333333,6.04708333333337,TNCF010,,,,,,nub|460 nub cain f|short gordo
Oliva,img/icons/manufacturers/oliva.svg,NUB,,img/icons/brands/nub.svg,NUB,460 MADURO,,Short Gordo,4,60,Parejo,,,,,,,,,,,,,,,12.1758333333333,292.22,24,89,12.1758333333333,134.11,5.58791666666667,6.58791666666663,TNMA010,,,,,,nub|460 maduro|short gordo
Oliva,img/icons/manufacturers/oliva.svg,NUB,,img/icons/brands/nub.svg,NUB,466 HABANO,,Short Gordo,4,66,Parejo,,,,,,,,,,,,,,,13.7975,331.14,24,89,13.7975,153.57,6.39875,7.39875,TNHA040,,,,,,nub|466 habano|short gordo
Oliva,img/icons/manufacturers/oliva.svg,NUB,,img/icons/brands/nub.svg,NUB,464T CAMEROON,,Torpedo,4,64,Torpedo,,,,,,,,,,,,,,,10.7333333333333,257.6,24,89,10.7333333333333,116.8,4.86666666666667,5.86666666666663,TNCA030,,,,,,nub|464t cameroon|torpedo
Oliva,img/icons/manufacturers/oliva.svg,NUB,,img/icons/brands/nub.svg,NUB,4X64T CONNECTICUT,,Torpedo,4,64,Torpedo,,,,,,,,,,,,,,,11.995,287.88,24,89,11.995,131.94,5.4975,6.4975,TNCO030,,,,,,nub|4x64t connecticut|torpedo
Oliva,img/icons/manufacturers/oliva.svg,NUB,,img/icons/brands/nub.svg,NUB,464T HABANO,,Torpedo,4,64,Torpedo,,,,,,,,,,,,,,,11.995,287.88,24,89,11.995,131.94,5.4975,6.4975,TNHA030,,,,,,nub|464t habano|torpedo
Oliva,img/icons/manufacturers/oliva.svg,NUB,,img/icons/brands/nub.svg,NUB,466T BOX PRESS CAMEROON,,Torpedo,4,66,Torpedo,,,,,,,,,,,,,,,12.3558333333333,296.54,24,89,12.3558333333333,136.27,5.67791666666667,6.67791666666663,TNCA040,,,,,,nub|466t box press cameroon|torpedo
Oliva,img/icons/manufacturers/oliva.svg,NUB,,img/icons/brands/nub.svg,NUB,464 MADURO TORPEDO,,Torpedo,4,64,Torpedo,,,,,,,,,,,,,,,12.9866666666667,311.68,24,89,12.9866666666667,143.84,5.99333333333333,6.99333333333337,TNMA020,,,,,,nub|464 maduro torpedo|torpedo
Oliva,img/icons/manufacturers/oliva.svg,NUB,,img/icons/brands/nub.svg,Nub Nuance Double Roast,Nub Nuance Double Roast 3.75x54,,Short Gordo,3.75,54,Parejo,,,,,,,,,,FS,,,,,9.976,199.52,20,89,9.976,89.76,4.488,5.488,TAMC030,,,,,,nub|nub nuance double roast 3.75x54|short gordo
Oliva,img/icons/manufacturers/oliva.svg,NUB,,img/icons/brands/nub.svg,Nub Nuance Double Roast,Nub Nuance Double Roast 4x60,,Short Gordo,4,60,Parejo,,,,,,,,,,FS,,,,,11.491,229.82,20,89,11.491,104.91,5.2455,6.2455,TAMC040,,,,,,nub|nub nuance double roast 4x60|short gordo
Oliva,img/icons/manufacturers/oliva.svg,NUB,,img/icons/brands/nub.svg,Nub Nuance Double Roast,Nub Nuance Double Roast 4x38,,Cigarillo,4,38,Parejo,,,,,,,,,,FS,,,,,7.316,182.9,25,89,7.316,78.95,3.158,4.158,TAMC020,,,,,,nub|nub nuance double roast 4x38|cigarillo
Oliva,img/icons/manufacturers/oliva.svg,NUB,,img/icons/brands/nub.svg,Nub Nuance Single Roast,Nub Nuance Single Roast 3.75x54,,Short Gordo,3.75,54,Parejo,,,,,,,,,,FS,,,,,9.976,199.52,20,89,9.976,89.76,4.488,5.488,TACP030,,,,,,nub|nub nuance single roast 3.75x54|short gordo
Oliva,img/icons/manufacturers/oliva.svg,NUB,,img/icons/brands/nub.svg,Nub Nuance Single Roast,Nub Nuance Single Roast 4x60,,Short Gordo,4,60,Parejo,,,,,,,,,,FS,,,,,11.491,229.82,20,89,11.491,104.91,5.2455,6.2455,TACP040,,,,,,nub|nub nuance single roast 4x60|short gordo
Oliva,img/icons/manufacturers/oliva.svg,NUB,,img/icons/brands/nub.svg,Nub Nuance Single Roast,Nub Nuance Single Roast 4x38,,Cigarillo,4,38,Parejo,,,,,,,,,,FS,,,,,7.316,182.9,25,89,7.316,78.95,3.158,4.158,TACP020,,,,,,nub|nub nuance single roast 4x38|cigarillo
Oliva,img/icons/manufacturers/oliva.svg,NUB,,img/icons/brands/nub.svg,Nub Nuance Triple Roast,Nub Nuance Triple Roast 3.75x54,,Short Gordo,3.75,54,Parejo,,,,,,,,,,FS,,,,,9.976,199.52,20,89,9.976,89.76,4.488,5.488,TAEP030,,,,,,nub|nub nuance triple roast 3.75x54|short gordo
Oliva,img/icons/manufacturers/oliva.svg,NUB,,img/icons/brands/nub.svg,Nub Nuance Triple Roast,Nub Nuance Triple Roast 4x60,,Short Gordo,4,60,Parejo,,,,,,,,,,FS,,,,,11.491,229.82,20,89,11.491,104.91,5.2455,6.2455,TAEP040,,,,,,nub|nub nuance triple roast 4x60|short gordo
Oliva,img/icons/manufacturers/oliva.svg,NUB,,img/icons/brands/nub.svg,Nub Nuance Triple Roast,Nub Nuance Triple Roast 4x38,,Cigarillo,4,38,Parejo,,,,,,,,,,FS,,,,,7.316,182.9,25,89,7.316,78.95,3.158,4.158,TAEP020,,,,,,nub|nub nuance triple roast 4x38|cigarillo
Oliva,img/icons/manufacturers/oliva.svg,Oliva,,img/icons/brands/oliva.svg,Accessories,NUB WHITE ASHTRAY,,,,,,,,,,,,,,,,,,,,45.1,,1,89,45.1,22.05,22.05,23.05,PNAC004,,,,,,oliva|nub white ashtray|
Oliva,img/icons/manufacturers/oliva.svg,Oliva,,img/icons/brands/oliva.svg,Accessories,Ashtray OLIVA GOLD/BROWN ROUND,,,,,,,,,,,,,,,,,,,,47.3,,1,89,47.3,23.15,23.15,24.15,POAC027,,,,,,oliva|ashtray oliva gold/brown round|
Oliva,img/icons/manufacturers/oliva.svg,Oliva,,img/icons/brands/oliva.svg,Accessories,NUB TORCH LIGHTER,,,,,,,,,,,,,,,,,,,,67.16,,1,89,67.16,33.08,33.08,34.08,PNAC001,,,,,,oliva|nub torch lighter|
Oliva,img/icons/manufacturers/oliva.svg,Oliva,,img/icons/brands/oliva.svg,Connecticut Reserva,Connecticut Reserva Toro Tubo 6x50,,Toro,6,50,Parejo,,,,,,,,,,,,,,,7.813,156.26,20,89,7.813,68.13,3.4065,4.4065,TOCE021,,,,,,oliva|connecticut reserva toro tubo 6x50|toro
Oliva,img/icons/manufacturers/oliva.svg,Oliva,,img/icons/brands/oliva.svg,Connecticut Reserva,Connecticut Reserva Double Toro 6x60,,Gordo,6,60,Parejo,,,,,,,,,,,,,,,8.138,162.76,20,89,8.138,71.38,3.569,4.569,TOCE060,,,,,,oliva|connecticut reserva double toro 6x60|gordo
Oliva,img/icons/manufacturers/oliva.svg,Oliva,,img/icons/brands/oliva.svg,Connecticut Reserva,Connecticut Reserva Lonsdale 6.5x44,,Lonsdale,6.5,44,Parejo,,,,,,,,,,,,,,,10.517,210.34,20,89,10.517,95.17,4.7585,5.7585,TOCE050,,,,,,oliva|connecticut reserva lonsdale 6.5x44|lonsdale
Oliva,img/icons/manufacturers/oliva.svg,Oliva,,img/icons/brands/oliva.svg,Connecticut Reserva,Connecticut Reserva Robusto 5x50,,Robusto,5,50,Parejo,,,,,,,,,,,,,,,10.734,214.68,20,89,10.734,97.34,4.867,5.867,TOCE010,,,,,,oliva|connecticut reserva robusto 5x50|robusto
Oliva,img/icons/manufacturers/oliva.svg,Oliva,,img/icons/brands/oliva.svg,Connecticut Reserva,Connecticut Reserva Toro 6x50,,Toro,6,50,Parejo,,,,,,,,,,,,,,,12.68,253.6,20,89,12.68,116.8,5.84,6.84,TOCE020,,,,,,oliva|connecticut reserva toro 6x50|toro
Oliva,img/icons/manufacturers/oliva.svg,Oliva,,img/icons/brands/oliva.svg,Connecticut Reserva,Connecticut Reserva Churchill 7x50,,Churchill,7,50,Parejo,,,,,,,,,,,,,,,14.519,290.38,20,89,14.519,135.19,6.7595,7.7595,TOCE030,,,,,,oliva|connecticut reserva churchill 7x50|churchill
Oliva,img/icons/manufacturers/oliva.svg,Oliva,,img/icons/brands/oliva.svg,Connecticut Reserva,Connecticut Reserva Torpedo 6.5x52,,Torpedo,6.5,52,Torpedo,,,,,,,,,,,,,,,14.519,290.38,20,89,14.519,135.19,6.7595,7.7595,TOCE040,,,,,,oliva|connecticut reserva torpedo 6.5x52|torpedo
Oliva,img/icons/manufacturers/oliva.svg,Oliva,,img/icons/brands/oliva.svg,Connecticut Reserva,Connecticut Reserva 4x38 Petit Corona,,Petit Corona,4,38,Parejo,,,,,,,,,,,,,,,8.354,250.62,30,89,8.354,110.31,3.677,4.677,TOCE070,,,,,,oliva|connecticut reserva 4x38 petit corona|petit corona
Oliva,img/icons/manufacturers/oliva.svg,Oliva,,img/icons/brands/oliva.svg,Flor Corojo,Flor Corojo Churchill,,Churchill,7,50,Parejo,,,,,,,,,,,,,,,6.624,132.48,20,89,6.624,56.24,2.812,3.812,TFCR030,,,,,,oliva|flor corojo churchill|churchill
Oliva,img/icons/manufacturers/oliva.svg,Oliva,,img/icons/brands/oliva.svg,Flor Corojo,Flor Corojo Robusto,,Robusto,5,50,Parejo,,,,,,,,,,,,,,,6.624,132.48,20,89,6.624,56.24,2.812,3.812,TFCR010,,,,,,oliva|flor corojo robusto|robusto
Oliva,img/icons/manufacturers/oliva.svg,Oliva,,img/icons/brands/oliva.svg,Flor Corojo,Flor Corojo Toro,,Toro,6,50,Parejo,,,,,,,,,,,,,,,6.624,132.48,20,89,6.624,56.24,2.812,3.812,TFCR020,,,,,,oliva|flor corojo toro|toro
Oliva,img/icons/manufacturers/oliva.svg,Oliva,,img/icons/brands/oliva.svg,Flor Corojo,Flor Corojo Torpedo,,Torpedo,,,Torpedo,,,,,,,,,,,,,,,6.624,132.48,20,89,6.624,56.24,2.812,3.812,TFCR040,,,,,,oliva|flor corojo torpedo|torpedo
Oliva,img/icons/manufacturers/oliva.svg,Oliva,,img/icons/brands/oliva.svg,Flor de Oliva,Flor de Oliva Robusto,,Robusto,5,50,Parejo,,,,,,,,,,,,,,,5.542,110.84,20,89,5.542,45.42,2.271,3.271,TFOR040,,,,,,oliva|flor de oliva robusto|robusto
Oliva,img/icons/manufacturers/oliva.svg,Oliva,,img/icons/brands/oliva.svg,Flor de Oliva,Flor de Oliva Toro,,Toro,6,50,Parejo,,,,,,,,,,,,,,,5.542,110.84,20,89,5.542,45.42,2.271,3.271,TFOR050,,,,,,oliva|flor de oliva toro|toro
Oliva,img/icons/manufacturers/oliva.svg,Oliva,,img/icons/brands/oliva.svg,Flor de Oliva,Flor de Oliva 6.5x44,,Corona Extra,6.5,44,Parejo,,,,,,,,,,,,,,,5.542,110.84,20,89,5.542,45.42,2.271,3.271,TFOR030,,,,,,oliva|flor de oliva 6.5x44|corona extra
Oliva,img/icons/manufacturers/oliva.svg,Oliva,,img/icons/brands/oliva.svg,Flor de Oliva,Flor de Oliva Churchill,,Churchill,7,50,Parejo,,,,,,,,,,,,,,,5.975,119.5,20,89,5.975,49.75,2.4875,3.4875,TFOR080,,,,,,oliva|flor de oliva churchill|churchill
Oliva,img/icons/manufacturers/oliva.svg,Oliva,,img/icons/brands/oliva.svg,Flor de Oliva,Flor de Oliva 8x52,,Gigante,8,52,Parejo,,,,,,,,,,,,,,,5.975,119.5,20,89,5.975,49.75,2.4875,3.4875,TFOR090,,,,,,oliva|flor de oliva 8x52|gigante
Oliva,img/icons/manufacturers/oliva.svg,Oliva,,img/icons/brands/oliva.svg,Flor Gold,Flor Gold Churchill,,Churchill,7,50,Parejo,,,,,,,,,,,,,,,6.624,132.48,20,89,6.624,56.24,2.812,3.812,TFGO030,,,,,,oliva|flor gold churchill|churchill
Oliva,img/icons/manufacturers/oliva.svg,Oliva,,img/icons/brands/oliva.svg,Flor Gold,Flor Gold Robusto,,Robusto,5,50,Parejo,,,,,,,,,,,,,,,6.624,132.48,20,89,6.624,56.24,2.812,3.812,TFGO010,,,,,,oliva|flor gold robusto|robusto
Oliva,img/icons/manufacturers/oliva.svg,Oliva,,img/icons/brands/oliva.svg,Flor Gold,Flor Gold Toro,,Toro,6,50,Parejo,,,,,,,,,,,,,,,6.624,132.48,20,89,6.624,56.24,2.812,3.812,TFGO020,,,,,,oliva|flor gold toro|toro
Oliva,img/icons/manufacturers/oliva.svg,Oliva,,img/icons/brands/oliva.svg,Flor Gold,Flor Gold Torpedo,,Torpedo,,,Torpedo,,,,,,,,,,,,,,,6.624,132.48,20,89,6.624,56.24,2.812,3.812,TFGO040,,,,,,oliva|flor gold torpedo|torpedo
Oliva,img/icons/manufacturers/oliva.svg,Oliva,,img/icons/brands/oliva.svg,Flor Maduro,Flor Maduro Churchill,,Churchill,7,50,Parejo,,,,,,,,,,,,,,,6.624,132.48,20,89,6.624,56.24,2.812,3.812,TFMA030,,,,,,oliva|flor maduro churchill|churchill
Oliva,img/icons/manufacturers/oliva.svg,Oliva,,img/icons/brands/oliva.svg,Flor Maduro,Flor Maduro Robusto,,Robusto,5,50,Parejo,,,,,,,,,,,,,,,6.624,132.48,20,89,6.624,56.24,2.812,3.812,TFMA010,,,,,,oliva|flor maduro robusto|robusto
Oliva,img/icons/manufacturers/oliva.svg,Oliva,,img/icons/brands/oliva.svg,Flor Maduro,Flor Maduro Toro,,Toro,6,50,Parejo,,,,,,,,,,,,,,,6.624,132.48,20,89,6.624,56.24,2.812,3.812,TFMA020,,,,,,oliva|flor maduro toro|toro
Oliva,img/icons/manufacturers/oliva.svg,Oliva,,img/icons/brands/oliva.svg,Flor Maduro,Flor Maduro Torpedo,,Torpedo,,,Torpedo,,,,,,,,,,,,,,,6.624,132.48,20,89,6.624,56.24,2.812,3.812,TFMA040,,,,,,oliva|flor maduro torpedo|torpedo
Oliva,img/icons/manufacturers/oliva.svg,Oliva,,img/icons/brands/oliva.svg,Gilberto Blanc,Gilberto Blanc 5.75x43,,Corona,5.75,43,Parejo,,,,,,,,,,,,,,,8.895,177.9,20,89,8.895,78.95,3.9475,4.9475,TOGB020,,,,,,oliva|gilberto blanc 5.75x43|corona
Oliva,img/icons/manufacturers/oliva.svg,Oliva,,img/icons/brands/oliva.svg,Gilberto Blanc,Gilberto Blanc 5x50,,Robusto,5,50,Parejo,,,,,,,,,,,,,,,9.76,195.2,20,89,9.76,87.6,4.38,5.38,TOGB010,,,,,,oliva|gilberto blanc 5x50|robusto
Oliva,img/icons/manufacturers/oliva.svg,Oliva,,img/icons/brands/oliva.svg,Gilberto Blanc,Gilberto Blanc 6x50,,Toro,6,50,Parejo,,,,,,,,,,,,,,,10.085,201.7,20,89,10.085,90.85,4.5425,5.5425,TOGB030,,,,,,oliva|gilberto blanc 6x50|toro
Oliva,img/icons/manufacturers/oliva.svg,Oliva,,img/icons/brands/oliva.svg,Gilberto Blanc,Gilberto Blanc 7x50,,Churchill,7,50,Parejo,,,,,,,,,,,,,,,10.517,210.34,20,89,10.517,95.17,4.7585,5.7585,TOGB050,,,,,,oliva|gilberto blanc 7x50|churchill
Oliva,img/icons/manufacturers/oliva.svg,Oliva,,img/icons/brands/oliva.svg,Gilberto Blanc,Gilberto Blanc 6x52 Torpedo,,Torpedo,6,52,Torpedo,,,,,,,,,,,,,,,10.517,210.34,20,89,10.517,95.17,4.7585,5.7585,TOGB040,,,,,,oliva|gilberto blanc 6x52 torpedo|torpedo
Oliva,img/icons/manufacturers/oliva.svg,Oliva,,img/icons/brands/oliva.svg,Gilberto Reserva,Gilberto 5.75x43,,Corona,5.75,43,Parejo,,,,,,,,,,,,,,,8.246,164.92,20,89,8.246,72.46,3.623,4.623,TOGR020,,,,,,oliva|gilberto 5.75x43|corona
Oliva,img/icons/manufacturers/oliva.svg,Oliva,,img/icons/brands/oliva.svg,Gilberto Reserva,Gilberto 5x50,,Robusto,5,50,Parejo,,,,,,,,,,,,,,,9.111,182.22,20,89,9.111,81.11,4.0555,5.0555,TOGR010,,,,,,oliva|gilberto 5x50|robusto
Oliva,img/icons/manufacturers/oliva.svg,Oliva,,img/icons/brands/oliva.svg,Gilberto Reserva,Gilberto 6x50,,Toro,6,50,Parejo,,,,,,,,,,,,,,,9.436,188.72,20,89,9.436,84.36,4.218,5.218,TOGR030,,,,,,oliva|gilberto 6x50|toro
Oliva,img/icons/manufacturers/oliva.svg,Oliva,,img/icons/brands/oliva.svg,Gilberto Reserva,Gilberto Churchill 7x50,,Churchill,7,50,Parejo,,,,,,,,,,,,,,,9.868,197.36,20,89,9.868,88.68,4.434,5.434,TOGR050,,,,,,oliva|gilberto churchill 7x50|churchill
Oliva,img/icons/manufacturers/oliva.svg,Oliva,,img/icons/brands/oliva.svg,Gilberto Reserva,Gilberto 6x52,,Torpedo,6,52,Torpedo,,,,,,,,,,,,,,,9.868,197.36,20,89,9.868,88.68,4.434,5.434,TOGR040,,,,,,oliva|gilberto 6x52|torpedo
,,Oliva,,,Master Blends,Master Blends 3 Torpedo,https://www.cigaraficionado.com/top25/2019/oliva-master-blends-3-torpedo,Torpedo,6.5,52,Torpedo,Nicaragua,Nicaragua,Nicaragua,Nicaragua,,,,,,,,,,,0.0,,,89,,,,,,,,Aficionado,2019.0,16.0,oliva|master blends 3 torpedo|torpedo
,,Oliva,,,Master Blends 1,Robusto,,Robusto,5,50,Parejo,Nicaragua,Nicaragua,Nicaragua,Nicaragua,,,,,,,,,,,0.0,,,89,,,,,,,,Aficionado,2004.0,21.0,oliva|robusto|robusto
,,Oliva,,,Master Blends 3,Toro,https://www.cigaraficionado.com/top25cigar/oliva-master-blends-3-toro-2007,Toro,6,52,Parejo,Nicaragua,Nicaragua,Nicaragua,Nicaragua,,,,,,,,,,,0.0,,,89,,,,,,,,Aficionado,2007.0,19.0,oliva|toro|toro
Oliva,img/icons/manufacturers/oliva.svg,Oliva,,img/icons/brands/oliva.svg,Master Blends 3,Master Blends 3 Robusto,,Robusto,5,50,Parejo,,,,,,,,,,,,,,,15.6,312,20,89,15.6,146.0,7.3,8.3,TOMB010,,,,,,oliva|master blends 3 robusto|robusto
Oliva,img/icons/manufacturers/oliva.svg,Oliva,,img/icons/brands/oliva.svg,Master Blends 3,Master Blends 3 Churchill,,Churchill,7,50,Parejo,,,,,,,,,,,,,,,18.628,372.56,20,89,18.628,176.28,8.814,9.814,TOMB040,,,,,,oliva|master blends 3 churchill|churchill
Oliva,img/icons/manufacturers/oliva.svg,Oliva,,img/icons/brands/oliva.svg,Master Blends 3,Master Blends Torpedo,,Torpedo,6.5,52,Torpedo,,,,,,,,,,,,,,,20.143,402.86,20,89,20.143,191.43,9.5715,10.5715,TOMB030,,,,,,oliva|master blends torpedo|torpedo
Oliva,img/icons/manufacturers/oliva.svg,Oliva,,img/icons/brands/oliva.svg,NEOS,Neos Exotic Blue,,,10,,,,,,,,,,,,FS,,,,,9.4,94,10,89,9.4,42.0,4.2,5.2,MENE003,,,,,,oliva|neos exotic blue|
Oliva,img/icons/manufacturers/oliva.svg,Oliva,,img/icons/brands/oliva.svg,NEOS,Neos Exotic Filter,,,10,,,,,,,,,,,,FS,,,,,9.4,94,10,89,9.4,42.0,4.2,5.2,MENE004,,,,,,oliva|neos exotic filter|
Oliva,img/icons/manufacturers/oliva.svg,Oliva,,img/icons/brands/oliva.svg,NEOS,Neos Red Vanilla,,,10,,,,,,,,,,,,FS,,,,,9.61,96.1,10,89,9.61,43.05,4.305,5.305,MENF001,,,,,,oliva|neos red vanilla|
Oliva,img/icons/manufacturers/oliva.svg,Oliva,,img/icons/brands/oliva.svg,NEOS,Neos Ruby Cherry,,,10,,,,,,,,,,,,FS,,,,,9.61,96.1,10,89,9.61,43.05,4.305,5.305,MENF002,,,,,,oliva|neos ruby cherry|
Oliva,img/icons/manufacturers/oliva.svg,Oliva,,img/icons/brands/oliva.svg,NEOS,Neos Mini Java,,,10,,,,,,,,,,,,FS,,,,,9.61,96.1,10,89,9.61,43.05,4.305,5.305,MENM009,,,,,,oliva|neos mini java|
Oliva,img/icons/manufacturers/oliva.svg,Oliva,,img/icons/brands/oliva.svg,NEOS,Neos Cappriccio,,,10,,,,,,,,,,,,FS,,,,,9.61,96.1,10,89,9.61,43.05,4.305,5.305,MENS001,,,,,,oliva|neos cappriccio|
Oliva,img/icons/manufacturers/oliva.svg,Oliva,,img/icons/brands/oliva.svg,NEOS,Neos Brown Chocolate,,,10,,,,,,,,,,,,FS,,,,,9.61,96.1,10,89,9.61,43.05,4.305,5.305,MENS002,,,,,,oliva|neos brown chocolate|
,,Oliva,,,O Classic,Ole,,Toro,6,50,Parejo,Nicaragua,Nicaragua,Nicaragua,Nicaragua,,,,,,,,,,,0.0,,,89,,,,,,,,Aficionado,2005.0,9.0,oliva|ole|toro
Oliva,img/icons/manufacturers/oliva.svg,Oliva,,img/icons/brands/oliva.svg,Samplers,NUB SAMPLER (4),,,4,,,,,,,,,,,,,,Pack,,,16.14,,4,89,16.14,30.28,7.57,8.57,TNSA004,,,,,,oliva|nub sampler (4)|
Oliva,img/icons/manufacturers/oliva.svg,Oliva,,img/icons/brands/oliva.svg,Samplers,CAIN VAR SAMPLER (5),,,5,,,,,,,,,,,,,,,,,10.084,,5,89,10.084,22.71,4.542,5.542,TCSA002,,,,,,oliva|cain var sampler (5)|
,,Oliva,,,Serie G,Cameroon Robusto,,Robusto,4.5,50,Parejo,Cameroon,Nicaragua,Nicaragua,Nicaragua,,,,,,,,,,,0.0,,,89,,,,,,,,Aficionado,2006.0,11.0,oliva|cameroon robusto|robusto
Oliva,img/icons/manufacturers/oliva.svg,Oliva,,img/icons/brands/oliva.svg,Serie G,Serie G Toro Tubo 6x50,,Toro,6,50,Parejo,,,,,,,,,,,,,,,10.518,105.18,10,89,10.518,47.59,4.759,5.759,TOGX070,,,,,,oliva|serie g toro tubo 6x50|toro
Oliva,img/icons/manufacturers/oliva.svg,Oliva,,img/icons/brands/oliva.svg,Serie G,Serie G Belicoso 5x52,,Belicoso,5,52,Belicoso,,,,,,,,,,,,,,,9.3928,234.82,25,89,9.3928,104.91,4.1964,5.1964,TOGX030,,,,,,oliva|serie g belicoso 5x52|belicoso
Oliva,img/icons/manufacturers/oliva.svg,Oliva,,img/icons/brands/oliva.svg,Serie G,Serie G Figurado 6.5x60,,Figurado,6.5,60,Figurado,,,,,,,,,,,,,,,10.604,265.1,25,89,10.604,120.05,4.802,5.802,TOGX090,,,,,,oliva|serie g figurado 6.5x60|figurado
Oliva,img/icons/manufacturers/oliva.svg,Oliva,,img/icons/brands/oliva.svg,Serie G,Serie G Robusto 4.5x50,,Robusto,4.5,50,Parejo,,,,,,,,,,,,,,,9.2192,230.48,25,89,9.2192,102.74,4.1096,5.1096,TOGX020,,,,,,oliva|serie g robusto 4.5x50|robusto
Oliva,img/icons/manufacturers/oliva.svg,Oliva,,img/icons/brands/oliva.svg,Serie G,Serie G Churchill 7x50,,Churchill,7,50,Parejo,,,,,,,,,,,,,,,9.5656,239.14,25,89,9.5656,107.07,4.2828,5.2828,TOGX100,,,,,,oliva|serie g churchill 7x50|churchill
Oliva,img/icons/manufacturers/oliva.svg,Oliva,,img/icons/brands/oliva.svg,Serie G,Serie G Toro 6x50,,Toro,6,50,Parejo,,,,,,,,,,,,,,,9.5656,239.14,25,89,9.5656,107.07,4.2828,5.2828,TOGX060,,,,,,oliva|serie g toro 6x50|toro
Oliva,img/icons/manufacturers/oliva.svg,Oliva,,img/icons/brands/oliva.svg,Serie G,Serie G 5x54 Double Robusto,,Gordo,5,54,Parejo,,,,,,,,,,,,,,,11.1232,278.08,25,89,11.1232,126.54,5.0616,6.0616,TOGX040,,,,,,oliva|serie g 5x54 double robusto|gordo
Oliva,img/icons/manufacturers/oliva.svg,Oliva,,img/icons/brands/oliva.svg,Serie G,Serie G Torpedo 6.5x52,,Torpedo,6,52,Torpedo,,,,,,,,,,,,,,,9.5656,239.14,25,89,9.5656,107.07,4.2828,5.2828,TOGX080,,,,,,oliva|serie g torpedo 6.5x52|torpedo
Oliva,img/icons/manufacturers/oliva.svg,Oliva,,img/icons/brands/oliva.svg,Serie G,Serie G Special G 3.75x48,,Petit Corona,3.75,48,Parejo,,,,,,,,,,,,,,,7.80458333333334,374.62,48,89,7.80458333333334,163.31,3.40229166666667,4.40229166666667,TOGX010,,,,,,oliva|serie g special g 3.75x48|petit corona
Oliva,img/icons/manufacturers/oliva.svg,Oliva,,img/icons/brands/oliva.svg,Serie G Maduro,Serie G Maduro Belicoso 5x52,,Belicoso,5,52,Belicoso,,,,,,,,,,,,,,,9.9225,238.14,24,89,9.9225,107.07,4.46125,5.46125,TOGM030,,,,,,oliva|serie g maduro belicoso 5x52|belicoso
Oliva,img/icons/manufacturers/oliva.svg,Oliva,,img/icons/brands/oliva.svg,Serie G Maduro,Serie G Maduro Robusto 4.5x50,,Robusto,4.5,50,Parejo,,,,,,,,,,,,,,,9.47166666666666,227.32,24,89,9.47166666666666,101.66,4.23583333333333,5.23583333333333,TOGM020,,,,,,oliva|serie g maduro robusto 4.5x50|robusto
Oliva,img/icons/manufacturers/oliva.svg,Oliva,,img/icons/brands/oliva.svg,Serie G Maduro,Serie G Maduro Churchill 7x50,,Churchill,7,50,Parejo,,,,,,,,,,,,,,,10.1025,242.46,24,89,10.1025,109.23,4.55125,5.55125,TOGM060,,,,,,oliva|serie g maduro churchill 7x50|churchill
Oliva,img/icons/manufacturers/oliva.svg,Oliva,,img/icons/brands/oliva.svg,Serie G Maduro,Serie G Maduro Perfecto 5.75x54,,Perfecto,5.75,54,Perfecto,,,,,,,,,,,,,,,11.0041666666667,264.1,24,89,11.0041666666667,120.05,5.00208333333333,6.00208333333337,TOGM040,,,,,,oliva|serie g maduro perfecto 5.75x54|perfecto
Oliva,img/icons/manufacturers/oliva.svg,Oliva,,img/icons/brands/oliva.svg,Serie G Maduro,Serie G Maduro Presidente 8x52,,Presidente,8,52,Presidente,,,,,,,,,,,,,,,11.0941666666667,266.26,24,89,11.0941666666667,121.13,5.04708333333333,6.04708333333337,TOGM070,,,,,,oliva|serie g maduro presidente 8x52|presidente
Oliva,img/icons/manufacturers/oliva.svg,Oliva,,img/icons/brands/oliva.svg,Serie G Maduro,Serie G Maduro Torpedo 6.5x52,,Torpedo,6.5,52,Torpedo,,,,,,,,,,,,,,,10.6433333333333,255.44,24,89,10.6433333333333,115.72,4.82166666666667,5.82166666666663,TOGM050,,,,,,oliva|serie g maduro torpedo 6.5x52|torpedo
Oliva,img/icons/manufacturers/oliva.svg,Oliva,,img/icons/brands/oliva.svg,Serie G Maduro,Serie G Maduro Special G 3.75x48,,Petit Corona,3.75,48,Parejo,,,,,,,,,,,,,,,7.89458333333334,378.94,48,89,7.89458333333334,165.47,3.44729166666667,4.44729166666667,TOGM010,,,,,,oliva|serie g maduro special g 3.75x48|petit corona
Oliva,img/icons/manufacturers/oliva.svg,Oliva,,img/icons/brands/oliva.svg,Serie O,Serie O Robusto Tubo 5x50,,Robusto,5,50,Parejo,,,,,,,,,,,,,,,11.382,113.82,10,89,11.382,51.91,5.191,6.191,TOOX030,,,,,,oliva|serie o robusto tubo 5x50|robusto
Oliva,img/icons/manufacturers/oliva.svg,Oliva,,img/icons/brands/oliva.svg,Serie O,Serie O Toro Tubo 6x50,,Toro,6,50,Parejo,,,,,,,,,,,,,,,11.816,118.16,10,89,11.816,54.08,5.408,6.408,TOOX080,,,,,,oliva|serie o toro tubo 6x50|toro
Oliva,img/icons/manufacturers/oliva.svg,Oliva,,img/icons/brands/oliva.svg,Serie O,Serie O Double Toro 6x60,,Gordo,6,60,Parejo,,,,,,,,,,,,,,,13.33,133.3,10,89,13.33,61.65,6.165,7.165,TOOX090,,,,,,oliva|serie o double toro 6x60|gordo
Oliva,img/icons/manufacturers/oliva.svg,Oliva,,img/icons/brands/oliva.svg,Serie O,Serie O Corona 6x46,,Corona,6,46,Parejo,,,,,,,,,,,,,,,10.085,201.7,20,89,10.085,90.85,4.5425,5.5425,TOOX060,,,,,,oliva|serie o corona 6x46|corona
Oliva,img/icons/manufacturers/oliva.svg,Oliva,,img/icons/brands/oliva.svg,Serie O,Serie O Robusto 5x50,,Robusto,5,50,Parejo,,,,,,,,,,,,,,,10.085,201.7,20,89,10.085,90.85,4.5425,5.5425,TOOX020,,,,,,oliva|serie o robusto 5x50|robusto
Oliva,img/icons/manufacturers/oliva.svg,Oliva,,img/icons/brands/oliva.svg,Serie O,Serie O Toro 6x50,,Toro,6,50,Parejo,,,,,,,,,,,,,,,10.842,216.84,20,89,10.842,98.42,4.921,5.921,TOOX070,,,,,,oliva|serie o toro 6x50|toro
Oliva,img/icons/manufacturers/oliva.svg,Oliva,,img/icons/brands/oliva.svg,Serie O,Serie O Churchill 7x50,,Churchill,7,50,Parejo,,,,,,,,,,,,,,,11.491,229.82,20,89,11.491,104.91,5.2455,6.2455,TOOX110,,,,,,oliva|serie o churchill 7x50|churchill
Oliva,img/icons/manufacturers/oliva.svg,Oliva,,img/icons/brands/oliva.svg,Serie O,Serie O Perfecto 5x55,,Perfecto,5,55,Perfecto,,,,,,,,,,,,,,,12.572,251.44,20,89,12.572,115.72,5.786,6.786,TOOX040,,,,,,oliva|serie o perfecto 5x55|perfecto
Oliva,img/icons/manufacturers/oliva.svg,Oliva,,img/icons/brands/oliva.svg,Serie O,Serie O Torpedo 6.5x52,,Torpedo,6.5,62,Torpedo,,,,,,,,,,,,,,,11.491,229.82,20,89,11.491,104.91,5.2455,6.2455,TOOX100,,,,,,oliva|serie o torpedo 6.5x52|torpedo
Oliva,img/icons/manufacturers/oliva.svg,Oliva,,img/icons/brands/oliva.svg,Serie O,Serie O No. 4 Petit Corona 5x43,,Petit Corona,5,43,Parejo,,,,,,,,,,,,,,,8.78666666666666,263.6,30,89,8.78666666666666,116.8,3.89333333333333,4.89333333333333,TOOX050,,,,,,oliva|serie o no. 4 petit corona 5x43|petit corona
Oliva,img/icons/manufacturers/oliva.svg,Oliva,,img/icons/brands/oliva.svg,Serie O Maduro,Serie O Maduro Double Toro 6x60,,Gordo,6,60,Parejo,,,,,,,,,,,,,,,15.06,150.6,10,89,15.06,70.3,7.03,8.03,TOOM030,,,,,,oliva|serie o maduro double toro 6x60|gordo
Oliva,img/icons/manufacturers/oliva.svg,Oliva,,img/icons/brands/oliva.svg,Serie O Maduro,Serie O Maduro Robusto 5x50,,Robusto,5,50,Parejo,,,,,,,,,,,,,,,11.815,236.3,20,89,11.815,108.15,5.4075,6.4075,TOOM010,,,,,,oliva|serie o maduro robusto 5x50|robusto
Oliva,img/icons/manufacturers/oliva.svg,Oliva,,img/icons/brands/oliva.svg,Serie O Maduro,Serie O Maduro Churchill 7x50,,Churchill,7,50,Parejo,,,,,,,,,,,,,,,12.68,253.6,20,89,12.68,116.8,5.84,6.84,TOOM040,,,,,,oliva|serie o maduro churchill 7x50|churchill
Oliva,img/icons/manufacturers/oliva.svg,Oliva,,img/icons/brands/oliva.svg,Serie O Maduro,Serie O Maduro Double Robusto 5x54,,Robusto Gordo,5,54,Parejo,,,,,,,,,,,,,,,13.005,260.1,20,89,13.005,120.05,6.0025,7.0025,TOOM070,,,,,,oliva|serie o maduro double robusto 5x54|robusto gordo
Oliva,img/icons/manufacturers/oliva.svg,Oliva,,img/icons/brands/oliva.svg,Serie O Maduro,Serie O Maduro Torpedo 6.5x52,,Torpedo,6.5,52,Torpedo,,,,,,,,,,,,,,,13.221,264.42,20,89,13.221,122.21,6.1105,7.1105,TOOM020,,,,,,oliva|serie o maduro torpedo 6.5x52|torpedo
,,Oliva,,,Serie V,Churchill Extra,https://www.cigaraficionado.com/top25cigar/oliva-serie-v-churchill-extra-2007,Toro,7,52,Parejo,Nicaragua,Nicaragua,Nicaragua,Nicaragua,,,,,,,,,,,0.0,,,89,,,,,,,,Aficionado,2007.0,6.0,oliva|churchill extra|toro
,,Oliva,,,Serie V,Churchill Extra,https://www.cigaraficionado.com/top25cigar/oliva-series-v-churchill-extra-2008,Toro,7,52,Parejo,Nicaragua,Nicaragua,Nicaragua,Nicaragua,,,,,,,,,,,0.0,,,89,,,,,,,,Aficionado,2008.0,6.0,oliva|churchill extra|toro
,,Oliva,,,Serie V,Double Toro,https://www.cigaraficionado.com/top25cigar/oliva-series-v-double-toro-2009,Toro,6,60,Parejo,Nicaragua,Nicaragua,Nicaragua,Nicaragua,,,,,,,,,,,0.0,,,89,,,,,,,,Aficionado,2009.0,5.0,oliva|double toro|toro
,,Oliva,,,Serie V,Double Robusto,https://www.cigaraficionado.com/top25cigar/oliva-series-v-double-robusto-2010,Double Robusto,5,54,,Nicaragua,Nicaragua,Nicaragua,Nicaragua,,,,,,,,,,,0.0,,,89,,,,,,,,Aficionado,2010.0,7.0,oliva|double robusto|double robusto
,,Oliva,,,Serie V,Double Robusto,https://www.cigaraficionado.com/top25cigar/oliva-series-v-double-robusto-2011,Double Robusto,5,54,,Nicaragua,Nicaragua,Nicaragua,Nicaragua,,,,,,,,,,,0.0,,,89,,,,,,,,Aficionado,2011.0,6.0,oliva|double robusto|double robusto
,,Oliva,,,Serie V,Melanio Toro,https://www.cigaraficionado.com/top25cigar/oliva-serie-v-melanio-toro-2012,Toro,6,52,Parejo,Ecuador Sumatra,Nicaragua,Nicaragua,Nicaragua,,,,,,,,,,,0.0,,,89,,,,,,,,Aficionado,2012.0,11.0,oliva|melanio toro|toro
,,Oliva,,,Serie V,Melanio Robusto,https://www.cigaraficionado.com/top25cigar/oliva-serie-v-melanio-robusto-2013,Robusto,5,52,Parejo,Ecuador Sumatra,Nicaragua,Nicaragua,Nicaragua,,,,,,,,,,,0.0,,,89,,,,,,,,Aficionado,2013.0,10.0,oliva|melanio robusto|robusto
,,Oliva,,,Serie V,Double Robusto,https://www.cigaraficionado.com/top25cigar/oliva-series-v-double-robusto-2014,Double Robusto,5,54,,Nicaragua,Nicaragua,Nicaragua,Nicaragua,,,,,,,,,,,0.0,,,89,,,,,,,,Aficionado,2014.0,7.0,oliva|double robusto|double robusto
,,Oliva,,,Serie V,Serie V Belicoso,https://www.cigaraficionado.com/top25/2017/oliva-serie-v-belicoso,Belicoso,5,54,Belicoso,Nicaragua,Nicaragua,Nicaragua,Nicaragua,,,,,,,,,,,0.0,,,89,,,,,,,,Aficionado,2017.0,3.0,oliva|serie v belicoso|belicoso
,,Oliva,,,Serie V,Serie V Belicoso,https://www.cigaraficionado.com/top25/2018/oliva-serie-v-belicoso,Belicoso,5,54,Belicoso,Ecuador,Nicaragua,Nicaragua,Nicaragua,,,,,,,,,,,0.0,,,89,,,,,,,,Aficionado,2018.0,13.0,oliva|serie v belicoso|belicoso
,,Oliva,,,Serie V,Serie V Lancero,https://www.cigaraficionado.com/top25/2019/oliva-serie-v-lancero,Lancero,7,38,Parejo,Nicaragua,Nicaragua,Nicaragua,Nicaragua,,,,,,,,,,,0.0,,,89,,,,,,,,Aficionado,2019.0,6.0,oliva|serie v lancero|lancero
,,Oliva,,,Serie V,Melanio Maduro Churchill,https://www.cigaraficionado.com/top25/2022/oliva-serie-v-melanio-maduro-churchill,Churchill,7,50,Parejo,Mexico,Nicaragua,Nicaragua,Nicaragua,Maduro,,,,,,,,,,0.0,,,89,,,,,,,,Aficionado,2022.0,21.0,oliva|melanio maduro churchill|churchill
,,Oliva,,,Serie V,Double Robusto,https://www.cigaraficionado.com/top25/2022/oliva-serie-v-double-robusto,Robusto,5,54,Parejo,Ecuador,Nicaragua,Nicaragua,Nicaragua,,,,,,,,,,,0.0,,,89,,,,,,,,Aficionado,2022.0,24.0,oliva|double robusto|robusto
Oliva,img/icons/manufacturers/oliva.svg,Oliva,,img/icons/brands/oliva.svg,Serie V,Serie V 135th Anniversary Figurado 5.75x54,,Figurado,5.75,54,Figurado,,,,,,,,,,,,,,,15.1416666666667,181.7,12,89,15.1416666666667,84.85,7.07083333333333,8.07083333333337,TOVX190,,,,,,oliva|serie v 135th anniversary figurado 5.75x54|figurado
Oliva,img/icons/manufacturers/oliva.svg,Oliva,,img/icons/brands/oliva.svg,Serie V,Serie V 5x54 Double Robusto Tubos,,Robusto Gordo,5,54,Parejo,,,,,,,,,,,,,,,14.88,178.56,12,89,14.88,83.28,6.94,7.94,TOVX011,,,,,,oliva|serie v 5x54 double robusto tubos|robusto gordo
Oliva,img/icons/manufacturers/oliva.svg,Oliva,,img/icons/brands/oliva.svg,Serie V,Serie V Belicoso 5x54,,Belicoso,5,54,Belicoso,,,,,,,,,,,,,,,13.1666666666667,316,24,89,13.1666666666667,146.0,6.08333333333333,7.08333333333337,TOVX070,,,,,,oliva|serie v belicoso 5x54|belicoso
Oliva,img/icons/manufacturers/oliva.svg,Oliva,,img/icons/brands/oliva.svg,Serie V,Serie V Special Figurado 6.5x60,,Figurado,6.5,60,Figurado,,,,,,,,,,,,,,,18.0333333333333,432.8,24,89,18.0333333333333,204.4,8.51666666666667,9.51666666666663,TOVX050,,,,,,oliva|serie v special figurado 6.5x60|figurado
Oliva,img/icons/manufacturers/oliva.svg,Oliva,,img/icons/brands/oliva.svg,Serie V,Serie V No. 4 Petit Corona 5x43,,Petit Corona,5,43,Parejo,,,,,,,,,,,,,,,10.5533333333333,253.28,24,89,10.5533333333333,114.64,4.77666666666667,5.77666666666663,TOVX110,,,,,,oliva|serie v no. 4 petit corona 5x43|petit corona
Oliva,img/icons/manufacturers/oliva.svg,Oliva,,img/icons/brands/oliva.svg,Serie V,Serie V 5x54 Double Robusto,,Robusto Gordo,5,54,Parejo,,,,,,,,,,,,,,,13.1666666666667,316,24,89,13.1666666666667,146.0,6.08333333333333,7.08333333333337,TOVX010,,,,,,oliva|serie v 5x54 double robusto|robusto gordo
Oliva,img/icons/manufacturers/oliva.svg,Oliva,,img/icons/brands/oliva.svg,Serie V,Serie V Double Toro 6x60,,Gordo,6,60,Parejo,,,,,,,,,,,,,,,16.0508333333333,385.22,24,89,16.0508333333333,180.61,7.52541666666667,8.52541666666663,TOVX030,,,,,,oliva|serie v double toro 6x60|gordo
Oliva,img/icons/manufacturers/oliva.svg,Oliva,,img/icons/brands/oliva.svg,Serie V,Serie V Churchill Extra 7x52,,Churchill,7,52,Parejo,,,,,,,,,,,,,,,16.5016666666667,396.04,24,89,16.5016666666667,186.02,7.75083333333333,8.75083333333337,TOVX040,,,,,,oliva|serie v churchill extra 7x52|churchill
Oliva,img/icons/manufacturers/oliva.svg,Oliva,,img/icons/brands/oliva.svg,Serie V,Serie V Torpedo 6x54,,Torpedo,6,56,Torpedo,,,,,,,,,,,,,,,15.51,372.24,24,89,15.51,174.12,7.255,8.255,TOVX020,,,,,,oliva|serie v torpedo 6x54|torpedo
Oliva,img/icons/manufacturers/oliva.svg,Oliva,,img/icons/brands/oliva.svg,Serie V,Serie V Lancero 7x38,,Lancero,7,38,Parejo,,,,,,,,,,,,,,,12.1755555555556,438.32,36,89,12.1755555555556,201.16,5.58777777777778,6.58777777777782,TOVX060,,,,,,oliva|serie v lancero 7x38|lancero
Oliva,img/icons/manufacturers/oliva.svg,Oliva,,img/icons/brands/oliva.svg,Serie V Club Cigarillos,Serie V Club Cigarillos,,Cigarillo,3.78,22,Parejo,,,,,,,,,,,,,,,0.0,,100,89,2.166,58.3,0.583,1.583,MOVX001,,,,,,oliva|serie v club cigarillos|cigarillo
Oliva,img/icons/manufacturers/oliva.svg,Oliva,,img/icons/brands/oliva.svg,Serie V Maduro,Serie V Maduro 5x54 Double Robusto,,Robusto Gordo,5,54,Parejo,,,,,,,,,,,,,,,13.762,137.62,10,89,13.762,63.81,6.381,7.381,TOVM070,,,,,,oliva|serie v maduro 5x54 double robusto|robusto gordo
Oliva,img/icons/manufacturers/oliva.svg,Oliva,,img/icons/brands/oliva.svg,Serie V Maduro,Serie V Maduro Toro 6x50,,Toro,6,50,Parejo,,,,,,,,,,,,,,,15.06,150.6,10,89,15.06,70.3,7.03,8.03,TOVM060,,,,,,oliva|serie v maduro toro 6x50|toro
Oliva,img/icons/manufacturers/oliva.svg,Oliva,,img/icons/brands/oliva.svg,Serie V Maduro,Serie V Maduro Double Toro 6x60,,Gordo,6,60,Parejo,,,,,,,,,,,,,,,15.924,159.24,10,89,15.924,74.62,7.462,8.462,TOVM082,,,,,,oliva|serie v maduro double toro 6x60|gordo
Oliva,img/icons/manufacturers/oliva.svg,Oliva,,img/icons/brands/oliva.svg,Serie V Maduro,Serie V Maduro Torpedo 6x54,,Torpedo,6,54,Torpedo,,,,,,,,,,,,,,,15.492,154.92,10,89,15.492,72.46,7.246,8.246,TOVM050,,,,,,oliva|serie v maduro torpedo 6x54|torpedo
,,Oliva,,,Serie V MELANIO,Churchill,,Churchill,,,Parejo,Ecuador,Dominican Republic,Dominican Republic,Nicaragua,,,,,,,,,,,0.0,,,89,,,,,,,,Cigar Journal,2013.0,4.0,oliva|churchill|churchill
,,Oliva,,,Serie V Melanio,Figurado,https://www.cigaraficionado.com/top25cigar/oliva-serie-v-melanio-figurado-2014,Figurado,6.5,52,Figurado,Ecuador Sumatra,Nicaragua,Nicaragua,Nicaragua,,,,,,,,,,,0.0,,,89,,,,,,,,Aficionado,2014.0,1.0,oliva|figurado|figurado
,,Oliva,,,Serie V Melanio,Double Toro,,Toro,,,Parejo,Ecuador,Nicaragua,Nicaragua,Nicaragua,,,,,,,,,,,0.0,,,89,,,,,,,,Cigar Journal,2014.0,5.0,oliva|double toro|toro
,,Oliva,,,Serie V Melanio,Figurado,https://www.cigaraficionado.com/top25cigar/oliva-serie-v-melanio-figurado-2015,Figurado,6.5,52,Figurado,Ecuador Sumatra,Nicaragua,Nicaragua,Nicaragua,,,,,,,,,,,0.0,,,89,,,,,,,,Aficionado,2015.0,4.0,oliva|figurado|figurado
,,Oliva,,,Serie V Melanio,Robusto,https://www.cigaraficionado.com/top25cigar/oliva-serie-v-melanio-robusto-2016,Robusto,5,52,Parejo,Ecuador Sumatra,Nicaragua,Nicaragua,Nicaragua,,,,,,,,,,,0.0,,,89,,,,,,,,Aficionado,2016.0,8.0,oliva|robusto|robusto
,,Oliva,,,Serie V Melanio,Serie V Melanio Churchill,https://www.cigaraficionado.com/top25/2018/oliva-serie-v-melanio-churchill,Churchill,7,50,Parejo,Ecuador,Nicaragua,Nicaragua,Nicaragua,,,,,,,,,,,0.0,,,89,,,,,,,,Aficionado,2018.0,8.0,oliva|serie v melanio churchill|churchill
,,Oliva,,,Serie V Melanio,Melanio Churchill,https://www.cigaraficionado.com/top25/2020/oliva-serie-v-melanio-churchill,Churchill,7,50,Parejo,Ecuador,Nicaragua,Nicaragua,Nicaragua,,,,,,,,,,,0.0,,,89,,,,,,,,Aficionado,2020.0,8.0,oliva|melanio churchill|churchill
,,Oliva,,,Serie V Melanio,Melanio Limited Edition 2020 Toro Grande,,Toro,6.5,54,Parejo,Ecuador,Nicaragua,Nicaragua,Nicaragua,,,,,,,,,,,0.0,,,89,,,,,,,,Cigar Journal,2021.0,7.0,oliva|melanio limited edition 2020 toro grande|toro
,,Oliva,,,Serie V Melanio,Oliva Serie V Melanio Figurado,,Figurado,6.5,52,Figurado,Ecuador,Nicaragua,Nicaragua,Nicaragua,,,,,,,,,,,0.0,,,89,,,,,,,,Aficionado,2022.0,5.0,oliva|oliva serie v melanio figurado|figurado
,,Oliva,,,Serie V Melanio,Oliva Serie V Melanio Toro,/mnt/data/Screenshot 2025-11-20 at 9.40.39 PM.png,Toro,6,52,Parejo,Ecuador,Nicaragua,Nicaragua,Nicaragua,,,,,,,,,,,0.0,,,89,,,,,,,,Aficionado,2023.0,3.0,oliva|oliva serie v melanio toro|toro
Oliva,img/icons/manufacturers/oliva.svg,Oliva,,img/icons/brands/oliva.svg,Serie V Melanio,Serie V Melanio Figurado,,Figurado,6.5,52,Figurado,,,,,,,,,,,,,,,22.168,221.68,10,89,22.168,105.84,10.584,11.584,TOVE040,,,,,,oliva|serie v melanio figurado|figurado
Oliva,img/icons/manufacturers/oliva.svg,Oliva,,img/icons/brands/oliva.svg,Serie V Melanio,Serie V Melanio No. 4 Petit Corona 4.5x46,,Petit Corona,4.5,46,Parejo,,,,,,,,,,,,,,,12.908,129.08,10,89,12.908,59.54,5.954,6.954,TOVE010,,,,,,oliva|serie v melanio no. 4 petit corona 4.5x46|petit corona
Oliva,img/icons/manufacturers/oliva.svg,Oliva,,img/icons/brands/oliva.svg,Serie V Melanio,Serie V Melanio Robusto 5x52,,Robusto,5,52,Parejo,,,,,,,,,,,,,,,15.554,155.54,10,89,15.554,72.77,7.277,8.277,TOVE020,,,,,,oliva|serie v melanio robusto 5x52|robusto
Oliva,img/icons/manufacturers/oliva.svg,Oliva,,img/icons/brands/oliva.svg,Serie V Melanio,Serie V Melanio 2025 Limitada Double Robusto 5x54,,Robusto,5,54,Parejo,,,,,,,,,,,,,,,19.0,190,10,89,19.0,90.0,9.0,10.0,TOVE277,,,,,,oliva|serie v melanio 2025 limitada double robusto 5x54|robusto
Oliva,img/icons/manufacturers/oliva.svg,Oliva,,img/icons/brands/oliva.svg,Serie V Melanio,Serie V Melanio Toro 6x52,,Toro,6,52,Parejo,,,,,,,,,,,,,,,19.522,195.22,10,89,19.522,92.61,9.261,10.261,TOVE100,,,,,,oliva|serie v melanio toro 6x52|toro
Oliva,img/icons/manufacturers/oliva.svg,Oliva,,img/icons/brands/oliva.svg,Serie V Melanio,Serie V Melanio Churchill 7x50,,Churchill,7,50,Parejo,,,,,,,,,,,,,,,20.624,206.24,10,89,20.624,98.12,9.812,10.812,TOVE050,,,,,,oliva|serie v melanio churchill 7x50|churchill
Oliva,img/icons/manufacturers/oliva.svg,Oliva,,img/icons/brands/oliva.svg,Serie V Melanio,Serie V Melanio Double Toro 6x60,,Gordo,6,60,Parejo,,,,,,,,,,,,,,,22.168,221.68,10,89,22.168,105.84,10.584,11.584,TOVE060,,,,,,oliva|serie v melanio double toro 6x60|gordo
Oliva,img/icons/manufacturers/oliva.svg,Oliva,,img/icons/brands/oliva.svg,Serie V Melanio,Serie V Melanio Torpedo,,Torpedo,6.5,52,Torpedo,,,,,,,,,,,,,,,20.624,206.24,10,89,20.624,98.12,9.812,10.812,TOVE030,,,,,,oliva|serie v melanio torpedo|torpedo
,,Oliva,,,Serie V Melanio Maduro,Oliva Serie V Melanio Maduro Churchill,https://www.cigaraficionado.com/top25/2021/oliva-serie-v-melanio-maduro-churchill,Churchill,7,50,Parejo,Mexico,Nicaragua,Nicaragua,Nicaragua,Maduro,,,,,,,,,,0.0,,,89,,,,,,,,Aficionado,2021.0,7.0,oliva|oliva serie v melanio maduro churchill|churchill
Oliva,img/icons/manufacturers/oliva.svg,Oliva,,img/icons/brands/oliva.svg,Serie V Melanio Maduro,Serie V Melanio Maduro Torpedo,,Torpedo,6.5,52,Torpedo,,,,,,,,,,,,,,,20.624,206.24,10,89,20.624,98.12,9.812,10.812,TOVL020,,,Aficionado,2024.0,6.0,oliva|serie v melanio maduro torpedo|torpedo
Oliva,img/icons/manufacturers/oliva.svg,Oliva,,img/icons/brands/oliva.svg,Serie V Melanio Maduro,Serie V Melanio Maduro Figurado,,Figurado,6.5,52,Figurado,,,,,,,,,,,,,,,22.168,221.68,10,89,22.168,105.84,10.584,11.584,TOVL040,,,,,,oliva|serie v melanio maduro figurado|figurado
Oliva,img/icons/manufacturers/oliva.svg,Oliva,,img/icons/brands/oliva.svg,Serie V Melanio Maduro,Serie V Melanio Maduro No. 4 Petit Corona 4.5x46,,Petit Corona,4.5,46,Parejo,,,,,,,,,,,,,,,12.908,129.08,10,89,12.908,59.54,5.954,6.954,TOVL110,,,,,,oliva|serie v melanio maduro no. 4 petit corona 4.5x46|petit corona
Oliva,img/icons/manufacturers/oliva.svg,Oliva,,img/icons/brands/oliva.svg,Serie V Melanio Maduro,Serie V Melanio Maduro Robusto 5x52,,Robusto,5,52,Parejo,,,,,,,,,,,,,,,15.554,155.54,10,89,15.554,72.77,7.277,8.277,TOVL010,,,,,,oliva|serie v melanio maduro robusto 5x52|robusto
Oliva,img/icons/manufacturers/oliva.svg,Oliva,,img/icons/brands/oliva.svg,Serie V Melanio Maduro,Serie V Melanio Maduro Toro 6x52,,Toro,6,52,Parejo,,,,,,,,,,,,,,FAV,19.522,195.22,10,89,19.522,92.61,9.261,10.261,TOVL100,,,,,,oliva|serie v melanio maduro toro 6x52|toro
Oliva,img/icons/manufacturers/oliva.svg,Oliva,,img/icons/brands/oliva.svg,Serie V Melanio Maduro,Serie V Melanio Maduro Churchill 7x50,,Churchill,7,50,Parejo,,,,,,,,,,,,,,,20.624,206.24,10,89,20.624,98.12,9.812,10.812,TOVL030,,,,,,oliva|serie v melanio maduro churchill 7x50|churchill
Oliva,img/icons/manufacturers/oliva.svg,Oliva,,img/icons/brands/oliva.svg,Serie V Melanio Maduro,Serie V Melanio Maduro Double Toro 6x60,,Gordo,6,60,Parejo,,,,,,,,,,,,,,FAV,22.168,221.68,10,89,22.168,105.84,10.584,11.584,TOVL060,,,,,,oliva|serie v melanio maduro double toro 6x60|gordo
Oliva,img/icons/manufacturers/oliva.svg,Oliva,,img/icons/brands/oliva.svg,Serie V Senoritas Cigarillos,Serie V Senoritas Cigarillos,,Cigarillo,4,31,Parejo,,,,,,,,,,,,,,,0.0,,50,89,3.4748,61.87,1.2374,2.2374,MOVX002,,,,,,oliva|serie v senoritas cigarillos|cigarillo
,,Oliva,,,Series O,Double Toro,https://www.cigaraficionado.com/top25cigar/oliva-series-o-double-toro-2015,Double Toro,6,60,,Nicaragua,Nicaragua,Nicaragua,Nicaragua,,,,,,,,,,,0.0,,,89,,,,,,,,Aficionado,2015.0,16.0,oliva|double toro|double toro
,,Oliva,,,Series V Melanio,Robusto Limitada 2018,,Robusto,,,Parejo,Ecuador,Nicaragua,Nicaragua,Nicaragua,,,,,,,,,,,0.0,,,89,,,,,,,,Cigar Journal,2019.0,15.0,oliva|robusto limitada 2018|robusto
,,Oliva,,,,OLIVA SERIE V MELANIO LIMITED EDITION 2021 4x60,,,4,60,,Ecuador,Nicaragua,Nicaragua,Nicaragua,,,,,,,,,,,0.0,,,89,,,,,,,,Cigar Journal,2022.0,10.0,oliva|oliva serie v melanio limited edition 2021 4x60|
,,Olmec,,,Claro,Olmec Claro Corona Gorda,https://www.cigaraficionado.com/top25/2023/olmec-claro-corona-gorda,Corona Gorda,5.5,48,Parejo,Mexico,Nicaragua,Nicaragua,Nicaragua,Claro,,,,,,,,,,0.0,,,89,,,,,,,,Aficionado,2023.0,20.0,olmec|olmec claro corona gorda|corona gorda
,,OneOff,,,Black & Tan,OneOff Black and Tan Robusto,https://www.cigaraficionado.com/top25cigar/oneoff-black-tan-robusto-2024,Robusto,5,50,Parejo,Nicaragua,Nicaragua,Nicaragua,Nicaragua,,,,,,,,,,,0.0,,,89,,,,,,,,Aficionado,2024.0,22.0,oneoff|oneoff black and tan robusto|robusto
,,OneOff,,,,53 Super Robusto,https://www.cigaraficionado.com/top25/2018/oneoff-53-super-robusto,Robusto,5.75,48,Parejo,Nicaragua,Nicaragua,Nicaragua,Nicaragua,,,,,,,,,,,0.0,,,89,,,,,,,,Aficionado,2018.0,23.0,oneoff|53 super robusto|robusto
,,OneOff,,,,One Off Corona Gorda,,Corona,,,Parejo,Honduras,Nicaragua,Nicaragua,Nicaragua,,,,,,,,,,,0.0,,,89,,,,,,,,Cigar Journal,2019.0,23.0,oneoff|one off corona gorda|corona
Arturo Fuente,img/icons/manufacturers/arturofuente.svg,Opus X,,img/icons/brands/opusx.svg,,Opus X Belicoso XXX,,Belicoso,4.625,49,Belicoso,Dominican Republic,Dominican Republic,Dominican Republic,Dominican Republic,,Medium-Full,,,,,,,,,0.0,,,89,,,,,,,,,,,opus x|opus x belicoso xxx|belicoso
Arturo Fuente,img/icons/manufacturers/arturofuente.svg,Opus X,,img/icons/brands/opusx.svg,,Opus X Destino Super Belicoso,,Belicoso,5.5,52,Belicoso,Dominican Republic,Dominican Republic,Dominican Republic,Dominican Republic,,Medium-Full,,,,,,,,,0.0,,,89,,,,,,,,,,,opus x|opus x destino super belicoso|belicoso
Arturo Fuente,img/icons/manufacturers/arturofuente.svg,Opus X,,img/icons/brands/opusx.svg,,Opus X OXO Oro Oscuro Super Belicoso,,Belicoso,5.5,52,Belicoso,Dominican Republic,Dominican Republic,Dominican Republic,Dominican Republic,,Medium-Full,,,,,,,,,0.0,,,89,,,,,,,,,,,opus x|opus x oxo oro oscuro super belicoso|belicoso
Arturo Fuente,img/icons/manufacturers/arturofuente.svg,Opus X,,img/icons/brands/opusx.svg,,Opus X Super Belicoso,,Belicoso,5.5,52,Belicoso,Dominican Republic,Dominican Republic,Dominican Republic,Dominican Republic,,Medium-Full,,,,,,,,,0.0,,,89,,,,,,,,,,,opus x|opus x super belicoso|belicoso
Arturo Fuente,img/icons/manufacturers/arturofuente.svg,Opus X,,img/icons/brands/opusx.svg,,Opus X Angels Share Reserva D Chateau,,Churchill,7,48,Parejo,Dominican Republic,Dominican Republic,Dominican Republic,Dominican Republic,,Medium-Full,,,,,,,,,0.0,,,89,,,,,,,,,,,opus x|opus x angels share reserva d chateau|churchill
Arturo Fuente,img/icons/manufacturers/arturofuente.svg,Opus X,,img/icons/brands/opusx.svg,,Opus X OXO Oro Oscuro Reserva d'Chateau,,Churchill,7,48,Parejo,Dominican Republic,Dominican Republic,Dominican Republic,Dominican Republic,,Medium-Full,,,,,,,,,0.0,,,89,,,,,,,,,,,opus x|opus x oxo oro oscuro reserva d'chateau|churchill
Arturo Fuente,img/icons/manufacturers/arturofuente.svg,Opus X,,img/icons/brands/opusx.svg,,Opus X Reserva d'Chateau,,Churchill,7,48,Parejo,Dominican Republic,Dominican Republic,Dominican Republic,Dominican Republic,,Medium-Full,,,,,,,,,0.0,,,89,,,,,,,,,,,opus x|opus x reserva d'chateau|churchill
Arturo Fuente,img/icons/manufacturers/arturofuente.svg,Opus X,,img/icons/brands/opusx.svg,,Opus X Perfecxion #5,,Corona,4.875,40,Parejo,Dominican Republic,Dominican Republic,Dominican Republic,Dominican Republic,,Medium-Full,,,,,,,,,0.0,,,89,,,,,,,,,,,opus x|opus x perfecxion #5|corona
Arturo Fuente,img/icons/manufacturers/arturofuente.svg,Opus X,,img/icons/brands/opusx.svg,,Opus X Perfecxion #4,,Corona,5.125,43,Parejo,Dominican Republic,Dominican Republic,Dominican Republic,Dominican Republic,,Medium-Full,,,,,,,,,0.0,,,89,,,,,,,,,,,opus x|opus x perfecxion #4|corona
Arturo Fuente,img/icons/manufacturers/arturofuente.svg,Opus X,,img/icons/brands/opusx.svg,,Opus X Petit Lancero,,Lancero,6.25,39,Parejo,Dominican Republic,Dominican Republic,Dominican Republic,Dominican Republic,,Medium-Full,,,,,,,,,0.0,,,89,,,,,,,,,,,opus x|opus x petit lancero|lancero
Arturo Fuente,img/icons/manufacturers/arturofuente.svg,Opus X,,img/icons/brands/opusx.svg,,Opus X OXO Oro Oscuro Corona Extra,,Corona Extra,5.625,46,Parejo,Dominican Republic,Dominican Republic,Dominican Republic,Dominican Republic,,Medium-Full,,,,,,,,,0.0,,,89,,,,,,,,,,,opus x|opus x oxo oro oscuro corona extra|corona extra
Arturo Fuente,img/icons/manufacturers/arturofuente.svg,Opus X,,img/icons/brands/opusx.svg,,Opus X Fuente Fuente Corona Extra,,Corona Extra,5.625,46,Parejo,Dominican Republic,Dominican Republic,Dominican Republic,Dominican Republic,,Medium-Full,,,,,,,,,0.0,,,89,,,,,,,,,,,opus x|opus x fuente fuente corona extra|corona extra
Arturo Fuente,img/icons/manufacturers/arturofuente.svg,Opus X,,img/icons/brands/opusx.svg,,Opus X Angels Share Double Corona,,Double Corona,7.625,49,Parejo,Dominican Republic,Dominican Republic,Dominican Republic,Dominican Republic,,Medium-Full,,,,,,,,,0.0,,,89,,,,,,,,,,,opus x|opus x angels share double corona|double corona
Arturo Fuente,img/icons/manufacturers/arturofuente.svg,Opus X,,img/icons/brands/opusx.svg,,Opus X Double Corona,,Double Corona,7.625,49,Parejo,Dominican Republic,Dominican Republic,Dominican Republic,Dominican Republic,,Medium-Full,,,,,,,,,0.0,,,89,,,,,,,,,,,opus x|opus x double corona|double corona
Arturo Fuente,img/icons/manufacturers/arturofuente.svg,Opus X,,img/icons/brands/opusx.svg,,Opus X Perfecxion A,,Gigante,9.25,47,Torpedo,Dominican Republic,Dominican Republic,Dominican Republic,Dominican Republic,,Medium-Full,,,,,,,,,0.0,,,89,,,,,,,,,,,opus x|opus x perfecxion a|gigante
Arturo Fuente,img/icons/manufacturers/arturofuente.svg,Opus X,,img/icons/brands/opusx.svg,,Opus X Destino Lancero,,Lancero,7.5,41,Torpedo,Dominican Republic,Dominican Republic,Dominican Republic,Dominican Republic,,Medium-Full,,,,,,,,,0.0,,,89,,,,,,,,,,,opus x|opus x destino lancero|lancero
Arturo Fuente,img/icons/manufacturers/arturofuente.svg,Opus X,,img/icons/brands/opusx.svg,,Opus X Perfecxion 888,,Lonsdale,6.875,44,Parejo,Dominican Republic,Dominican Republic,Dominican Republic,Dominican Republic,,Medium-Full,,,,,,,,,0.0,,,89,,,,,,,,,,,opus x|opus x perfecxion 888|lonsdale
Arturo Fuente,img/icons/manufacturers/arturofuente.svg,Opus X,,img/icons/brands/opusx.svg,,Opus X Pussy Cats Petit Corona,,Petit Corona,4.25,42,Parejo,Dominican Republic,Dominican Republic,Dominican Republic,Dominican Republic,,Medium-Full,,,,,,,,,0.0,,,89,,,,,,,,,,,opus x|opus x pussy cats petit corona|petit corona
Arturo Fuente,img/icons/manufacturers/arturofuente.svg,Opus X,,img/icons/brands/opusx.svg,,Opus X Love Affair,,Robusto,4.5,52,Parejo,Dominican Republic,Dominican Republic,Dominican Republic,Dominican Republic,,Medium-Full,,,,,,,,,0.0,,,89,,,,,,,,,,,opus x|opus x love affair|robusto
Arturo Fuente,img/icons/manufacturers/arturofuente.svg,Opus X,,img/icons/brands/opusx.svg,,Opus X Magnum O 36,,Short Gordo,4.75,56,Parejo,Dominican Republic,Dominican Republic,Dominican Republic,Dominican Republic,,Medium-Full,,,,,,,,,0.0,,,89,,,,,,,,,,,opus x|opus x magnum o 36|short gordo
Arturo Fuente,img/icons/manufacturers/arturofuente.svg,Opus X,,img/icons/brands/opusx.svg,,Opus X 2020 Dubai Arena d'Amor,,Robusto,5,52,Parejo,Dominican Republic,Dominican Republic,Dominican Republic,Dominican Republic,,Medium-Full,,,,,,,,,0.0,,,89,,,,,,,,,,,opus x|opus x 2020 dubai arena d'amor|robusto
Arturo Fuente,img/icons/manufacturers/arturofuente.svg,Opus X,,img/icons/brands/opusx.svg,,Opus X Forbidden X Deseos d'Amor,,Robusto,5.25,50,Parejo,Dominican Republic,Dominican Republic,Dominican Republic,Dominican Republic,,Medium-Full,,,,,,,,,0.0,,,89,,,,,,,,,,,opus x|opus x forbidden x deseos d'amor|robusto
Arturo Fuente,img/icons/manufacturers/arturofuente.svg,Opus X,,img/icons/brands/opusx.svg,,Opus X Forbidden X Heart of the Bull 1957,,Robusto,5.25,50,Parejo,Dominican Republic,Dominican Republic,Dominican Republic,Dominican Republic,,Medium-Full,,,,,,,,,0.0,,,89,,,,,,,,,,,opus x|opus x forbidden x heart of the bull 1957|robusto
Arturo Fuente,img/icons/manufacturers/arturofuente.svg,Opus X,,img/icons/brands/opusx.svg,,Opus X Angels Share Robusto,,Robusto,5.25,50,Parejo,Dominican Republic,Dominican Republic,Dominican Republic,Dominican Republic,,Medium-Full,,,,,,,,,0.0,,,89,,,,,,,,,,,opus x|opus x angels share robusto|robusto
Arturo Fuente,img/icons/manufacturers/arturofuente.svg,Opus X,,img/icons/brands/opusx.svg,,Opus X OXO Oro Oscuro Robusto,,Robusto,5.25,50,Parejo,Dominican Republic,Dominican Republic,Dominican Republic,Dominican Republic,,Medium-Full,,,,,,,,,0.0,,,89,,,,,,,,,,,opus x|opus x oxo oro oscuro robusto|robusto
Arturo Fuente,img/icons/manufacturers/arturofuente.svg,Opus X,,img/icons/brands/opusx.svg,,Opus X Forbidden X El Beso Prohibido,,Robusto,5.75,52,Parejo,Dominican Republic,Dominican Republic,Dominican Republic,Dominican Republic,,Medium-Full,,,,,,,,,0.0,,,89,,,,,,,,,,,opus x|opus x forbidden x el beso prohibido|robusto
Arturo Fuente,img/icons/manufacturers/arturofuente.svg,Opus X,,img/icons/brands/opusx.svg,,Opus X OXO Oro Oscuro Double Robusto,,Robusto,5.75,52,Parejo,Dominican Republic,Dominican Republic,Dominican Republic,Dominican Republic,,Medium-Full,,,,,,,,,0.0,,,89,,,,,,,,,,,opus x|opus x oxo oro oscuro double robusto|robusto
Arturo Fuente,img/icons/manufacturers/arturofuente.svg,Opus X,,img/icons/brands/opusx.svg,,Opus X Double Robusto,,Robusto,5.75,52,Parejo,Dominican Republic,Dominican Republic,Dominican Republic,Dominican Republic,,Medium-Full,,,,,,,,,0.0,,,89,,,,,,,,,,,opus x|opus x double robusto|robusto
Arturo Fuente,img/icons/manufacturers/arturofuente.svg,Opus X,,img/icons/brands/opusx.svg,,Opus X Forbidden X Amor Sensual,,Robusto,6.125,54,Parejo,Dominican Republic,Dominican Republic,Dominican Republic,Dominican Republic,,Medium-Full,,,,,,,,,0.0,,,89,,,,,,,,,,,opus x|opus x forbidden x amor sensual|robusto
Arturo Fuente,img/icons/manufacturers/arturofuente.svg,Opus X,,img/icons/brands/opusx.svg,,Opus X OXO Oro Oscuro PerfecXion #4,,Toro,5.125,43,Parejo,Dominican Republic,Dominican Republic,Dominican Republic,Dominican Republic,,Medium-Full,,,,,,,,,0.0,,,89,,,,,,,,,,,opus x|opus x oxo oro oscuro perfecxion #4|toro
Arturo Fuente,img/icons/manufacturers/arturofuente.svg,Opus X,,img/icons/brands/opusx.svg,,Opus X Angels Share Fuente Fuente,,Toro,5.625,46,Parejo,Dominican Republic,Dominican Republic,Dominican Republic,Dominican Republic,,Medium-Full,,,,,,,,,0.0,,,89,,,,,,,,,,,opus x|opus x angels share fuente fuente|toro
Arturo Fuente,img/icons/manufacturers/arturofuente.svg,Opus X,,img/icons/brands/opusx.svg,,Opus X 2020 Dubai Viento d'Amor,,Toro,6,58,Parejo,Dominican Republic,Dominican Republic,Dominican Republic,Dominican Republic,,Medium-Full,,,,,,,,,0.0,,,89,,,,,,,,,,,opus x|opus x 2020 dubai viento d'amor|toro
Arturo Fuente,img/icons/manufacturers/arturofuente.svg,Opus X,,img/icons/brands/opusx.svg,,Opus X 2020 Dubai Viento d'Amor,,Toro,6,58,Parejo,Dominican Republic,Dominican Republic,Dominican Republic,Dominican Republic,,Medium-Full,,,,,,,,,0.0,,,89,,,,,,,,,,,opus x|opus x 2020 dubai viento d'amor|toro
Arturo Fuente,img/icons/manufacturers/arturofuente.svg,Opus X,,img/icons/brands/opusx.svg,,Opus X 2020 Dubai Sol d'Amor,,Toro,6.125,55,Parejo,Dominican Republic,Dominican Republic,Dominican Republic,Dominican Republic,,Medium-Full,,,,,,,,,0.0,,,89,,,,,,,,,,,opus x|opus x 2020 dubai sol d'amor|toro
Arturo Fuente,img/icons/manufacturers/arturofuente.svg,Opus X,,img/icons/brands/opusx.svg,,Opus X Forbidden X Pasion d'Amor,,Toro,6.125,48,Parejo,Dominican Republic,Dominican Republic,Dominican Republic,Dominican Republic,,Medium-Full,,,,,,,,,0.0,,,89,,,,,,,,,,,opus x|opus x forbidden x pasion d'amor|toro
Arturo Fuente,img/icons/manufacturers/arturofuente.svg,Opus X,,img/icons/brands/opusx.svg,,Opus X Angels Share Perfecxion X,,Toro,6.25,48,Parejo,Dominican Republic,Dominican Republic,Dominican Republic,Dominican Republic,,Medium-Full,,,,,,,,,0.0,,,89,,,,,,,,,,,opus x|opus x angels share perfecxion x|toro
Arturo Fuente,img/icons/manufacturers/arturofuente.svg,Opus X,,img/icons/brands/opusx.svg,,Opus X Forbidden X Keeper of the Flame 2013,,Toro,6.25,49,Parejo,Dominican Republic,Dominican Republic,Dominican Republic,Dominican Republic,,Medium-Full,,,,,,,,,0.0,,,89,,,,,,,,,,,opus x|opus x forbidden x keeper of the flame 2013|toro
Arturo Fuente,img/icons/manufacturers/arturofuente.svg,Opus X,,img/icons/brands/opusx.svg,,Fuente The Opus X Society by Manny Iriarte Toro ,,Toro,6.25,49,Parejo,Dominican Republic,Dominican Republic,Dominican Republic,Dominican Republic,,Medium-Full,,,,,,,,,0.0,,,89,,,,,,,,,,,opus x|fuente the opus x society by manny iriarte toro|toro
Arturo Fuente,img/icons/manufacturers/arturofuente.svg,Opus X,,img/icons/brands/opusx.svg,,Opus X OXO Oro Oscuro PerfecXion X,,Toro,6.25,49,Parejo,Dominican Republic,Dominican Republic,Dominican Republic,Dominican Republic,,Medium-Full,,,,,,,,,0.0,,,89,,,,,,,,,,,opus x|opus x oxo oro oscuro perfecxion x|toro
Arturo Fuente,img/icons/manufacturers/arturofuente.svg,Opus X,,img/icons/brands/opusx.svg,,Opus X Perfecxion X,,Toro,6.25,48,Parejo,Dominican Republic,Dominican Republic,Dominican Republic,Dominican Republic,,Medium-Full,,,,,,,,,0.0,,,89,,,,,,,,,,,opus x|opus x perfecxion x|toro
Arturo Fuente,img/icons/manufacturers/arturofuente.svg,Opus X,,img/icons/brands/opusx.svg,,Opus X OXO Oro Oscuro,,Torpedo,5.25,52,Torpedo,Dominican Republic,Dominican Republic,Dominican Republic,Dominican Republic,,Medium-Full,,,,,,,,,0.0,,,89,,,,,,,,,,,opus x|opus x oxo oro oscuro|torpedo
Arturo Fuente,img/icons/manufacturers/arturofuente.svg,Opus X,,img/icons/brands/opusx.svg,,Opus X Robusto,,Torpedo,5.25,50,Torpedo,Dominican Republic,Dominican Republic,Dominican Republic,Dominican Republic,,Medium-Full,,,,,,,,,0.0,,,89,,,,,,,,,,,opus x|opus x robusto|torpedo
Arturo Fuente,img/icons/manufacturers/arturofuente.svg,Opus X,,img/icons/brands/opusx.svg,,Opus X Perfecxion No. 77 Shark,,Torpedo,5.5,52,Torpedo,Dominican Republic,Dominican Republic,Dominican Republic,Dominican Republic,,Medium-Full,,,,,,,,,0.0,,,89,,,,,,,,,,,opus x|opus x perfecxion no. 77 shark|torpedo
Arturo Fuente,img/icons/manufacturers/arturofuente.svg,Opus X,,img/icons/brands/opusx.svg,,Opus X Destino al Siglo Shark,,Torpedo,5.625,54,Torpedo,Dominican Republic,Dominican Republic,Dominican Republic,Dominican Republic,,Medium-Full,,,,,,,,,0.0,,,89,,,,,,,,,,,opus x|opus x destino al siglo shark|torpedo
Arturo Fuente,img/icons/manufacturers/arturofuente.svg,Opus X,,img/icons/brands/opusx.svg,,Opus X OXO Oro Oscuro Belicoso XXX,,Belicoso,5.625,49,Belicoso,Dominican Republic,Dominican Republic,Dominican Republic,Dominican Republic,,Medium-Full,,,,,,,,,0.0,,,89,,,,,,,,,,,opus x|opus x oxo oro oscuro belicoso xxx|belicoso
Arturo Fuente,img/icons/manufacturers/arturofuente.svg,Opus X,,img/icons/brands/opusx.svg,,Opus X Shark,,Torpedo,5.625,54,Torpedo,Dominican Republic,Dominican Republic,Dominican Republic,Dominican Republic,,Medium-Full,,,,,,,,,0.0,,,89,,,,,,,,,,,opus x|opus x shark|torpedo
Arturo Fuente,img/icons/manufacturers/arturofuente.svg,Opus X,,img/icons/brands/opusx.svg,,Opus X Perfecxion #2,,Torpedo,6.375,52,Torpedo,Dominican Republic,Dominican Republic,Dominican Republic,Dominican Republic,,Medium-Full,,,,,,,,,0.0,,,89,,,,,,,,,,,opus x|opus x perfecxion #2|torpedo
Arturo Fuente,img/icons/manufacturers/arturofuente.svg,Opus X,,img/icons/brands/opusx.svg,,Opus X Forbidden X El Trece Magistral 13,,Torpedo,6.875,56,Torpedo,Dominican Republic,Dominican Republic,Dominican Republic,Dominican Republic,,Medium-Full,,,,,,,,,0.0,,,89,,,,,,,,,,,opus x|opus x forbidden x el trece magistral 13|torpedo
Oscar Valladares,img/icons/manufacturers/oscarvalladares.svg,Oscar Valladares,oscar,img/icons/brands/oscarvalladares.svg,2012,Barberpole,,Lancero,7,38,Parejo,"Mexican San Andreas, Candela",Nicaragua,"Honduras, Nicaragua",Honduras,Mixed,Medium,,,,,,,Barber,,10.59,211.8,20,89,11.6,101.22,5.3,5.29,,,,,,,oscar valladares|barberpole|lancero
Oscar Valladares,img/icons/manufacturers/oscarvalladares.svg,Oscar Valladares,oscar,img/icons/brands/oscarvalladares.svg,2012,Connecticut,,Torpedo,6.5,52,Torpedo,USA Connecticut Shade,Honduras,"Honduras, Nicaragua",Honduras,Claro,Mild,,,,,,,,,12.01,240.2,20,89,12.18,111.82,5.59,6.42,,,,,,,oscar valladares|connecticut|torpedo
Oscar Valladares,img/icons/manufacturers/oscarvalladares.svg,Oscar Valladares,oscar,img/icons/brands/oscarvalladares.svg,2012,Corojo,,Torpedo,6.5,52,Torpedo,Honduras,Nicaragua,"Honduras, Nicaragua",Honduras,Natural,Medium,,,,,,,,,12.01,240.2,20,89,12.18,111.82,5.59,6.42,,,,,,,oscar valladares|corojo|torpedo
Oscar Valladares,img/icons/manufacturers/oscarvalladares.svg,Oscar Valladares,oscar,img/icons/brands/oscarvalladares.svg,2012,Maduro,,Torpedo,6.5,52,Torpedo,Mexican San Andreas Maduro,Honduras,Nicaragua,Honduras,Maduro,Medium-Full,,,,,,,,,12.01,240.2,20,89,12.18,111.82,5.59,6.42,,,,,,,oscar valladares|maduro|torpedo
Oscar Valladares,img/icons/manufacturers/oscarvalladares.svg,Oscar Valladares,oscar,img/icons/brands/oscarvalladares.svg,2012,Connecticut,,Short Robusto,5,50,Parejo,USA Connecticut Shade,Honduras,"Honduras, Nicaragua",Honduras,Claro,Mild,,,,,,,,,13.91,278.2,20,89,14.9,76.51,6.95,6.96,,,,,,,oscar valladares|connecticut|short robusto
Oscar Valladares,img/icons/manufacturers/oscarvalladares.svg,Oscar Valladares,oscar,img/icons/brands/oscarvalladares.svg,2012,Maduro,,Short Robusto,5,50,Parejo,Mexican San Andreas Maduro,Honduras,Nicaragua,Honduras,Maduro,Medium-Full,,,,,,,,,13.91,278.2,20,89,14.9,76.51,6.95,6.96,,,,,,,oscar valladares|maduro|short robusto
Oscar Valladares,img/icons/manufacturers/oscarvalladares.svg,Oscar Valladares,oscar,img/icons/brands/oscarvalladares.svg,2012,Sumatra,,Short Robusto,5,50,Parejo,Ecuadorian Sumatra-Seed,Honduras,"Honduras, Nicaragua",Honduras,Natural,Mild,,,,,,,,,13.91,278.2,20,89,14.9,76.51,6.95,6.96,,,,,,,oscar valladares|sumatra|short robusto
Oscar Valladares,img/icons/manufacturers/oscarvalladares.svg,Oscar Valladares,oscar,img/icons/brands/oscarvalladares.svg,2012,Connecticut,,Toro,6,52,Parejo,USA Connecticut Shade,Honduras,"Honduras, Nicaragua",Honduras,Claro,Mild,,,,,,,,FAV,15.18,303.6,20,89,16.18,83.57,7.59,7.59,,,,,,,oscar valladares|connecticut|toro
Oscar Valladares,img/icons/manufacturers/oscarvalladares.svg,Oscar Valladares,oscar,img/icons/brands/oscarvalladares.svg,2012,Maduro,,Toro,6,52,Parejo,Mexican San Andreas Maduro,Honduras,Nicaragua,Honduras,Maduro,Medium-Full,,,,,,,,,15.18,303.6,20,89,16.18,83.57,7.59,7.59,,,,,,,oscar valladares|maduro|toro
Oscar Valladares,img/icons/manufacturers/oscarvalladares.svg,Oscar Valladares,oscar,img/icons/brands/oscarvalladares.svg,2012,Sumatra,,Toro,6,52,Parejo,Ecuadorian Sumatra-Seed,Honduras,"Honduras, Nicaragua",Honduras,Natural,Mild,,,,,,,,,15.18,303.6,20,89,16.18,83.57,7.59,7.59,,,,,,,oscar valladares|sumatra|toro
Oscar Valladares,img/icons/manufacturers/oscarvalladares.svg,Oscar Valladares,oscar,img/icons/brands/oscarvalladares.svg,2012,Connecticut,,Gordo,6,60,Parejo,USA Connecticut Shade,Honduras,"Honduras, Nicaragua",Honduras,Claro,Mild,,,,,,,,,16.48,329.6,20,89,17.48,90.63,8.24,8.24,,,,,,,oscar valladares|connecticut|gordo
Oscar Valladares,img/icons/manufacturers/oscarvalladares.svg,Oscar Valladares,oscar,img/icons/brands/oscarvalladares.svg,2012,Maduro,,Gordo,6,60,Parejo,Mexican San Andreas Maduro,Honduras,Nicaragua,Honduras,Maduro,Medium-Full,,,,,,,,,16.48,329.6,20,89,17.48,90.63,8.24,8.24,,,,,,,oscar valladares|maduro|gordo
Oscar Valladares,img/icons/manufacturers/oscarvalladares.svg,Oscar Valladares,oscar,img/icons/brands/oscarvalladares.svg,2012,Sumatra,,Gordo,6,60,Parejo,Ecuadorian Sumatra-Seed,Honduras,"Honduras, Nicaragua",Honduras,Natural,Mild,,,,,,,,,16.48,329.6,20,89,17.48,90.63,8.24,8.24,,,,,,,oscar valladares|sumatra|gordo
Oscar Valladares,img/icons/manufacturers/oscarvalladares.svg,Oscar Valladares,oscar,img/icons/brands/oscarvalladares.svg,Altar Q Sumatra,Toro,,Toro,6,52,Parejo,Ecuadorian Sumatra,Honduras,Honduras,Honduras,Natural,Medium,,,,,,,,,13.39,214.24,16,89,14.38,107.11,6.69,6.7,,,,,,,oscar valladares|toro|toro
Oscar Valladares,img/icons/manufacturers/oscarvalladares.svg,Oscar Valladares,oscar,img/icons/brands/oscarvalladares.svg,Big Johnny,Gigante,,Gigante,8,66,Parejo,Nicaraguan Maduro,Honduras,Honduras,Honduras,Maduro,Medium,,,,,,,,FAV,16.48,263.68,16,89,17.48,131.82,8.24,8.24,,,,,,,oscar valladares|gigante|gigante
Oscar Valladares,img/icons/manufacturers/oscarvalladares.svg,Oscar Valladares,oscar,img/icons/brands/oscarvalladares.svg,Ciseron Edition Corojo,Black,,Toro,6,52,Parejo,Ecuadorian Sungrown,Honduras,Honduras,Honduras,Natural,Medium,,,,,,,,,11.77,235.4,20,89,12.78,117.7,5.89,5.88,,,,,,,oscar valladares|black|toro
Oscar Valladares,img/icons/manufacturers/oscarvalladares.svg,Oscar Valladares,oscar,img/icons/brands/oscarvalladares.svg,Ciseron Edition Corojo,Blue,,Toro,6,52,Parejo,Ecuadorian Sungrown,Honduras,Honduras,Honduras,Natural,Medium,,,,,,,,,11.77,235.4,20,89,12.78,117.7,5.89,5.88,,,,,,,oscar valladares|blue|toro
Oscar Valladares,img/icons/manufacturers/oscarvalladares.svg,Oscar Valladares,oscar,img/icons/brands/oscarvalladares.svg,Ciseron Edition Corojo,Deep Purple,,Toro,6,52,Parejo,Ecuadorian Sungrown,Honduras,Honduras,Honduras,Natural,Medium,,,,,,,,,11.77,235.4,20,89,12.78,117.7,5.89,5.88,,,,,,,oscar valladares|deep purple|toro
Oscar Valladares,img/icons/manufacturers/oscarvalladares.svg,Oscar Valladares,oscar,img/icons/brands/oscarvalladares.svg,Ciseron Edition Corojo,Green,,Toro,6,52,Parejo,Ecuadorian Sungrown,Honduras,Honduras,Honduras,Natural,Medium,,,,,,,,,11.77,235.4,20,89,12.78,117.7,5.89,5.88,,,,,,,oscar valladares|green|toro
Oscar Valladares,img/icons/manufacturers/oscarvalladares.svg,Oscar Valladares,oscar,img/icons/brands/oscarvalladares.svg,Ciseron Edition Corojo,Yellow,,Toro,6,52,Parejo,Ecuadorian Sungrown,Honduras,Honduras,Honduras,Natural,Medium,,,,,,,,,11.77,235.4,20,89,12.78,117.7,5.89,5.88,,,,,,,oscar valladares|yellow|toro
Oscar Valladares,img/icons/manufacturers/oscarvalladares.svg,Oscar Valladares,oscar,img/icons/brands/oscarvalladares.svg,Heaven and Hell Connecticut,Toro,,Toro,6,52,Parejo,Honduras,Mexico,Honduras,Honduras,Natural,Medium,,,,,,,,,11.77,235.4,20,89,12.78,117.7,5.89,5.88,,,,,,,oscar valladares|toro|toro
Oscar Valladares,img/icons/manufacturers/oscarvalladares.svg,Oscar Valladares,oscar,img/icons/brands/oscarvalladares.svg,Heaven and Hell Maduro,Toro,,Toro,6,52,Parejo,Nicaragua,Mexico,Honduras,Honduras,Maduro,Medium,,,,,,,,,11.77,235.4,20,89,12.78,117.7,5.89,5.88,,,,,,,oscar valladares|toro|toro
Oscar Valladares,img/icons/manufacturers/oscarvalladares.svg,Oscar Valladares,oscar,img/icons/brands/oscarvalladares.svg,Leaf by Oscar,Connecticut,,Robusto,5,50,Parejo,Ecuadorian Connecticut Shade,Honduras,Honduras,Honduras,Natural,Medium,,,,,,,,,11.3,226,20,89,12.3,112.99,5.65,5.65,,,,,,,oscar valladares|connecticut|robusto
Oscar Valladares,img/icons/manufacturers/oscarvalladares.svg,Oscar Valladares,oscar,img/icons/brands/oscarvalladares.svg,Leaf by Oscar,Corojo,,Robusto,5,50,Parejo,Corojo,Honduras,Honduras,Honduras,Natural,Medium,,,,,,,,,11.3,226,20,89,12.3,112.99,5.65,5.65,,,,,,,oscar valladares|corojo|robusto
Oscar Valladares,img/icons/manufacturers/oscarvalladares.svg,Oscar Valladares,oscar,img/icons/brands/oscarvalladares.svg,Leaf by Oscar,Maduro,,Robusto,5,50,Parejo,Nicaraguan Maduro,Honduras,Honduras,Honduras,Maduro,Medium,,,,,,,,,11.3,226,20,89,12.3,112.99,5.65,5.65,,,,,,,oscar valladares|maduro|robusto
Oscar Valladares,img/icons/manufacturers/oscarvalladares.svg,Oscar Valladares,oscar,img/icons/brands/oscarvalladares.svg,Leaf by Oscar,Sumatra,,Robusto,5,50,Parejo,Ecuadorian Sumatra-Seed,Honduras,Honduras,Honduras,Natural,Medium,,,,,,,,,11.3,226,20,89,12.3,112.99,5.65,5.65,,,,,,,oscar valladares|sumatra|robusto
Oscar Valladares,img/icons/manufacturers/oscarvalladares.svg,Oscar Valladares,oscar,img/icons/brands/oscarvalladares.svg,Leaf by Oscar,32,,Lancero,7,38,Parejo,Ecuadorian Connecticut Shade,Honduras,Honduras,Honduras,Natural,Medium,,,,,,,,,11.65,233,20,89,12.66,116.52,5.83,5.82,,,,,,,oscar valladares|32|lancero
Oscar Valladares,img/icons/manufacturers/oscarvalladares.svg,Oscar Valladares,oscar,img/icons/brands/oscarvalladares.svg,Leaf by Oscar,Corojo,,Lancero,7,38,Parejo,Corojo,Honduras,Honduras,Honduras,Natural,Medium,,,,,,,,,11.65,233,20,89,12.66,116.52,5.83,5.82,,,,,,,oscar valladares|corojo|lancero
Oscar Valladares,img/icons/manufacturers/oscarvalladares.svg,Oscar Valladares,oscar,img/icons/brands/oscarvalladares.svg,Leaf by Oscar,Maduro,,Lancero,7,38,Parejo,Nicaraguan Maduro,Honduras,Honduras,Honduras,Maduro,Medium,,,,,,,,,11.65,233,20,89,12.66,116.52,5.83,5.82,,,,,,,oscar valladares|maduro|lancero
Oscar Valladares,img/icons/manufacturers/oscarvalladares.svg,Oscar Valladares,oscar,img/icons/brands/oscarvalladares.svg,Leaf by Oscar,Sumatra,,Lancero,7,38,Parejo,Ecuadorian Sumatra-Seed,Honduras,Honduras,Honduras,Natural,Medium,,,,,,,,,11.65,233,20,89,12.66,116.52,5.83,5.82,,,,,,,oscar valladares|sumatra|lancero
Oscar Valladares,img/icons/manufacturers/oscarvalladares.svg,Oscar Valladares,oscar,img/icons/brands/oscarvalladares.svg,Leaf by Oscar,Connecticut,,Toro,6,52,Parejo,Ecuadorian Connecticut Shade,Honduras,Honduras,Honduras,Natural,Medium,,,,,,,,,12.36,247.2,20,89,13.36,123.59,6.18,6.18,,,,,,,oscar valladares|connecticut|toro
Oscar Valladares,img/icons/manufacturers/oscarvalladares.svg,Oscar Valladares,oscar,img/icons/brands/oscarvalladares.svg,Leaf by Oscar,Corojo,,Toro,6,52,Parejo,Corojo,Honduras,Honduras,Honduras,Natural,Medium,,,,,,,,,12.36,247.2,20,89,13.36,123.59,6.18,6.18,,,,,,,oscar valladares|corojo|toro
Oscar Valladares,img/icons/manufacturers/oscarvalladares.svg,Oscar Valladares,oscar,img/icons/brands/oscarvalladares.svg,Leaf by Oscar,Maduro,,Toro,6,52,Parejo,Nicaraguan Maduro,Honduras,Honduras,Honduras,Maduro,Medium,,,,,,,,,12.36,247.2,20,89,13.36,123.59,6.18,6.18,,,,,,,oscar valladares|maduro|toro
Oscar Valladares,img/icons/manufacturers/oscarvalladares.svg,Oscar Valladares,oscar,img/icons/brands/oscarvalladares.svg,Leaf by Oscar,Sumatra,,Toro,6,52,Parejo,Ecuadorian Sumatra-Seed,Honduras,Honduras,Honduras,Natural,Medium,,,,,,,,,12.36,247.2,20,89,13.36,123.59,6.18,6.18,,,,,,,oscar valladares|sumatra|toro
Oscar Valladares,img/icons/manufacturers/oscarvalladares.svg,Oscar Valladares,oscar,img/icons/brands/oscarvalladares.svg,Leaf by Oscar,Connecticut,,Gordo,6,60,Parejo,Ecuadorian Connecticut Shade,Honduras,Honduras,Honduras,Natural,Medium,,,,,,,,FAV,13.54,270.8,20,89,14.54,135.36,6.77,6.77,,,,,,,oscar valladares|connecticut|gordo
Oscar Valladares,img/icons/manufacturers/oscarvalladares.svg,Oscar Valladares,oscar,img/icons/brands/oscarvalladares.svg,Leaf by Oscar,Corojo,,Gordo,6,60,Parejo,Corojo,Honduras,Honduras,Honduras,Natural,Medium,,,,,,,,,13.54,270.8,20,89,14.54,135.36,6.77,6.77,,,,,,,oscar valladares|corojo|gordo
Oscar Valladares,img/icons/manufacturers/oscarvalladares.svg,Oscar Valladares,oscar,img/icons/brands/oscarvalladares.svg,Leaf by Oscar,Maduro,,Gordo,6,60,Parejo,Nicaraguan Maduro,Honduras,Honduras,Honduras,Maduro,Medium,,,,,,,,,13.54,270.8,20,89,14.54,135.36,6.77,6.77,,,,,,,oscar valladares|maduro|gordo
Oscar Valladares,img/icons/manufacturers/oscarvalladares.svg,Oscar Valladares,oscar,img/icons/brands/oscarvalladares.svg,McFly,Toro ,,Toro,6,52,Parejo,Mexico,Honduras,"Dominican Republic, Honduras, Nicaragua",Honduras,Natural,Medium,,,,,,,,,14.59,291.8,20,89,15.68,145.95,7.34,7.25,,,,,,,oscar valladares|toro|toro
Oscar Valladares,img/icons/manufacturers/oscarvalladares.svg,Oscar Valladares,oscar,img/icons/brands/oscarvalladares.svg,McFly,Sixty,,Gordo,6,60,Parejo,Mexico,Honduras,"Dominican Republic, Honduras, Nicaragua",Honduras,Natural,Medium,,,,,,,,,15.3,306,20,89,16.88,158.9,7.94,7.36,,,,,,,oscar valladares|sixty|gordo
Oscar Valladares,img/icons/manufacturers/oscarvalladares.svg,Oscar Valladares,oscar,img/icons/brands/oscarvalladares.svg,McFly,Churchill,,Churchill,7,48,Parejo,Mexico,Honduras,"Dominican Republic, Honduras, Nicaragua",Honduras,Natural,Medium,,,,,,,,,15.89,317.8,20,89,16.3,153.01,7.65,8.24,,,,,,,oscar valladares|churchill|churchill
Oscar Valladares,img/icons/manufacturers/oscarvalladares.svg,Oscar Valladares,oscar,img/icons/brands/oscarvalladares.svg,Oscar Valladares 10th Anniversary,Toro,,Toro,6,52,Parejo,"Honduras, Mexico",Honduras,Nicaragua,Honduras,Maduro,Medium,,,,,,,,,22.6,226,10,89,23.6,112.99,11.3,11.3,,,,,,,oscar valladares|toro|toro
Oscar Valladares,img/icons/manufacturers/oscarvalladares.svg,Oscar Valladares,oscar,img/icons/brands/oscarvalladares.svg,Oscar Valladares 10th Anniversary,Sixty,,Gordo,6,60,Parejo,"Honduras, Mexico",Honduras,Nicaragua,Honduras,Maduro,Medium,,,,,,,,,25.19,251.9,10,89,26.18,125.94,12.59,12.6,,,,,,,oscar valladares|sixty|gordo
Oscar Valladares,img/icons/manufacturers/oscarvalladares.svg,Oscar Valladares,oscar,img/icons/brands/oscarvalladares.svg,Oscar Valladares 10th Anniversary,Salomon,,Salomon,7,52-60,Salomon,"Honduras, Mexico",Honduras,Nicaragua,Honduras,Maduro,Medium,,,,,,,,,28.95,289.5,10,89,29.96,144.77,14.48,14.47,,,,,,,oscar valladares|salomon|salomon
Oscar Valladares,img/icons/manufacturers/oscarvalladares.svg,Oscar Valladares,oscar,img/icons/brands/oscarvalladares.svg,Oscar Valladares 10th Anniversary Criollo,Toro,,Toro,6,52,Parejo,Honduran Criollo,Honduras,Honduras,Honduras,Honduras,Medium,,,,,,,,,13.54,270.8,20,89,14.54,135.36,6.77,6.77,,,,,,,oscar valladares|toro|toro
Oscar Valladares,img/icons/manufacturers/oscarvalladares.svg,Oscar Valladares,oscar,img/icons/brands/oscarvalladares.svg,Oscar Valladares 10th Anniversary Criollo,Sixty,,Gordo,6,60,Parejo,Honduran Criollo,Honduras,Honduras,Honduras,Maduro,Medium,,,,,,,,,14.71,294.2,20,89,15.72,147.13,7.36,7.35,,,,,,,oscar valladares|sixty|gordo
Oscar Valladares,img/icons/manufacturers/oscarvalladares.svg,Oscar Valladares,oscar,img/icons/brands/oscarvalladares.svg,Plan B,Connecticut,,Toro,6,52,Parejo,Ecuadorian Connecticut Shade,Honduras,"Honduras, Nicaragua",Honduras,Claro,Mild,,,,,,,,,3.65,73,20,89,4.66,36.49,1.83,1.82,,,,,,,oscar valladares|connecticut|toro
Oscar Valladares,img/icons/manufacturers/oscarvalladares.svg,Oscar Valladares,oscar,img/icons/brands/oscarvalladares.svg,Plan B,Habano,,Toro,6,52,Parejo,Ecuadorian Connecticut Shade,Honduras,"Honduras, Nicaragua",Honduras,Colorado Maduro,Medium,,,,,,,,,3.65,73,20,89,4.66,36.49,1.83,1.82,,,,,,,oscar valladares|habano|toro
Oscar Valladares,img/icons/manufacturers/oscarvalladares.svg,Oscar Valladares,oscar,img/icons/brands/oscarvalladares.svg,Plan B,Maduro,,Toro,6,52,Parejo,Honduras,Honduras,"Honduras, Nicaragua",Honduras,Maduro,Medium,,,,,,,,,3.65,73,20,89,4.66,36.49,1.83,1.82,,,,,,,oscar valladares|maduro|toro
Oscar Valladares,img/icons/manufacturers/oscarvalladares.svg,Oscar Valladares,oscar,img/icons/brands/oscarvalladares.svg,Raw Dog,Raw Dog,,Gordo,5,60,Parejo,Undisclosed,Honduras,Honduras,Honduras,Natural,Medium,,,,,,,,,7.53,376.5,50,89,8.54,188.32,3.77,3.76,,,,,,,oscar valladares|raw dog|gordo
Oscar Valladares,img/icons/manufacturers/oscarvalladares.svg,Oscar Valladares,oscar,img/icons/brands/oscarvalladares.svg,Santiago Valladares LE,Habano Ecuador Toro,,Toro,6,52,Parejo,Ecuadorian Habano,Honduras,Honduras,Honduras,Maduro,Medium,,,,,,,,,27.5,275,10,89,28.5,137.5,13.75,13.75,,,,,,,oscar valladares|habano ecuador toro|toro
Oscar Valladares,img/icons/manufacturers/oscarvalladares.svg,Oscar Valladares,oscar,img/icons/brands/oscarvalladares.svg,SuperFly,Connecticut,,Corona,5.25,45,Parejo,Honduras,Honduras,"Dominican Republic, Honduras, Nicaragua",Honduras,Natural,Mild,,,,,,,,,11.77,117.7,10,89,12.78,58.85,5.89,5.88,,,,,,,oscar valladares|connecticut|corona
Oscar Valladares,img/icons/manufacturers/oscarvalladares.svg,Oscar Valladares,oscar,img/icons/brands/oscarvalladares.svg,SuperFly,Maduro,,Corona,5.25,45,Parejo,Mexican San Andreas Maduro,Honduras,"Dominican Republic, Honduras, Nicaragua",Honduras,Maduro,Medium,,,,,,,,,11.53,230.6,20,89,12.54,115.35,5.77,5.76,,,,,,,oscar valladares|maduro|corona
Oscar Valladares,img/icons/manufacturers/oscarvalladares.svg,Oscar Valladares,oscar,img/icons/brands/oscarvalladares.svg,SuperFly,Connecticut,,Toro,6,54,Parejo,Honduras,Honduras,"Dominican Republic, Honduras, Nicaragua",Honduras,Natural,Mild,,,,,,,,,13.54,270.8,20,89,14.54,135.36,6.77,6.77,,,,,,,oscar valladares|connecticut|toro
Oscar Valladares,img/icons/manufacturers/oscarvalladares.svg,Oscar Valladares,oscar,img/icons/brands/oscarvalladares.svg,SuperFly,Maduro,,Toro,6,54,Parejo,Mexican San Andreas Maduro,Honduras,"Dominican Republic, Honduras, Nicaragua",Honduras,Maduro,Medium,,,,,,,,,13.54,270.8,20,89,14.54,135.36,6.77,6.77,,,,,,,oscar valladares|maduro|toro
Oscar Valladares,img/icons/manufacturers/oscarvalladares.svg,Oscar Valladares,oscar,img/icons/brands/oscarvalladares.svg,SuperFly,Maduro,,Gordo,6.5,60,Parejo,Mexican San Andreas Maduro,Honduras,"Dominican Republic, Honduras, Nicaragua",Honduras,Maduro,Medium,,,,,,,,,14.71,294.2,20,89,15.72,147.13,7.36,7.35,,,,,,,oscar valladares|maduro|gordo
,,Oscar Valladares,,,Superfly Connecticut,Superfly Connecticut Super Toro,,Toro,6,60,Parejo,Honduras,Honduras,Honduras; Dominican Republic; Nicaragua,Honduras,Connecticut,,,,,,,,,,0.0,,,89,,,,,,,,Cigar Journal,2021.0,25.0,oscar valladares|superfly connecticut super toro|toro
Oscar Valladares,img/icons/manufacturers/oscarvalladares.svg,Oscar Valladares,oscar,img/icons/brands/oscarvalladares.svg,The Oscar,Habano,,Corona,5.25,44,Parejo,Ecuadorian Habano,Honduras,"Honduras, Nicaragua",Honduras,Maduro,Medium,,,,,,,,,12.2,134.2,11,89,13.2,67.09,6.1,6.1,,,,,,,oscar valladares|habano|corona
Oscar Valladares,img/icons/manufacturers/oscarvalladares.svg,Oscar Valladares,oscar,img/icons/brands/oscarvalladares.svg,The Oscar,Maduro,,Corona,5.25,44,Parejo,Mexican San Andreas Maduro,Honduras,"Honduras, Nicaragua",Honduras,Maduro,Medium,,,,,,,,,12.2,134.2,11,89,13.2,67.09,6.1,6.1,,,,,,,oscar valladares|maduro|corona
Oscar Valladares,img/icons/manufacturers/oscarvalladares.svg,Oscar Valladares,oscar,img/icons/brands/oscarvalladares.svg,The Oscar,Connecticut,,Robusto,5,50,Parejo,Honduras,Honduras,"Honduras, Nicaragua",Honduras,Natural,Medium,,,,,,,,,13.91,153.01,11,89,14.9,76.51,6.95,6.96,,,,,,,oscar valladares|connecticut|robusto
Oscar Valladares,img/icons/manufacturers/oscarvalladares.svg,Oscar Valladares,oscar,img/icons/brands/oscarvalladares.svg,The Oscar,Habano,,Robusto,5,50,Parejo,Ecuadorian Habano,Honduras,"Honduras, Nicaragua",Honduras,Maduro,Medium,,,,,,,,,13.91,153.01,11,89,14.9,76.51,6.95,6.96,,,,,,,oscar valladares|habano|robusto
Oscar Valladares,img/icons/manufacturers/oscarvalladares.svg,Oscar Valladares,oscar,img/icons/brands/oscarvalladares.svg,The Oscar,Maduro,,Robusto,5,50,Parejo,Mexican San Andreas Maduro,Honduras,"Honduras, Nicaragua",Honduras,Maduro,Medium,,,,,,,,,13.91,153.01,11,89,14.9,76.51,6.95,6.96,,,,,,,oscar valladares|maduro|robusto
Oscar Valladares,img/icons/manufacturers/oscarvalladares.svg,Oscar Valladares,oscar,img/icons/brands/oscarvalladares.svg,The Oscar,Connecticut,,Toro,6,52,Parejo,Honduras,Honduras,"Honduras, Nicaragua",Honduras,Natural,Medium,,,,,,,,FAV,15.18,166.98,11,89,16.18,83.57,7.59,7.59,,,,,,,oscar valladares|connecticut|toro
Oscar Valladares,img/icons/manufacturers/oscarvalladares.svg,Oscar Valladares,oscar,img/icons/brands/oscarvalladares.svg,The Oscar,Habano,,Toro,6,52,Parejo,Ecuadorian Habano,Honduras,"Honduras, Nicaragua",Honduras,Maduro,Medium,,,,,,,,,15.18,166.98,11,89,16.18,83.57,7.59,7.59,,,,,,,oscar valladares|habano|toro
Oscar Valladares,img/icons/manufacturers/oscarvalladares.svg,Oscar Valladares,oscar,img/icons/brands/oscarvalladares.svg,The Oscar,Maduro,,Toro,6,52,Parejo,Mexican San Andreas Maduro,Honduras,"Honduras, Nicaragua",Honduras,Maduro,Medium,,,,,,,,,15.18,166.98,11,89,16.18,83.57,7.59,7.59,,,,,,,oscar valladares|maduro|toro
Oscar Valladares,img/icons/manufacturers/oscarvalladares.svg,Oscar Valladares,oscar,img/icons/brands/oscarvalladares.svg,The Oscar,Connecticut,,Gordo,6,60,Parejo,Honduras,Honduras,"Honduras, Nicaragua",Honduras,Natural,Medium,,,,,,,,,16.48,181.28,11,89,17.48,90.63,8.24,8.24,,,,,,,oscar valladares|connecticut|gordo
Oscar Valladares,img/icons/manufacturers/oscarvalladares.svg,Oscar Valladares,oscar,img/icons/brands/oscarvalladares.svg,The Oscar,Habano,,Gordo,6,60,Parejo,Ecuadorian Habano,Honduras,"Honduras, Nicaragua",Honduras,Maduro,Medium,,,,,,,,,16.48,181.28,11,89,17.48,90.63,8.24,8.24,,,,,,,oscar valladares|habano|gordo
Oscar Valladares,img/icons/manufacturers/oscarvalladares.svg,Oscar Valladares,oscar,img/icons/brands/oscarvalladares.svg,The Oscar,Maduro,,Gordo,6,60,Parejo,Mexican San Andreas Maduro,Honduras,"Honduras, Nicaragua",Honduras,Maduro,Medium,,,,,,,,,16.48,181.28,11,89,17.48,90.63,8.24,8.24,,,,,,,oscar valladares|maduro|gordo
,,Oscar Valladares,,,The Oscar Habano,Winter Edition,,,,,,Ecuador,Honduras,Honduras; Nicaragua,Honduras,,,,,,,,,,,0.0,,,89,,,,,,,,Cigar Journal,2019.0,21.0,oscar valladares|winter edition|
Oscar Valladares,img/icons/manufacturers/oscarvalladares.svg,Oscar Valladares,oscar,img/icons/brands/oscarvalladares.svg,The Woody,Maduro,,Gigante,21,80,Parejo,,,,Honduras,Maduro,,,,,,,,,,70.62,,1,89,71.62,35.31,35.31,35.31,,,,,,,oscar valladares|maduro|gigante
,,Oscar Valladares,,,Wild Hunter,Oscuro Toro,,Toro,,,Parejo,Honduras,Honduras,Honduras,Honduras,Oscuro,,,,,,,,,,0.0,,,89,,,,,,,,Cigar Journal,2020.0,22.0,oscar valladares|oscuro toro|toro
Oscar Valladares,img/icons/manufacturers/oscarvalladares.svg,Oscar Valladares,oscar,img/icons/brands/oscarvalladares.svg,Wild Hunter,Toro,,Toro,6,52,Parejo,Honduras,Honduras,Honduras,Honduras,Maduro,Full,,,,,,,,,12.78,255.6,20,89,12.78,117.7,5.89,6.89,,,,,,,oscar valladares|toro|toro
,,Oscar Valladares,,,,Ciserón Edition,,,,,,Ecuador,Nicaragua,Nicaragua,Honduras,,,,,,,,,,,0.0,,,89,,,,,,,,Cigar Journal,2018.0,10.0,oscar valladares|ciserón edition|
,,Oscar Valladares,,,,OSCAR VALLADARES 10TH ANNIVERSARY TORO,,Toro,,,Parejo,Honduras,Mexico,"Nicaragua, Honduras",Honduras,,,,,,,,,,,0.0,,,89,,,,,,,,Cigar Journal,2023.0,8.0,oscar valladares|oscar valladares 10th anniversary toro|toro
,,Ozgener Family Cigars,,,Bosphorus,Ozgener Family Cigars Bosphorus B52,https://www.cigaraficionado.com/top25/2023/ozgener-family-cigars-bosphorus-b52,Robusto,5,52,Parejo,Ecuador,Ecuador Nicaragua,Nicaragua,Dominican Republic,,,,,,,,,,,0.0,,,89,,,,,,,,Aficionado,2023.0,22.0,ozgener family cigars|ozgener family cigars bosphorus b52|robusto
,,Padilla,,,Miami,Padilla Miami 8&11 Churchill,https://www.cigaraficionado.com/top25/2023/padilla-miami-8-11-churchill,Churchill,7,48,Parejo,Ecuador,Nicaragua,Nicaragua,USA,,,,,,,,,,,0.0,,,89,,,,,,,,Aficionado,2023.0,24.0,padilla|padilla miami 8&11 churchill|churchill
,,Padilla,,,Miami 8 & 11,Robusto,,Robusto,5,50,Parejo,Ecuador Corojo,United States,Nicaragua,United States,,,,,,,,,,,0.0,,,89,,,,,,,,Aficionado,2005.0,13.0,padilla|robusto|robusto
,,Padilla,,,Signature 1932,Churchill,,Churchill,7,48,Parejo,Nicaragua,Nicaragua,Nicaragua,USA,,,,,,,,,,,0.0,,,89,,,,,,,,Aficionado,2006.0,14.0,padilla|churchill|churchill
Padron,img/icons/manufacturers/padron.svg,Padron,,img/icons/brands/padron.svg,1926 Serie,No. 1 Maduro,,Churchill,6.75,54,Parejo,Nicaragua,Nicaragua,Nicaragua,Nicaragua,Maduro,Full ,,,,,,,,,29.25,702,24,89,32.14,373.68,15.57,16.57,,,,,,,padron|no. 1 maduro|churchill
Padron,img/icons/manufacturers/padron.svg,Padron,,img/icons/brands/padron.svg,1926 Serie,No. 1 Natural,,Churchill,6.75,54,Parejo,Nicaragua,Nicaragua,Nicaragua,Nicaragua,Colorado Maduro,Full ,,,,,,,,,29.25,702,24,89,32.14,373.68,15.57,16.57,,,,,,,padron|no. 1 natural|churchill
Padron,img/icons/manufacturers/padron.svg,Padron,,img/icons/brands/padron.svg,1926 Serie,No. 2 Maduro,,Belicoso,5.5,52,Figurado,Nicaragua,Nicaragua,Nicaragua,Nicaragua,Maduro,Full ,,,,,,,,,27.28,654.72,24,89,27.28,315.36,13.14,14.14,,,,,,,padron|no. 2 maduro|belicoso
Padron,img/icons/manufacturers/padron.svg,Padron,,img/icons/brands/padron.svg,1926 Serie,No. 2 Natural,,Belicoso,5.5,52,Figurado,Nicaragua,Nicaragua,Nicaragua,Nicaragua,Colorado Maduro,Full ,,,,,,,,,27.28,654.72,24,89,27.28,315.36,13.14,14.14,,,,,,,padron|no. 2 natural|belicoso
Padron,img/icons/manufacturers/padron.svg,Padron,,img/icons/brands/padron.svg,1926 Serie,No. 6 Maduro,,Robusto,4.75,50,Parejo,Nicaragua,Nicaragua,Nicaragua,Nicaragua,Maduro,Full ,,,,,,,,,0.0,,,89,,,,,,,,,,,padron|no. 6 maduro|robusto
Padron,img/icons/manufacturers/padron.svg,Padron,,img/icons/brands/padron.svg,1926 Serie,No. 6 Natural,,Robusto,4.75,50,Parejo,Nicaragua,Nicaragua,Nicaragua,Nicaragua,Colorado Maduro,Full ,,,,,,,,,0.0,,,89,,,,,,,,,,,padron|no. 6 natural|robusto
Padron,img/icons/manufacturers/padron.svg,Padron,,img/icons/brands/padron.svg,1926 Serie,No. 35 Maduro,,Corona,4,48,Parejo,Nicaragua,Nicaragua,Nicaragua,Nicaragua,Maduro,Full ,,,,,,,,,22.48,539.52,24,89,22.48,257.76,10.74,11.74,,,,,,,padron|no. 35 maduro|corona
Padron,img/icons/manufacturers/padron.svg,Padron,,img/icons/brands/padron.svg,1926 Serie,No. 35 Natural,,Corona,4,48,Parejo,Nicaragua,Nicaragua,Nicaragua,Nicaragua,Colorado Maduro,Full ,,,,,,,,,22.48,539.52,24,89,22.48,257.76,10.74,11.74,,,,,,,padron|no. 35 natural|corona
Padron,img/icons/manufacturers/padron.svg,Padron,,img/icons/brands/padron.svg,1926 Serie,No. 47 Maduro,,Robusto,5.5,50,Parejo,Nicaragua,Nicaragua,Nicaragua,Nicaragua,Maduro,Medium,,,,,,,,,24.88,597.12,24,89,24.88,286.56,11.94,12.94,,,,,,,padron|no. 47 maduro|robusto
Padron,img/icons/manufacturers/padron.svg,Padron,,img/icons/brands/padron.svg,1926 Serie,No. 47 Natural,,Robusto,5.5,50,Parejo,Nicaragua,Nicaragua,Nicaragua,Nicaragua,Colorado Maduro,Medium,,,,,,,,,24.88,597.12,24,89,24.88,286.56,11.94,12.94,,,,,,,padron|no. 47 natural|robusto
Padron,img/icons/manufacturers/padron.svg,Padron,,img/icons/brands/padron.svg,1926 Serie,No. 48 Maduro,,Gordo,5.5,60,Parejo,Nicaragua,Nicaragua,Nicaragua,Nicaragua,Maduro,Full ,,,,,,,,FAV,27.4,274,10,89,27.4,132.0,13.2,14.2,,,,,,,padron|no. 48 maduro|gordo
Padron,img/icons/manufacturers/padron.svg,Padron,,img/icons/brands/padron.svg,1926 Serie,No. 48 Natural,,Gordo,5.5,60,Parejo,Nicaragua,Nicaragua,Nicaragua,Nicaragua,Colorado Maduro,Full ,,,,,,,,FAV,27.4,274,10,89,27.4,132.0,13.2,14.2,,,,,,,padron|no. 48 natural|gordo
Padron,img/icons/manufacturers/padron.svg,Padron,,img/icons/brands/padron.svg,1926 Serie,No. 9 Maduro,,Toro,5.25,54,Parejo,Nicaragua,Nicaragua,Nicaragua,Nicaragua,Maduro,Full ,,,,,,,,FAV,26.95,646.8,24,89,29.74,344.88,14.37,15.37,,,,,,,padron|no. 9 maduro|toro
Padron,img/icons/manufacturers/padron.svg,Padron,,img/icons/brands/padron.svg,1926 Serie,No. 9 Natural,,Toro,5.25,54,Parejo,Nicaragua,Nicaragua,Nicaragua,Nicaragua,Colorado Maduro,Full ,,,,,,,,FAV,26.95,646.8,24,89,29.74,344.88,14.37,15.37,,,,,,,padron|no. 9 natural|toro
Padron,img/icons/manufacturers/padron.svg,Padron,,img/icons/brands/padron.svg,1926 Serie,No. 90 Maduro,,Robusto Gordo,5.5,52,Parejo,Nicaragua,Nicaragua,Nicaragua,Nicaragua,Maduro,Full ,,,,,,,,,30.76,307.6,10,89,30.76,148.8,14.88,15.88,,,,,,,padron|no. 90 maduro|robusto gordo
Padron,img/icons/manufacturers/padron.svg,Padron,,img/icons/brands/padron.svg,1926 Serie,No. 90 Natural,,Robusto Gordo,5.5,52,Parejo,Nicaragua,Nicaragua,Nicaragua,Nicaragua,Colorado Maduro,Full ,,,,,,,,,30.76,307.6,10,89,30.76,148.8,14.88,15.88,,,,,,,padron|no. 90 natural|robusto gordo
,,Padron,,,1964 Anniversary,Imperial,https://www.cigaraficionado.com/top25cigar/padron-1964-anniversary-imperial-2007,Toro,6.75,54,Parejo,Nicaragua,Nicaragua,Nicaragua,Nicaragua,,,,,,,,,,,0.0,,,89,,,,,,,,Aficionado,2007.0,11.0,padron|imperial|toro
,,Padron,,,1964 Anniversary,Imperial,https://www.cigaraficionado.com/top25cigar/padron-1964-anniversary-imperial-2008,Toro,6.75,54,Parejo,Nicaragua,Nicaragua,Nicaragua,Nicaragua,,,,,,,,,,,0.0,,,89,,,,,,,,Aficionado,2008.0,2.0,padron|imperial|toro
,,Padron,,,1964 Anniversary,Exclusivo,https://www.cigaraficionado.com/top25cigar/padron-1964-anniversary-exclusivo-2010,Toro,5.5,50,Parejo,Nicaragua,Nicaragua,Nicaragua,Nicaragua,,,,,,,,,,,0.0,,,89,,,,,,,,Aficionado,2010.0,13.0,padron|exclusivo|toro
,,Padron,,,1964 Anniversary,Exclusivo,https://www.cigaraficionado.com/top25cigar/padron-1964-anniversary-exclusivo-2011,Toro,5.5,50,Parejo,Nicaragua,Nicaragua,Nicaragua,Nicaragua,,,,,,,,,,,0.0,,,89,,,,,,,,Aficionado,2011.0,11.0,padron|exclusivo|toro
,,Padron,,,1964 Anniversary,Padron 1964 Anniversary Torpedo,,Torpedo,6,52,Torpedo,Nicaragua,Nicaragua,Nicaragua,Nicaragua,,,,,,,,,,,0.0,,,89,,,,,,,,Aficionado,2022.0,6.0,padron|padron 1964 anniversary torpedo|torpedo
,,Padron,,,1964 Anniversary Series,Exclusivo,,Toro,5.5,50,Parejo,Nicaragua,Nicaragua,Nicaragua,Nicaragua,,,,,,,,,,,0.0,,,89,,,,,,,,Aficionado,2005.0,3.0,padron|exclusivo|toro
,,Padron,,,1964 Anniversary Series,Imperial Toro,,Toro,6,54,Parejo,Nicaragua,Nicaragua,Nicaragua,Nicaragua,,,,,,,,,,,0.0,,,89,,,,,,,,Aficionado,2006.0,3.0,padron|imperial toro|toro
,,Padron,,,1964 Anniversary Series,Principe Maduro,,,,,,Nicaragua,Nicaragua,Nicaragua,Nicaragua,Maduro,,,,,,,,,,0.0,,,89,,,,,,,,Cigar Journal,2014.0,10.0,padron|principe maduro|
,,Padron,,,1964 Anniversary Series,Hermoso Maduro,,,,,,Nicaragua,Nicaragua,Nicaragua,Nicaragua,Maduro,,,,,,,,,,0.0,,,89,,,,,,,,Cigar Journal,2016.0,3.0,padron|hermoso maduro|
,,Padron,,,1964 Anniversary Series,Presidente Maduro AT,,,,,,Nicaragua,Nicaragua,Nicaragua,Nicaragua,Maduro,,,,,,,,,,0.0,,,89,,,,,,,,Cigar Journal,2017.0,4.0,padron|presidente maduro at|
,,Padron,,,1964 Anniversary Series,1964 Anniversary Exclusivo Maduro,https://www.cigaraficionado.com/top25/2018/padron-1964-anniversary-exclusivo-maduro,Robusto,5.5,50,Parejo,Nicaragua,Nicaragua,Nicaragua,Nicaragua,Maduro,,,,,,,,,,0.0,,,89,,,,,,,,Aficionado,2018.0,17.0,padron|1964 anniversary exclusivo maduro|robusto
,,Padron,,,1964 Anniversary Series,Hermoso,https://www.cigaraficionado.com/top25/2020/padron-1964-anniversary-series-hermoso,Robusto,4,56,Parejo,Nicaragua,Nicaragua,Nicaragua,Nicaragua,,,,,,,,,,,0.0,,,89,,,,,,,,Aficionado,2020.0,3.0,padron|hermoso|robusto
,,Padron,,,1964 Anniversary Series,Padron 1964 Anniversary Series Torpedo Natural,https://www.cigaraficionado.com/top25/2021/padron-1964-anniversary-series-torpedo-natural,Torpedo,6,52,Torpedo,Nicaragua,Nicaragua,Nicaragua,Nicaragua,Natural,,,,,,,,,,0.0,,,89,,,,,,,,Aficionado,2021.0,1.0,padron|padron 1964 anniversary series torpedo natural|torpedo
,,Padron,,,Family Reserve,No. 45 Maduro,https://www.cigaraficionado.com/top25cigar/padron-family-reserve-no-45-maduro-2009,Toro,6,52,Parejo,Nicaragua,Nicaragua,Nicaragua,Nicaragua,Maduro,,,,,,,,,,0.0,,,89,,,,,,,,Aficionado,2009.0,1.0,padron|no. 45 maduro|toro
,,Padron,,,Family Reserve,No. 46 Maduro,https://www.cigaraficionado.com/top25cigar/padron-family-reserve-no-46-maduro-2010,Corona Gorda,5.5,56,Parejo,Nicaragua,Nicaragua,Nicaragua,Nicaragua,Maduro,,,,,,,,,,0.0,,,89,,,,,,,,Aficionado,2010.0,2.0,padron|no. 46 maduro|corona gorda
,,Padron,,,Family Reserve,No. 44 Maduro,https://www.cigaraficionado.com/top25cigar/padron-family-reserve-no-44-maduro-2012,Lonsdale,6,52,Parejo,Nicaragua,Nicaragua,Nicaragua,Nicaragua,Maduro,,,,,,,,,,0.0,,,89,,,,,,,,Aficionado,2012.0,6.0,padron|no. 44 maduro|lonsdale
,,Padron,,,Family Reserve,No. 45 Maduro,https://www.cigaraficionado.com/top25cigar/padron-family-reserve-no-45-maduro-2014,Toro,6,52,Parejo,Nicaragua,Nicaragua,Nicaragua,Nicaragua,Maduro,,,,,,,,,,0.0,,,89,,,,,,,,Aficionado,2014.0,4.0,padron|no. 45 maduro|toro
,,Padron,,,Family Reserve,No. 50 Maduro,,,,,,Nicaragua,Nicaragua,Nicaragua,Nicaragua,Maduro,,,,,,,,,,0.0,,,89,,,,,,,,Cigar Journal,2015.0,2.0,padron|no. 50 maduro|
,,Padron,,,Family Reserve,Family Reserve No. 44 Natural,https://www.cigaraficionado.com/top25/2018/padron-family-reserve-no-44-natural,Torpedo,6,52,Torpedo,Nicaragua,Nicaragua,Nicaragua,Nicaragua,Natural,,,,,,,,,,0.0,,,89,,,,,,,,Aficionado,2018.0,4.0,padron|family reserve no. 44 natural|torpedo
,,Padron,,,FAMILY RESERVE No. 45 Maduro,No. 45 Maduro,,,,,,Nicaragua,Nicaragua,Nicaragua,Nicaragua,Maduro,,,,,,,,,,0.0,,,89,,,,,,,,Cigar Journal,2013.0,9.0,padron|no. 45 maduro|
,,Padron,,,Serie 1926,40th Anniversary Torpedo,,Torpedo,6,54,Torpedo,Nicaragua,Nicaragua,Nicaragua,Nicaragua,,,,,,,,,,,0.0,,,89,,,,,,,,Aficionado,2004.0,1.0,padron|40th anniversary torpedo|torpedo
,,Padron,,,Serie 1926,No. 9,https://www.cigaraficionado.com/top25cigar/padron-serie-1926-no-9-2007,Toro,5.25,56,Parejo,Nicaragua,Nicaragua,Nicaragua,Nicaragua,,,,,,,,,,,0.0,,,89,,,,,,,,Aficionado,2007.0,1.0,padron|no. 9|toro
,,Padron,,,Serie 1926,No. 6,https://www.cigaraficionado.com/top25cigar/padron-1926-series-no-6-2011,Robusto,4.75,50,Parejo,Nicaragua,Nicaragua,Nicaragua,Nicaragua,,,,,,,,,,,0.0,,,89,,,,,,,,Aficionado,2011.0,23.0,padron|no. 6|robusto
,,Padron,,,Serie 1926,No. 9,https://www.cigaraficionado.com/top25cigar/padron-1926-series-no-9-2012,Toro,5.25,56,Parejo,Nicaragua,Nicaragua,Nicaragua,Nicaragua,,,,,,,,,,,0.0,,,89,,,,,,,,Aficionado,2012.0,2.0,padron|no. 9|toro
,,Padron,,,Serie 1926,No. 9,https://www.cigaraficionado.com/top25cigar/padron-1926-series-no-9-2013,Toro,5.25,56,Parejo,Nicaragua,Nicaragua,Nicaragua,Nicaragua,,,,,,,,,,,0.0,,,89,,,,,,,,Aficionado,2013.0,4.0,padron|no. 9|toro
,,Padron,,,Serie 1926,No. 2,https://www.cigaraficionado.com/top25cigar/padron-1926-series-no-2-2015,Torpedo,5.5,52,Torpedo,Nicaragua,Nicaragua,Nicaragua,Nicaragua,,,,,,,,,,,0.0,,,89,,,,,,,,Aficionado,2015.0,2.0,padron|no. 2|torpedo
,,Padron,,,Serie 1926,No. 90,https://www.cigaraficionado.com/top25cigar/padron-1926-series-no-90-2016,Robusto,5.5,52,Parejo,Nicaragua,Nicaragua,Nicaragua,Nicaragua,,,,,,,,,,,0.0,,,89,,,,,,,,Aficionado,2016.0,5.0,padron|no. 90|robusto
,,Padron,,,Serie 1926,Serie 1926 No. 2,https://www.cigaraficionado.com/top25/2017/padron-serie-1926-no-2,Torpedo,5.5,52,Torpedo,Nicaragua,Nicaragua,Nicaragua,Nicaragua,,,,,,,,,,,0.0,,,89,,,,,,,,Aficionado,2017.0,2.0,padron|serie 1926 no. 2|torpedo
,,Padron,,,Serie 1926,Serie 1926 No. 6,https://www.cigaraficionado.com/top25/2019/padron-serie-1926-no-6,Robusto,4.75,50,Parejo,Nicaragua,Nicaragua,Nicaragua,Nicaragua,,,,,,,,,,,0.0,,,89,,,,,,,,Aficionado,2019.0,2.0,padron|serie 1926 no. 6|robusto
,,Padron,,,Serie 1926,Padron Serie 1926 No. 48 Maduro,/mnt/data/Screenshot 2025-11-20 at 9.40.30 PM.png,Gordo,5.5,60,Parejo,Nicaragua,Nicaragua,Nicaragua,Nicaragua,Maduro,,,,,,,,,,0.0,,,89,,,,,,,,Aficionado,2023.0,2.0,padron|padron serie 1926 no. 48 maduro|gordo
,,Padron,,,Serie 1926,Serie 1926 No. 6,https://www.cigaraficionado.com/top25cigar/padron-serie-1926-no-6-2024,Robusto,4.75,50,Parejo,Nicaragua,Nicaragua,Nicaragua,Nicaragua,,,,,,,,,,,0.0,,,89,,,,,,,,Aficionado,2024.0,4.0,padron|serie 1926 no. 6|robusto
,,Padron,,,Serie 1964,Anniversary Exclusivo,https://www.cigaraficionado.com/top25cigar/padron-1964-anniversary-exclusivo-2011,Toro,5.5,50,Parejo,Nicaragua,Nicaragua,Nicaragua,Nicaragua,,,,,,,,,,,0.0,,,89,,,,,,,,Aficionado,2011.0,3.0,padron|anniversary exclusivo|toro
,,Padron,,,,1964 Anniversary Series Soberano Maduro,,,,,,Nicaragua,Nicaragua,Nicaragua,Nicaragua,Maduro,,,,,,,,,,0.0,,,89,,,,,,,,Cigar Journal,2018.0,3.0,padron|1964 anniversary series soberano maduro|
,,Padron,,,,Padron FAMILY RESERVE NO.95 NATURAL,,,,,,Nicaragua,Nicaragua,Nicaragua,Nicaragua,Natural,,,,,,,,,,0.0,,,89,,,,,,,,Cigar Journal,2022.0,1.0,padron|padron family reserve no.95 natural|
Padron,img/icons/manufacturers/padron.svg,Padron,,img/icons/brands/padron.svg,,1926 40 Years Torpedo Maduro,,Torpedo,6.5,54,Figurado,Nicaragua,Nicaragua,Nicaragua,Nicaragua,Maduro,Full ,,,,,,,,,32.5,650,20,89,32.4,314.0,15.7,16.7,,,,,,,padron|1926 40 years torpedo maduro|torpedo
Padron,img/icons/manufacturers/padron.svg,Padron,,img/icons/brands/padron.svg,,1926 80 Years Perfecto Maduro,,Perfecto,6.75,54,Figurado,Nicaragua,Nicaragua,Nicaragua,Nicaragua,Maduro,Full ,,,,,,,,,37.7,301.6,8,89,37.7,146.8,18.35,19.35,,,,,,,padron|1926 80 years perfecto maduro|perfecto
Padron,img/icons/manufacturers/padron.svg,Padron,,img/icons/brands/padron.svg,,80 Years Perfecto Natural,,Perfecto,6.75,54,Figurado,Nicaragua,Nicaragua,Nicaragua,Nicaragua,Colorado Maduro,Full ,,,,,,,,,37.7,301.6,8,89,37.7,146.8,18.35,19.35,,,,,,,padron|80 years perfecto natural|perfecto
Padron,img/icons/manufacturers/padron.svg,Padron,,img/icons/brands/padron.svg,,1964 A Natural,,A,8.25,50,Parejo,Nicaragua,Nicaragua,Nicaragua,Nicaragua,Colorado Maduro,Medium,,,,,,,,,46.9,469,10,89,46.9,229.5,22.95,23.95,,,,,,,padron|1964 a natural|a
Padron,img/icons/manufacturers/padron.svg,Padron,,img/icons/brands/padron.svg,,1964 Belicoso Maduro,,Belicoso,5,52,Belicoso,Nicaragua,Nicaragua,Nicaragua,Nicaragua,Maduro,Medium,,,,,,,,,23.2,580,25,89,23.2,277.5,11.1,12.1,,,,,,,padron|1964 belicoso maduro|belicoso
Padron,img/icons/manufacturers/padron.svg,Padron,,img/icons/brands/padron.svg,,1964 Belicoso Natural,,Belicoso,5,52,Belicoso,Nicaragua,Nicaragua,Nicaragua,Nicaragua,Colorado Maduro,Medium,,,,,,,,,23.2,580,25,89,23.2,277.5,11.1,12.1,,,,,,,padron|1964 belicoso natural|belicoso
Padron,img/icons/manufacturers/padron.svg,Padron,,img/icons/brands/padron.svg,,1964 Corona Maduro,,Corona,6,42,Parejo,Nicaragua,Nicaragua,Nicaragua,Nicaragua,Maduro,Medium,,,,,,,,,18.28,457,25,89,18.28,216.0,8.64,9.64,,,,,,,padron|1964 corona maduro|corona
Padron,img/icons/manufacturers/padron.svg,Padron,,img/icons/brands/padron.svg,,1964 Diplomatico Maduro,,Churchill,7,50,Parejo,Nicaragua,Nicaragua,Nicaragua,Nicaragua,Maduro,Medium,,,,,,,,FAV,18.95,473.75,25,89,24.22,290.25,11.61,12.61,,,,,,,padron|1964 diplomatico maduro|churchill
Padron,img/icons/manufacturers/padron.svg,Padron,,img/icons/brands/padron.svg,,1964 Diplomatico Natural,,Churchill,7,50,Parejo,Nicaragua,Nicaragua,Nicaragua,Nicaragua,Colorado Maduro,Medium,,,,,,,,FAV,18.95,473.75,25,89,24.22,290.25,11.61,12.61,,,,,,,padron|1964 diplomatico natural|churchill
Padron,img/icons/manufacturers/padron.svg,Padron,,img/icons/brands/padron.svg,,1964 No. 4 Maduro,,Gordo,6.5,60,Parejo,Nicaragua,Nicaragua,Nicaragua,Nicaragua,Maduro,Medium,,,,,,,,,31.0,620,20,89,31.0,300.0,15.0,16.0,,,,,,,padron|1964 no. 4 maduro|gordo
Padron,img/icons/manufacturers/padron.svg,Padron,,img/icons/brands/padron.svg,,1964 No. 4 Natural,,Gordo,6.5,60,Parejo,Nicaragua,Nicaragua,Nicaragua,Nicaragua,Colorado Maduro,Medium,,,,,,,,,31.0,620,20,89,31.0,300.0,15.0,16.0,,,,,,,padron|1964 no. 4 natural|gordo
Padron,img/icons/manufacturers/padron.svg,Padron,,img/icons/brands/padron.svg,,1964 Presidente Maduro Tubo,,Toro,6,50,Parejo,Nicaragua,Nicaragua,Nicaragua,Nicaragua,Maduro,Medium,,,Tubo,,,,,,26.0666666666666,391,15,89,26.0666666666666,188.0,12.5333333333333,13.5333333333333,,,,,,,padron|1964 presidente maduro tubo|toro
Padron,img/icons/manufacturers/padron.svg,Padron,,img/icons/brands/padron.svg,,1964 Presidente Natural Tubo,,Toro,6,50,Parejo,Nicaragua,Nicaragua,Nicaragua,Nicaragua,Colorado Maduro,Medium,,,Tubo,,,,,,26.0666666666666,391,15,89,26.0666666666666,188.0,12.5333333333333,13.5333333333333,,,,,,,padron|1964 presidente natural tubo|toro
Padron,img/icons/manufacturers/padron.svg,Padron,,img/icons/brands/padron.svg,,1964 Principe Maduro,,Petit Corona,4.5,46,Parejo,Nicaragua,Nicaragua,Nicaragua,Nicaragua,Maduro,Medium,,,,,,,,FAV,17.32,433,25,89,17.32,204.0,8.16,9.16,,,,,,,padron|1964 principe maduro|petit corona
Padron,img/icons/manufacturers/padron.svg,Padron,,img/icons/brands/padron.svg,,1964 Principe Natural,,Petit Corona,4.5,46,Parejo,Nicaragua,Nicaragua,Nicaragua,Nicaragua,Colorado Maduro,Medium,,,,,,,,FAV,17.32,433,25,89,17.32,204.0,8.16,9.16,,,,,,,padron|1964 principe natural|petit corona
Padron,img/icons/manufacturers/padron.svg,Padron,,img/icons/brands/padron.svg,,1964 Series A Maduro,,A,8.25,50,Parejo,Nicaragua,Nicaragua,Nicaragua,Nicaragua,Maduro,Medium,,,,,,,,,46.9,469,10,89,46.9,229.5,22.95,23.95,,,,,,,padron|1964 series a maduro|a
Padron,img/icons/manufacturers/padron.svg,Padron,,img/icons/brands/padron.svg,,1964 Soberano Maduro Tubo,,Robusto,5,52,Parejo,Nicaragua,Nicaragua,Nicaragua,Nicaragua,Maduro,Medium,,,Tubo,,,,,,24.88,373.2,15,89,24.88,179.1,11.94,12.94,,,,,,,padron|1964 soberano maduro tubo|robusto
Padron,img/icons/manufacturers/padron.svg,Padron,,img/icons/brands/padron.svg,,1964 Soberano Natural Tubo,,Robusto,5,52,Parejo,Nicaragua,Nicaragua,Nicaragua,Nicaragua,Colorado Maduro,Medium,,,Tubo,,,,,,24.88,373.2,15,89,24.88,179.1,11.94,12.94,,,,,,,padron|1964 soberano natural tubo|robusto
Padron,img/icons/manufacturers/padron.svg,Padron,,img/icons/brands/padron.svg,,1964 Torpedo Maduro,,Torpedo,6,52,Torpedo,Nicaragua,Nicaragua,Nicaragua,Nicaragua,Maduro,Medium,,,,,,,,,25.78,515.6,20,89,25.78,247.8,12.39,13.39,,,,,,,padron|1964 torpedo maduro|torpedo
Padron,img/icons/manufacturers/padron.svg,Padron,,img/icons/brands/padron.svg,,1964 Torpedo Natural,,Torpedo,6,52,Torpedo,Nicaragua,Nicaragua,Nicaragua,Nicaragua,Colorado Maduro,Medium,,,,,,,,,25.78,515.6,20,89,25.78,247.8,12.39,13.39,,,,,,,padron|1964 torpedo natural|torpedo
Padron,img/icons/manufacturers/padron.svg,Padron,,img/icons/brands/padron.svg,,Damaso No. 12,,Robusto,5,50,Parejo,Ecuadorian Connecticut Shade,Nicaragua,Nicaragua,Nicaragua,Claro,Mild,,,,,,,,,17.06,341.2,20,89,17.06,160.6,8.03,9.03,,,,,,,padron|damaso no. 12|robusto
Padron,img/icons/manufacturers/padron.svg,Padron,,img/icons/brands/padron.svg,,Damaso No. 15,,Toro,6,52,Parejo,Ecuadorian Connecticut Shade,Nicaragua,Nicaragua,Nicaragua,Claro,Mild,,,,,,,,,18.56,371.2,20,89,18.56,175.6,8.78,9.78,,,,,,,padron|damaso no. 15|toro
Padron,img/icons/manufacturers/padron.svg,Padron,,img/icons/brands/padron.svg,,Damaso No. 17,,Churchill,7,54,Parejo,Ecuadorian Connecticut Shade,Nicaragua,Nicaragua,Nicaragua,Claro,Mild,,,,,,,,,21.06,421.2,20,89,21.06,200.6,10.03,11.03,,,,,,,padron|damaso no. 17|churchill
Padron,img/icons/manufacturers/padron.svg,Padron,,img/icons/brands/padron.svg,,Damaso No. 32 Red Label,,Robusto,5.25,52,Parejo,Ecuadorian Connecticut Shade,Nicaragua,Nicaragua,Nicaragua,Claro,Mild,,,,,,,,,17.3,346,20,89,17.3,163.0,8.15,9.15,,,,,,,padron|damaso no. 32 red label|robusto
Padron,img/icons/manufacturers/padron.svg,Padron,,img/icons/brands/padron.svg,,Damaso No. 34 Red Label,,Torpedo,6,52,Torpedo,Ecuadorian Connecticut Shade,Nicaragua,Nicaragua,Nicaragua,Claro,Mild,,,,,,,,,18.06,361.2,20,89,18.06,170.6,8.53,9.53,,,,,,,padron|damaso no. 34 red label|torpedo
Padron,img/icons/manufacturers/padron.svg,Padron,,img/icons/brands/padron.svg,,Damaso No. 8,,Corona,5.5,46,Parejo,Ecuadorian Connecticut Shade,Nicaragua,Nicaragua,Nicaragua,Claro,Mild,,,,,,,,,16.06,321.2,20,89,16.06,150.6,7.53,8.53,,,,,,,padron|damaso no. 8|corona
Padron,img/icons/manufacturers/padron.svg,Padron,,img/icons/brands/padron.svg,,Family Reserve #44 Maduro Torpedo,,Torpedo,6,52,Torpedo,Nicaragua,Nicaragua,Nicaragua,Nicaragua,Maduro,Medium-Full,,,,,,,,,36.95,369.5,10,89,37.16,180.8,18.08,19.08,,,,,,,padron|family reserve #44 maduro torpedo|torpedo
Padron,img/icons/manufacturers/padron.svg,Padron,,img/icons/brands/padron.svg,,Family Reserve #44 Natural Torpedo,,Torpedo,6,52,Torpedo,Nicaragua,Nicaragua,Nicaragua,Nicaragua,Colorado Maduro,Medium-Full,,,,,,,,,36.95,369.5,10,89,37.16,180.8,18.08,19.08,,,,,,,padron|family reserve #44 natural torpedo|torpedo
Padron,img/icons/manufacturers/padron.svg,Padron,,img/icons/brands/padron.svg,,Family Reserve #45 Maduro,,Toro,6,52,Figurado,Nicaragua,Nicaragua,Nicaragua,Nicaragua,Maduro,Medium-Full,,,,,,,,,31.95,319.5,10,89,35.26,171.3,17.13,18.13,,,,,,,padron|family reserve #45 maduro|toro
Padron,img/icons/manufacturers/padron.svg,Padron,,img/icons/brands/padron.svg,,Family Reserve #45 Natural,,Toro,6,52,Figurado,Nicaragua,Nicaragua,Nicaragua,Nicaragua,Colorado Maduro,Medium-Full,,,,,,,,,31.95,319.5,10,89,35.26,171.3,17.13,18.13,,,,,,,padron|family reserve #45 natural|toro
Padron,img/icons/manufacturers/padron.svg,Padron,,img/icons/brands/padron.svg,,Family Reserve #46 Maduro,,Toro,5.5,56,Parejo,Nicaragua,Nicaragua,Nicaragua,Nicaragua,Maduro,Medium-Full,,,,,,,,,31.95,319.5,10,89,32.16,155.8,15.58,16.58,,,,,,,padron|family reserve #46 maduro|toro
Padron,img/icons/manufacturers/padron.svg,Padron,,img/icons/brands/padron.svg,,Family Reserve #46 Natural,,Toro,5.5,56,Parejo,Nicaragua,Nicaragua,Nicaragua,Nicaragua,Colorado Maduro,Medium-Full,,,,,,,,,31.95,319.5,10,89,32.16,155.8,15.58,16.58,,,,,,,padron|family reserve #46 natural|toro
Padron,img/icons/manufacturers/padron.svg,Padron,,img/icons/brands/padron.svg,,Family Reserve #50 Maduro,,Robusto,5,54,Parejo,Nicaragua,Nicaragua,Nicaragua,Nicaragua,Maduro,Full ,,,,,,,,,29.95,299.5,10,89,30.86,149.3,14.93,15.93,,,,,,,padron|family reserve #50 maduro|robusto
Padron,img/icons/manufacturers/padron.svg,Padron,,img/icons/brands/padron.svg,,Family Reserve #50 Natural,,Robusto,5,54,Parejo,Nicaragua,Nicaragua,Nicaragua,Nicaragua,Colorado Maduro,Full ,,,,,,,,,29.95,299.5,10,89,30.86,149.3,14.93,15.93,,,,,,,padron|family reserve #50 natural|robusto
Padron,img/icons/manufacturers/padron.svg,Padron,,img/icons/brands/padron.svg,,Family Reserve #85 Maduro,,Robusto,5.25,50,Parejo,Nicaragua,Nicaragua,Nicaragua,Nicaragua,Maduro,Medium-Full,,,,,,,,,26.26,262.6,10,89,26.26,126.3,12.63,13.63,,,,,,,padron|family reserve #85 maduro|robusto
Padron,img/icons/manufacturers/padron.svg,Padron,,img/icons/brands/padron.svg,,Family Reserve #85 Natural,,Robusto,5.25,50,Parejo,Nicaragua,Nicaragua,Nicaragua,Nicaragua,Colorado Maduro,Medium-Full,,,,,,,,,26.26,262.6,10,89,26.26,126.3,12.63,13.63,,,,,,,padron|family reserve #85 natural|robusto
Padron,img/icons/manufacturers/padron.svg,Padron,,img/icons/brands/padron.svg,,Family Reserve #95 Maduro,,Short Gordo,4.75,60,Parejo,Nicaragua,Nicaragua,Nicaragua,Nicaragua,Maduro,Full ,,,,,,,,,33.1,331,10,89,33.1,160.5,16.05,17.05,,,,,,,padron|family reserve #95 maduro|short gordo
Padron,img/icons/manufacturers/padron.svg,Padron,,img/icons/brands/padron.svg,,Family Reserve #95 Natural,,Short Gordo,4.75,60,Parejo,Nicaragua,Nicaragua,Nicaragua,Nicaragua,Colorado Maduro,Full ,,,,,,,,,33.1,331,10,89,33.1,160.5,16.05,17.05,,,,,,,padron|family reserve #95 natural|short gordo
Padron,img/icons/manufacturers/padron.svg,Padron,,img/icons/brands/padron.svg,,Family Reserve #96 Maduro,,Robusto Gordo,5.75,52,Parejo,Nicaragua,Nicaragua,Nicaragua,Nicaragua,Colorado Maduro,Medium-Full,,,,,,,,,31.95,319.5,10,89,33.1,160.5,16.05,17.05,,,,,,,padron|family reserve #96 maduro|robusto gordo
Padron,img/icons/manufacturers/padron.svg,Padron,,img/icons/brands/padron.svg,,Family Reserve #96 Natural,,Robusto Gordo,5.75,52,Parejo,Nicaragua,Nicaragua,Nicaragua,Nicaragua,Maduro,Full,,,,,,,,,31.95,319.5,10,89,33.1,160.5,16.05,17.05,,,,,,,padron|family reserve #96 natural|robusto gordo
Padron,img/icons/manufacturers/padron.svg,Padron,,img/icons/brands/padron.svg,,1964 Corona Natural,,Corona,6,42,Parejo,Nicaragua,Nicaragua,Nicaragua,Nicaragua,Colorado Maduro,Medium,,,,,,,,,18.28,457,25,89,18.28,216.0,8.64,9.64,,,,,,,padron|1964 corona natural|corona
Padron,img/icons/manufacturers/padron.svg,Padron,,img/icons/brands/padron.svg,,1964 Exclusivo Maduro,,Toro,5.5,50,Parejo,Nicaragua,Nicaragua,Nicaragua,Nicaragua,Maduro,Medium,,,,,,,,FAV,20.08,502,25,89,20.08,238.5,9.54,10.54,,,,,,,padron|1964 exclusivo maduro|toro
Padron,img/icons/manufacturers/padron.svg,Padron,,img/icons/brands/padron.svg,,1964 Exclusivo Natural,,Toro,5.5,50,Parejo,Nicaragua,Nicaragua,Nicaragua,Nicaragua,Colorado Maduro,Medium,,,,,,,,FAV,20.08,502,25,89,20.08,238.5,9.54,10.54,,,,,,,padron|1964 exclusivo natural|toro
Padron,img/icons/manufacturers/padron.svg,Padron,,img/icons/brands/padron.svg,,1964 Hermoso Maduro,,Short Robusto,4,56,Parejo,Nicaragua,Nicaragua,Nicaragua,Nicaragua,Maduro,Medium,,,,,,,,FAV,21.4672,536.68,25,89,21.4672,255.84,10.2336,11.2336,,,,,,,padron|1964 hermoso maduro|short robusto
Padron,img/icons/manufacturers/padron.svg,Padron,,img/icons/brands/padron.svg,,1964 Hermoso Natural,,Short Robusto,4,56,Parejo,Nicaragua,Nicaragua,Nicaragua,Nicaragua,Colorado Maduro,Medium,,,,,,,,FAV,21.4672,536.68,25,89,21.4672,255.84,10.2336,11.2336,,,,,,,padron|1964 hermoso natural|short robusto
Padron,img/icons/manufacturers/padron.svg,Padron,,img/icons/brands/padron.svg,,1964 Imperial Maduro,,Toro,6,54,Parejo,Nicaragua,Nicaragua,Nicaragua,Nicaragua,Maduro,Medium,,,,,,,,,24.58,614.5,25,89,24.58,294.75,11.79,12.79,,,,,,,padron|1964 imperial maduro|toro
Padron,img/icons/manufacturers/padron.svg,Padron,,img/icons/brands/padron.svg,,1964 Imperial Natural,,Toro,6,54,Parejo,Nicaragua,Nicaragua,Nicaragua,Nicaragua,Colorado Maduro,Medium,,,,,,,,,24.58,614.5,25,89,24.58,294.75,11.79,12.79,,,,,,,padron|1964 imperial natural|toro
Padron,img/icons/manufacturers/padron.svg,Padron,,img/icons/brands/padron.svg,,1964 Monarca Maduro,,Toro,6.5,46,Parejo,Nicaragua,Nicaragua,Nicaragua,Nicaragua,Maduro,Medium,,,,,,,,,19.9,497.5,25,89,19.9,236.25,9.45,10.45,,,,,,,padron|1964 monarca maduro|toro
Padron,img/icons/manufacturers/padron.svg,Padron,,img/icons/brands/padron.svg,,1964 Monarca Natural,,Toro,6.5,46,Parejo,Nicaragua,Nicaragua,Nicaragua,Nicaragua,Colorado Maduro,Medium,,,,,,,,,19.9,497.5,25,89,19.9,236.25,9.45,10.45,,,,,,,padron|1964 monarca natural|toro
Padron,img/icons/manufacturers/padron.svg,Padron,,img/icons/brands/padron.svg,,1964 Piramide Maduro,,Pyramid,6.875,52,Pyramid,Nicaragua,Nicaragua,Nicaragua,Nicaragua,Maduro,Medium,,,,,,,,,24.16,604,25,89,24.16,289.5,11.58,12.58,,,,,,,padron|1964 piramide maduro|pyramid
Padron,img/icons/manufacturers/padron.svg,Padron,,img/icons/brands/padron.svg,,1964 Piramide Natural,,Pyramid,6.875,52,Pyramid,Nicaragua,Nicaragua,Nicaragua,Nicaragua,Colorado Maduro,Medium,,,,,,,,,24.16,604,25,89,24.16,289.5,11.58,12.58,,,,,,,padron|1964 piramide natural|pyramid
Padron,img/icons/manufacturers/padron.svg,Padron,,img/icons/brands/padron.svg,,1964 Superior Maduro,,Lonsdale,6.5,42,Parejo,Nicaragua,Nicaragua,Nicaragua,Nicaragua,Maduro,Medium,,,,,,,,,18.52,463,25,89,18.52,219.0,8.76,9.76,,,,,,,padron|1964 superior maduro|lonsdale
Padron,img/icons/manufacturers/padron.svg,Padron,,img/icons/brands/padron.svg,,1964 Superior Natural,,Lonsdale,6.5,42,Parejo,Nicaragua,Nicaragua,Nicaragua,Nicaragua,Colorado Maduro,Medium,,,,,,,,,18.52,463,25,89,18.52,219.0,8.76,9.76,,,,,,,padron|1964 superior natural|lonsdale
Padron,img/icons/manufacturers/padron.svg,Padron,,img/icons/brands/padron.svg,,Padron 2000 Maduro Robusto,,Robusto,5,50,Parejo,Nicaragua,Nicaragua,Nicaragua,Nicaragua,Maduro,Medium-Full,,,,,,,,,9.25,240.5,26,89,11.44,135.72,5.22,6.22,,,,,,,padron|padron 2000 maduro robusto|robusto
Padron,img/icons/manufacturers/padron.svg,Padron,,img/icons/brands/padron.svg,,Padron 2000 Natural Robusto,,Robusto,5,50,Parejo,Nicaragua,Nicaragua,Nicaragua,Nicaragua,Colorado Maduro,Medium-Full,,,,,,,,,9.25,240.5,26,89,11.44,135.72,5.22,6.22,,,,,,,padron|padron 2000 natural robusto|robusto
Padron,img/icons/manufacturers/padron.svg,Padron,,img/icons/brands/padron.svg,,Padron 3000 Maduro Robusto,,Robusto,5.5,52,Parejo,Nicaragua,Nicaragua,Nicaragua,Nicaragua,Maduro,Medium-Full,,,,,,,,,10.25,266.5,26,89,12.52,149.76,5.76,6.76,,,,,,,padron|padron 3000 maduro robusto|robusto
Padron,img/icons/manufacturers/padron.svg,Padron,,img/icons/brands/padron.svg,,Padron 3000 Natural Robusto,,Robusto,5.5,52,Parejo,Nicaragua,Nicaragua,Nicaragua,Nicaragua,Colorado Maduro,Medium-Full,,,,,,,,,10.25,266.5,26,89,12.52,149.76,5.76,6.76,,,,,,,padron|padron 3000 natural robusto|robusto
Padron,img/icons/manufacturers/padron.svg,Padron,,img/icons/brands/padron.svg,,Padron 4000 Maduro Toro,,Toro,6.5,54,Parejo,Nicaragua,Nicaragua,Nicaragua,Nicaragua,Maduro,Medium-Full,,,,,,,,FAV,11.25,292.5,26,89,14.5,175.5,6.75,7.75,,,,,,,padron|padron 4000 maduro toro|toro
Padron,img/icons/manufacturers/padron.svg,Padron,,img/icons/brands/padron.svg,,Padron 4000 Natural Toro,,Toro,6.5,54,Parejo,Nicaragua,Nicaragua,Nicaragua,Nicaragua,Colorado Maduro,Medium-Full,,,,,,,,FAV,11.25,292.5,26,89,14.5,175.5,6.75,7.75,,,,,,,padron|padron 4000 natural toro|toro
Padron,img/icons/manufacturers/padron.svg,Padron,,img/icons/brands/padron.svg,,Padron 50 Years Toro Maduro,,Toro,6.5,52,Parejo,Nicaragua,Nicaragua,Nicaragua,Nicaragua,Maduro,Medium-Full,,,,,,,,,50.0,2500,50,89,48.76,1194.0,23.88,24.88,,,,,,,padron|padron 50 years toro maduro|toro
Padron,img/icons/manufacturers/padron.svg,Padron,,img/icons/brands/padron.svg,,Padron 50 Years Toro Natural,,Toro,6.5,52,Parejo,Nicaragua,Nicaragua,Nicaragua,Nicaragua,Colorado Maduro,Medium,,,,,,,,,50.0,2500,50,89,48.76,1194.0,23.88,24.88,,,,,,,padron|padron 50 years toro natural|toro
Padron,img/icons/manufacturers/padron.svg,Padron,,img/icons/brands/padron.svg,,Padron 5000 Maduro Robusto,,Robusto Gordo,5.5,56,Parejo,Nicaragua,Nicaragua,Nicaragua,Nicaragua,Maduro,Medium-Full,,,,,,,,,11.25,292.5,26,89,14.08,170.04,6.54,7.54,,,,,,,padron|padron 5000 maduro robusto|robusto gordo
Padron,img/icons/manufacturers/padron.svg,Padron,,img/icons/brands/padron.svg,,Padron 5000 Natural Robusto,,Robusto Gordo,5.5,56,Parejo,Nicaragua,Nicaragua,Nicaragua,Nicaragua,Colorado Maduro,Medium-Full,,,,,,,,,11.25,292.5,26,89,14.08,170.04,6.54,7.54,,,,,,,padron|padron 5000 natural robusto|robusto gordo
Padron,img/icons/manufacturers/padron.svg,Padron,,img/icons/brands/padron.svg,,Padron 6000 Maduro Torpedo,,Torpedo,5.5,52,Pyramid,Nicaragua,Nicaragua,Nicaragua,Nicaragua,Maduro,Medium-Full,,,,,,,,,11.95,310.7,26,89,14.92,180.96,6.96,7.96,,,,,,,padron|padron 6000 maduro torpedo|torpedo
Padron,img/icons/manufacturers/padron.svg,Padron,,img/icons/brands/padron.svg,,Padron 6000 Natural Torpedo,,Torpedo,5.5,52,Pyramid,Nicaragua,Nicaragua,Nicaragua,Nicaragua,Colorado Maduro,Medium-Full,,,,,,,,,11.95,310.7,26,89,14.92,180.96,6.96,7.96,,,,,,,padron|padron 6000 natural torpedo|torpedo
Padron,img/icons/manufacturers/padron.svg,Padron,,img/icons/brands/padron.svg,,Padron 7000 Maduro Gordo,,Gordo,6.25,60,Parejo,Nicaragua,Nicaragua,Nicaragua,Nicaragua,Maduro,Medium-Full,,,,,,,,,12.95,336.7,26,89,16.12,196.56,7.56,8.56,,,,,,,padron|padron 7000 maduro gordo|gordo
Padron,img/icons/manufacturers/padron.svg,Padron,,img/icons/brands/padron.svg,,Padron 7000 Natural Gordo,,Gordo,6.25,60,Parejo,Nicaragua,Nicaragua,Nicaragua,Nicaragua,Colorado Maduro,Medium-Full,,,,,,,,,12.95,336.7,26,89,16.12,196.56,7.56,8.56,,,,,,,padron|padron 7000 natural gordo|gordo
Padron,img/icons/manufacturers/padron.svg,Padron,,img/icons/brands/padron.svg,,Padron Ambassador Maduro,,Lonsdale,6.875,42,Parejo,Nicaragua,Nicaragua,Nicaragua,Nicaragua,Maduro,Medium-Full,,,,,,,,,11.2,291.2,26,89,11.2,132.6,5.1,6.1,,,,,,,padron|padron ambassador maduro|lonsdale
Padron,img/icons/manufacturers/padron.svg,Padron,,img/icons/brands/padron.svg,,Padron Ambassador Natural,,Lonsdale,6.875,42,Parejo,Nicaragua,Nicaragua,Nicaragua,Nicaragua,Colorado Maduro,Medium-Full,,,,,,,,,11.2,291.2,26,89,11.2,132.6,5.1,6.1,,,,,,,padron|padron ambassador natural|lonsdale
Padron,img/icons/manufacturers/padron.svg,Padron,,img/icons/brands/padron.svg,,Padron Churchill Maduro,,Churchill,6.875,46,Parejo,Nicaragua,Nicaragua,Nicaragua,Nicaragua,Maduro,Medium-Full,,,,,,,,,12.52,325.52,26,89,12.52,149.76,5.76,6.76,,,,,,,padron|padron churchill maduro|churchill
Padron,img/icons/manufacturers/padron.svg,Padron,,img/icons/brands/padron.svg,,Padron Churchill Natural,,Churchill,6.875,46,Parejo,Nicaragua,Nicaragua,Nicaragua,Nicaragua,Colorado Maduro,Medium-Full,,,,,,,,,12.52,325.52,26,89,12.52,149.76,5.76,6.76,,,,,,,padron|padron churchill natural|churchill
Padron,img/icons/manufacturers/padron.svg,Padron,,img/icons/brands/padron.svg,,Padron Corticos Maduro Box,,Cigarillo,4.25,35,Parejo,Nicaragua,Nicaragua,Nicaragua,Nicaragua,Maduro,Medium-Full,,,,,,,,,7.9,237,30,89,7.9,103.5,3.45,4.45,,,,,,,padron|padron corticos maduro box|cigarillo
Padron,img/icons/manufacturers/padron.svg,Padron,,img/icons/brands/padron.svg,,Padron Corticos Maduro Tin,,Cigarillo,,,,,,,,Maduro,,,,,,Tin,,,,7.9,284.4,36,89,7.9,124.2,3.45,4.45,,,,,,,padron|padron corticos maduro tin|cigarillo
Padron,img/icons/manufacturers/padron.svg,Padron,,img/icons/brands/padron.svg,,Padron Corticos Natural Box,,Cigarillo,4.25,35,Parejo,Nicaragua,Nicaragua,Nicaragua,Nicaragua,Colorado Maduro,Medium-Full,,,,,,,,,7.9,237,30,89,7.9,103.5,3.45,4.45,,,,,,,padron|padron corticos natural box|cigarillo
Padron,img/icons/manufacturers/padron.svg,Padron,,img/icons/brands/padron.svg,,Padron Corticos Natural Tin,,Cigarillo,,,,,,,,Colorado Maduro,,,,,,Tin,,,,7.9,284.4,36,89,7.9,124.2,3.45,4.45,,,,,,,padron|padron corticos natural tin|cigarillo
Padron,img/icons/manufacturers/padron.svg,Padron,,img/icons/brands/padron.svg,,Padron Executive Maduro,,Churchill,7.5,50,Parejo,Nicaragua,Nicaragua,Nicaragua,Nicaragua,Maduro,Medium-Full,,,,,,,,,15.16,394.16,26,89,15.16,184.08,7.08,8.08,,,,,,,padron|padron executive maduro|churchill
Padron,img/icons/manufacturers/padron.svg,Padron,,img/icons/brands/padron.svg,,Padron Executive Natural,,Churchill,7.5,50,Parejo,Nicaragua,Nicaragua,Nicaragua,Nicaragua,Colorado Maduro,Medium-Full,,,,,,,,,15.16,394.16,26,89,15.16,184.08,7.08,8.08,,,,,,,padron|padron executive natural|churchill
Padron,img/icons/manufacturers/padron.svg,Padron,,img/icons/brands/padron.svg,,Padron Londres Maduro,,Corona,5.5,42,Parejo,Nicaragua,Nicaragua,Nicaragua,Nicaragua,Maduro,Medium-Full,,,,,,,,,10.36,269.36,26,89,10.36,121.68,4.68,5.68,,,,,,,padron|padron londres maduro|corona
Padron,img/icons/manufacturers/padron.svg,Padron,,img/icons/brands/padron.svg,,Padron Londres Natural,,Corona,5.5,42,Parejo,Nicaragua,Nicaragua,Nicaragua,Nicaragua,Colorado Maduro,Medium-Full,,,,,,,,,10.36,269.36,26,89,10.36,121.68,4.68,5.68,,,,,,,padron|padron londres natural|corona
Padron,img/icons/manufacturers/padron.svg,Padron,,img/icons/brands/padron.svg,,Padron Magnum Maduro,,Gigante,9,50,Parejo,Nicaragua,Nicaragua,Nicaragua,Nicaragua,Colorado Maduro,Medium-Full,,,,,,,,,17.98,467.48,26,89,17.98,220.74,8.49,9.49,,,,,,,padron|padron magnum maduro|gigante
Padron,img/icons/manufacturers/padron.svg,Padron,,img/icons/brands/padron.svg,,Padron Magnum Natural,,Gigante,9,50,Parejo,Nicaragua,Nicaragua,Nicaragua,Nicaragua,Maduro,Medium-Full,,,,,,,,,17.98,467.48,26,89,17.98,220.74,8.49,9.49,,,,,,,padron|padron magnum natural|gigante
Padron,img/icons/manufacturers/padron.svg,Padron,,img/icons/brands/padron.svg,,Padron Palmas Maduro,,Long Corona,6.3125,42,Parejo,Nicaragua,Nicaragua,Nicaragua,Nicaragua,Maduro,Medium-Full,,,,,,,,,11.2,291.2,26,89,11.2,132.6,5.1,6.1,,,,,,,padron|padron palmas maduro|long corona
Padron,img/icons/manufacturers/padron.svg,Padron,,img/icons/brands/padron.svg,,Padron Palmas Natural,,Long Corona,6.3125,42,Parejo,Nicaragua,Nicaragua,Nicaragua,Nicaragua,Colorado Maduro,Medium-Full,,,,,,,,,11.2,291.2,26,89,11.2,132.6,5.1,6.1,,,,,,,padron|padron palmas natural|long corona
Padron,img/icons/manufacturers/padron.svg,Padron,,img/icons/brands/padron.svg,,Padron Panetela Maduro,,Panetela ,6.875,36,Parejo,Nicaragua,Nicaragua,Nicaragua,Nicaragua,Maduro,Medium-Full,,,,,,,,,11.32,294.32,26,89,11.32,134.16,5.16,6.16,,,,,,,padron|padron panetela maduro|panetela
Padron,img/icons/manufacturers/padron.svg,Padron,,img/icons/brands/padron.svg,,Padron Panetela Natural,,Panetela ,6.875,36,Parejo,Nicaragua,Nicaragua,Nicaragua,Nicaragua,Colorado Maduro,Medium-Full,,,,,,,,,11.32,294.32,26,89,11.32,134.16,5.16,6.16,,,,,,,padron|padron panetela natural|panetela
,,Pappy Van Winkle,,,,Tradition,,,,,,Ecuador,Indonesia,Nicaragua; Dominican Republic,Nicaragua,,,,,,,,,,,0.0,,,89,,,,,,,,Cigar Journal,2018.0,4.0,pappy van winkle|tradition|
Drew Estate,img/icons/manufacturers/drewestate.svg,Pappy Van Winkle,pvw,img/icons/brands/pappyvanwinkle.svg,,Family Reserve Barrel Fermented Churchill,,Churchill,7,48,Parejo,"Mexican San Andres Maduro, USA Kentucky",Nicaragua,Nicaragua,Nicaragua,Maduro,Medium,,,,,,,,,17.55,,,89,,,,,,,,,,,pappy van winkle|family reserve barrel fermented churchill|churchill
Drew Estate,img/icons/manufacturers/drewestate.svg,Pappy Van Winkle,pvw,img/icons/brands/pappyvanwinkle.svg,,Family Reserve Barrel Fermented Robusto,,Robusto,5.25,52,Parejo,"Mexican San Andres Maduro, USA Kentucky",Nicaragua,Nicaragua,Nicaragua,Maduro,Medium,,,,,,,,,16.55,,,89,,,,,,,,,,,pappy van winkle|family reserve barrel fermented robusto|robusto
Drew Estate,img/icons/manufacturers/drewestate.svg,Pappy Van Winkle,pvw,img/icons/brands/pappyvanwinkle.svg,,Family Reserve Barrel Fermented Toro,,Toro,6,54,Parejo,"Mexican San Andres Maduro, USA Kentucky",Nicaragua,Nicaragua,Nicaragua,Maduro,Medium,,,,,,,,,17.55,,,89,,,,,,,,,,,pappy van winkle|family reserve barrel fermented toro|toro
Drew Estate,img/icons/manufacturers/drewestate.svg,Pappy Van Winkle,pvw,img/icons/brands/pappyvanwinkle.svg,,Family Reserve Barrel Fermented Gordo,,Gordo,6,60,Parejo,"Mexican San Andres Maduro, USA Kentucky",Nicaragua,Nicaragua,Nicaragua,Maduro,Medium,,,,,,,,,0.0,,,89,,,,,,,,,,,pappy van winkle|family reserve barrel fermented gordo|gordo
Drew Estate,img/icons/manufacturers/drewestate.svg,Pappy Van Winkle,pvw,img/icons/brands/pappyvanwinkle.svg,,Tradition Belicoso Fino,,Torpedo,5,50,Torpedo,Ecuadorian Habano,Indonesia,"Dominican Republic, Nicaragua",Nicaragua,Colorado Maduro,Medium,,,,,,,,,0.0,,,89,,,,,,,,,,,pappy van winkle|tradition belicoso fino|torpedo
Drew Estate,img/icons/manufacturers/drewestate.svg,Pappy Van Winkle,pvw,img/icons/brands/pappyvanwinkle.svg,,Tradition Coronita,,Petite Corona,4,46,Parejo,Ecuadorian Habano,Indonesia,"Dominican Republic, Nicaragua",Nicaragua,Colorado Maduro,Medium,,,,,,,,,0.0,,,89,,,,,,,,,,,pappy van winkle|tradition coronita|petite corona
Drew Estate,img/icons/manufacturers/drewestate.svg,Pappy Van Winkle,pvw,img/icons/brands/pappyvanwinkle.svg,,Tradition Robusto Grande,,Robusto Extra,5.5,54,Parejo,Ecuadorian Habano,Indonesia,"Dominican Republic, Nicaragua",Nicaragua,Colorado Maduro,Medium,,,,,,,,,0.0,,,89,,,,,,,,,,,pappy van winkle|tradition robusto grande|robusto extra
Drew Estate,img/icons/manufacturers/drewestate.svg,Pappy Van Winkle,pvw,img/icons/brands/pappyvanwinkle.svg,,Tradition Toro,,Toro,6,50,Parejo,Ecuadorian Habano,Indonesia,"Dominican Republic, Nicaragua",Nicaragua,Colorado Maduro,Medium,,,,,,,,,0.0,,,89,,,,,,,,,,,pappy van winkle|tradition toro|toro
Drew Estate,img/icons/manufacturers/drewestate.svg,Pappy Van Winkle,pvw,img/icons/brands/pappyvanwinkle.svg,,Flying Pig,,Perfecto,4,60,Perfecto,"Mexican San Andreas, USA",Nicaragua,"Nicaragua, USA",Nicaragua,Mixed,Medium-Full,,,,,,,,,13.99,,,89,,,,,,,,,,,pappy van winkle|flying pig|perfecto
,,Partagas,,,Añejados,Corona Gorda,,Corona,,,Parejo,Cuba,Cuba,Cuba,Cuba,,,Cuba,,,,,,,,0.0,,,89,,,,,,,,Cigar Journal,2016.0,7.0,partagas|corona gorda|corona
,,Partagas,,,Línea Maestra,Línea Maestra Maestro,https://www.cigaraficionado.com/top25cigar/partagas-linea-maestra-maestro-2024,Robusto,5.25,56,Parejo,Cuba,Cuba,Cuba,Cuba,,,Cuba,,,,,,,,0.0,,,89,,,,,,,,Aficionado,2024.0,5.0,partagas|línea maestra maestro|robusto
,,Partagas,,,Lusitania,Lusitania,https://www.cigaraficionado.com/top25/2017/partagas-lusitania,Double Corona,7.625,49,Parejo,Cuba,Cuba,Cuba,Cuba,,,Cuba,,,,,,,,0.0,,,89,,,,,,,,Aficionado,2017.0,11.0,partagas|lusitania|double corona
,,Partagas,,,Serie C No. 3,No. 3,,,,,,Cuba,Cuba,Cuba,Cuba,,,Cuba,,,,,,,,0.0,,,89,,,,,,,,Cigar Journal,2013.0,20.0,partagas|no. 3|
,,Partagas,,,Serie D,Partagas Serie D No 4,https://www.cigaraficionado.com/top25/2021/partagas-serie-d-no-4,Robusto,4.875,50,Parejo,Cuba,Cuba,Cuba,Cuba,,,Cuba,,,,,,,,0.0,,,89,,,,,,,,Aficionado,2021.0,4.0,partagas|partagas serie d no 4|robusto
,,Partagas,,,Serie D No. 4,Reserva,,Robusto,4.88,50,Parejo,Nicaragua,Nicaragua,Nicaragua,Nicaragua,,,,,,,,,,,0.0,,,89,,,,,,,,Aficionado,2005.0,5.0,partagas|reserva|robusto
,,Partagas,,,Serie E,Serie E No. 2,https://www.cigaraficionado.com/top25cigar/partagas-serie-e-no-2-2016,Robusto Extra,5.5,54,Parejo,Cuba,Cuba,Cuba,Cuba,,,Cuba,,,,,,,,0.0,,,89,,,,,,,,Cigar Journal,2016.0,3.0,partagas|serie e no. 2|robusto extra
,,Partagas,,,Serie P,No. 2,,Torpedo,6.13,52,Torpedo,Cuba,Cuba,Cuba,Cuba,,,Cuba,,,,,,,,0.0,,,89,,,,,,,,Aficionado,2023.0,6.0,partagas|no. 2|torpedo
,,Partagas,,,,Serie D No. 4,,Robusto,4.88,50,Parejo,Cuba,Cuba,Cuba,Cuba,,,Cuba,,,,,,,,0.0,,,89,,,,,,,,Aficionado,2004.0,19.0,partagas|serie d no. 4|robusto
,,Partagas,,,,Series No. 1,,,,,,Cuba,Cuba,Cuba,Cuba,,,Cuba,,,,,,,,0.0,,,89,,,,,,,,Cigar Journal,2018.0,7.0,partagas|series no. 1|
,,Perdomo,,,2 Limited Edition 2002,Torpedo,,Torpedo,7,54,Torpedo,Nicaragua,Nicaragua,Nicaragua,Nicaragua,,,,,,,,,,,0.0,,,89,,,,,,,,Aficionado,2004.0,22.0,perdomo|torpedo|torpedo
,,Perdomo,,,20th Anniversary,Maduro Epicure,,,,,,Nicaragua,Nicaragua,Nicaragua,Nicaragua,Maduro,,,,,,,,,,0.0,,,89,,,,,,,,Cigar Journal,2014.0,4.0,perdomo|maduro epicure|
Perdomo,img/icons/manufacturers/perdomo.svg,Perdomo,,img/icons/brands/perdomo.svg,20th Anniversary,20th Anniversary Torpedo,,Torpedo,6.5,54,Torpedo,,,,,,,,,,,,,,,14.0,336,24,89,14.0,156.0,6.5,7.5,,,,,,,perdomo|20th anniversary torpedo|torpedo
,,Perdomo,,,20th ANNIVERSARY SUN GROWN,Corona Grande,,Corona,,,Parejo,Nicaragua,Nicaragua,Nicaragua,Nicaragua,,,,,,,,,,,0.0,,,89,,,,,,,,Cigar Journal,2013.0,11.0,perdomo|corona grande|corona
,,Perdomo,,,30th Anniversary,30th Anniversary Sun Grown Epicure,https://www.cigaraficionado.com/top25cigar/t16-2024,Toro,6,54,Parejo,Nicaragua,Nicaragua,Nicaragua,Nicaragua,,,,,,,,,,,0.0,,,89,,,,,,,,Aficionado,2024.0,16.0,perdomo|30th anniversary sun grown epicure|toro
,,Perdomo,,,Bourbon Barrel Aged,Epicure Connecticut,,,,,,Ecuador,Nicaragua,Nicaragua,Nicaragua,Connecticut,,,,,,,,,,0.0,,,89,,,,,,,,Cigar Journal,2017.0,2.0,perdomo|epicure connecticut|
,,Perdomo,,,Double Aged 12 Year,Vintage Epicure Maduro,,,,,,Nicaragua,Nicaragua,Nicaragua,Nicaragua,Maduro,,,,,,,,,,0.0,,,89,,,,,,,,Cigar Journal,2015.0,16.0,perdomo|vintage epicure maduro|
,,Perdomo,,,Estate Seleccion,Vintage Maduro Imperio,,,,,,Nicaragua,Nicaragua,Nicaragua,Nicaragua,Maduro,,,,,,,,,,0.0,,,89,,,,,,,,Cigar Journal,2019.0,14.0,perdomo|vintage maduro imperio|
,,Perdomo,,,Estate Seleccion Vintage,Imperio Sun Grown,,,,,,Nicaragua,Nicaragua,Nicaragua,Nicaragua,,,,,,,,,,,0.0,,,89,,,,,,,,Cigar Journal,2020.0,2.0,perdomo|imperio sun grown|
Perdomo,img/icons/manufacturers/perdomo.svg,Perdomo,,img/icons/brands/perdomo.svg,Fresco,Fresco Maduro,,Robusto,5,50,Parejo,,,,,,,,,,,,,,,7.0,175,25,89,7.0,75.0,3.0,4.0,,,,,,,perdomo|fresco maduro|robusto
Perdomo,img/icons/manufacturers/perdomo.svg,Perdomo,,img/icons/brands/perdomo.svg,Fresco,Fresco Sungrown,,Robusto,5,50,Parejo,,,,,,,,,,,,,,,7.0,175,25,89,7.0,75.0,3.0,4.0,,,,,,,perdomo|fresco sungrown|robusto
Perdomo,img/icons/manufacturers/perdomo.svg,Perdomo,,img/icons/brands/perdomo.svg,Fresco,Fresco Maduro,,Toro,6,50,Parejo,,,,,,,,,,,,,,,7.1,177.5,25,89,7.1,76.25,3.05,4.05,,,,,,,perdomo|fresco maduro|toro
Perdomo,img/icons/manufacturers/perdomo.svg,Perdomo,,img/icons/brands/perdomo.svg,Fresco,Fresco Sungrown,,Toro,6,50,Parejo,,,,,,,,,,,,,,,7.1,177.5,25,89,7.1,76.25,3.05,4.05,,,,,,,perdomo|fresco sungrown|toro
Perdomo,img/icons/manufacturers/perdomo.svg,Perdomo,,img/icons/brands/perdomo.svg,Fresco,Fresco Maduro,,Churchill,7,50,Parejo,,,,,,,,,,,,,,,7.2,180,25,89,7.2,77.5,3.1,4.1,,,,,,,perdomo|fresco maduro|churchill
Perdomo,img/icons/manufacturers/perdomo.svg,Perdomo,,img/icons/brands/perdomo.svg,Fresco,Fresco Sungrown,,Churchill,7,50,Parejo,,,,,,,,,,,,,,,7.2,180,25,89,7.2,77.5,3.1,4.1,,,,,,,perdomo|fresco sungrown|churchill
Perdomo,img/icons/manufacturers/perdomo.svg,Perdomo,,img/icons/brands/perdomo.svg,Fresco,Fresco Maduro,,Torpedo,6.5,54,Torpedo,,,,,,,,,,,,,,,7.3,182.5,25,89,7.3,78.75,3.15,4.15,,,,,,,perdomo|fresco maduro|torpedo
Perdomo,img/icons/manufacturers/perdomo.svg,Perdomo,,img/icons/brands/perdomo.svg,Fresco,Fresco Sungrown,,Torpedo,6.5,54,Torpedo,,,,,,,,,,,,,,,7.3,182.5,25,89,7.3,78.75,3.15,4.15,,,,,,,perdomo|fresco sungrown|torpedo
Perdomo,img/icons/manufacturers/perdomo.svg,Perdomo,,img/icons/brands/perdomo.svg,Habano Bourbon-Barrel Aged,Churchill,,Churchill,7,54,Parejo,,,,,,,,,,,,,,,1.0,24,24,89,1.0,,0.0,1.0,,,,,,,perdomo|churchill|churchill
Perdomo,img/icons/manufacturers/perdomo.svg,Perdomo,,img/icons/brands/perdomo.svg,Habano Bourbon-Barrel Aged,Gordo,,Gordo,6,60,Parejo,,,,,,,,,,,,,,,1.0,24,24,89,1.0,,0.0,1.0,,,,,,,perdomo|gordo|gordo
Perdomo,img/icons/manufacturers/perdomo.svg,Perdomo,,img/icons/brands/perdomo.svg,Habano Bourbon-Barrel Aged,Robusto,,Robusto                            ,5,54,Parejo,,,,,,,,,,,,,,,1.0,24,24,89,1.0,,0.0,1.0,,,,,,,perdomo|robusto|robusto
Perdomo,img/icons/manufacturers/perdomo.svg,Perdomo,,img/icons/brands/perdomo.svg,Habano Bourbon-Barrel Aged,Epicure Toro,,Toro Gordo,6,54,Parejo,,,,,,,,,,,,,,,1.0,24,24,89,1.0,,0.0,1.0,,,,,,,perdomo|epicure toro|toro gordo
Perdomo,img/icons/manufacturers/perdomo.svg,Perdomo,,img/icons/brands/perdomo.svg,Habano Bourbon-Barrel Aged,Habano BBA Torpedo,,Torpedo,6.5,54,Torpedo,,,,,,,,,,,,,,,1.0,24,24,89,1.0,,0.0,1.0,,,,,,,perdomo|habano bba torpedo|torpedo
Perdomo,img/icons/manufacturers/perdomo.svg,Perdomo,,img/icons/brands/perdomo.svg,Humidified Bags,Champagne 4-Pack Bags,,Toro Gordo,6,54,Parejo,,,,,,,,,,,,,,,0.0,,1 (4 sticks),89,,20.5,,,,,,,,,perdomo|champagne 4-pack bags|toro gordo
Perdomo,img/icons/manufacturers/perdomo.svg,Perdomo,,img/icons/brands/perdomo.svg,Humidified Bags,Sungrown Fresh Pack,,Toro Gordo,6,54,Parejo,,,,,,,,,,,,Pack,,,0.0,,1 (4 sticks),89,,20.5,,,,,,,,,perdomo|sungrown fresh pack|toro gordo
Perdomo,img/icons/manufacturers/perdomo.svg,Perdomo,,img/icons/brands/perdomo.svg,Humidified Bags,Maduro Fresh Pack,,Toro Gordo,6,54,Parejo,,,,,,,,,,,,Pack,,,0.0,,1 (4 sticks),89,,20.5,,,,,,,,,perdomo|maduro fresh pack|toro gordo
Perdomo,img/icons/manufacturers/perdomo.svg,Perdomo,,img/icons/brands/perdomo.svg,Humidified Bags,Connecticut Fresh Pack,,Toro Gordo,6,54,Parejo,,,,,,,,,,,,Pack,,,0.0,,1 (4 sticks),89,,20.5,,,,,,,,,perdomo|connecticut fresh pack|toro gordo
,,Perdomo,,,Immenso Seventy,Immenso Seventy Sun Grown Churchill,,Churchill,7,70,Parejo,Nicaragua,Nicaragua,Nicaragua,Nicaragua,,,,,,,,,,,0.0,,,89,,,,,,,,Cigar Journal,2021.0,13.0,perdomo|immenso seventy sun grown churchill|churchill
Perdomo,img/icons/manufacturers/perdomo.svg,Perdomo,,img/icons/brands/perdomo.svg,Inmenso 70,Maduro Churchill,,Churchill,7,70,Parejo,,,,,,,,,,,,,,,0.0,,16,89,,,0.0,,,,,,,,perdomo|maduro churchill|churchill
Perdomo,img/icons/manufacturers/perdomo.svg,Perdomo,,img/icons/brands/perdomo.svg,Inmenso 70,Sungrown Churchill,,Churchill,7,70,Parejo,,,,,,,,,,,,,,,0.0,,16,89,,,0.0,,,,,,,,perdomo|sungrown churchill|churchill
Perdomo,img/icons/manufacturers/perdomo.svg,Perdomo,,img/icons/brands/perdomo.svg,Inmenso 70,70 Maduro Toro,,Toro,6,70,Parejo,,,,,,,,,,,,,,,0.0,,16,89,,,0.0,,,,,,,,perdomo|70 maduro toro|toro
Perdomo,img/icons/manufacturers/perdomo.svg,Perdomo,,img/icons/brands/perdomo.svg,Inmenso 70,Sungrown Toro,,Toro,6,70,Parejo,,,,,,,,,,,,,,,0.0,,16,89,,,0.0,,,,,,,,perdomo|sungrown toro|toro
Perdomo,img/icons/manufacturers/perdomo.svg,Perdomo,,img/icons/brands/perdomo.svg,Lot 23,Connecticut Belicoso,,Belicoso,6,54,Belicoso,,,,,,,,,,,,,,,11.25,270,24,89,11.25,123.0,5.125,6.125,,,,,,,perdomo|connecticut belicoso|belicoso
Perdomo,img/icons/manufacturers/perdomo.svg,Perdomo,,img/icons/brands/perdomo.svg,Lot 23,Maduro Belicoso,,Belicoso,6,54,Belicoso,,,,,,,,,,,,,,,11.25,270,24,89,11.25,123.0,5.125,6.125,,,,,,,perdomo|maduro belicoso|belicoso
Perdomo,img/icons/manufacturers/perdomo.svg,Perdomo,,img/icons/brands/perdomo.svg,Lot 23,Sungrown Belicoso,,Belicoso,6,54,Belicoso,,,,,,,,,,,,,,,11.25,270,24,89,11.25,123.0,5.125,6.125,,,,,,,perdomo|sungrown belicoso|belicoso
Perdomo,img/icons/manufacturers/perdomo.svg,Perdomo,,img/icons/brands/perdomo.svg,Lot 23,Connecticut Churchill,,Churchill,7,50,Parejo,,,,,,,,,,,,,,,11.5,276,24,89,11.5,126.0,5.25,6.25,,,,,,,perdomo|connecticut churchill|churchill
Perdomo,img/icons/manufacturers/perdomo.svg,Perdomo,,img/icons/brands/perdomo.svg,Lot 23,Connecticut Gordito,,Short Gordo,4.5,60,Parejo,,,,,,,,,,,,,,,10.75,258,24,89,10.75,117.0,4.875,5.875,,,,,,,perdomo|connecticut gordito|short gordo
Perdomo,img/icons/manufacturers/perdomo.svg,Perdomo,,img/icons/brands/perdomo.svg,Lot 23,Connecticut Robusto,,Robusto,5,50,Parejo,,,,,,,,,,,,,,,10.5,252,24,89,10.5,114.0,4.75,5.75,,,,,,,perdomo|connecticut robusto|robusto
Perdomo,img/icons/manufacturers/perdomo.svg,Perdomo,,img/icons/brands/perdomo.svg,Lot 23,Connecticut Toro,,Toro,6,50,Parejo,,,,,,,,,,,,,,,11.0,264,24,89,11.0,120.0,5.0,6.0,,,,,,,perdomo|connecticut toro|toro
Perdomo,img/icons/manufacturers/perdomo.svg,Perdomo,,img/icons/brands/perdomo.svg,Lot 23,Maduro Churchill,,Churchill,7,50,Parejo,,,,,,,,,,,,,,,11.5,276,24,89,11.5,126.0,5.25,6.25,,,,,,,perdomo|maduro churchill|churchill
Perdomo,img/icons/manufacturers/perdomo.svg,Perdomo,,img/icons/brands/perdomo.svg,Lot 23,Maduro Gordito,,Short Gordo,4.5,60,Parejo,,,,,,,,,,,,,,,10.75,258,24,89,10.75,117.0,4.875,5.875,,,,,,,perdomo|maduro gordito|short gordo
Perdomo,img/icons/manufacturers/perdomo.svg,Perdomo,,img/icons/brands/perdomo.svg,Lot 23,Maduro Robusto,,Robusto,5,50,Parejo,,,,,,,,,,,,,,,10.5,252,24,89,10.5,114.0,4.75,5.75,,,,,,,perdomo|maduro robusto|robusto
Perdomo,img/icons/manufacturers/perdomo.svg,Perdomo,,img/icons/brands/perdomo.svg,Lot 23,Maduro Toro,,Toro,6,50,Parejo,,,,,,,,,,,,,,,11.0,264,24,89,11.0,120.0,5.0,6.0,,,,,,,perdomo|maduro toro|toro
Perdomo,img/icons/manufacturers/perdomo.svg,Perdomo,,img/icons/brands/perdomo.svg,Lot 23,Sungrown Churchill,,Churchill,7,50,Parejo,,,,,,,,,,,,,,,11.5,276,24,89,11.5,126.0,5.25,6.25,,,,,,,perdomo|sungrown churchill|churchill
Perdomo,img/icons/manufacturers/perdomo.svg,Perdomo,,img/icons/brands/perdomo.svg,Lot 23,Sungrown Gordito,,Short Gordo,4.5,60,Parejo,,,,,,,,,,,,,,,10.75,258,24,89,10.75,117.0,4.875,5.875,,,,,,,perdomo|sungrown gordito|short gordo
Perdomo,img/icons/manufacturers/perdomo.svg,Perdomo,,img/icons/brands/perdomo.svg,Lot 23,Sungrown Robusto,,Robusto,5,50,Parejo,,,,,,,,,,,,,,,10.5,252,24,89,10.5,114.0,4.75,5.75,,,,,,,perdomo|sungrown robusto|robusto
Perdomo,img/icons/manufacturers/perdomo.svg,Perdomo,,img/icons/brands/perdomo.svg,Lot 23,Sungrown Toro,,Cigarillo,6,50,Parejo,,,,,,,,,,,,,,,11.0,264,24,89,11.0,120.0,5.0,6.0,,,,,,,perdomo|sungrown toro|cigarillo
,,Perdomo,,,Reserve 10th Anniversary,Box-Pressed Epicure Maduro,,,6,54,,Nicaragua,Nicaragua,Nicaragua,Nicaragua,Maduro,,,,,,,,,,0.0,,,89,,,,,,,,Cigar Journal,2021.0,1.0,perdomo|box-pressed epicure maduro|
Perdomo,img/icons/manufacturers/perdomo.svg,Perdomo,,img/icons/brands/perdomo.svg,Reserve 10th Anniversary,Reserve 10th Anniversary Figurado,,Figurado,4.75,56,Figurado,,,,,,,,,,,,,,,11.2504,281.26,25,89,11.2504,128.13,5.1252,6.1252,,,,,,,perdomo|reserve 10th anniversary figurado|figurado
Perdomo,img/icons/manufacturers/perdomo.svg,Perdomo,,img/icons/brands/perdomo.svg,Reserve 10th Anniversary,Puritos (5x5 Tins),,Cigarillo,4,4 x 38,Parejo,,,,,,,,,,,Tin,,,,6.5,162.5,25,89,6.5,68.75,2.75,3.75,,,,,,,perdomo|puritos (5x5 tins)|cigarillo
Perdomo,img/icons/manufacturers/perdomo.svg,Perdomo,,img/icons/brands/perdomo.svg,Reserve 10th Anniversary,Reserve 10th Anniversary Corona Extra,,Corona Extra,5.625,46,Parejo,,,,,,,,,,,,,,,11.7504,293.76,25,89,11.7504,134.38,5.3752,6.3752,,,,,,,perdomo|reserve 10th anniversary corona extra|corona extra
Perdomo,img/icons/manufacturers/perdomo.svg,Perdomo,,img/icons/brands/perdomo.svg,Reserve 10th Anniversary,Reserve 10th Anniversary Robusto,,Robusto,5,54,Parejo,,,,,,,,,,,,,,,12.2504,306.26,25,89,12.2504,140.63,5.6252,6.6252,,,,,,,perdomo|reserve 10th anniversary robusto|robusto
Perdomo,img/icons/manufacturers/perdomo.svg,Perdomo,,img/icons/brands/perdomo.svg,Reserve 10th Anniversary,Reserve 10th Anniversary Epicure 6x54,,Toro Gordo,6,54,Parejo,,,,,,,,,,,,,,,12.7504,318.76,25,89,12.7504,146.88,5.8752,6.8752,,,,,,,perdomo|reserve 10th anniversary epicure 6x54|toro gordo
Perdomo,img/icons/manufacturers/perdomo.svg,Perdomo,,img/icons/brands/perdomo.svg,Reserve 10th Anniversary,Reserve 10th Anniversary Churchill,,Churchill,7,54,Parejo,,,,,,,,,,,,,,,13.2504,331.26,25,89,13.2504,153.13,6.1252,7.1252,,,,,,,perdomo|reserve 10th anniversary churchill|churchill
Perdomo,img/icons/manufacturers/perdomo.svg,Perdomo,,img/icons/brands/perdomo.svg,Reserve 10th Anniversary,Reserve 10th Anniversary Super Toro 6x60,,Gordo,6,60,Parejo,,,,,,,,,,,,,,,13.7504,343.76,25,89,13.7504,159.38,6.3752,7.3752,,,,,,,perdomo|reserve 10th anniversary super toro 6x60|gordo
Perdomo,img/icons/manufacturers/perdomo.svg,Perdomo,,img/icons/brands/perdomo.svg,Reserve 10th Anniversary,Reserve 10th Anniversary Torpedo,,Torpedo,7,54,Torpedo,,,,,,,,,,,,,,,13.5,337.5,25,89,13.5,156.25,6.25,7.25,,,,,,,perdomo|reserve 10th anniversary torpedo|torpedo
Perdomo,img/icons/manufacturers/perdomo.svg,Perdomo,,img/icons/brands/perdomo.svg,Reserve 10th Anniversary,Puritos (50 ct boxes),,Cigarillo,4,4 x 38,Parejo,,,,,,,,,,,,,,,6.5,325,50,89,6.5,137.5,2.75,3.75,,,,,,,perdomo|puritos (50 ct boxes)|cigarillo
,,Perdomo,,,Small Batch 2005,Toro Especial Maduro,,Toro,,,Parejo,Nicaragua,Nicaragua,Nicaragua,Nicaragua,Maduro,,,,,,,,,,0.0,,,89,,,,,,,,Cigar Journal,2016.0,10.0,perdomo|toro especial maduro|toro
,,Perdomo,,,,Habano Bourbon Barrel Aged,,,,,,Nicaragua,Nicaragua,Nicaragua,Nicaragua,,,,,,,,,,,0.0,,,89,,,,,,,,Cigar Journal,2018.0,5.0,perdomo|habano bourbon barrel aged|
,,Perdomo,,,,PERDOMO INMENSO SEVENTY SUN GROWN CHURCHILL,,Churchill,,,Parejo,Nicaragua,Nicaragua,Nicaragua,Nicaragua,,,,,,,,,,,0.0,,,89,,,,,,,,Cigar Journal,2022.0,4.0,perdomo|perdomo inmenso seventy sun grown churchill|churchill
,,Perdomo,,,,PERDOMO 30TH ANNIVERSARY CONNECTICUT TORPEDO,,Torpedo,6,54,Torpedo,Ecuador,Nicaragua,Nicaragua,Nicaragua,Connecticut,,,,,,,,,,0.0,,,89,,,,,,,,Cigar Journal,2024.0,2.0,perdomo|perdomo 30th anniversary connecticut torpedo|torpedo
Perdomo,img/icons/manufacturers/perdomo.svg,Perdomo,,img/icons/brands/perdomo.svg,,Limited Cameroon Edition Petit Corona,,Petit Corona,4.5,44,Parejo,,,,,,,,,,,,,,,10.0,100,10,89,10.0,45.0,4.5,5.5,,,,,,,perdomo|limited cameroon edition petit corona|petit corona
Perdomo,img/icons/manufacturers/perdomo.svg,Perdomo,,img/icons/brands/perdomo.svg,,Reserve 10th Anniversary Tubo,,Toro,6,50,Parejo,,,,,,,,,Tubo,,,,,,12.5,150,12,89,12.5,69.0,5.75,6.75,,,,,,,perdomo|reserve 10th anniversary tubo|toro
Perdomo,img/icons/manufacturers/perdomo.svg,Perdomo,,img/icons/brands/perdomo.svg,,20th Anniversary Corona Grande,,Corona Gorda,6.5,48,Parejo,,,,,,,,,,,,,,,12.75,306,24,89,12.75,141.0,5.875,6.875,,,,,,,perdomo|20th anniversary corona grande|corona gorda
Perdomo,img/icons/manufacturers/perdomo.svg,Perdomo,,img/icons/brands/perdomo.svg,,20th Anniversary Corona Grande,,Corona Gorda,6.5,48,Parejo,,,,,,,,,,,,,,,12.75,306,24,89,12.75,141.0,5.875,6.875,,,,,,,perdomo|20th anniversary corona grande|corona gorda
Perdomo,img/icons/manufacturers/perdomo.svg,Perdomo,,img/icons/brands/perdomo.svg,,20th Anniversary Corona Grande,,Corona Gorda,6.5,48,Parejo,,,,,,,,,,,,,,,12.75,306,24,89,12.75,141.0,5.875,6.875,,,,,,,perdomo|20th anniversary corona grande|corona gorda
Perdomo,img/icons/manufacturers/perdomo.svg,Perdomo,,img/icons/brands/perdomo.svg,,20th Anniversary Corona Grande,,Corona Gorda,6.5,48,Parejo,,,,,,,,,,,,,,,12.75,306,24,89,12.75,141.0,5.875,6.875,,,,,,,perdomo|20th anniversary corona grande|corona gorda
Perdomo,img/icons/manufacturers/perdomo.svg,Perdomo,,img/icons/brands/perdomo.svg,,20th Anniversary Robusto,,Robusto Gordo,5,56,Parejo,,,,,,,,,,,,,,,13.0,312,24,89,13.0,144.0,6.0,7.0,,,,,,,perdomo|20th anniversary robusto|robusto gordo
Perdomo,img/icons/manufacturers/perdomo.svg,Perdomo,,img/icons/brands/perdomo.svg,,20th Anniversary Robusto,,Robusto Gordo,5,56,Parejo,,,,,,,,,,,,,,,13.0,312,24,89,13.0,144.0,6.0,7.0,,,,,,,perdomo|20th anniversary robusto|robusto gordo
Perdomo,img/icons/manufacturers/perdomo.svg,Perdomo,,img/icons/brands/perdomo.svg,,20th Anniversary Epicure 6x56,,Toro Gordo,6,56,Parejo,,,,,,,,,,,,,,,13.5,324,24,89,13.5,150.0,6.25,7.25,,,,,,,perdomo|20th anniversary epicure 6x56|toro gordo
Perdomo,img/icons/manufacturers/perdomo.svg,Perdomo,,img/icons/brands/perdomo.svg,,20th Anniversary Gordo,,Gordo,6,60,Parejo,,,,,,,,,,,,,,,14.5,348,24,89,14.5,162.0,6.75,7.75,,,,,,,perdomo|20th anniversary gordo|gordo
Perdomo,img/icons/manufacturers/perdomo.svg,Perdomo,,img/icons/brands/perdomo.svg,,20th Anniversary Gordo,,Gordo,6,60,Parejo,,,,,,,,,,,,,,,14.5,348,24,89,14.5,162.0,6.75,7.75,,,,,,,perdomo|20th anniversary gordo|gordo
Perdomo,img/icons/manufacturers/perdomo.svg,Perdomo,,img/icons/brands/perdomo.svg,,20th Anniversary Churchill,,Churchill,7,56,Parejo,,,,,,,,,,,,,,,15.0,360,24,89,15.0,168.0,7.0,8.0,,,,,,,perdomo|20th anniversary churchill|churchill
Perdomo,img/icons/manufacturers/perdomo.svg,Perdomo,,img/icons/brands/perdomo.svg,,20th Anniversary Churchill,,Churchill,7,56,Parejo,,,,,,,,,,,,,,,15.0,360,24,89,15.0,168.0,7.0,8.0,,,,,,,perdomo|20th anniversary churchill|churchill
,,Perla del Mar,,,Corojo,Perla del Mar Corojo Toro,,Toro,6,54,Parejo,Ecuador,Nicaragua,Nicaragua,Nicaragua,,,,,,,,,,,0.0,,,89,,,,,,,,Cigar Journal,2021.0,12.0,perla del mar|perla del mar corojo toro|toro
,,Peterson,,,Gran Reserva,Churchill,,Churchill,7,48,Parejo,Ecuador Connecticut,Dominican Republic,Dominican Republic,Dominican Republic,,,,,,,,,,,0.0,,,89,,,,,,,,Aficionado,2005.0,16.0,peterson|churchill|churchill
,,Pinar Del Rio,,,SMALL BATCH RESERVE,Gran Toro,,Toro,,,Parejo,Nicaragua,Nicaragua,Nicaragua,Nicaragua,,,,,,,,,,,0.0,,,89,,,,,,,,Cigar Journal,2013.0,18.0,pinar del rio|gran toro|toro
,,Plasencia,,,Alma del Campo,Alma del Campo Madroño,https://www.cigaraficionado.com/top25/2018/plasencia-alma-del-campo-madrono,Gordo,6,58,Parejo,Nicaragua,Nicaragua,Nicaragua,Nicaragua,,,,,,,,,,,0.0,,,89,,,,,,,,Aficionado,2018.0,15.0,plasencia|alma del campo madroño|gordo
,,Plasencia,,,Alma del Campo,Alma del Campo Guajiro,https://www.cigaraficionado.com/top25/2019/plasencia-alma-del-campo-guajiro,Robusto Extra,5.5,52,Parejo,Nicaragua,Nicaragua,Nicaragua,Nicaragua,,,,,,,,,,,0.0,,,89,,,,,,,,Aficionado,2019.0,21.0,plasencia|alma del campo guajiro|robusto extra
,,Plasencia,,,Alma del Fuego,Flama,,,,,,Nicaragua,Nicaragua,Nicaragua,Nicaragua,,,,,,,,,,,0.0,,,89,,,,,,,,Cigar Journal,2019.0,8.0,plasencia|flama|
,,Plasencia,,,Alma Fuerte,Alma Fuerte Generacion V,https://www.cigaraficionado.com/top25/2017/plasencia-alma-fuerte-generacion-v,Salomon,7,58,,Nicaragua,Nicaragua,Nicaragua,Nicaragua,,,,,,,,,,,0.0,,,89,,,,,,,,Aficionado,2017.0,9.0,plasencia|alma fuerte generacion v|salomon
,,Plasencia,,,Alma Fuerte,Generación V,,,,,,Nicaragua,Nicaragua,Nicaragua,Nicaragua,,,,,,,,,,,0.0,,,89,,,,,,,,Cigar Journal,2017.0,8.0,plasencia|generación v|
,,Plasencia,,,Alma Fuerte,Robustus I,,,,,,Nicaragua,Nicaragua,Nicaragua,Nicaragua,,,,,,,,,,,0.0,,,89,,,,,,,,Cigar Journal,2020.0,1.0,plasencia|robustus i|
,,Plasencia,,,Alma Fuerte,Alma Fuerte Sixto I,,,6,60,,Nicaragua,Nicaragua,Nicaragua,Nicaragua,,,,,,,,,,,0.0,,,89,,,,,,,,Cigar Journal,2021.0,9.0,plasencia|alma fuerte sixto i|
,,Plasencia,,,Alma Fuerte,Sixto I,https://www.cigaraficionado.com/top25/2022/plasencia-alma-fuerte-sixto-i,Hexagon,6,60,,Nicaragua,Nicaragua,Nicaragua,Nicaragua,,,,,,,,,,,0.0,,,89,,,,,,,,Aficionado,2022.0,23.0,plasencia|sixto i|hexagon
,,Plasencia,,,Cosecha 146,Cosecha 146 San Luis,https://www.cigaraficionado.com/top25/2018/plasencia-cosecha-146-san-luis,Toro,5.75,54,Parejo,Honduras,Nicaragua,Nicaragua; Honduras,Honduras,,,,,,,,,,,0.0,,,89,,,,,,,,Aficionado,2018.0,24.0,plasencia|cosecha 146 san luis|toro
,,Plasencia,,,Cosecha 146,La Vega,https://www.cigaraficionado.com/top25/2020/plasencia-cosecha-146-la-vega,Robusto,5.25,52,Parejo,Honduras,Nicaragua,Nicaragua; Honduras,Honduras,,,,,,,,,,,0.0,,,89,,,,,,,,Aficionado,2020.0,19.0,plasencia|la vega|robusto
,,Plasencia,,,Cosecha 151,Plasencia Cosecha 151 La Musica,https://www.cigaraficionado.com/top25cigar/plasencia-cosecha-151-la-musica-2024,Toro,6,52,Parejo,Honduras,Honduras,Honduras,Nicaragua,,,,,,,,,,,0.0,,,89,,,,,,,,Aficionado,2024.0,17.0,plasencia|plasencia cosecha 151 la musica|toro
,,Plasencia,,,Reserva Organica Cortes,Cortes,,,,,,Nicaragua,Nicaragua,Nicaragua,Nicaragua,,,,,,,,,,,0.0,,,89,,,,,,,,Cigar Journal,2015.0,7.0,plasencia|cortes|
,,Plasencia,,,,Alma del Campo,,,,,,Nicaragua,Nicaragua,Nicaragua,Nicaragua,,,,,,,,,,,0.0,,,89,,,,,,,,Cigar Journal,2018.0,19.0,plasencia|alma del campo|
,,Plasencia,,,,PLASENCIA COSECHA 149 SANTA FE,,,,,,Honduras,Honduras,Honduras,Honduras,,,,,,,,,,,0.0,,,89,,,,,,,,Cigar Journal,2022.0,13.0,plasencia|plasencia cosecha 149 santa fe|
,,Plasencia,,,,PLASENCIA ALMA FUERTE EDURADO I,,,,,,Nicaragua,Nicaragua,Nicaragua,Nicaragua,,,,,,,,,,,0.0,,,89,,,,,,,,Cigar Journal,2023.0,5.0,plasencia|plasencia alma fuerte edurado i|
,,Plasencia,,,,PLASENCIA COSECHA 151 LA TRADICIÓN TORO,,Toro,,,Parejo,Honduras,Honduras,Honduras,Honduras,,,,,,,,,,,0.0,,,89,,,,,,,,Cigar Journal,2024.0,1.0,plasencia|plasencia cosecha 151 la tradición toro|toro
,,Platinum Nova,,,,PLATINUM NOVA LEO 11 EDITION LIMITADA NICARAGUA,,,,,,Ecuador,Nicaragua,Nicaragua,Nicaragua,,,,,,,,,,,0.0,,,89,,,,,,,,Cigar Journal,2022.0,23.0,platinum nova|platinum nova leo 11 edition limitada nicaragua|
,,Platinum Nova,,,,PLATINUM NOVA BATCH COLLECTION TORO,,Toro,,,Parejo,Nicaragua,Nicaragua,Nicaragua,Dominican Republic,,,,,,,,,,,0.0,,,89,,,,,,,,Cigar Journal,2024.0,17.0,platinum nova|platinum nova batch collection toro|toro
,,Principle,,,,PRINCIPLE MARTINIQUE LANCERO,,Lancero,,,Parejo,Ecuador,Dominican Republic,Dominican Republic,Dominican Republic,,,,,,,,,,,0.0,,,89,,,,,,,,Cigar Journal,2022.0,19.0,principle|principle martinique lancero|lancero
General Cigar Co.,img/icons/manufacturers/generalcigarco.svg,Punch,,img/icons/brands/punch.svg,Deluxe,Chateau L EMS,,Gigante,7.25,54,Parejo,,,,,,,,,,,,,,,17.2,430,25,89,17.2,202.5,8.1,9.1,50255,,,,,,punch|chateau l ems|gigante
General Cigar Co.,img/icons/manufacturers/generalcigarco.svg,Punch,,img/icons/brands/punch.svg,Deluxe,Chateau L MAD,,Gigante,7.25,54,Parejo,,,,,,,,,,,,,,,17.2,430,25,89,17.2,202.5,8.1,9.1,50256,,,,,,punch|chateau l mad|gigante
General Cigar Co.,img/icons/manufacturers/generalcigarco.svg,Punch,,img/icons/brands/punch.svg,Deluxe,Punch Deluxe Royal Coronations EMS Tubo,,Corona,5.25,44,Parejo,,,,,,,,,Tubo,,,,,,14.06,421.8,30,89,14.06,195.9,6.53,7.53,50268,,,,,,punch|punch deluxe royal coronations ems tubo|corona
General Cigar Co.,img/icons/manufacturers/generalcigarco.svg,Punch,,img/icons/brands/punch.svg,Diablo,Brute,,Gordo,6,60,Parejo,,,,,,,,,,,,,,,11.96,239.2,20,89,11.96,109.6,5.48,6.48,56085,,,,,,punch|brute|gordo
General Cigar Co.,img/icons/manufacturers/generalcigarco.svg,Punch,,img/icons/brands/punch.svg,Diablo,Gusto Tubo,,Robusto,5,52,Parejo,,,,,,,,,Tubo,,,,,,12.32,246.4,20,89,12.32,113.2,5.66,6.66,56088,,,,,,punch|gusto tubo|robusto
General Cigar Co.,img/icons/manufacturers/generalcigarco.svg,Punch,,img/icons/brands/punch.svg,Diablo,El Diablo,,Gigante,6.5,66,Parejo,,,,,,,,,,,,,,,12.96,259.2,20,89,12.96,119.6,5.98,6.98,55866,,,,,,punch|el diablo|gigante
General Cigar Co.,img/icons/manufacturers/generalcigarco.svg,Punch,,img/icons/brands/punch.svg,Diablo,Stump Figurado,,Figurado,4.5,60,Figurado,,,,,,,,,,,,,,,10.86,271.5,25,89,10.86,123.25,4.93,5.93,55865,,,,,,punch|stump figurado|figurado
General Cigar Co.,img/icons/manufacturers/generalcigarco.svg,Punch,,img/icons/brands/punch.svg,Diablo,Punch Diablo Scamp,,Toro,6.12,50,Parejo,,,,,,,,,,,,,,,10.86,271.5,25,89,10.86,123.25,4.93,5.93,55843,,,,,,punch|punch diablo scamp|toro
General Cigar Co.,img/icons/manufacturers/generalcigarco.svg,Punch,,img/icons/brands/punch.svg,Diablo,Diabolus,,Robusto Gordo,5.25,54,Parejo,,,,,,,,,,,,,,,11.96,299,25,89,11.96,137.0,5.48,6.48,55844,,,,,,punch|diabolus|robusto gordo
General Cigar Co.,img/icons/manufacturers/generalcigarco.svg,Punch,,img/icons/brands/punch.svg,Double Maduro,Grandote MM,,Gordo,5.88,60,Parejo,,,,,Maduro,,,,,,,,,,14.68,293.6,20,89,14.68,136.8,6.84,7.84,56060,,,,,,punch|grandote mm|gordo
General Cigar Co.,img/icons/manufacturers/generalcigarco.svg,Punch,,img/icons/brands/punch.svg,Double Maduro,Champions MM,,Figurado,4.5,60,Figurado,,,,,Maduro,,,,,,,,,FAV,11.7,292.5,25,89,11.7,133.75,5.35,6.35,56064,,,,,,punch|champions mm|figurado
General Cigar Co.,img/icons/manufacturers/generalcigarco.svg,Punch,,img/icons/brands/punch.svg,Double Maduro,Elites MM,,Corona,5.25,45,Parejo,,,,,Maduro,,,,,,,,,,7.54,188.5,25,89,7.54,81.75,3.27,4.27,50298,,,,,,punch|elites mm|corona
General Cigar Co.,img/icons/manufacturers/generalcigarco.svg,Punch,,img/icons/brands/punch.svg,Double Maduro,Punch After Dinner MM,,Corona Gorda,7.25,45,Parejo,,,,,Maduro,,,,,,,,,,11.22,280.5,25,89,11.22,127.75,5.11,6.11,50244,,,,,,punch|punch after dinner mm|corona gorda
General Cigar Co.,img/icons/manufacturers/generalcigarco.svg,Punch,,img/icons/brands/punch.svg,Double Maduro,Pitas  MM,,Toro,6.12,50,Parejo,,,,,Maduro,,,,,,,,,,12.2,305,25,89,12.2,140.0,5.6,6.6,50316,,,,,,punch|pitas  mm|toro
General Cigar Co.,img/icons/manufacturers/generalcigarco.svg,Punch,,img/icons/brands/punch.svg,Double Maduro,Magnum MM,,Robusto Gordo,5.25,54,Parejo,,,,,Maduro,,,,,,,,,,13.06,326.5,25,89,13.06,150.75,6.03,7.03,53855,,,,,,punch|magnum mm|robusto gordo
General Cigar Co.,img/icons/manufacturers/generalcigarco.svg,Punch,,img/icons/brands/punch.svg,Double Maduro,Rothschilds Cello MM,,Rothschild,4.5,50,Parejo,,,,,Maduro,,,,,,,,,,9.26,463,50,89,9.26,206.5,4.13,5.13,50341,,,,,,punch|rothschilds cello mm|rothschild
,,Punch,,,EDICIÓN LIMITADA 2013 Serie D’Oro,No. 2,,,,,,Cuba,Cuba,Cuba,Cuba,,,Cuba,,,,,,,,0.0,,,89,,,,,,,,Cigar Journal,2013.0,10.0,punch|no. 2|
General Cigar Co.,img/icons/manufacturers/generalcigarco.svg,Punch,,img/icons/brands/punch.svg,EMS,London Club EMS,,Petit Corona,5,40,Parejo,,,,,,,,,,,,,,,7.04,176,25,89,7.04,75.5,3.02,4.02,50309,,,,,,punch|london club ems|petit corona
General Cigar Co.,img/icons/manufacturers/generalcigarco.svg,Punch,,img/icons/brands/punch.svg,EMS,Elites EMS,,Corona,5.25,45,Parejo,,,,,,,,,,,,,,,7.54,188.5,25,89,7.54,81.75,3.27,4.27,50299,,,,,,punch|elites ems|corona
General Cigar Co.,img/icons/manufacturers/generalcigarco.svg,Punch,,img/icons/brands/punch.svg,EMS,Punch EMS,,Corona,6.25,44,Parejo,,,,,,,,,,,,,,,11.1,277.5,25,89,11.1,126.25,5.05,6.05,50328,,,,,,punch|punch ems|corona
General Cigar Co.,img/icons/manufacturers/generalcigarco.svg,Punch,,img/icons/brands/punch.svg,EMS,After Dinner EMS,,Corona Gorda,7.25,45,Parejo,,,,,,,,,,,,,,,11.22,280.5,25,89,11.22,127.75,5.11,6.11,50242,,,,,,punch|after dinner ems|corona gorda
General Cigar Co.,img/icons/manufacturers/generalcigarco.svg,Punch,,img/icons/brands/punch.svg,EMS,Pitas EMS,,Toro,6.12,50,Parejo,,,,,,,,,,,,,,,12.2,305,25,89,12.2,140.0,5.6,6.6,50313,,,,,,punch|pitas ems|toro
General Cigar Co.,img/icons/manufacturers/generalcigarco.svg,Punch,,img/icons/brands/punch.svg,EMS,Double Corona EMS,,Double Corona,6.75,48,Parejo,,,,,,,,,,,,,,,12.46,311.5,25,89,12.46,143.25,5.73,6.73,50294,,,,,,punch|double corona ems|double corona
General Cigar Co.,img/icons/manufacturers/generalcigarco.svg,Punch,,img/icons/brands/punch.svg,EMS,Magnum EMS,,Robusto Gordo,5.25,54,Parejo,,,,,,,,,,,,,,,13.06,326.5,25,89,13.06,150.75,6.03,7.03,53851,,,,,,punch|magnum ems|robusto gordo
General Cigar Co.,img/icons/manufacturers/generalcigarco.svg,Punch,,img/icons/brands/punch.svg,EMS,Presidente EMS,,Gigante,8.5,52,Parejo,,,,,,,,,,,,,,,15.7,392.5,25,89,15.7,183.75,7.35,8.35,50323,,,,,,punch|presidente ems|gigante
General Cigar Co.,img/icons/manufacturers/generalcigarco.svg,Punch,,img/icons/brands/punch.svg,EMS,Gusto Tubo EMS Tubo,,Robusto,5,52,Parejo,,,,,,,,,Tubo,,,,,,13.08,261.6,20,89,13.08,120.8,6.04,7.04,54044,,,,,,punch|gusto tubo ems tubo|robusto
General Cigar Co.,img/icons/manufacturers/generalcigarco.svg,Punch,,img/icons/brands/punch.svg,EMS,Grandote EMS,,Gordo,5.88,60,Parejo,,,,,,,,,,,,,,,14.68,293.6,20,89,14.68,136.8,6.84,7.84,56045,,,,,,punch|grandote ems|gordo
General Cigar Co.,img/icons/manufacturers/generalcigarco.svg,Punch,,img/icons/brands/punch.svg,EMS,Rothschilds Cello EMS,,Rothschild,4.5,50,Parejo,,,,,,,,,,,,,,,9.26,463,50,89,9.26,206.5,4.13,5.13,50334,,,,,,punch|rothschilds cello ems|rothschild
General Cigar Co.,img/icons/manufacturers/generalcigarco.svg,Punch,,img/icons/brands/punch.svg,Golden Era,Robusto,,Robusto,5,50,Parejo,,,,,,,,,,,,,,,11.42,228.4,20,89,11.42,104.2,5.21,6.21,56270,,,,,,punch|robusto|robusto
General Cigar Co.,img/icons/manufacturers/generalcigarco.svg,Punch,,img/icons/brands/punch.svg,Golden Era,Toro,,Toro,6,52,Parejo,,,,,,,,,,,,,,,11.92,238.4,20,89,11.92,109.2,5.46,6.46,56271,,,,,,punch|toro|toro
General Cigar Co.,img/icons/manufacturers/generalcigarco.svg,Punch,,img/icons/brands/punch.svg,Golden Era,Churchill,,Churchill,7,48,Parejo,,,,,,,,,,,,,,,12.42,248.4,20,89,12.42,114.2,5.71,6.71,56272,,,,,,punch|churchill|churchill
General Cigar Co.,img/icons/manufacturers/generalcigarco.svg,Punch,,img/icons/brands/punch.svg,Golden Era,Lancero,,Lancero,7,38,Parejo,,,,,,,,,,,,,,,12.42,248.4,20,89,12.42,114.2,5.71,6.71,56268,,,,,,punch|lancero|lancero
,,Punch,,,Gran Puro,Santa Rita,https://www.cigaraficionado.com/top25cigar/punch-gran-puro-santa-rita-2007,Rothschild,4.5,52,Parejo,Honduras,Honduras,Honduras,Honduras,,,,,,,,,,,0.0,,,89,,,,,,,,Aficionado,2007.0,20.0,punch|santa rita|rothschild
,,Punch,,,Gran Puro,Santa Rita,https://www.cigaraficionado.com/top25cigar/punch-gran-puro-santa-rita-2008,Rothschild,4.5,52,Parejo,Honduras,Honduras,Honduras,Honduras,,,,,,,,,,,0.0,,,89,,,,,,,,Aficionado,2008.0,11.0,punch|santa rita|rothschild
,,Punch,,,Gran Puro,Santa Rita,https://www.cigaraficionado.com/top25cigar/punch-gran-puro-santa-rita-2010,Rothschild,4.5,52,Parejo,Honduras,Honduras,Honduras,Honduras,,,,,,,,,,,0.0,,,89,,,,,,,,Aficionado,2010.0,10.0,punch|santa rita|rothschild
,,Punch,,,Gran Puro,Santa Rita,https://www.cigaraficionado.com/top25cigar/punch-gran-puro-santa-rita-2014,Rothschild,4.5,52,Parejo,Honduras,Honduras,Honduras,Honduras,,,,,,,,,,,0.0,,,89,,,,,,,,Aficionado,2014.0,21.0,punch|santa rita|rothschild
,,Punch,,,Gran Puro,Santa Rita,https://www.cigaraficionado.com/top25cigar/punch-gran-puro-santa-rita-2016,Rothschild,4.5,52,Parejo,Honduras,Honduras,Honduras,Honduras,,,,,,,,,,,0.0,,,89,,,,,,,,Aficionado,2016.0,10.0,punch|santa rita|rothschild
General Cigar Co.,img/icons/manufacturers/generalcigarco.svg,Punch,,img/icons/brands/punch.svg,Gran Puro,Punch Gran Puro Santa Rita,,Robusto,4.5,52,Parejo,,,,,,,,,,,,,,,11.7,292.5,25,89,11.7,133.75,5.35,6.35,53718,,,,,,punch|punch gran puro santa rita|robusto
General Cigar Co.,img/icons/manufacturers/generalcigarco.svg,Punch,,img/icons/brands/punch.svg,Gran Puro,Pico Bonito,,Toro,6,50,Parejo,,,,,,,,,,,,,,,13.2,330,25,89,13.2,152.5,6.1,7.1,53719,,,,,,punch|pico bonito|toro
General Cigar Co.,img/icons/manufacturers/generalcigarco.svg,Punch,,img/icons/brands/punch.svg,Gran Puro,Rancho,,Robusto Gordo,5.5,54,Parejo,,,,,,,,,,,,,,,13.2,330,25,89,13.2,152.5,6.1,7.1,53717,,,,,,punch|rancho|robusto gordo
General Cigar Co.,img/icons/manufacturers/generalcigarco.svg,Punch,,img/icons/brands/punch.svg,Gran Puro,Sierra,,Corona Extra,6.5,48,Parejo,,,,,,,,,,,,,,,13.2,330,25,89,13.2,152.5,6.1,7.1,53720,,,,,,punch|sierra|corona extra
General Cigar Co.,img/icons/manufacturers/generalcigarco.svg,Punch,,img/icons/brands/punch.svg,Gran Puro,Sesenta,,Gordo,6,60,Parejo,,,,,,,,,,,,,,,13.44,268.8,20,89,13.44,124.4,6.22,7.22,56059,,,,,,punch|sesenta|gordo
General Cigar Co.,img/icons/manufacturers/generalcigarco.svg,Punch,,img/icons/brands/punch.svg,Gran Puro Nicaragua,Robusto,,Robusto,4.88,48,Parejo,,,,,,,,,,,,,,,9.46,189.2,20,89,9.46,84.6,4.23,5.23,55603,,,,,,punch|robusto|robusto
General Cigar Co.,img/icons/manufacturers/generalcigarco.svg,Punch,,img/icons/brands/punch.svg,Gran Puro Nicaragua,Toro,,Toro Gordo,6,54,Parejo,,,,,,,,,,,,,,,10.56,211.2,20,89,10.56,95.6,4.78,5.78,55604,,,,,,punch|toro|toro gordo
General Cigar Co.,img/icons/manufacturers/generalcigarco.svg,Punch,,img/icons/brands/punch.svg,Gran Puro Nicaragua,Rancho,,Robusto Gordo,5.5,54,Parejo,,,,,,,,,,,,,,,10.86,217.2,20,89,10.86,98.6,4.93,5.93,55602,,,,,,punch|rancho|robusto gordo
General Cigar Co.,img/icons/manufacturers/generalcigarco.svg,Punch,,img/icons/brands/punch.svg,Gran Puro Nicaragua,Double Corona,,Double Corona,7.5,54,Parejo,,,,,,,,,,,,,,,11.26,225.2,20,89,11.26,102.6,5.13,6.13,55605,,,,,,punch|double corona|double corona
General Cigar Co.,img/icons/manufacturers/generalcigarco.svg,Punch,,img/icons/brands/punch.svg,Grand Cru,Punch Grand Cru No. II EMS,,Toro Gordo,6.12,54,Parejo,,,,,,,,,,,,,,,17.3,346,20,89,17.3,163.0,8.15,9.15,50277,,,,,,punch|punch grand cru no. ii ems|toro gordo
General Cigar Co.,img/icons/manufacturers/generalcigarco.svg,Punch,,img/icons/brands/punch.svg,Grand Cru,Punch Grand Cru No. II MAD,,Toro Gordo,6.12,54,Parejo,,,,,,,,,,,,,,,17.3,346,20,89,17.3,163.0,8.15,9.15,52617,,,,,,punch|punch grand cru no. ii mad|toro gordo
General Cigar Co.,img/icons/manufacturers/generalcigarco.svg,Punch,,img/icons/brands/punch.svg,Knuckle Buster,Robusto,,Robusto,4.5,52,Parejo,,,,,,,,,,,,,,,6.68,167,25,89,6.68,71.0,2.84,3.84,55985,,,,,,punch|robusto|robusto
General Cigar Co.,img/icons/manufacturers/generalcigarco.svg,Punch,,img/icons/brands/punch.svg,Knuckle Buster,Toro,,Toro,6,50,Parejo,,,,,,,,,,,,,,,7.38,184.5,25,89,7.38,79.75,3.19,4.19,55986,,,,,,punch|toro|toro
General Cigar Co.,img/icons/manufacturers/generalcigarco.svg,Punch,,img/icons/brands/punch.svg,Knuckle Buster,Stubby,,Short Gordo,4.5,60,Parejo,,,,,,,,,,,,,,,6.52,130.4,20,89,6.52,55.2,2.76,3.76,56213,,,,,,punch|stubby|short gordo
General Cigar Co.,img/icons/manufacturers/generalcigarco.svg,Punch,,img/icons/brands/punch.svg,Knuckle Buster,Gordo,,Gordo,6.25,60,Parejo,,,,,,,,,,,,,,,7.98,159.6,20,89,7.98,69.8,3.49,4.49,55987,,,,,,punch|gordo|gordo
General Cigar Co.,img/icons/manufacturers/generalcigarco.svg,Punch,,img/icons/brands/punch.svg,Knuckle Buster Maduro,Robusto,,Robusto,5,52,Parejo,,,,,,,,,,,,,,,6.68,167,25,89,6.68,71.0,2.84,3.84,56109,,,,,,punch|robusto|robusto
General Cigar Co.,img/icons/manufacturers/generalcigarco.svg,Punch,,img/icons/brands/punch.svg,Knuckle Buster Maduro,Toro,,Toro,6,50,Parejo,,,,,,,,,,,,,,,7.16,179,25,89,7.16,77.0,3.08,4.08,56110,,,,,,punch|toro|toro
General Cigar Co.,img/icons/manufacturers/generalcigarco.svg,Punch,,img/icons/brands/punch.svg,Knuckle Buster Maduro,Stubby,,Short Gordo,4.5,60,Parejo,,,,,,,,,,,,,,,6.52,130.4,20,89,6.52,55.2,2.76,3.76,56285,,,,,,punch|stubby|short gordo
General Cigar Co.,img/icons/manufacturers/generalcigarco.svg,Punch,,img/icons/brands/punch.svg,Knuckle Buster Maduro,Gordo,,Gordo,6,60,Parejo,,,,,,,,,,,,,,,7.66,153.2,20,89,7.66,66.6,3.33,4.33,56111,,,,,,punch|gordo|gordo
General Cigar Co.,img/icons/manufacturers/generalcigarco.svg,Punch,,img/icons/brands/punch.svg,Knuckle Buster Shade,Robusto,,Robusto,5.5,50,Parejo,,,,,,,,,,,,,,,6.44,161,25,89,6.44,68.0,2.72,3.72,56291,,,,,,punch|robusto|robusto
General Cigar Co.,img/icons/manufacturers/generalcigarco.svg,Punch,,img/icons/brands/punch.svg,Knuckle Buster Shade,Toro,,Toro,6,52,Parejo,,,,,,,,,,,,,,,7.14,178.5,25,89,7.14,76.75,3.07,4.07,56292,,,,,,punch|toro|toro
General Cigar Co.,img/icons/manufacturers/generalcigarco.svg,Punch,,img/icons/brands/punch.svg,Knuckle Buster Shade,Stubby,,Short Gordo,4.5,60,Parejo,,,,,,,,,,,,,,,6.52,130.4,20,89,6.52,55.2,2.76,3.76,56294,,,,,,punch|stubby|short gordo
General Cigar Co.,img/icons/manufacturers/generalcigarco.svg,Punch,,img/icons/brands/punch.svg,Knuckle Buster Shade,Gordo,,Gordo,6,60,Parejo,,,,,,,,,,,,,,,7.64,152.8,20,89,7.64,66.4,3.32,4.32,56293,,,,,,punch|gordo|gordo
General Cigar Co.,img/icons/manufacturers/generalcigarco.svg,Punch,,img/icons/brands/punch.svg,Maduro,London Club,,Petit Corona,5,40,Parejo,,,,,Maduro,,,,,,,,,,7.04,176,25,89,7.04,75.5,3.02,4.02,50307,,,,,,punch|london club|petit corona
General Cigar Co.,img/icons/manufacturers/generalcigarco.svg,Punch,,img/icons/brands/punch.svg,Maduro,Elites MAD,,Corona,5.25,45,Parejo,,,,,Maduro,,,,,,,,,,7.54,188.5,25,89,7.54,81.75,3.27,4.27,50301,,,,,,punch|elites mad|corona
General Cigar Co.,img/icons/manufacturers/generalcigarco.svg,Punch,,img/icons/brands/punch.svg,Maduro,Punch After Dinner MAD,,Corona Gorda,7.25,45,Parejo,,,,,Maduro,,,,,,,,,,11.22,280.5,25,89,11.22,127.75,5.11,6.11,50243,,,,,,punch|punch after dinner mad|corona gorda
General Cigar Co.,img/icons/manufacturers/generalcigarco.svg,Punch,,img/icons/brands/punch.svg,Maduro,Pitas MAD,,Toro,6.12,50,Parejo,,,,,Maduro,,,,,,,,,,12.2,305,25,89,12.2,140.0,5.6,6.6,50315,,,,,,punch|pitas mad|toro
General Cigar Co.,img/icons/manufacturers/generalcigarco.svg,Punch,,img/icons/brands/punch.svg,Maduro,Double Corona MAD,,Double Corona,6.75,48,Parejo,,,,,Maduro,,,,,,,,,,12.46,311.5,25,89,12.46,143.25,5.73,6.73,50296,,,,,,punch|double corona mad|double corona
General Cigar Co.,img/icons/manufacturers/generalcigarco.svg,Punch,,img/icons/brands/punch.svg,Maduro,Presidente MAD,,Gigante,8.5,52,Parejo,,,,,Maduro,,,,,,,,,,15.7,392.5,25,89,15.7,183.75,7.35,8.35,50325,,,,,,punch|presidente mad|gigante
General Cigar Co.,img/icons/manufacturers/generalcigarco.svg,Punch,,img/icons/brands/punch.svg,Maduro,Rothschilds Cello MAD,,Rothschild,4.5,50,Parejo,,,,,Maduro,,,,,,,,,,9.26,463,50,89,9.26,206.5,4.13,5.13,50335,,,,,,punch|rothschilds cello mad|rothschild
General Cigar Co.,img/icons/manufacturers/generalcigarco.svg,Punch,,img/icons/brands/punch.svg,Rare Corojo,El Doble,,Gordo,5.88,60,Parejo,,,,,,,,,,,,,,,15.66,313.2,20,89,15.66,146.6,7.33,8.33,56132,,,,,,punch|el doble|gordo
General Cigar Co.,img/icons/manufacturers/generalcigarco.svg,Punch,,img/icons/brands/punch.svg,Rare Corojo,Champion Figurado,,Figurado,4.5,60,Figurado,,,,,,,,,,,,,,,12.6,315,25,89,12.6,145.0,5.8,6.8,55910,,,,,,punch|champion figurado|figurado
General Cigar Co.,img/icons/manufacturers/generalcigarco.svg,Punch,,img/icons/brands/punch.svg,Rare Corojo,Elite,,Corona,5.25,45,Parejo,,,,,,,,,,,,,,,9.38,234.5,25,89,9.38,104.75,4.19,5.19,55914,,,,,,punch|elite|corona
General Cigar Co.,img/icons/manufacturers/generalcigarco.svg,Punch,,img/icons/brands/punch.svg,Rare Corojo,Pita,,Toro,6.12,50,Parejo,,,,,,,,,,,,,,,13.08,327,25,89,13.08,151.0,6.04,7.04,55916,,,,,,punch|pita|toro
General Cigar Co.,img/icons/manufacturers/generalcigarco.svg,Punch,,img/icons/brands/punch.svg,Rare Corojo,Magnum,,Robusto Gordo,5.25,54,Parejo,,,,,,,,,,,,,,,14.46,361.5,25,89,14.46,168.25,6.73,7.73,55915,,,,,,punch|magnum|robusto gordo
General Cigar Co.,img/icons/manufacturers/generalcigarco.svg,Punch,,img/icons/brands/punch.svg,Rare Corojo,Rothschild,,Rothschild,4.5,50,Parejo,,,,,,,,,,,,,,,11.7,585,50,89,11.7,267.5,5.35,6.35,55917,,,,,,punch|rothschild|rothschild
,,Punch,,,Short de Punch,Short de Punch,https://www.cigaraficionado.com/top25/2020/punch-short-de-punch,Robusto,4.75,50,Parejo,Cuba,Cuba,Cuba,Cuba,,,Cuba,,,,,,,,0.0,,,89,,,,,,,,Aficionado,2020.0,5.0,punch|short de punch|robusto
General Cigar Co.,img/icons/manufacturers/generalcigarco.svg,Punch,,img/icons/brands/punch.svg,Signature,Rothschild,,Rothschild,4.5,50,Parejo,,,,,,,,,,,,,,,9.86,177.48,18,89,9.86,79.74,4.43,5.43,55412,,,,,,punch|rothschild|rothschild
General Cigar Co.,img/icons/manufacturers/generalcigarco.svg,Punch,,img/icons/brands/punch.svg,Signature,Pita,,Toro,6,50,Parejo,,,,,,,,,,,,,,,11.46,206.28,18,89,11.46,94.14,5.23,6.23,55542,,,,,,punch|pita|toro
General Cigar Co.,img/icons/manufacturers/generalcigarco.svg,Punch,,img/icons/brands/punch.svg,Signature,Robusto,,Robusto,5,54,Parejo,,,,,,,,,,,,,,,11.96,215.28,18,89,11.96,98.64,5.48,6.48,55410,,,,,,punch|robusto|robusto
General Cigar Co.,img/icons/manufacturers/generalcigarco.svg,Punch,,img/icons/brands/punch.svg,Signature,Gigante,,Gordo,6,60,Parejo,,,,,,,,,,,,,,,12.46,224.28,18,89,12.46,103.14,5.73,6.73,55411,,,,,,punch|gigante|gordo
General Cigar Co.,img/icons/manufacturers/generalcigarco.svg,Punch,,img/icons/brands/punch.svg,Signature,Torpedo,,Torpedo,5.75,52,Torpedo,,,,,,,,,,,,,,,12.46,224.28,18,89,12.46,103.14,5.73,6.73,55413,,,,,,punch|torpedo|torpedo
General Cigar Co.,img/icons/manufacturers/generalcigarco.svg,Punch,,img/icons/brands/punch.svg,Signature,Gusto Tubo,,Robusto,5,52,Parejo,,,,,,,,,Tubo,,,,,,13.82,276.4,20,89,13.82,128.2,6.41,7.41,55919,,,,,,punch|gusto tubo|robusto
,,Punch,,,Supremos ER 2015,Suiza,,,,,,Cuba,Cuba,Cuba,Cuba,,,Cuba,,,,,,,,0.0,,,89,,,,,,,,Cigar Journal,2016.0,21.0,punch|suiza|
,,Punch,,,,Super Selection No. 1,,Lonsdale,6.12,42,Parejo,Cuba,Cuba,Cuba,Cuba,,,Cuba,,,,,,,,0.0,,,89,,,,,,,,Aficionado,2006.0,21.0,punch|super selection no. 1|lonsdale
,,Punch,,,,Punch Punch,,,,,,Cuba,Cuba,Cuba,Cuba,,,Cuba,,,,,,,,0.0,,,89,,,,,,,,Cigar Journal,2015.0,6.0,punch|punch punch|
,,Punch,,,,Short de Punch,,,,,,Cuba,Cuba,Cuba,Cuba,,,Cuba,,,,,,,,0.0,,,89,,,,,,,,Cigar Journal,2019.0,4.0,punch|short de punch|
General Cigar Co.,img/icons/manufacturers/generalcigarco.svg,Punch,,img/icons/brands/punch.svg,,Café Royales NAT Tubo,,Corona Extra,5.62,44,Parejo,,,,,,,,,Tubo,,,,,,12.46,99.68,8,89,12.46,45.84,5.73,6.73,50246,,,,,,punch|café royales nat tubo|corona extra
General Cigar Co.,img/icons/manufacturers/generalcigarco.svg,Punch,,img/icons/brands/punch.svg,,Champions,,Figurado,4.5,60,Figurado,,,,,,,,,,,,,,FAV,11.7,292.5,25,89,11.7,133.75,5.35,6.35,53386,,,,,,punch|champions|figurado
,,Puros Indios,,,Viejo 1999,No. 4 Especial,,Corona,5.5,45,Parejo,Ecuador,Ecuador,Nicaragua/Dominican Republic/Brazil,Honduras,,,,,,,,,,,0.0,,,89,,,,,,,,Aficionado,2006.0,17.0,puros indios|no. 4 especial|corona
,,Quintero,,,,Churchill,,Churchill,7.25,54,Parejo,Honduras,Honduras,Honduras,Honduras,,,,,,,,,,,0.0,,,89,,,,,,,,Aficionado,2006.0,24.0,quintero|churchill|churchill
,,Rafael Gonzalez,,,Corona de Lonsdale,Rafael Gonzalez Corona de Lonsdale,https://www.cigaraficionado.com/top25/2023/rafael-gonzalez-corona-de-lonsdale,Corona,5,48,Parejo,Cuba,Cuba,Cuba,Cuba,,,Cuba,,,,,,,,0.0,,,89,,,,,,,,Aficionado,2023.0,23.0,rafael gonzalez|rafael gonzalez corona de lonsdale|corona
,,Ramon Allones,,,By AJ Fernandez,Ramon Allones by AJ Fernandez Churchill,https://www.cigaraficionado.com/top25/2018/ramon-allones-by-aj-fernandez-churchill,Churchill,7,50,Parejo,Nicaragua,Nicaragua,Nicaragua,Nicaragua,,,,,,,,,,,0.0,,,89,,,,,,,,Aficionado,2018.0,25.0,ramon allones|ramon allones by aj fernandez churchill|churchill
,,Ramon Allones,,,Edición Limitada 2019,Allones No. 2 EL 2019,https://www.cigaraficionado.com/top25/2020/ramon-allones-allones-no-2-edicion-limitada-2019,Torpedo,5.5,52,Torpedo,Cuba,Cuba,Cuba,Cuba,,,Cuba,,,,,,,,0.0,,,89,,,,,,,,Aficionado,2020.0,25.0,ramon allones|allones no. 2 el 2019|torpedo
,,Ramon Allones,,,Gigantes,Ramon Allones Gigantes,https://www.cigaraficionado.com/top25/2021/ramon-allones-gigantes,Double Corona,7.625,49,Parejo,Cuba,Cuba,Cuba,Cuba,,,Cuba,,,,,,,,0.0,,,89,,,,,,,,Aficionado,2021.0,18.0,ramon allones|ramon allones gigantes|double corona
,,Ramon Allones,,,,by AJ Fernandez,,,,,,Nicaragua,Nicaragua,Nicaragua,Nicaragua,,,,,,,,,,,0.0,,,89,,,,,,,,Cigar Journal,2018.0,16.0,ramon allones|by aj fernandez|
,,Ramon Allones,,,,RAMÓN ALLONES 40 CARAT ER PAÍSES BAJOS,,,,,,Cuba,Cuba,Cuba,Cuba,,,,,,,,,,,0.0,,,89,,,,,,,,Cigar Journal,2022.0,7.0,ramon allones|ramón allones 40 carat er países bajos|
,,Regius,,,Exclusivo USA,Exclusivo USA Pressed Perfecto,https://www.cigaraficionado.com/top25/2017/regius-exclusivo-usa-pressed-perfecto,Pressed Perfecto,6.5,54,,Nicaragua,Nicaragua,Nicaragua,Nicaragua,,,,,,,,,,,0.0,,,89,,,,,,,,Aficionado,2017.0,21.0,regius|exclusivo usa pressed perfecto|pressed perfecto
Rocky Patel,img/icons/manufacturers/rockypatel.svg,Rocky Patel,rp,img/icons/brands/rockypatel.svg,13th Anniversary,Toro,,Toro,6.5,52,Parejo,Mexican San Andrés,Nicaragua,"Honduras, Nicaragua",Nicaragua,Maduro,Medium-Full,,,,,,,,,19.0,380,20,89,,,0.0,0.0,,,,Cigar Journal,2014.0,3.0,rocky patel|toro|toro
Rocky Patel,img/icons/manufacturers/rockypatel.svg,Rocky Patel,rp,img/icons/brands/rockypatel.svg,13th Anniversary,Robusto,,Robusto,5,50,Parejo,Mexican San Andrés,Nicaragua,"Honduras, Nicaragua",Nicaragua,Maduro,Medium-Full,,,,,,,,,18.0,360,20,89,,,0.0,0.0,,,,Aficionado,2016.0,2.0,rocky patel|robusto|robusto
Rocky Patel,img/icons/manufacturers/rockypatel.svg,Rocky Patel,rp,img/icons/brands/rockypatel.svg,13th Anniversary,Sixty,,Gordo,6,60,Parejo,Mexican San Andrés,Nicaragua,"Honduras, Nicaragua",Nicaragua,Maduro,Medium-Full,,,,,,,,,20.0,400,20,89,,,0.0,0.0,,,,,,,rocky patel|sixty|gordo
Rocky Patel,img/icons/manufacturers/rockypatel.svg,Rocky Patel,rp,img/icons/brands/rockypatel.svg,13th Anniversary LE,Toro,,Toro,6.5,52,Parejo,Mexican San Andrés,Nicaragua,"Honduras, Nicaragua",Nicaragua,Maduro,Medium-Full,,,,,,,,,47.5,475,10,89,,,0.0,0.0,,,,Cigar Journal,2014.0,3.0,rocky patel|toro|toro
Rocky Patel,img/icons/manufacturers/rockypatel.svg,Rocky Patel,rp,img/icons/brands/rockypatel.svg,ALR Second Edition,ALR Second Edition Toro,,Toro,6.5,52,Parejo,,,,,,,,,,,,,,,17.05,341,20,89,17.25,162.5,8.125,9.125,,,,Aficionado,2019.0,5.0,rocky patel|alr second edition toro|toro
,,Rocky Patel,,,ALR Second Edition,Rocky Patel ALR Second Edition Toro,/mnt/data/Screenshot 2025-11-20 at 9.40.52 PM.png,Toro,6.5,52,Parejo,Mexico,Nicaragua,Nicaragua,Nicaragua,,,,,,,,,,,0.0,,,89,,,,,,,,Aficionado,2023.0,4.0,rocky patel|rocky patel alr second edition toro|toro
Rocky Patel,img/icons/manufacturers/rockypatel.svg,Rocky Patel,rp,img/icons/brands/rockypatel.svg,ALR Second Edition,ALR Second Edition Robusto,,Robusto,5.5,50,Parejo,,,,,,,,,,,,,,,15.85,317,20,89,16.1,151.0,7.55,8.55,,,,,,,rocky patel|alr second edition robusto|robusto
Rocky Patel,img/icons/manufacturers/rockypatel.svg,Rocky Patel,rp,img/icons/brands/rockypatel.svg,ALR Second Edition,ALR Second Edition Sixty,,Gordo,6,60,Parejo,,,,,,,,,,,,,,,18.25,365,20,89,18.4,174.0,8.7,9.7,,,,,,,rocky patel|alr second edition sixty|gordo
Rocky Patel,img/icons/manufacturers/rockypatel.svg,Rocky Patel,rp,img/icons/brands/rockypatel.svg,Bold by Nish Patel,Bold by Nish Robusto,,Robusto,5,50,Parejo,,,,,,,,,,,,,,,11.8,247.8,21,89,11.8,113.4,5.4,6.4,,,,,,,rocky patel|bold by nish robusto|robusto
Rocky Patel,img/icons/manufacturers/rockypatel.svg,Rocky Patel,rp,img/icons/brands/rockypatel.svg,Bold by Nish Patel,Bold by Nish Toro,,Toro,6.5,52,Parejo,,,,,,,,,,,,,,,12.0,252,21,89,12.0,115.5,5.5,6.5,,,,,,,rocky patel|bold by nish toro|toro
Rocky Patel,img/icons/manufacturers/rockypatel.svg,Rocky Patel,rp,img/icons/brands/rockypatel.svg,Bold by Nish Patel,Bold by Nish Sixty,,Gordo,6,60,Parejo,,,,,,,,,,,,,,,13.2,277.2,21,89,13.2,128.1,6.1,7.1,,,,,,,rocky patel|bold by nish sixty|gordo
Rocky Patel,img/icons/manufacturers/rockypatel.svg,Rocky Patel,rp,img/icons/brands/rockypatel.svg,Bold by Nish Patel,Bold by Nish Torpedo,,Torpedo,6.125,52,Torpedo,,,,,,,,,,,,,,,12.3,258.3,21,89,12.3,118.65,5.65,6.65,,,,,,,rocky patel|bold by nish torpedo|torpedo
Rocky Patel,img/icons/manufacturers/rockypatel.svg,Rocky Patel,rp,img/icons/brands/rockypatel.svg,Catch 22,Catch 22 Toro,,Toro,6,52,Parejo,,,,,,,,,,,,,,,7.3,160.6,22,89,7.3,69.3,3.15,4.15,,,,,,,rocky patel|catch 22 toro|toro
Rocky Patel,img/icons/manufacturers/rockypatel.svg,Rocky Patel,rp,img/icons/brands/rockypatel.svg,Catch 22,Catch 22 Double Corona,,Double Corona,7.5,52,Parejo,,,,,,,,,,,,,,,7.55,166.1,22,89,7.55,72.05,3.275,4.275,,,,,,,rocky patel|catch 22 double corona|double corona
Rocky Patel,img/icons/manufacturers/rockypatel.svg,Rocky Patel,rp,img/icons/brands/rockypatel.svg,Catch 22,Catch 22 Sixty,,Gordo,6,60,Parejo,,,,,,,,,,,,,,,8.2,180.4,22,89,8.2,79.2,3.6,4.6,,,,,,,rocky patel|catch 22 sixty|gordo
Rocky Patel,img/icons/manufacturers/rockypatel.svg,Rocky Patel,rp,img/icons/brands/rockypatel.svg,Catch 22,Catch 22 Rothschild,,Rothschild,4.5,50,Parejo,,,,,,,,,,,,,,,7.0,350,50,89,7.0,150.0,3.0,4.0,,,,,,,rocky patel|catch 22 rothschild|rothschild
Rocky Patel,img/icons/manufacturers/rockypatel.svg,Rocky Patel,rp,img/icons/brands/rockypatel.svg,Catch 22 Connecticut,Catch 22 Connecticut Toro,,Toro,6,52,Parejo,,,,,,,,,,,,,,,7.55,166.1,22,89,7.55,72.05,3.275,4.275,,,,,,,rocky patel|catch 22 connecticut toro|toro
Rocky Patel,img/icons/manufacturers/rockypatel.svg,Rocky Patel,rp,img/icons/brands/rockypatel.svg,Catch 22 Connecticut,Catch 22 Connecticut Double Corona,,Double Corona,7.5,52,Parejo,,,,,,,,,,,,,,,7.85,172.7,22,89,7.85,75.35,3.425,4.425,,,,,,,rocky patel|catch 22 connecticut double corona|double corona
Rocky Patel,img/icons/manufacturers/rockypatel.svg,Rocky Patel,rp,img/icons/brands/rockypatel.svg,Catch 22 Connecticut,Catch 22 Connecticut Sixty,,Gordo,6,60,Parejo,,,,,,,,,,,,,,,8.65,190.3,22,89,8.65,84.15,3.825,4.825,,,,,,,rocky patel|catch 22 connecticut sixty|gordo
Rocky Patel,img/icons/manufacturers/rockypatel.svg,Rocky Patel,rp,img/icons/brands/rockypatel.svg,Catch 22 Connecticut,Catch 22 Connecticut Rothschild,,Rothschild,4.5,50,Parejo,,,,,,,,,,,,,,,7.1,355,50,89,7.1,152.5,3.05,4.05,,,,,,,rocky patel|catch 22 connecticut rothschild|rothschild
Rocky Patel,img/icons/manufacturers/rockypatel.svg,Rocky Patel,rp,img/icons/brands/rockypatel.svg,Cigar Smoking World Championship,Toro,,Toro,6,52,Parejo,,,,,,,,,,,,,,,12.9,258,20,89,12.9,119.0,5.95,6.95,,,,Cigar Journal,2014.0,3.0,rocky patel|toro|toro
Rocky Patel,img/icons/manufacturers/rockypatel.svg,Rocky Patel,rp,img/icons/brands/rockypatel.svg,Cigar Smoking World Championship,Robusto,,Robusto,5,50,Parejo,,,,,,,,,,,,,,,11.8,236,20,89,11.8,108.0,5.4,6.4,,,,Aficionado,2016.0,2.0,rocky patel|robusto|robusto
Rocky Patel,img/icons/manufacturers/rockypatel.svg,Rocky Patel,rp,img/icons/brands/rockypatel.svg,Cigar Smoking World Championship,Mareva,,Mareva,5.125,42,Parejo,,,,,,,,,,,,,,,10.7,107,10,89,10.7,48.5,4.85,5.85,,,,,,,rocky patel|mareva|mareva
,,Rocky Patel,,,CSWC,Mareva,,,,,,Mexico,Nicaragua,Honduras; Nicaragua,Nicaragua,,,,,,,,,,,0.0,,,89,,,,,,,,Cigar Journal,2020.0,9.0,rocky patel|mareva|
,,Rocky Patel,,,CSWC,Rocky Patel CSWC Toro,,Toro,6,52,Parejo,Mexico,Nicaragua,Honduras; Nicaragua,Nicaragua,,,,,,,,,,,0.0,,,89,,,,,,,,Cigar Journal,2021.0,20.0,rocky patel|rocky patel cswc toro|toro
Rocky Patel,img/icons/manufacturers/rockypatel.svg,Rocky Patel,rp,img/icons/brands/rockypatel.svg,Dark Star,Toro,,Toro,6,52,Parejo,,,,,,,,,,,,,,,12.05,241,20,89,12.5,115.0,5.75,6.75,,,,Cigar Journal,2014.0,3.0,rocky patel|toro|toro
Rocky Patel,img/icons/manufacturers/rockypatel.svg,Rocky Patel,rp,img/icons/brands/rockypatel.svg,Dark Star,Robusto,,Robusto,5.5,50,Parejo,,,,,,,,,,,,,,,11.5,230,20,89,11.5,105.0,5.25,6.25,,,,Aficionado,2016.0,2.0,rocky patel|robusto|robusto
Rocky Patel,img/icons/manufacturers/rockypatel.svg,Rocky Patel,rp,img/icons/brands/rockypatel.svg,Dark Star,Sixty,,Gordo,6,60,Parejo,,,,,,,,,,,,,,,13.15,263,20,89,13.5,125.0,6.25,7.25,,,,,,,rocky patel|sixty|gordo
Rocky Patel,img/icons/manufacturers/rockypatel.svg,Rocky Patel,rp,img/icons/brands/rockypatel.svg,Dark Star,Short Gordo,,Short Gordo,4,60,Parejo,,,,,,,,,,,,,,,12.25,245,20,89,12.25,112.5,5.625,6.625,,,,,,,rocky patel|short gordo|short gordo
Rocky Patel,img/icons/manufacturers/rockypatel.svg,Rocky Patel,rp,img/icons/brands/rockypatel.svg,DBS,Toro,,Toro,6.5,52,Parejo,,,,,,,,,,,,,,,22.05,441,20,89,19.0,180.0,9.0,10.0,,,,Cigar Journal,2014.0,3.0,rocky patel|toro|toro
Rocky Patel,img/icons/manufacturers/rockypatel.svg,Rocky Patel,rp,img/icons/brands/rockypatel.svg,DBS,Robusto,,Robusto,5.5,50,Parejo,,,,,,,,,,,,,,,20.95,419,20,89,18.0,170.0,8.5,9.5,,,,Aficionado,2016.0,2.0,rocky patel|robusto|robusto
Rocky Patel,img/icons/manufacturers/rockypatel.svg,Rocky Patel,rp,img/icons/brands/rockypatel.svg,DBS,Sixty,,Gordo,6,60,Parejo,,,,,,,,,,,,,,,23.05,461,20,89,20.0,190.0,9.5,10.5,,,,,,,rocky patel|sixty|gordo
Rocky Patel,img/icons/manufacturers/rockypatel.svg,Rocky Patel,rp,img/icons/brands/rockypatel.svg,DBS,DBS LE Humidor w Toros,,Toro,6.5,52,Parejo,,,,,,,,,,,,,,,24.8,2480,100,89,24.8,1190.0,11.9,12.9,,,,,,,rocky patel|dbs le humidor w toros|toro
Rocky Patel,img/icons/manufacturers/rockypatel.svg,Rocky Patel,rp,img/icons/brands/rockypatel.svg,Decade,Torpedo,,Torpedo,6.5,52,Torpedo,,,,,,,,,,,,,,,15.86,317.2,20,89,15.86,148.6,7.43,8.43,,,,Aficionado,2011.0,15.0,rocky patel|torpedo|torpedo
Rocky Patel,img/icons/manufacturers/rockypatel.svg,Rocky Patel,rp,img/icons/brands/rockypatel.svg,Decade,Toro,,Toro,6.5,52,Parejo,,,,,,,,,,,,,,,14.95,299,20,89,15.28,142.8,7.14,8.14,,,,Cigar Journal,2014.0,3.0,rocky patel|toro|toro
,,Rocky Patel,,,Decade,Cameroon Toro,https://www.cigaraficionado.com/top25cigar/rocky-patel-decade-cameroon-toro-2014,Toro,6.5,52,Parejo,Cameroon,Nicaragua,Honduras,Honduras,,,,,,,,,,,0.0,,,89,,,,,,,,Aficionado,2014.0,24.0,rocky patel|cameroon toro|toro
Rocky Patel,img/icons/manufacturers/rockypatel.svg,Rocky Patel,rp,img/icons/brands/rockypatel.svg,Decade,Robusto,,Robusto,5,50,Parejo,,,,,,,,,,,,,,,13.55,271,20,89,13.915,129.15,6.4575,7.4575,,,,Aficionado,2016.0,2.0,rocky patel|robusto|robusto
Rocky Patel,img/icons/manufacturers/rockypatel.svg,Rocky Patel,rp,img/icons/brands/rockypatel.svg,Decade,Toro Tubos,,Toro,6.5,52,Parejo,,,,,,,,,Tubo,,,,,,17.8,178,10,89,17.8,84.0,8.4,9.4,,,,,,,rocky patel|toro tubos|toro
Rocky Patel,img/icons/manufacturers/rockypatel.svg,Rocky Patel,rp,img/icons/brands/rockypatel.svg,Decade,The Forty-Six Corona,,Corona,4.5,46,Parejo,,,,,,,,,,,,,,,12.605,252.1,20,89,12.605,116.05,5.8025,6.8025,,,,,,,rocky patel|the forty-six corona|corona
Rocky Patel,img/icons/manufacturers/rockypatel.svg,Rocky Patel,rp,img/icons/brands/rockypatel.svg,Decade,Lonsdale,,Lonsdale,6.5,44,Parejo,,,,,,,,,,,,,,,13.915,278.3,20,89,13.915,129.15,6.4575,7.4575,,,,,,,rocky patel|lonsdale|lonsdale
Rocky Patel,img/icons/manufacturers/rockypatel.svg,Rocky Patel,rp,img/icons/brands/rockypatel.svg,Decade,Emperor Sixty,,Gordo,6,60,Parejo,,,,,,,,,,,,,,,17.905,358.1,20,89,17.905,169.05,8.4525,9.4525,,,,,,,rocky patel|emperor sixty|gordo
Rocky Patel,img/icons/manufacturers/rockypatel.svg,Rocky Patel,rp,img/icons/brands/rockypatel.svg,Disciple,Toro,,Toro,6,52,Parejo,,,,,,,,,,,,,,,13.35,267,20,89,13.75,127.5,6.375,7.375,,,,Cigar Journal,2014.0,3.0,rocky patel|toro|toro
Rocky Patel,img/icons/manufacturers/rockypatel.svg,Rocky Patel,rp,img/icons/brands/rockypatel.svg,Disciple,Robusto,,Robusto,5,50,Parejo,,,,,,,,,,,,,,,12.25,245,20,89,12.65,116.5,5.825,6.825,,,,Aficionado,2016.0,2.0,rocky patel|robusto|robusto
Rocky Patel,img/icons/manufacturers/rockypatel.svg,Rocky Patel,rp,img/icons/brands/rockypatel.svg,Disciple,Gordo,,Gordo,6,60,Parejo,,,,,,,,,,,,,,,15.05,301,20,89,15.35,143.5,7.175,8.175,,,,,,,rocky patel|gordo|gordo
Rocky Patel,img/icons/manufacturers/rockypatel.svg,Rocky Patel,rp,img/icons/brands/rockypatel.svg,Disciple,Half Corona,,Half Corona,3.5,46,Parejo,,,,,,,,,,,,,,,8.75,175,20,89,8.75,77.5,3.875,4.875,,,,,,,rocky patel|half corona|half corona
Rocky Patel,img/icons/manufacturers/rockypatel.svg,Rocky Patel,rp,img/icons/brands/rockypatel.svg,Disciple,Bala,,Bala,5.75,58-50,,,,,,,,,,,,,,,,14.25,285,20,89,14.25,132.5,6.625,7.625,,,,,,,rocky patel|bala|bala
Rocky Patel,img/icons/manufacturers/rockypatel.svg,Rocky Patel,rp,img/icons/brands/rockypatel.svg,Edición Unica,Edición Unica Toro,,Toro,6,52,Parejo,,,,,,,,,,,,,,,10.608,1060.8,100,89,10.608,480.4,4.804,5.804,,,,,,,rocky patel|edición unica toro|toro
Rocky Patel,img/icons/manufacturers/rockypatel.svg,Rocky Patel,rp,img/icons/brands/rockypatel.svg,Emerald,Emerald Robusto,,Robusto,5.5,50,Parejo,,,,,,,,,,,,,,,12.35,247,20,89,12.75,117.5,5.875,6.875,,,,,,,rocky patel|emerald robusto|robusto
Rocky Patel,img/icons/manufacturers/rockypatel.svg,Rocky Patel,rp,img/icons/brands/rockypatel.svg,Emerald,Emerald Toro,,Toro,6.5,50,Parejo,,,,,,,,,,,,,,,13.35,267,20,89,13.75,127.5,6.375,7.375,,,,,,,rocky patel|emerald toro|toro
Rocky Patel,img/icons/manufacturers/rockypatel.svg,Rocky Patel,rp,img/icons/brands/rockypatel.svg,Emerald,Emerald Sixty,,Gordo,6,60,Parejo,,,,,,,,,,,,,,,14.45,289,20,89,14.75,137.5,6.875,7.875,,,,,,,rocky patel|emerald sixty|gordo
Rocky Patel,img/icons/manufacturers/rockypatel.svg,Rocky Patel,rp,img/icons/brands/rockypatel.svg,Fifteenth Anniversary,Torpedo,,Torpedo,6.25,52,Torpedo,,,,,,,,,,,,,,,15.1,302,20,89,15.1,141.0,7.05,8.05,,,,Aficionado,2011.0,15.0,rocky patel|torpedo|torpedo
Rocky Patel,img/icons/manufacturers/rockypatel.svg,Rocky Patel,rp,img/icons/brands/rockypatel.svg,Fifteenth Anniversary,Toro,,Toro,6.5,52,Parejo,,,,,,,,,,,,,,,14.65,293,20,89,14.65,136.5,6.825,7.825,,,,Cigar Journal,2014.0,3.0,rocky patel|toro|toro
Rocky Patel,img/icons/manufacturers/rockypatel.svg,Rocky Patel,rp,img/icons/brands/rockypatel.svg,Fifteenth Anniversary,Robusto,,Robusto,5.5,50,Parejo,,,,,,,,,,,,,,,13.4,268,20,89,13.4,124.0,6.2,7.2,,,,Aficionado,2016.0,2.0,rocky patel|robusto|robusto
Rocky Patel,img/icons/manufacturers/rockypatel.svg,Rocky Patel,rp,img/icons/brands/rockypatel.svg,Fifteenth Anniversary,Fifteenth Anniversary Toro Tubos,,Toro,6,50,Parejo,,,,,,,,,Tubo,,,,,,15.35,153.5,10,89,15.35,71.75,7.175,8.175,,,,,,,rocky patel|fifteenth anniversary toro tubos|toro
Rocky Patel,img/icons/manufacturers/rockypatel.svg,Rocky Patel,rp,img/icons/brands/rockypatel.svg,Fifteenth Anniversary,Sixty,,Gordo,6,60,Parejo,,,,,,,,,,,,,,,16.7,334,20,89,16.7,157.0,7.85,8.85,,,,,,,rocky patel|sixty|gordo
Rocky Patel,img/icons/manufacturers/rockypatel.svg,Rocky Patel,rp,img/icons/brands/rockypatel.svg,Fifty-Five,Toro,,Toro,6.5,55,Parejo,,,,,,,,,,,,,,,14.55,291,20,89,14.9,139.0,6.95,7.95,,,,Cigar Journal,2014.0,3.0,rocky patel|toro|toro
Rocky Patel,img/icons/manufacturers/rockypatel.svg,Rocky Patel,rp,img/icons/brands/rockypatel.svg,Fifty-Five,Robusto,,Robusto,5.5,55,Parejo,,,,,,,,,,,,,,,13.15,263,20,89,13.55,125.5,6.275,7.275,,,,Aficionado,2016.0,2.0,rocky patel|robusto|robusto
Rocky Patel,img/icons/manufacturers/rockypatel.svg,Rocky Patel,rp,img/icons/brands/rockypatel.svg,Fifty-Five,Corona,,Corona,4,55,Parejo,,,,,,,,,,,,,,,12.3,246,20,89,12.3,113.0,5.65,6.65,,,,Aficionado,2020.0,9.0,rocky patel|corona|corona
Rocky Patel,img/icons/manufacturers/rockypatel.svg,Rocky Patel,rp,img/icons/brands/rockypatel.svg,Fifty-Five,Titan 8x55,,Gigante,8,55,Parejo,,,,,,,,,,,,,,,17.45,349,20,89,17.45,164.5,8.225,9.225,,,,,,,rocky patel|titan 8x55|gigante
Rocky Patel,img/icons/manufacturers/rockypatel.svg,Rocky Patel,rp,img/icons/brands/rockypatel.svg,Gold Label,Toro,,Toro,6.5,54,Parejo,,,,,,,,,,,,,,,14.0,280,20,89,14.0,130.0,6.5,7.5,,,,Cigar Journal,2014.0,3.0,rocky patel|toro|toro
Rocky Patel,img/icons/manufacturers/rockypatel.svg,Rocky Patel,rp,img/icons/brands/rockypatel.svg,Gold Label,Robusto,,Robusto,5.5,50,Parejo,,,,,,,,,,,,,,,11.75,235,20,89,12.75,117.5,5.875,6.875,,,,Aficionado,2016.0,2.0,rocky patel|robusto|robusto
Rocky Patel,img/icons/manufacturers/rockypatel.svg,Rocky Patel,rp,img/icons/brands/rockypatel.svg,Gold Label,Half Corona,,Half Corona,3.5,46,Parejo,,,,,,,,,,,,,,,10.7,214,20,89,10.7,97.0,4.85,5.85,,,,,,,rocky patel|half corona|half corona
Rocky Patel,img/icons/manufacturers/rockypatel.svg,Rocky Patel,rp,img/icons/brands/rockypatel.svg,Gold Label,Sixty,,Gordo,6,60,Parejo,,,,,,,,,,,,,,,15.0,300,20,89,15.0,140.0,7.0,8.0,,,,,,,rocky patel|sixty|gordo
Rocky Patel,img/icons/manufacturers/rockypatel.svg,Rocky Patel,rp,img/icons/brands/rockypatel.svg,Grand Reserve,Toro,,Toro,6,52,Parejo,,,,,,,,,,,,,,,16.07,160.7,10,89,16.07,75.35,7.535,8.535,,,,Cigar Journal,2014.0,3.0,rocky patel|toro|toro
Rocky Patel,img/icons/manufacturers/rockypatel.svg,Rocky Patel,rp,img/icons/brands/rockypatel.svg,Grand Reserve,Robusto,,Robusto,5.5,50,Parejo,,,,,,,,,,,,,,,14.92,149.2,10,89,14.92,69.6,6.96,7.96,,,,Aficionado,2016.0,2.0,rocky patel|robusto|robusto
,,Rocky Patel,,,Grand Reserve,Rocky Patel Grand Reserve Robusto,https://www.cigaraficionado.com/top25/2021/rocky-patel-grand-reserve-robusto,Robusto,5.5,50,Parejo,Ecuador,Nicaragua,Honduras Nicaragua,Honduras,,,,,,,,,,,0.0,,,89,,,,,,,,Aficionado,2021.0,9.0,rocky patel|rocky patel grand reserve robusto|robusto
Rocky Patel,img/icons/manufacturers/rockypatel.svg,Rocky Patel,rp,img/icons/brands/rockypatel.svg,Grand Reserve,Sixty,,Gordo,6,60,Parejo,,,,,,,,,,,,,,,17.23,172.3,10,89,17.23,81.15,8.115,9.115,,,,,,,rocky patel|sixty|gordo
Rocky Patel,img/icons/manufacturers/rockypatel.svg,Rocky Patel,rp,img/icons/brands/rockypatel.svg,LB1,Toro,,Toro,6.5,52,Parejo,,,,,,,,,,,,,,,12.605,252.1,20,89,12.605,116.05,5.8025,6.8025,,,,Cigar Journal,2014.0,3.0,rocky patel|toro|toro
Rocky Patel,img/icons/manufacturers/rockypatel.svg,Rocky Patel,rp,img/icons/brands/rockypatel.svg,LB1,Robusto,,Robusto,5.5,50,Parejo,,,,,,,,,,,,,,,11.71,234.2,20,89,11.71,107.1,5.355,6.355,,,,Aficionado,2016.0,2.0,rocky patel|robusto|robusto
Rocky Patel,img/icons/manufacturers/rockypatel.svg,Rocky Patel,rp,img/icons/brands/rockypatel.svg,LB1,Corona,,Corona,6,44,Parejo,,,,,,,,,,,,,,,11.08,221.6,20,89,11.08,100.8,5.04,6.04,,,,Aficionado,2020.0,9.0,rocky patel|corona|corona
Rocky Patel,img/icons/manufacturers/rockypatel.svg,Rocky Patel,rp,img/icons/brands/rockypatel.svg,LB1,Churchill Shaggy Foot,,Churchill Shaggy Foot,7,48,Parejo,,,,,,,,,,,,,,,12.605,252.1,20,89,12.605,116.05,5.8025,6.8025,,,,,,,rocky patel|churchill shaggy foot|churchill shaggy foot
Rocky Patel,img/icons/manufacturers/rockypatel.svg,Rocky Patel,rp,img/icons/brands/rockypatel.svg,LB1,Sixty,,Gordo,6,60,Parejo,,,,,,,,,,,,,,,5.445,326.7,60,89,5.445,133.35,2.2225,3.2225,,,,,,,rocky patel|sixty|gordo
Rocky Patel,img/icons/manufacturers/rockypatel.svg,Rocky Patel,rp,img/icons/brands/rockypatel.svg,Legends 52 Ray Lewis,Legends 52 Ray Lewis Toro,,Toro,6.5,52,Parejo,,,,,,,,,,,,,,,17.02,170.2,10,89,17.02,80.1,8.01,9.01,,,,,,,rocky patel|legends 52 ray lewis toro|toro
Rocky Patel,img/icons/manufacturers/rockypatel.svg,Rocky Patel,rp,img/icons/brands/rockypatel.svg,Number 6,Number 6 Toro Tubos,,Toro,6,50,Parejo,,,,,,,,,,,,,,,14.05,140.5,10,89,14.05,65.25,6.525,7.525,,,,,,,rocky patel|number 6 toro tubos|toro
Rocky Patel,img/icons/manufacturers/rockypatel.svg,Rocky Patel,rp,img/icons/brands/rockypatel.svg,Number 6,Number 6 Robusto,,Robusto,5.5,50,Parejo,,,,,,,,,,,,,,,11.65,233,20,89,12.605,116.05,5.8025,6.8025,,,,,,,rocky patel|number 6 robusto|robusto
Rocky Patel,img/icons/manufacturers/rockypatel.svg,Rocky Patel,rp,img/icons/brands/rockypatel.svg,Number 6,Number 6 Toro,,Toro,6.5,52,Parejo,,,,,,,,,,,,,,,12.35,247,20,89,13.34,123.4,6.17,7.17,,,,,,,rocky patel|number 6 toro|toro
Rocky Patel,img/icons/manufacturers/rockypatel.svg,Rocky Patel,rp,img/icons/brands/rockypatel.svg,Number 6,Number 6 Sixty,,Gordo,6,60,Parejo,,,,,,,,,,,,,,,14.35,287,20,89,15.34,143.4,7.17,8.17,,,,,,,rocky patel|number 6 sixty|gordo
Rocky Patel,img/icons/manufacturers/rockypatel.svg,Rocky Patel,rp,img/icons/brands/rockypatel.svg,Number 6,Number 6 Corona,,Corona,6,44,Parejo,,,,,,,,,,,,,,,11.87,237.4,20,89,11.87,108.7,5.435,6.435,,,,,,,rocky patel|number 6 corona|corona
,,Rocky Patel,,,Prohibition,San Andrés Toro,https://www.cigaraficionado.com/top25cigar/rocky-patel-prohibition-san-andres-toro-2014,Toro,6.5,52,Parejo,San Andrés,Nicaragua,Nicaragua,Nicaragua,,,,,,,,,,,0.0,,,89,,,,,,,,Aficionado,2014.0,12.0,rocky patel|san andrés toro|toro
,,Rocky Patel,,,Prohibition,San Andrés Robusto,https://www.cigaraficionado.com/top25cigar/rocky-patel-prohibition-san-andres-robusto-2015,Robusto,5.5,50,Parejo,San Andrés,Nicaragua,Nicaragua,Nicaragua,,,,,,,,,,,0.0,,,89,,,,,,,,Aficionado,2015.0,15.0,rocky patel|san andrés robusto|robusto
Rocky Patel,img/icons/manufacturers/rockypatel.svg,Rocky Patel,rp,img/icons/brands/rockypatel.svg,Quarter Century,Quarter Century Toro,,Toro,6.5,52,Parejo,,,,,,,,,,,,,,,23.15,463,20,89,15.95,149.5,7.475,8.475,,,,,,,rocky patel|quarter century toro|toro
Rocky Patel,img/icons/manufacturers/rockypatel.svg,Rocky Patel,rp,img/icons/brands/rockypatel.svg,Quarter Century,Quarter Century Robusto,,Robusto,5.5,50,Parejo,,,,,,,,,,,,,,,14.85,297,20,89,14.85,138.5,6.925,7.925,,,,,,,rocky patel|quarter century robusto|robusto
,,Rocky Patel,,,Sixty,Rocky Patel Sixty Toro,,Toro,6,52,Parejo,Mexico,Nicaragua,Nicaragua,Nicaragua,,,,,,,,,,,0.0,,,89,,,,,,,,Cigar Journal,2021.0,2.0,rocky patel|rocky patel sixty toro|toro
,,Rocky Patel,,,Sixty,Rocky Patel Sixty Sixty,,Gordo,6,60,Parejo,Mexico,Nicaragua,Nicaragua,Nicaragua,,,,,,,,,,,0.0,,,89,,,,,,,,Aficionado,2022.0,2.0,rocky patel|rocky patel sixty sixty|gordo
Rocky Patel,img/icons/manufacturers/rockypatel.svg,Rocky Patel,rp,img/icons/brands/rockypatel.svg,Sixty,Sixty Robusto,,Robusto,5.5,50,Parejo,,,,,,,,,,,,,,,18.53,370.6,20,89,18.65,176.5,8.825,9.825,,,,,,,rocky patel|sixty robusto|robusto
Rocky Patel,img/icons/manufacturers/rockypatel.svg,Rocky Patel,rp,img/icons/brands/rockypatel.svg,Sixty,Sixty Toro,,Toro,6.5,52,Parejo,,,,,,,,,,,,,,,19.65,393,20,89,19.75,187.5,9.375,10.375,,,,,,,rocky patel|sixty toro|toro
Rocky Patel,img/icons/manufacturers/rockypatel.svg,Rocky Patel,rp,img/icons/brands/rockypatel.svg,Sixty,Sixty Gordo,,Gordo,6,60,Parejo,,,,,,,,,,,,,,,20.85,417,20,89,20.85,198.5,9.925,10.925,,,,,,,rocky patel|sixty gordo|gordo
Rocky Patel,img/icons/manufacturers/rockypatel.svg,Rocky Patel,rp,img/icons/brands/rockypatel.svg,Sixty,Sixty LE Humidor w Gordos,,Gordo,6,60,Parejo,,,,,,,,,,,,,,,27.0,2700,100,89,27.0,1300.0,13.0,14.0,,,,,,,rocky patel|sixty le humidor w gordos|gordo
Rocky Patel,img/icons/manufacturers/rockypatel.svg,Rocky Patel,rp,img/icons/brands/rockypatel.svg,Special Edition,Special Edition Robusto,,Robusto,5.5,50,Parejo,,,,,,,,,,,,,,,13.15,131.5,10,89,13.15,60.75,6.075,7.075,,,,,,,rocky patel|special edition robusto|robusto
Rocky Patel,img/icons/manufacturers/rockypatel.svg,Rocky Patel,rp,img/icons/brands/rockypatel.svg,Special Edition,Special Edition Toro,,Toro,6.5,52,Parejo,,,,,,,,,,,,,,,13.6,136,10,89,13.6,63.0,6.3,7.3,,,,,,,rocky patel|special edition toro|toro
Rocky Patel,img/icons/manufacturers/rockypatel.svg,Rocky Patel,rp,img/icons/brands/rockypatel.svg,Special Edition,Special Edition Sixty,,Gordo,6,60,Parejo,,,,,,,,,,,,,,,15.05,150.5,10,89,15.05,70.25,7.025,8.025,,,,,,,rocky patel|special edition sixty|gordo
Rocky Patel,img/icons/manufacturers/rockypatel.svg,Rocky Patel,rp,img/icons/brands/rockypatel.svg,Sun Grown,Sun Grown Toro Tubos,,Toro,6,50,Parejo,,,,,,,,,Tubo,,,,,,12.5,125,10,89,12.5,57.5,5.75,6.75,,,,,,,rocky patel|sun grown toro tubos|toro
Rocky Patel,img/icons/manufacturers/rockypatel.svg,Rocky Patel,rp,img/icons/brands/rockypatel.svg,Sun Grown,Sun Grown,,Petit Corona,4.5,44,Parejo,,,,,,,,,,,,,,,9.22,184.4,20,89,9.22,82.2,4.11,5.11,,,,,,,rocky patel|sun grown|petit corona
Rocky Patel,img/icons/manufacturers/rockypatel.svg,Rocky Patel,rp,img/icons/brands/rockypatel.svg,Sun Grown,Sun Grown Robusto,,Robusto,5.5,50,Parejo,,,,,,,,,,,,,,,10.57,211.4,20,89,10.57,95.7,4.785,5.785,,,,,,,rocky patel|sun grown robusto|robusto
Rocky Patel,img/icons/manufacturers/rockypatel.svg,Rocky Patel,rp,img/icons/brands/rockypatel.svg,Sun Grown,Sun Grown Toro,,Toro,6.5,52,Parejo,,,,,,,,,,,,,,,12.025,240.5,20,89,12.025,110.25,5.5125,6.5125,,,,,,,rocky patel|sun grown toro|toro
Rocky Patel,img/icons/manufacturers/rockypatel.svg,Rocky Patel,rp,img/icons/brands/rockypatel.svg,Sun Grown,Sun Grown Sixty,,Gordo,6,60,Parejo,,,,,,,,,,,,,,,14.575,291.5,20,89,14.575,135.75,6.7875,7.7875,,,,,,,rocky patel|sun grown sixty|gordo
Rocky Patel,img/icons/manufacturers/rockypatel.svg,Rocky Patel,rp,img/icons/brands/rockypatel.svg,Sun Grown,Sun Grown Torpedo,,Torpedo,6.25,52,Torpedo,,,,,,,,,,,,,,,13.43,268.6,20,89,13.43,124.3,6.215,7.215,,,,,,,rocky patel|sun grown torpedo|torpedo
Rocky Patel,img/icons/manufacturers/rockypatel.svg,Rocky Patel,rp,img/icons/brands/rockypatel.svg,Sun Grown,Sun Grown Juniors,,Cigarillo,4,38,Parejo,,,,,,,,,,,,,,,5.212,260.6,50,89,5.212,105.3,2.106,3.106,,,,,,,rocky patel|sun grown juniors|cigarillo
Rocky Patel,img/icons/manufacturers/rockypatel.svg,Rocky Patel,rp,img/icons/brands/rockypatel.svg,Sun Grown Maduro,Sun Grown Maduro Robusto,,Robusto,5,50,Parejo,,,,,,,,,,,,,,,11.85,237,20,89,12.25,112.5,5.625,6.625,,,,Aficionado,2018.0,19.0,rocky patel|sun grown maduro robusto|robusto
Rocky Patel,img/icons/manufacturers/rockypatel.svg,Rocky Patel,rp,img/icons/brands/rockypatel.svg,Sun Grown Maduro,Sun Grown Maduro Toro,,Toro,6.5,52,Parejo,,,,,,,,,,,,,,,12.05,241,20,89,12.5,115.0,5.75,6.75,,,,,,,rocky patel|sun grown maduro toro|toro
Rocky Patel,img/icons/manufacturers/rockypatel.svg,Rocky Patel,rp,img/icons/brands/rockypatel.svg,Sun Grown Maduro,Sun Grown Maduro Sixty,,Gordo,6,60,Parejo,,,,,,,,,,,,,,,14.25,285,20,89,14.6,136.0,6.8,7.8,,,,,,,rocky patel|sun grown maduro sixty|gordo
Rocky Patel,img/icons/manufacturers/rockypatel.svg,Rocky Patel,rp,img/icons/brands/rockypatel.svg,Sun Grown Maduro,Sun Grown Maduro Lancero,,Lancero,7.5,38,Parejo,,,,,,,,,,,,,,,12.25,245,20,89,12.25,112.5,5.625,6.625,,,,,,,rocky patel|sun grown maduro lancero|lancero
,,Rocky Patel,,,Tavicusa,,,,,,,Mexico,Nicaragua,Nicaragua,Nicaragua,,,,,,,,,,,0.0,,,89,,,,,,,,Cigar Journal,2019.0,9.0,rocky patel||
Rocky Patel,img/icons/manufacturers/rockypatel.svg,Rocky Patel,rp,img/icons/brands/rockypatel.svg,The 1865 Project,1865 Project Robusto,,Robusto,5,50,Parejo,,,,,,,,,,,,,,,14.65,293,20,89,14.65,136.5,6.825,7.825,,,,,,,rocky patel|1865 project robusto|robusto
Rocky Patel,img/icons/manufacturers/rockypatel.svg,Rocky Patel,rp,img/icons/brands/rockypatel.svg,The 1865 Project,1865 Project Toro,,Toro,6.5,52,Parejo,,,,,,,,,,,,,,,15.7,314,20,89,15.7,147.0,7.35,8.35,,,,,,,rocky patel|1865 project toro|toro
Rocky Patel,img/icons/manufacturers/rockypatel.svg,Rocky Patel,rp,img/icons/brands/rockypatel.svg,The 1865 Project,1865 Project Sixty,,Gordo,6,60,Parejo,,,,,,,,,,,,,,,16.75,335,20,89,16.75,157.5,7.875,8.875,,,,,,,rocky patel|1865 project sixty|gordo
Rocky Patel,img/icons/manufacturers/rockypatel.svg,Rocky Patel,rp,img/icons/brands/rockypatel.svg,The Edge 10th Anniversary,Edge 10th Anniversary A-10 Barberpole Toro,,Toro,6,52,Parejo,,,,,,,,,,,,,,,10.95,219,20,89,11.45,104.5,5.225,6.225,,,,,,,rocky patel|edge 10th anniversary a-10 barberpole toro|toro
Rocky Patel,img/icons/manufacturers/rockypatel.svg,Rocky Patel,rp,img/icons/brands/rockypatel.svg,The Edge 10th Anniversary,Edge 10th Anniversary A-10 Barberpole Sixty,,Gordo,6,60,Parejo,,,,,,,,,,,,,,,13.75,275,20,89,14.125,131.25,6.5625,7.5625,,,,,,,rocky patel|edge 10th anniversary a-10 barberpole sixty|gordo
Rocky Patel,img/icons/manufacturers/rockypatel.svg,Rocky Patel,rp,img/icons/brands/rockypatel.svg,The Edge 20th Anniversary,Edge 20th Anniversary Robusto,,Robusto,5.5,50,Parejo,,,,,,,,,,,,,,,12.75,255,20,89,13.13,121.3,6.065,7.065,,,,,,,rocky patel|edge 20th anniversary robusto|robusto
Rocky Patel,img/icons/manufacturers/rockypatel.svg,Rocky Patel,rp,img/icons/brands/rockypatel.svg,The Edge 20th Anniversary,Edge 20th Anniversary Toro,,Toro,6,52,Parejo,,,,,,,,,,,,,,,13.85,277,20,89,14.23,132.3,6.615,7.615,,,,,,,rocky patel|edge 20th anniversary toro|toro
Rocky Patel,img/icons/manufacturers/rockypatel.svg,Rocky Patel,rp,img/icons/brands/rockypatel.svg,The Edge 20th Anniversary,Edge 20th Anniversary Sixty,,Gordo,6,60,Parejo,,,,,,,,,,,,,,,15.65,313,20,89,15.885,148.85,7.4425,8.4425,,,,,,,rocky patel|edge 20th anniversary sixty|gordo
Rocky Patel,img/icons/manufacturers/rockypatel.svg,Rocky Patel,rp,img/icons/brands/rockypatel.svg,The Edge Candela,The Edge Candela Toro,,Toro,6,52,Parejo,,,,,,,,,,,,,,,10.375,207.5,20,89,10.375,93.75,4.6875,5.6875,,,,,,,rocky patel|the edge candela toro|toro
Rocky Patel,img/icons/manufacturers/rockypatel.svg,Rocky Patel,rp,img/icons/brands/rockypatel.svg,The Edge Connecticut,The Edge Connecticut Howitzer 7x70,,Gigante,7,70,Parejo,,,,,,,,,,,,,,,14.55,145.5,10,89,14.55,67.75,6.775,7.775,,,,,,,rocky patel|the edge connecticut howitzer 7x70|gigante
Rocky Patel,img/icons/manufacturers/rockypatel.svg,Rocky Patel,rp,img/icons/brands/rockypatel.svg,The Edge Connecticut,The Edge Connecticut Battalion Gordo,,Gordo,6,60,Parejo,,,,,,,,,,,,,,,12.18,243.6,20,89,12.18,111.8,5.59,6.59,,,,,,,rocky patel|the edge connecticut battalion gordo|gordo
Rocky Patel,img/icons/manufacturers/rockypatel.svg,Rocky Patel,rp,img/icons/brands/rockypatel.svg,The Edge Connecticut,The Edge Connecticut Robusto,,Robusto,5.5,50,Parejo,,,,,,,,,,,,,,,9.446,472.3,50,89,9.446,211.15,4.223,5.223,,,,,,,rocky patel|the edge connecticut robusto|robusto
Rocky Patel,img/icons/manufacturers/rockypatel.svg,Rocky Patel,rp,img/icons/brands/rockypatel.svg,The Edge Connecticut,The Edge Connecticut Toro,,Toro,6,52,Parejo,,,,,,,,,,,,,,,10.374,518.7,50,89,10.374,234.35,4.687,5.687,,,,,,,rocky patel|the edge connecticut toro|toro
Rocky Patel,img/icons/manufacturers/rockypatel.svg,Rocky Patel,rp,img/icons/brands/rockypatel.svg,The Edge Connecticut,The Edge Connecticut Double Corona,,Double Corona,7.5,52,Parejo,,,,,,,,,,,,,,,11.044,552.2,50,89,11.044,251.1,5.022,6.022,,,,,,,rocky patel|the edge connecticut double corona|double corona
Rocky Patel,img/icons/manufacturers/rockypatel.svg,Rocky Patel,rp,img/icons/brands/rockypatel.svg,The Edge Connecticut,The Edge Connecticut Torpedo,,Torpedo,6,52,Torpedo,,,,,,,,,,,,,,,10.632,531.6,50,89,10.632,240.8,4.816,5.816,,,,,,,rocky patel|the edge connecticut torpedo|torpedo
Rocky Patel,img/icons/manufacturers/rockypatel.svg,Rocky Patel,rp,img/icons/brands/rockypatel.svg,The Edge Sumatra,The Edge Sumatra Toro (tray of 100),,Toro,6,52,Parejo,,,,,,,,,,,,,,,8.85,885,100,89,9.652,432.6,4.326,5.326,,,,,,,rocky patel|the edge sumatra toro (tray of 100)|toro
Rocky Patel,img/icons/manufacturers/rockypatel.svg,Rocky Patel,rp,img/icons/brands/rockypatel.svg,The Edge Sumatra,The Edge Sumatra Torpedo (tray of 100),,Torpedo,6,52,Torpedo,,,,,,,,,,,,,,,10.064,1006.4,100,89,10.064,453.2,4.532,5.532,,,,,,,rocky patel|the edge sumatra torpedo (tray of 100)|torpedo
,,Rocky Patel,,,Vintage 2003 Cameroon,Vintage 2003 Cameroon Churchill,https://www.cigaraficionado.com/top25/2017/rocky-patel-vintage-2003-cameroon-churchill,Churchill,7,48,Parejo,Cameroon,Nicaragua,Nicaragua; Dominican Republic,Honduras,,,,,,,,,,,0.0,,,89,,,,,,,,Aficionado,2017.0,16.0,rocky patel|vintage 2003 cameroon churchill|churchill
Rocky Patel,img/icons/manufacturers/rockypatel.svg,Rocky Patel,rp,img/icons/brands/rockypatel.svg,Vintage Series 1990,Vintage Series 1990 Toro Tubos,,Toro,6,50,Parejo,,,,,,,,,Tubo,,,,,,13.73,137.3,10,89,13.73,63.65,6.365,7.365,,,,,,,rocky patel|vintage series 1990 toro tubos|toro
Rocky Patel,img/icons/manufacturers/rockypatel.svg,Rocky Patel,rp,img/icons/brands/rockypatel.svg,Vintage Series 1990,Vintage Series 1990 Toro,,Toro,5.5,52,Parejo,,,,,,,,,,,,,,,12.65,253,20,89,12.45,114.5,5.725,6.725,,,,,,,rocky patel|vintage series 1990 toro|toro
Rocky Patel,img/icons/manufacturers/rockypatel.svg,Rocky Patel,rp,img/icons/brands/rockypatel.svg,Vintage Series 1990,Vintage Series 1990 Sixty,,Gordo,6,60,Parejo,,,,,,,,,,,,,,,14.75,295,20,89,14.3,133.0,6.65,7.65,,,,,,,rocky patel|vintage series 1990 sixty|gordo
Rocky Patel,img/icons/manufacturers/rockypatel.svg,Rocky Patel,rp,img/icons/brands/rockypatel.svg,Vintage Series 1990,Vintage Series 1990 Petit Corona,,Petit Corona,4.5,44,Parejo,,,,,,,,,,,,,,,9.835,196.7,20,89,9.835,88.35,4.4175,5.4175,,,,,,,rocky patel|vintage series 1990 petit corona|petit corona
Rocky Patel,img/icons/manufacturers/rockypatel.svg,Rocky Patel,rp,img/icons/brands/rockypatel.svg,Vintage Series 1990,Vintage Series 1990 Robusto,,Robusto,5.5,50,Parejo,,,,,,,,,,,,,,,11.83,236.6,20,89,11.83,108.3,5.415,6.415,,,,,,,rocky patel|vintage series 1990 robusto|robusto
Rocky Patel,img/icons/manufacturers/rockypatel.svg,Rocky Patel,rp,img/icons/brands/rockypatel.svg,Vintage Series 1990,Vintage Series 1990 Churchill,,Churchill,7,48,Parejo,,,,,,,,,,,,,,,12.45,249,20,89,12.45,114.5,5.725,6.725,,,,,,,rocky patel|vintage series 1990 churchill|churchill
Rocky Patel,img/icons/manufacturers/rockypatel.svg,Rocky Patel,rp,img/icons/brands/rockypatel.svg,Vintage Series 1990,Vintage Series 1990 Torpedo,,Torpedo,6.25,52,Torpedo,,,,,,,,,,,,,,,12.78,255.6,20,89,12.78,117.8,5.89,6.89,,,,,,,rocky patel|vintage series 1990 torpedo|torpedo
Rocky Patel,img/icons/manufacturers/rockypatel.svg,Rocky Patel,rp,img/icons/brands/rockypatel.svg,Vintage Series 1990,Vintage Series 1990 Juniors,,Cigarillo,4,38,Parejo,,,,,,,,,,,,,,,5.35,267.5,50,89,5.35,108.75,2.175,3.175,,,,,,,rocky patel|vintage series 1990 juniors|cigarillo
Rocky Patel,img/icons/manufacturers/rockypatel.svg,Rocky Patel,rp,img/icons/brands/rockypatel.svg,Vintage Series 1992,Vintage Series 1992 Toro Tubos (Box of 10),,Toro,6,50,Parejo,,,,,,,,,Tubo,,,,,,13.73,137.3,10,89,13.73,63.65,6.365,7.365,,,,,,,rocky patel|vintage series 1992 toro tubos (box of 10)|toro
Rocky Patel,img/icons/manufacturers/rockypatel.svg,Rocky Patel,rp,img/icons/brands/rockypatel.svg,Vintage Series 1992,Vintage Series 1992 Churchill Tubos (Box of 10),,Churchill,7,48,Parejo,,,,,,,,,Tubo,,,,,,16.11,161.1,10,89,16.11,75.55,7.555,8.555,,,,,,,rocky patel|vintage series 1992 churchill tubos (box of 10)|churchill
Rocky Patel,img/icons/manufacturers/rockypatel.svg,Rocky Patel,rp,img/icons/brands/rockypatel.svg,Vintage Series 1992,Vintage Series 1992 Petit Corona,,Petit Corona,4.5,44,Parejo,,,,,,,,,,,,,,,9.835,196.7,20,89,9.835,88.35,4.4175,5.4175,,,,,,,rocky patel|vintage series 1992 petit corona|petit corona
Rocky Patel,img/icons/manufacturers/rockypatel.svg,Rocky Patel,rp,img/icons/brands/rockypatel.svg,Vintage Series 1992,Vintage Series 1992 Robusto,,Robusto,5.5,50,Parejo,,,,,,,,,,,,,,,11.83,236.6,20,89,11.83,108.3,5.415,6.415,,,,,,,rocky patel|vintage series 1992 robusto|robusto
Rocky Patel,img/icons/manufacturers/rockypatel.svg,Rocky Patel,rp,img/icons/brands/rockypatel.svg,Vintage Series 1992,Vintage Series 1992 Churchill,,Churchill,7,48,Parejo,,,,,,,,,,,,,,,12.45,249,20,89,12.45,114.5,5.725,6.725,,,,,,,rocky patel|vintage series 1992 churchill|churchill
Rocky Patel,img/icons/manufacturers/rockypatel.svg,Rocky Patel,rp,img/icons/brands/rockypatel.svg,Vintage Series 1992,Vintage Series 1992 Toro,,Toro,6.5,52,Parejo,,,,,,,,,,,,,,,12.45,249,20,89,12.45,114.5,5.725,6.725,,,,,,,rocky patel|vintage series 1992 toro|toro
Rocky Patel,img/icons/manufacturers/rockypatel.svg,Rocky Patel,rp,img/icons/brands/rockypatel.svg,Vintage Series 1992,Vintage Series 1992 Sixty,,Gordo,6,60,Parejo,,,,,,,,,,,,,,,14.3,286,20,89,14.3,133.0,6.65,7.65,,,,,,,rocky patel|vintage series 1992 sixty|gordo
Rocky Patel,img/icons/manufacturers/rockypatel.svg,Rocky Patel,rp,img/icons/brands/rockypatel.svg,Vintage Series 1992,Vintage Series 1992 Torpedo,,Torpedo,6.25,52,Torpedo,,,,,,,,,,,,,,,12.78,255.6,20,89,12.78,117.8,5.89,6.89,,,,,,,rocky patel|vintage series 1992 torpedo|torpedo
Rocky Patel,img/icons/manufacturers/rockypatel.svg,Rocky Patel,rp,img/icons/brands/rockypatel.svg,Vintage Series 1992,Vintage Series 1992 Juniors (10 tins/5),,Cigarillo,4,38,Parejo,,,,,,,,,,,Tin,,,,3.175,317.5,100,89,3.175,108.75,1.0875,2.0875,,,,,,,rocky patel|vintage series 1992 juniors (10 tins/5)|cigarillo
Rocky Patel,img/icons/manufacturers/rockypatel.svg,Rocky Patel,rp,img/icons/brands/rockypatel.svg,Vintage Series 1999 Connecticut,Vintage Series 1999 Connecticut Toro Tubos,,Toro,6,50,Parejo,,,,,,,,,Tubo,,,,,FAV,13.73,137.3,10,89,13.73,63.65,6.365,7.365,,,,,,,rocky patel|vintage series 1999 connecticut toro tubos|toro
Rocky Patel,img/icons/manufacturers/rockypatel.svg,Rocky Patel,rp,img/icons/brands/rockypatel.svg,Vintage Series 1999 Connecticut,Vintage Series 1999 Connecticut Robusto Tubos,,Robusto,5,50,Parejo,,,,,,,,,Tubo,,,,,,14.83,148.3,10,89,14.83,69.15,6.915,7.915,,,,,,,rocky patel|vintage series 1999 connecticut robusto tubos|robusto
Rocky Patel,img/icons/manufacturers/rockypatel.svg,Rocky Patel,rp,img/icons/brands/rockypatel.svg,Vintage Series 1999 Connecticut,Vintage Series 1999 Connecticut Churchill Tubos (10),,Churchill,7,48,Parejo,,,,,,,,,Tubo,,,,,,16.11,161.1,10,89,16.11,75.55,7.555,8.555,,,,,,,rocky patel|vintage series 1999 connecticut churchill tubos (10)|churchill
Rocky Patel,img/icons/manufacturers/rockypatel.svg,Rocky Patel,rp,img/icons/brands/rockypatel.svg,Vintage Series 1999 Connecticut,Vintage Series 1999 Connecticut Robusto,,Robusto,5.5,50,Parejo,,,,,,,,,,,,,,,11.95,239,20,89,11.83,108.3,5.415,6.415,,,,,,,rocky patel|vintage series 1999 connecticut robusto|robusto
Rocky Patel,img/icons/manufacturers/rockypatel.svg,Rocky Patel,rp,img/icons/brands/rockypatel.svg,Vintage Series 1999 Connecticut,Vintage Series 1999 Connecticut Churchill,,Churchill,7,48,Parejo,,,,,,,,,,,,,,,12.65,253,20,89,12.45,114.5,5.725,6.725,,,,,,,rocky patel|vintage series 1999 connecticut churchill|churchill
Rocky Patel,img/icons/manufacturers/rockypatel.svg,Rocky Patel,rp,img/icons/brands/rockypatel.svg,Vintage Series 1999 Connecticut,Vintage Series 1999 Connecticut Toro,,Toro,6.5,52,Parejo,,,,,,,,,,,,,,FAV,12.65,253,20,89,12.45,114.5,5.725,6.725,,,,,,,rocky patel|vintage series 1999 connecticut toro|toro
Rocky Patel,img/icons/manufacturers/rockypatel.svg,Rocky Patel,rp,img/icons/brands/rockypatel.svg,Vintage Series 1999 Connecticut,Vintage Series 1999 Connecticut Torpedo,,Torpedo,6.25,52,Torpedo,,,,,,,,,,,,,,,13.05,261,20,89,12.78,117.8,5.89,6.89,,,,,,,rocky patel|vintage series 1999 connecticut torpedo|torpedo
Rocky Patel,img/icons/manufacturers/rockypatel.svg,Rocky Patel,rp,img/icons/brands/rockypatel.svg,Vintage Series 1999 Connecticut,Vintage Series 1999 Connecticut Sixty,,Gordo,6,60,Parejo,,,,,,,,,,,,,,FAV,14.75,295,20,89,14.3,133.0,6.65,7.65,,,,,,,rocky patel|vintage series 1999 connecticut sixty|gordo
Rocky Patel,img/icons/manufacturers/rockypatel.svg,Rocky Patel,rp,img/icons/brands/rockypatel.svg,Vintage Series 1999 Connecticut,Vintage Series 1999 Connecticut Petit Corona,,Petit Corona,4.5,44,Parejo,,,,,,,,,,,,,,,9.835,196.7,20,89,9.835,88.35,4.4175,5.4175,,,,,,,rocky patel|vintage series 1999 connecticut petit corona|petit corona
Rocky Patel,img/icons/manufacturers/rockypatel.svg,Rocky Patel,rp,img/icons/brands/rockypatel.svg,Vintage Series 1999 Connecticut,Vintage Series 1999 Connecticut Perfecto,,Perfecto,4,48,Perfecto,,,,,,,,,,,,,,,9.835,196.7,20,89,9.835,88.35,4.4175,5.4175,,,,,,,rocky patel|vintage series 1999 connecticut perfecto|perfecto
Rocky Patel,img/icons/manufacturers/rockypatel.svg,Rocky Patel,rp,img/icons/brands/rockypatel.svg,Vintage Series 1999 Connecticut,Vintage Series 1999 Connecticut Juniors (10 tins/5),,Cigarillo,4,38,Parejo,,,,,,,,,,,Tin,,,,0.0,,50,89,5.35,108.75,2.175,3.175,,,,,,,rocky patel|vintage series 1999 connecticut juniors (10 tins/5)|cigarillo
Rocky Patel,img/icons/manufacturers/rockypatel.svg,Rocky Patel,rp,img/icons/brands/rockypatel.svg,Vintage Series 1999 Connecticut,Vintage Series 1999 Connecticut MINIS (10 tins/10),,Cigarillo,4.25,32,Parejo,,,,,,,,,,,Tin,,,,0.0,`,100,89,3.05,102.5,1.025,2.025,,,,,,,rocky patel|vintage series 1999 connecticut minis (10 tins/10)|cigarillo
Rocky Patel,img/icons/manufacturers/rockypatel.svg,Rocky Patel,rp,img/icons/brands/rockypatel.svg,Vintage Series 2003 Cameroon,Vintage Series 2003 Cameroon Toro,,Toro,6.5,52,Parejo,,,,,,,,,,,,,,,12.65,253,20,89,13.05,120.5,6.025,7.025,,,,,,,rocky patel|vintage series 2003 cameroon toro|toro
Rocky Patel,img/icons/manufacturers/rockypatel.svg,Rocky Patel,rp,img/icons/brands/rockypatel.svg,Vintage Series 2003 Cameroon,Vintage Series 2003 Cameroon Sixty,,Gordo,6,60,Parejo,,,,,,,,,,,,,,,14.75,295,20,89,15.0,140.0,7.0,8.0,,,,,,,rocky patel|vintage series 2003 cameroon sixty|gordo
Rocky Patel,img/icons/manufacturers/rockypatel.svg,Rocky Patel,rp,img/icons/brands/rockypatel.svg,Vintage Series 2003 Cameroon,Vintage Series 2003 Cameroon Robusto,,Robusto,5.5,50,Parejo,,,,,,,,,,,,,,FAV,12.4,248,20,89,12.4,114.0,5.7,6.7,,,,,,,rocky patel|vintage series 2003 cameroon robusto|robusto
Rocky Patel,img/icons/manufacturers/rockypatel.svg,Rocky Patel,rp,img/icons/brands/rockypatel.svg,Vintage Series 2003 Cameroon,Vintage Series 2003 Cameroon Churchill,,Churchill,7,48,Parejo,,,,,,,,,,,,,,,13.05,261,20,89,13.05,120.5,6.025,7.025,,,,,,,rocky patel|vintage series 2003 cameroon churchill|churchill
Rocky Patel,img/icons/manufacturers/rockypatel.svg,Rocky Patel,rp,img/icons/brands/rockypatel.svg,Vintage Series 2003 Cameroon,Vintage Series 2003 Cameroon Torpedo,,Torpedo,6.25,52,Torpedo,,,,,,,,,,,,,,,13.4,268,20,89,13.4,124.0,6.2,7.2,,,,,,,rocky patel|vintage series 2003 cameroon torpedo|torpedo
Rocky Patel,img/icons/manufacturers/rockypatel.svg,Rocky Patel,rp,img/icons/brands/rockypatel.svg,Vintage Series 2003 Cameroon,Vintage Series 2003 Cameroon Juniors,,Cigarillo,4,38,Parejo,,,,,,,,,,,,,,,3.175,317.5,100,89,3.175,108.75,1.0875,2.0875,,,,,,,rocky patel|vintage series 2003 cameroon juniors|cigarillo
Rocky Patel,img/icons/manufacturers/rockypatel.svg,Rocky Patel,rp,img/icons/brands/rockypatel.svg,Vintage Series 2006 San Andreas,Vintage Series 2006 San Andreas Toro,,Toro,6.5,52,Parejo,,,,,,,,,,,,,,,14.75,295,20,89,13.05,120.5,6.025,7.025,,,,,,,rocky patel|vintage series 2006 san andreas toro|toro
Rocky Patel,img/icons/manufacturers/rockypatel.svg,Rocky Patel,rp,img/icons/brands/rockypatel.svg,Vintage Series 2006 San Andreas,Vintage Series 2006 San Andreas Sixty,,Gordo,6,60,Parejo,,,,,,,,,,,,,,,15.75,315,20,89,15.0,140.0,7.0,8.0,,,,,,,rocky patel|vintage series 2006 san andreas sixty|gordo
Rocky Patel,img/icons/manufacturers/rockypatel.svg,Rocky Patel,rp,img/icons/brands/rockypatel.svg,Vintage Series 2006 San Andreas,Vintage Series 2006 San Andreas Robusto,,Robusto,5.5,50,Parejo,,,,,,,,,,,,,,,12.4,248,20,89,12.4,114.0,5.7,6.7,,,,,,,rocky patel|vintage series 2006 san andreas robusto|robusto
Rocky Patel,img/icons/manufacturers/rockypatel.svg,Rocky Patel,rp,img/icons/brands/rockypatel.svg,Vintage Series 2006 San Andreas,Vintage Series 2006 San Andreas Churchill,,Churchill,7,48,Parejo,,,,,,,,,,,,,,,13.05,261,20,89,13.05,120.5,6.025,7.025,,,,,,,rocky patel|vintage series 2006 san andreas churchill|churchill
Rocky Patel,img/icons/manufacturers/rockypatel.svg,Rocky Patel,rp,img/icons/brands/rockypatel.svg,White Label,RP White Label Robusto,,Robusto,5,50,Parejo,,,,,,,,,,,,,,,21.95,439,20,89,21.95,209.5,10.475,11.475,,,,,,,rocky patel|rp white label robusto|robusto
Rocky Patel,img/icons/manufacturers/rockypatel.svg,Rocky Patel,rp,img/icons/brands/rockypatel.svg,White Label,RP White Label Churchill,,Churchill,7,48,Parejo,,,,,,,,,,,,,,,23.15,463,20,89,23.05,220.5,11.025,12.025,,,,,,,rocky patel|rp white label churchill|churchill
Rocky Patel,img/icons/manufacturers/rockypatel.svg,Rocky Patel,rp,img/icons/brands/rockypatel.svg,White Label,RP White Label Toro,,Toro,6.5,52,Parejo,,,,,,,,,,,,,,,23.15,463,20,89,23.05,220.5,11.025,12.025,,,,,,,rocky patel|rp white label toro|toro
Rocky Patel,img/icons/manufacturers/rockypatel.svg,Rocky Patel,rp,img/icons/brands/rockypatel.svg,White Label,RP White Label Sixty,,Gordo,6,60,Parejo,,,,,,,,,,,,,,,24.35,487,20,89,24.2,232.0,11.6,12.6,,,,,,,rocky patel|rp white label sixty|gordo
Rocky Patel,img/icons/manufacturers/rockypatel.svg,Rocky Patel,rp,img/icons/brands/rockypatel.svg,White Label,RP White Label Gift Set w/ Lighter,,Robusto,5,50,Parejo,,,,,,,,,,,,,,,24.1,482,20,89,24.1,231.0,11.55,12.55,,,,,,,rocky patel|rp white label gift set w/ lighter|robusto
Rocky Patel,img/icons/manufacturers/rockypatel.svg,Rocky Patel,rp,img/icons/brands/rockypatel.svg,White Label,White Label LE Humidor w Toros,,Toro Gordo,6.5,55,Parejo,,,,,,,,,,,,,,,30.0,3000,100,89,30.0,1450.0,14.5,15.5,,,,,,,rocky patel|white label le humidor w toros|toro gordo
Rocky Patel,img/icons/manufacturers/rockypatel.svg,Rocky Patel,rp,img/icons/brands/rockypatel.svg,,Grand Reserve,,,,,,Undisclosed,Undisclosed,Undisclosed,Nicaragua,,,,,,,,,,,0.0,,,89,,,,,,,,Cigar Journal,2018.0,1.0,rocky patel|grand reserve|
Rocky Patel,img/icons/manufacturers/rockypatel.svg,Rocky Patel,rp,img/icons/brands/rockypatel.svg,,SIXTY BY ROCKY PATEL SIXTY,,,,,,Mexico,Nicaragua,Nicaragua,Nicaragua,,,,,,,,,,,0.0,,,89,,,,,,,,Cigar Journal,2022.0,3.0,rocky patel|sixty by rocky patel sixty|
Rocky Patel,img/icons/manufacturers/rockypatel.svg,Rocky Patel,rp,img/icons/brands/rockypatel.svg,,ROCKY PATEL DISCIPLE ROBUSTO,,Robusto,,,Parejo,Mexico,Nicaragua,Nicaragua,Nicaragua,,,,,,,,,,,0.0,,,89,,,,,,,,Cigar Journal,2023.0,4.0,rocky patel|rocky patel disciple robusto|robusto
Rocky Patel,img/icons/manufacturers/rockypatel.svg,Rocky Patel,rp,img/icons/brands/rockypatel.svg,,Conviction Toro,,Toro,6.5,52,Parejo,,,,,,,,,Tubo,,,,,,100.0,1000,10,89,101.0,500.0,50.0,51.0,,,,Aficionado,2024.0,7.0,rocky patel|conviction toro|toro
Rocky Patel,img/icons/manufacturers/rockypatel.svg,Rocky Patel,rp,img/icons/brands/rockypatel.svg,,DARK STAR ROBUSTO,,Robusto,,,Parejo,Honduras,Honduras,"Honduras, Paraguay",Honduras,,,,,,,,,,,0.0,,,89,,,,,,,,Cigar Journal,2024.0,5.0,rocky patel|dark star robusto|robusto
Rocky Patel,img/icons/manufacturers/rockypatel.svg,Rocky Patel,rp,img/icons/brands/rockypatel.svg,,HR500 Gary Sheffield Toro,,Toro,6.5,52,Parejo,,,,,,,,,,,,,,,15.05,150.5,10,89,15.05,70.25,7.025,8.025,,,,,,,rocky patel|hr500 gary sheffield toro|toro
Rocky Patel,img/icons/manufacturers/rockypatel.svg,Rocky Patel,rp,img/icons/brands/rockypatel.svg,,It’s a Boy Toro,,Toro,6,52,Parejo,,,,,,,,,,,,,,,6.15,123,20,89,6.15,51.5,2.575,3.575,,,,,,,rocky patel|it’s a boy toro|toro
Rocky Patel,img/icons/manufacturers/rockypatel.svg,Rocky Patel,rp,img/icons/brands/rockypatel.svg,,It’s a Girl Toro,,Toro,6,52,Parejo,,,,,,,,,,,,,,,6.15,123,20,89,6.15,51.5,2.575,3.575,,,,,,,rocky patel|it’s a girl toro|toro
Rocky Patel,img/icons/manufacturers/rockypatel.svg,Rocky Patel,rp,img/icons/brands/rockypatel.svg,,Tavicusa Robusto,,Robusto,5.5,50,Parejo,,,,,,,,,,,,,,,13.3,266,20,89,13.3,123.0,6.15,7.15,,,,,,,rocky patel|tavicusa robusto|robusto
Rocky Patel,img/icons/manufacturers/rockypatel.svg,Rocky Patel,rp,img/icons/brands/rockypatel.svg,,Year of the Dragon Toro,,Toro,6.5,52,Parejo,,,,,,,,,,,,,,,23.15,463,20,89,18.5,175.0,8.75,9.75,,,,,,,rocky patel|year of the dragon toro|toro
,,Rojas,,,,STREET TACOS BARBACOA ROBUSTO,,Robusto,,,Parejo,Ecuador,Nicaragua,Nicaragua,Nicaragua,,,,,,,,,,,0.0,,,89,,,,,,,,Cigar Journal,2024.0,6.0,rojas|street tacos barbacoa robusto|robusto
,,RoMa Craft,,,CroMagnon,Anthropology,https://www.cigaraficionado.com/top25cigar/roma-craft-cromagnon-anthropology-2016,Gran Corona,5.75,46,,Connecticut Broadleaf,Cameroon,Nicaragua,Nicaragua,,,,,,,,,,,0.0,,,89,,,,,,,,Aficionado,2016.0,15.0,roma craft|anthropology|gran corona
,,Romeo y Julieta,,,Aging Room,Romeo by Romeo y Julieta Aging Room Small Batch F25 Cantaor,https://www.cigaraficionado.com/top25/2017/romeo-by-romeo-y-julieta-aging-room-small-batch-f25,Toro,6,52,Parejo,Dominican Republic,Dominican Republic,Dominican Republic,Dominican Republic,,,,,,,,,,,0.0,,,89,,,,,,,,Aficionado,2017.0,15.0,romeo y julieta|romeo by romeo y julieta aging room small batch f25 cantaor|toro
,,Romeo y Julieta,,,Churchill,,https://www.cigaraficionado.com/top25cigar/romeo-y-julieta-churchill-2007,Churchill,7,47,Parejo,Cuba,Cuba,Cuba,Cuba,,,Cuba,,,,,,,,0.0,,,89,,,,,,,,Aficionado,2007.0,5.0,romeo y julieta||churchill
,,Romeo y Julieta,,,Edición Limitada 2016,Capuletos,,,,,,Cuba,Cuba,Cuba,Cuba,,,Cuba,,,,,,,,0.0,,,89,,,,,,,,Cigar Journal,2017.0,5.0,romeo y julieta|capuletos|
,,Romeo y Julieta,,,Línea de Oro,Nobles,https://www.cigaraficionado.com/top25/2022/romeo-y-julieta-linea-de-oro-nobles,Belicoso,5.375,56,Belicoso,Cuba,Cuba,Cuba,Cuba,,,Cuba,,,,,,,,0.0,,,89,,,,,,,,Aficionado,2022.0,16.0,romeo y julieta|nobles|belicoso
,,Romeo y Julieta,,,Línea de Oro,Hidalgos,,Robusto Extra,4.88,57,Parejo,Cuba,Cuba,Cuba,Cuba,,,Cuba,,,,,,,,0.0,,,89,,,,,,,,Aficionado,2023.0,11.0,romeo y julieta|hidalgos|robusto extra
,,Romeo y Julieta,,,Reserva Real Nicaragua,Reserva Real Nicaragua Toro,https://www.cigaraficionado.com/top25/2020/romeo-y-julieta-reserva-real-nicaragua-toro,Toro,6,54,Parejo,Nicaragua,Nicaragua,Nicaragua,Nicaragua,,,,,,,,,,,0.0,,,89,,,,,,,,Aficionado,2020.0,22.0,romeo y julieta|reserva real nicaragua toro|toro
,,Romeo y Julieta,,,Short Churchill,Short Churchill,https://www.cigaraficionado.com/top25/2017/romeo-y-julieta-short-churchill,Robusto,4.875,50,Parejo,Cuba,Cuba,Cuba,Cuba,,,Cuba,,,,,,,,0.0,,,89,,,,,,,,Aficionado,2017.0,19.0,romeo y julieta|short churchill|robusto
,,Romeo y Julieta,,,,Short Churchill,,Robusto,4.88,50,Parejo,Cuba,Cuba,Cuba,Cuba,,,Cuba,,,,,,,,0.0,,,89,,,,,,,,Aficionado,2006.0,4.0,romeo y julieta|short churchill|robusto
,,Romeo y Julieta,,,,Wide Churchill,https://www.cigaraficionado.com/top25cigar/romeo-y-julieta-wide-churchill-2024,Churchill,5.25,55,Parejo,Cuba,Cuba,Cuba,Cuba,,,Cuba,,,,,,,,0.0,,,89,,,,,,,,Aficionado,2024.0,15.0,romeo y julieta|wide churchill|churchill
,,Saint Luis Rey,,,Carenas,Saint Luis Rey Carenas Toro,https://www.cigaraficionado.com/top25/2021/saint-luis-rey-carenas-toro,Toro,6,52,Parejo,Nicaragua,Honduras,Honduras,Honduras,,,,,,,,,,,0.0,,,89,,,,,,,,Aficionado,2021.0,19.0,saint luis rey|saint luis rey carenas toro|toro
,,Saint Luis Rey,,,Reserva Especial,Belicoso,,Belicoso,6.12,52,Belicoso,Nicaragua,Honduras,Nicaragua/Peru/Honduras,Honduras,,,,,,,,,,,0.0,,,89,,,,,,,,Aficionado,2006.0,19.0,saint luis rey|belicoso|belicoso
,,San Cristobal,,,Clasico,Clasico,https://www.cigaraficionado.com/top25/2022/san-cristobal-clasico,Robusto,5,50,Parejo,Ecuador,Nicaragua,Nicaragua,Nicaragua,,,,,,,,,,,0.0,,,89,,,,,,,,Aficionado,2022.0,19.0,san cristobal|clasico|robusto
Ashton Distributors,img/icons/manufacturers/ashtondistributors.svg,San Cristobal,,img/icons/brands/sancristobal.svg,Elegancia,SC Elegancia Corona,,Corona,5.5,46,Parejo,,,,,,,,,,,,,,,11.4064,285.16,25,89,11.4064,130.08,5.2032,6.2032,,,,,,,san cristobal|sc elegancia corona|corona
Ashton Distributors,img/icons/manufacturers/ashtondistributors.svg,San Cristobal,,img/icons/brands/sancristobal.svg,Elegancia,SC Elegancia Robusto ,,Robusto,5,50,Parejo,,,,,,,,,,,,,,,11.856,296.4,25,89,11.856,135.7,5.428,6.428,,,,,,,san cristobal|sc elegancia robusto|robusto
Ashton Distributors,img/icons/manufacturers/ashtondistributors.svg,San Cristobal,,img/icons/brands/sancristobal.svg,Elegancia,SC Elegancia Imperial Toro,,Toro,6,52,Parejo,,,,,,,,,,,,,,,12.0816,302.04,25,89,12.0816,138.52,5.5408,6.5408,,,,,,,san cristobal|sc elegancia imperial toro|toro
Ashton Distributors,img/icons/manufacturers/ashtondistributors.svg,San Cristobal,,img/icons/brands/sancristobal.svg,Elegancia,SC Elegancia Churchill,,Churchill,7,50,Parejo,,,,,,,,,,,,,,,12.1936,304.84,25,89,12.1936,139.92,5.5968,6.5968,,,,,,,san cristobal|sc elegancia churchill|churchill
Ashton Distributors,img/icons/manufacturers/ashtondistributors.svg,San Cristobal,,img/icons/brands/sancristobal.svg,Elegancia,SC Elegancia Pyramid,,Pyramid,6.125,52,Parejo,,,,,,,,,,,,,,,12.5312,313.28,25,89,12.5312,144.14,5.7656,6.7656,,,,,,,san cristobal|sc elegancia pyramid|pyramid
Ashton Distributors,img/icons/manufacturers/ashtondistributors.svg,San Cristobal,,img/icons/brands/sancristobal.svg,Elegancia,SC Elegancia Grandioso,,Gordo,6,60,Parejo,,,,,,,,,,,,,,,12.756,318.9,25,89,12.756,146.95,5.878,6.878,,,,,,,san cristobal|sc elegancia grandioso|gordo
Ashton Distributors,img/icons/manufacturers/ashtondistributors.svg,San Cristobal,,img/icons/brands/sancristobal.svg,Fresh Packs San Cristobal,San Cristobal Fresh Pack,,Sampler,0,0,,,,,,,,,,,,,Pack,,,12.5,625,50,89,12.5,287.5,5.75,6.75,,,,,,,san cristobal|san cristobal fresh pack|sampler
Ashton Distributors,img/icons/manufacturers/ashtondistributors.svg,San Cristobal,,img/icons/brands/sancristobal.svg,Ovation,Opulence Robusto,,Robusto Extra,5.5,50,Parejo,,,,,,,,,,,,,,,19.0,418,22,89,19.0,198.0,9.0,10.0,,,,,,,san cristobal|opulence robusto|robusto extra
Ashton Distributors,img/icons/manufacturers/ashtondistributors.svg,San Cristobal,,img/icons/brands/sancristobal.svg,Ovation,Eminence Toro,,Toro Gordo,5.75,54,Parejo,,,,,,,,,,,,,,,20.0,440,22,89,20.0,209.0,9.5,10.5,,,,,,,san cristobal|eminence toro|toro gordo
Ashton Distributors,img/icons/manufacturers/ashtondistributors.svg,San Cristobal,,img/icons/brands/sancristobal.svg,Ovation,Decadence Toro,,Toro Extra,6.5,52,Parejo,,,,,,,,,,,,,,,21.0,462,22,89,21.0,220.0,10.0,11.0,,,,,,,san cristobal|decadence toro|toro extra
,,San Cristobal,,,Quintessence,Quintessence Corona Gorda,https://www.cigaraficionado.com/top25/2018/san-cristobal-quintessence-corona-gorda,Corona Gorda,5.625,46,Parejo,Ecuador,Nicaragua,Nicaragua,Nicaragua,,,,,,,,,,,0.0,,,89,,,,,,,,Aficionado,2018.0,21.0,san cristobal|quintessence corona gorda|corona gorda
,,San Cristobal,,,Quintessence,Quintessence Churchill,https://www.cigaraficionado.com/top25/2019/san-cristobal-quintessence-churchill,Churchill,7,50,Parejo,Ecuador,Nicaragua,Nicaragua,Nicaragua,,,,,,,,,,,0.0,,,89,,,,,,,,Aficionado,2019.0,15.0,san cristobal|quintessence churchill|churchill
,,San Cristobal,,,Quintessence,San Cristobal Quintessence Churchill,https://www.cigaraficionado.com/top25/2021/san-cristobal-quintessence-churchill,Churchill,7,49,Parejo,Ecuador,Nicaragua,Nicaragua,Nicaragua,,,,,,,,,,,0.0,,,89,,,,,,,,Aficionado,2021.0,3.0,san cristobal|san cristobal quintessence churchill|churchill
Ashton Distributors,img/icons/manufacturers/ashtondistributors.svg,San Cristobal,,img/icons/brands/sancristobal.svg,Quintessence,Belicoso,,Belicoso,6.5,54,Belicoso,,,,,,,,,,,,,,,13.0,312,24,89,13.0,144.0,6.0,7.0,,,,,,,san cristobal|belicoso|belicoso
Ashton Distributors,img/icons/manufacturers/ashtondistributors.svg,San Cristobal,,img/icons/brands/sancristobal.svg,Quintessence,Corona Gorda,,Corona Gorda,5.625,46,Parejo,,,,,,,,,,,,,,,11.85,284.4,24,89,11.85,130.2,5.425,6.425,,,,,,,san cristobal|corona gorda|corona gorda
Ashton Distributors,img/icons/manufacturers/ashtondistributors.svg,San Cristobal,,img/icons/brands/sancristobal.svg,Quintessence,Robusto,,Robusto,5.5,50,Parejo,,,,,,,,,,,,,,,12.25,294,24,89,12.25,135.0,5.625,6.625,,,,,,,san cristobal|robusto|robusto
Ashton Distributors,img/icons/manufacturers/ashtondistributors.svg,San Cristobal,,img/icons/brands/sancristobal.svg,Quintessence,Churchill,,Churchill,7,49,Parejo,,,,,,,,,,,,,,,12.75,306,24,89,12.75,141.0,5.875,6.875,,,,,,,san cristobal|churchill|churchill
Ashton Distributors,img/icons/manufacturers/ashtondistributors.svg,San Cristobal,,img/icons/brands/sancristobal.svg,Quintessence,Epicure Toro,,Toro,6,52,Parejo,,,,,,,,,,,,,,,12.75,306,24,89,12.75,141.0,5.875,6.875,,,,,,,san cristobal|epicure toro|toro
Ashton Distributors,img/icons/manufacturers/ashtondistributors.svg,San Cristobal,,img/icons/brands/sancristobal.svg,Quintessence,Majestic,,Gordo,6,60,Parejo,,,,,,,,,,,,,,,13.95,334.8,24,89,13.95,155.4,6.475,7.475,,,,,,,san cristobal|majestic|gordo
Ashton Distributors,img/icons/manufacturers/ashtondistributors.svg,San Cristobal,,img/icons/brands/sancristobal.svg,Revelation,Mystic Corona,,Corona,5.625,48,Parejo,,,,,,,,,,,,,,,11.5,276,24,89,11.5,126.0,5.25,6.25,,,,,,,san cristobal|mystic corona|corona
Ashton Distributors,img/icons/manufacturers/ashtondistributors.svg,San Cristobal,,img/icons/brands/sancristobal.svg,Revelation,Prophet Robusto,,Robusto Gordo,5.25,54,Parejo,,,,,,,,,,,,,,,12.0,288,24,89,12.0,132.0,5.5,6.5,,,,,,,san cristobal|prophet robusto|robusto gordo
Ashton Distributors,img/icons/manufacturers/ashtondistributors.svg,San Cristobal,,img/icons/brands/sancristobal.svg,Revelation,Legend Toro,,Toro Extra,6.25,52,Parejo,,,,,,,,,,,,,,,12.25,294,24,89,12.25,135.0,5.625,6.625,,,,,,,san cristobal|legend toro|toro extra
Ashton Distributors,img/icons/manufacturers/ashtondistributors.svg,San Cristobal,,img/icons/brands/sancristobal.svg,Revelation,Triumph Churchill,,Churchill,7,50,Parejo,,,,,,,,,,,,,,,12.5,300,24,89,12.5,138.0,5.75,6.75,,,,,,,san cristobal|triumph churchill|churchill
Ashton Distributors,img/icons/manufacturers/ashtondistributors.svg,San Cristobal,,img/icons/brands/sancristobal.svg,Revelation,Odyssey Gordo,,Gordo,6,60,Parejo,,,,,,,,,,,,,,,13.0,312,24,89,13.0,144.0,6.0,7.0,,,,,,,san cristobal|odyssey gordo|gordo
Ashton Distributors,img/icons/manufacturers/ashtondistributors.svg,San Cristobal,,img/icons/brands/sancristobal.svg,Revelation,Leviathan Gordo,,Gordo,6.5,64,Parejo,,,,,,,,,,,,,,,13.75,330,24,89,13.75,153.0,6.375,7.375,,,,,,,san cristobal|leviathan gordo|gordo
,,San Cristobal,,,Revelation Prophet,Prophet,,,,,,Ecuador,Nicaragua,"Nicaragua, Dominican Republic",Nicaragua,,,,,,,,,,,0.0,,,89,,,,,,,,Cigar Journal,2015.0,18.0,san cristobal|prophet|
Ashton Distributors,img/icons/manufacturers/ashtondistributors.svg,San Cristobal,,img/icons/brands/sancristobal.svg,Samplers,San Cristobal 5-Cigar Sampler,,Sampler,0,0,,,,,,,,,,,,,Pack,,,12.864,64.32,5,89,12.864,29.66,5.932,6.932,,,,,,,san cristobal|san cristobal 5-cigar sampler|sampler
Ashton Distributors,img/icons/manufacturers/ashtondistributors.svg,San Cristobal,,img/icons/brands/sancristobal.svg,Samplers,San Cristobal Paradise + Lighter,,Sampler,0,0,,,,,,,,,,,,,Pack,,,19.5,97.5,5,89,19.5,46.25,9.25,10.25,,,,,,,san cristobal|san cristobal paradise + lighter|sampler
Ashton Distributors,img/icons/manufacturers/ashtondistributors.svg,San Cristobal,,img/icons/brands/sancristobal.svg,Samplers,San Cristobal 60-Ring Sampler (6ct),,Gordo,0,60,Parejo,,,,,,,,,,,,Pack,,,13.0866666666667,78.52,6,89,13.0866666666667,36.26,6.04333333333333,7.04333333333337,,,,,,,san cristobal|san cristobal 60-ring sampler (6ct)|gordo
Ashton Distributors,img/icons/manufacturers/ashtondistributors.svg,San Cristobal,,img/icons/brands/sancristobal.svg,San Cristobal,Clasico Robusto,,Robusto,5,50,Parejo,,,,,,,,,,,,,,,12.25,294,24,89,12.25,135.0,5.625,6.625,,,,,,,san cristobal|clasico robusto|robusto
Ashton Distributors,img/icons/manufacturers/ashtondistributors.svg,San Cristobal,,img/icons/brands/sancristobal.svg,San Cristobal,Coloso Gordo,,Gordo,6.75,62,Parejo,,,,,,,,,,,,,,,13.95,334.8,24,89,13.95,155.4,6.475,7.475,,,,,,,san cristobal|coloso gordo|gordo
Ashton Distributors,img/icons/manufacturers/ashtondistributors.svg,San Cristobal,,img/icons/brands/sancristobal.svg,San Cristobal,Fabuloso Torpedo,,Torpedo,6.125,52,Torpedo,,,,,,,,,,,,,,,13.25,318,24,89,13.25,147.0,6.125,7.125,,,,,,,san cristobal|fabuloso torpedo|torpedo
Ashton Distributors,img/icons/manufacturers/ashtondistributors.svg,San Cristobal,,img/icons/brands/sancristobal.svg,San Cristobal,Monumento Double Corona,,Double Corona,7.25,49,Parejo,,,,,,,,,,,,,,,14.5,348,24,89,14.5,162.0,6.75,7.75,,,,,,,san cristobal|monumento double corona|double corona
Ashton Distributors,img/icons/manufacturers/ashtondistributors.svg,San Cristobal,,img/icons/brands/sancristobal.svg,San Cristobal,Papagayo Toro,,Toro Gordo,5.75,55,Parejo,,,,,,,,,,,,,,,13.0,312,24,89,13.0,144.0,6.0,7.0,,,,,,,san cristobal|papagayo toro|toro gordo
Ashton Distributors,img/icons/manufacturers/ashtondistributors.svg,San Cristobal,,img/icons/brands/sancristobal.svg,San Cristobal,Papagayo XXL 6x60,,Gordo,6,60,Parejo,,,,,,,,,,,,,,,13.5,324,24,89,13.5,150.0,6.25,7.25,,,,,,,san cristobal|papagayo xxl 6x60|gordo
Ashton Distributors,img/icons/manufacturers/ashtondistributors.svg,San Cristobal,,img/icons/brands/sancristobal.svg,San Cristobal,Supremo Toro,,Toro,6,50,Parejo,,,,,,,,,,,,,,,12.75,306,24,89,12.75,141.0,5.875,6.875,,,,,,,san cristobal|supremo toro|toro
,,San Cristobal,,,,El Morro,,Double Corona,7,49,Parejo,Cuba,Cuba,Cuba,Cuba,,,Cuba,,,,,,,,0.0,,,89,,,,,,,,Aficionado,2004.0,12.0,san cristobal|el morro|double corona
,,San Cristóbal,,,Quintessence,Robusto,,Robusto,,,Parejo,Ecuador,Nicaragua,Nicaragua,Nicaragua,,,,,,,,,,,0.0,,,89,,,,,,,,Cigar Journal,2016.0,1.0,san cristóbal|robusto|robusto
,,San Lotano,,,Dominicano,,,,,,,Brazil,Nicaragua,Nicaragua,Dominican Republic,,,,,,,,,,,0.0,,,89,,,,,,,,Cigar Journal,2019.0,7.0,san lotano||
General Cigar Co.,img/icons/manufacturers/generalcigarco.svg,Sancho Panza,,img/icons/brands/sanchopanza.svg,,Sancho Panzo Robusto,,Robusto,5.5,50,Parejo,,,,,,,,,,,,,,,8.88,177.6,20,89,8.88,78.8,3.94,4.94,56223,,,,,,sancho panza|sancho panzo robusto|robusto
General Cigar Co.,img/icons/manufacturers/generalcigarco.svg,Sancho Panza,,img/icons/brands/sanchopanza.svg,,Sancho Panzo Toro,,Toro,6.5,52,Parejo,,,,,,,,,,,,,,,9.78,195.6,20,89,9.78,87.8,4.39,5.39,56226,,,,,,sancho panza|sancho panzo toro|toro
General Cigar Co.,img/icons/manufacturers/generalcigarco.svg,Sancho Panza,,img/icons/brands/sanchopanza.svg,,Sancho Panzo Gigante,,Gordo,6,60,Parejo,,,,,,,,,,,,,,,10.68,213.6,20,89,10.68,96.8,4.84,5.84,56227,,,,,,sancho panza|sancho panzo gigante|gordo
General Cigar Co.,img/icons/manufacturers/generalcigarco.svg,Sancho Panza,,img/icons/brands/sanchopanza.svg,,Sancho Panzo Double Maduro Robusto,,Robusto,5,50,Parejo,,,,,,,,,,,,,,,9.88,197.6,20,89,9.88,88.8,4.44,5.44,56220,,,,,,sancho panza|sancho panzo double maduro robusto|robusto
General Cigar Co.,img/icons/manufacturers/generalcigarco.svg,Sancho Panza,,img/icons/brands/sanchopanza.svg,,Sancho Panzo Double Maduro Toro,,Toro,6,52,Parejo,,,,,,,,,,,,,,,10.66,213.2,20,89,10.66,96.6,4.83,5.83,56221,,,,,,sancho panza|sancho panzo double maduro toro|toro
General Cigar Co.,img/icons/manufacturers/generalcigarco.svg,Sancho Panza,,img/icons/brands/sanchopanza.svg,,Sancho Panzo Double Maduro Gigante,,Gordo,6,60,Parejo,,,,,,,,,,,,,,,11.86,237.2,20,89,11.86,108.6,5.43,6.43,56222,,,,,,sancho panza|sancho panzo double maduro gigante|gordo
General Cigar Co.,img/icons/manufacturers/generalcigarco.svg,Sancho Panza,,img/icons/brands/sanchopanza.svg,,Sancho Panzo Extra Chido Robusto,,Robusto,5,50,Parejo,,,,,,,,,,,,,,,10.02,200.4,20,89,10.02,90.2,4.51,5.51,56354,,,,,,sancho panza|sancho panzo extra chido robusto|robusto
General Cigar Co.,img/icons/manufacturers/generalcigarco.svg,Sancho Panza,,img/icons/brands/sanchopanza.svg,,Sancho Panzo Extra Chido Toro,,Toro,6,52,Parejo,,,,,,,,,,,,,,,11.02,220.4,20,89,11.02,100.2,5.01,6.01,56355,,,,,,sancho panza|sancho panzo extra chido toro|toro
General Cigar Co.,img/icons/manufacturers/generalcigarco.svg,Sancho Panza,,img/icons/brands/sanchopanza.svg,,Sancho Panzo Extra Chido Gigante,,Gordo,6,60,Parejo,,,,,,,,,,,,,,,12.02,240.4,20,89,12.02,110.2,5.51,6.51,56356,,,,,,sancho panza|sancho panzo extra chido gigante|gordo
General Cigar Co.,img/icons/manufacturers/generalcigarco.svg,Sancho Panza,,img/icons/brands/sanchopanza.svg,,Sancho Panzo Extra Fuerte Robusto,,Robusto,5,50,Parejo,,,,,,,,,,,,,,,9.88,197.6,20,89,9.88,88.8,4.44,5.44,56228,,,,,,sancho panza|sancho panzo extra fuerte robusto|robusto
General Cigar Co.,img/icons/manufacturers/generalcigarco.svg,Sancho Panza,,img/icons/brands/sanchopanza.svg,,Sancho Panzo Extra Fuerte Toro,,Toro,6,52,Parejo,,,,,,,,,,,,,,,10.66,213.2,20,89,10.66,96.6,4.83,5.83,56231,,,,,,sancho panza|sancho panzo extra fuerte toro|toro
General Cigar Co.,img/icons/manufacturers/generalcigarco.svg,Sancho Panza,,img/icons/brands/sanchopanza.svg,,Sancho Panzo Extra Fuerte Gigante,,Gordo,5.88,60,Parejo,,,,,,,,,,,,,,,11.86,237.2,20,89,11.86,108.6,5.43,6.43,56232,,,,,,sancho panza|sancho panzo extra fuerte gigante|gordo
,,Sindicato,,,,Gordo,,Gordo,,,Parejo,Nicaragua,Ecuador,Nicaragua,Nicaragua,,,,,,,,,,,0.0,,,89,,,,,,,,Cigar Journal,2015.0,9.0,sindicato|gordo|gordo
,,Southern Draw,,,Jacobs Ladder,Perfecto Limited,,,,,,USA,USA,Nicaragua; Dominican Republic,Nicaragua,,,,,,,,,,,0.0,,,89,,,,,,,,Cigar Journal,2020.0,23.0,southern draw|perfecto limited|
,,Southern Draw,,,Jacobs Ladder,Jacobs Ladder Un Presidente,,,9,60,,USA,USA,Nicaragua; Honduras; Dominican Republic,Nicaragua,,,,,,,,,,,0.0,,,89,,,,,,,,Cigar Journal,2021.0,17.0,southern draw|jacobs ladder un presidente|
,,Sublimes,,,Robusto Extra,Robusto Extra,,Robusto,,,Parejo,Cuba,Cuba,Cuba,Cuba,,,Cuba,,,,,,,,0.0,,,89,,,,,,,,Cigar Journal,2015.0,25.0,sublimes|robusto extra|robusto
Drew Estate,img/icons/manufacturers/drewestate.svg,Sweet Jane,,img/icons/brands/sweetjane.svg,Sweet Jane,Tin,,Cigarillo,4,32,Parejo,,,,,,,,,,FS,Tin,,,,21.0,105,5,89,27.0,65.0,13.0,14.0,Q-01-02-119,50.0,,,,,sweet jane|tin|cigarillo
Drew Estate,img/icons/manufacturers/drewestate.svg,Sweet Jane,,img/icons/brands/sweetjane.svg,Sweet Jane,Corona,,Corona,5,46,Parejo,,,,,,,,,,FS,,,,,10.0,240,24,89,11.6525,127.83,5.32625,6.32625,Q-01-14-052,30.0,,,,,sweet jane|corona|corona
Drew Estate,img/icons/manufacturers/drewestate.svg,Tabak,,img/icons/brands/tabak.svg,Dulce,Cafecita,,Cigarillo,4,32,Parejo,,,,,,,,,,FS,,,,,21.0,105,5,89,27.0,65.0,13.0,14.0,Q-01-32-032,50.0,,,,,tabak|cafecita|cigarillo
Drew Estate,img/icons/manufacturers/drewestate.svg,Tabak,,img/icons/brands/tabak.svg,Dulce,Gordito,,Gordo,6,60,Parejo,,,,,,,,,,FS,,,,FAV,12.2,122,10,89,13.854,64.27,6.427,7.427,Q-01-32-035,30.0,,,,,tabak|gordito|gordo
Drew Estate,img/icons/manufacturers/drewestate.svg,Tabak,,img/icons/brands/tabak.svg,Dulce,Corona,,Corona,4.75,46,Parejo,,,,,,,,,,FS,,,,,9.75,234,24,89,11.4016666666667,124.82,5.20083333333333,6.20083333333337,Q-01-32-018,30.0,,,,,tabak|corona|corona
Drew Estate,img/icons/manufacturers/drewestate.svg,Tabak,,img/icons/brands/tabak.svg,Dulce,Robusto,,Robusto,5,54,Parejo,,,,,,,,,,FS,,,,,11.2,268.8,24,89,12.85,142.2,5.925,6.925,Q-01-32-016,22.0,,,,,tabak|robusto|robusto
Drew Estate,img/icons/manufacturers/drewestate.svg,Tabak,,img/icons/brands/tabak.svg,Dulce,Toro,,Toro,6,52,Parejo,,,,,,,,,,FS,,,,,11.75,282,24,89,13.4,148.8,6.2,7.2,Q-01-32-017,22.0,,,,,tabak|toro|toro
Drew Estate,img/icons/manufacturers/drewestate.svg,Tabak,,img/icons/brands/tabak.svg,Dulce,Toro Tubo,,Toro,6,52,Parejo,,,,,,,,,Tubo,FS,,,,,12.2,12.2,25,89,13.8504,160.63,6.4252,7.4252,Q-01-32-068,12.0,,,,,tabak|toro tubo|toro
Drew Estate,img/icons/manufacturers/drewestate.svg,Tabak,,img/icons/brands/tabak.svg,Negra,Cafecita,,Cigarillo,4,32,Parejo,,,,,,,,,,FS,,,,,21.0,105,5,89,27.0,65.0,13.0,14.0,Q-01-32-031,50.0,,,,,tabak|cafecita|cigarillo
Drew Estate,img/icons/manufacturers/drewestate.svg,Tabak,,img/icons/brands/tabak.svg,Negra,Gordito,,Gordo,6,60,Parejo,,,,,,,,,,FS,,,,,12.2,122,10,89,13.854,64.27,6.427,7.427,Q-01-32-034,30.0,,,,,tabak|gordito|gordo
Drew Estate,img/icons/manufacturers/drewestate.svg,Tabak,,img/icons/brands/tabak.svg,Negra,Corona,,Corona,4.75,46,Parejo,,,,,,,,,,FS,,,,,9.75,234,24,89,11.4016666666667,124.82,5.20083333333333,6.20083333333337,Q-01-32-003,30.0,,,,,tabak|corona|corona
Drew Estate,img/icons/manufacturers/drewestate.svg,Tabak,,img/icons/brands/tabak.svg,Negra,Robusto,,Robusto,5,54,Parejo,,,,,,,,,,FS,,,,,11.2,268.8,24,89,12.85,142.2,5.925,6.925,Q-01-32-001,22.0,,,,,tabak|robusto|robusto
Drew Estate,img/icons/manufacturers/drewestate.svg,Tabak,,img/icons/brands/tabak.svg,Negra,Toro,,Toro,6,52,Parejo,,,,,,,,,,FS,,,,,11.75,282,24,89,13.4,148.8,6.2,7.2,Q-01-32-002,22.0,,,,,tabak|toro|toro
Drew Estate,img/icons/manufacturers/drewestate.svg,Tabak,,img/icons/brands/tabak.svg,Negra,Toro Tubo,,Toro,6,52,Parejo,,,,,,,,,Tubo,FS,,,,,12.2,12.2,25,89,13.8504,160.63,6.4252,7.4252,Q-01-32-067,12.0,,,,,tabak|toro tubo|toro
JRE Tobacco Co,img/icons/manufacturers/jre.svg,Tatascan,,img/icons/brands/tatascan.svg,Tatascan Sweet Tip Connecticut,Corona,,Corona,5,44,Parejo,Ecuador,Honduras Corojo,Honduras,Honduras,Natural,Medium,,,,FS,,,,,7.0,140,20,89,8.0,70.0,3.5,4.5,TTC01,,,,,,tatascan|corona|corona
JRE Tobacco Co,img/icons/manufacturers/jre.svg,Tatascan,,img/icons/brands/tatascan.svg,Tatascan Sweet Tip Connecticut,Robusto,,Robusto,5,50,Parejo,Ecuador,Honduras Corojo,Honduras,Honduras,Natural,Medium,,,,FS,,,,,7.5,150,20,89,8.5,75.0,3.75,4.75,TTC02,,,,,,tatascan|robusto|robusto
JRE Tobacco Co,img/icons/manufacturers/jre.svg,Tatascan,,img/icons/brands/tatascan.svg,Tatascan Sweet Tip Connecticut,Toro,,Toro,6,50,Parejo,Ecuador,Honduras Corojo,Honduras,Honduras,Natural,Medium,,,,FS,,,,,8.3,166,20,89,9.3,83.0,4.15,5.15,TTC03,,,,,,tatascan|toro|toro
JRE Tobacco Co,img/icons/manufacturers/jre.svg,Tatascan,,img/icons/brands/tatascan.svg,Tatascan Sweet Tip Connecticut,Gran Churchill,,Churchill,7,52,Parejo,Ecuador,Honduras Corojo,Honduras,Honduras,Natural,Medium,,,,FS,,,,,9.0,180,20,89,10.0,90.0,4.5,5.5,TTC05,,,,,,tatascan|gran churchill|churchill
JRE Tobacco Co,img/icons/manufacturers/jre.svg,Tatascan,,img/icons/brands/tatascan.svg,Tatascan Sweet Tip Connecticut,Gordo,,Gordo,6.5,60,Parejo,Ecuador,Honduras Corojo,Honduras,Honduras,Natural,Medium,,,,FS,,,,,9.5,190,20,89,10.5,95.0,4.75,5.75,TTC07,,,,,,tatascan|gordo|gordo
JRE Tobacco Co,img/icons/manufacturers/jre.svg,Tatascan,,img/icons/brands/tatascan.svg,Tatascan Sweet Tip Habano,Corona,,Corona,5,44,Parejo,Habano,Corojo,"Corojo, Honduran Habano",Honduras,Natural,Mild,,,,FS,,,,,7.0,140,20,89,8.0,70.0,3.5,4.5,TTH01,,,,,,tatascan|corona|corona
JRE Tobacco Co,img/icons/manufacturers/jre.svg,Tatascan,,img/icons/brands/tatascan.svg,Tatascan Sweet Tip Habano,Robusto,,Robusto,5,50,Parejo,Habano,Corojo,"Corojo, Honduran Habano",Honduras,Natural,Mild,,,,FS,,,,,7.5,150,20,89,8.5,75.0,3.75,4.75,TTH02,,,,,,tatascan|robusto|robusto
JRE Tobacco Co,img/icons/manufacturers/jre.svg,Tatascan,,img/icons/brands/tatascan.svg,Tatascan Sweet Tip Habano,Toro,,Toro,6,50,Parejo,Habano,Corojo,"Corojo, Honduran Habano",Honduras,Natural,Mild,,,,FS,,,,,8.3,166,20,89,9.3,83.0,4.15,5.15,TTH03,,,,,,tatascan|toro|toro
JRE Tobacco Co,img/icons/manufacturers/jre.svg,Tatascan,,img/icons/brands/tatascan.svg,Tatascan Sweet Tip Habano,Gran Churchill,,Churchill,7,52,Parejo,Habano,Corojo,"Corojo, Honduran Habano",Honduras,Natural,Mild,,,,FS,,,,,9.0,180,20,89,10.0,90.0,4.5,5.5,TTH05,,,,,,tatascan|gran churchill|churchill
JRE Tobacco Co,img/icons/manufacturers/jre.svg,Tatascan,,img/icons/brands/tatascan.svg,Tatascan Sweet Tip Habano,Gordo,,Gordo,6.5,60,Parejo,Habano,Corojo,"Corojo, Honduran Habano",Honduras,Natural,Mild,,,,FS,,,,,9.5,190,20,89,10.5,95.0,4.75,5.75,TTH07,,,,,,tatascan|gordo|gordo
,,Tatuaje,,,Black Label,Petit Lancero,https://www.cigaraficionado.com/top25cigar/tatuaje-black-label-petit-lancero-2009,Lancero,6,38,Parejo,Nicaragua,Nicaragua,Nicaragua,Nicaragua,,,,,,,,,,,0.0,,,89,,,,,,,,Aficionado,2009.0,19.0,tatuaje|petit lancero|lancero
,,Tatuaje,,,Black Label,Petit Lancero,https://www.cigaraficionado.com/top25cigar/tatuaje-black-label-petit-lancero-2012,Lancero,6,38,Parejo,Nicaragua,Nicaragua,Nicaragua,Nicaragua,,,,,,,,,,,0.0,,,89,,,,,,,,Aficionado,2012.0,21.0,tatuaje|petit lancero|lancero
,,Tatuaje,,,Black Label,Corona Gorda,https://www.cigaraficionado.com/top25cigar/tatuaje-black-label-corona-gorda-2013,Corona Gorda,5.62,46,Parejo,Nicaragua,Nicaragua,Nicaragua,Nicaragua,,,,,,,,,,,0.0,,,89,,,,,,,,Aficionado,2013.0,17.0,tatuaje|corona gorda|corona gorda
,,Tatuaje,,,Black Label,Corona Gorda,https://www.cigaraficionado.com/top25cigar/tatuaje-black-label-corona-gorda-2014,Corona Gorda,5.63,46,Parejo,Nicaragua,Nicaragua,Nicaragua,Nicaragua,,,,,,,,,,,0.0,,,89,,,,,,,,Aficionado,2014.0,18.0,tatuaje|corona gorda|corona gorda
,,Tatuaje,,,Black Label,Corona Gorda,https://www.cigaraficionado.com/top25cigar/tatuaje-black-label-corona-gorda-2015,Corona Gorda,5.63,46,Parejo,Nicaragua,Nicaragua,Nicaragua,Nicaragua,,,,,,,,,,,0.0,,,89,,,,,,,,Aficionado,2015.0,19.0,tatuaje|corona gorda|corona gorda
,,Tatuaje,,,Brown Label,Regios,https://www.cigaraficionado.com/top25cigar/tatuaje-brown-label-regios-2007,Corona Gorda,5.5,50,Parejo,Ecuador Habano,Nicaragua,Nicaragua,Nicaragua,,,,,,,,,,,0.0,,,89,,,,,,,,Aficionado,2007.0,7.0,tatuaje|regios|corona gorda
,,Tatuaje,,,Brown Label,Regios,https://www.cigaraficionado.com/top25cigar/tatuaje-brown-label-regios-2008,Corona Gorda,5.5,50,Parejo,Ecuador Habano,Nicaragua,Nicaragua,Nicaragua,,,,,,,,,,,0.0,,,89,,,,,,,,Aficionado,2008.0,8.0,tatuaje|regios|corona gorda
,,Tatuaje,,,Brown Label,Regios,https://www.cigaraficionado.com/top25cigar/tatuaje-brown-label-regios-2009,Corona Gorda,5.5,50,Parejo,Ecuador Habano,Nicaragua,Nicaragua,Nicaragua,,,,,,,,,,,0.0,,,89,,,,,,,,Aficionado,2009.0,4.0,tatuaje|regios|corona gorda
,,Tatuaje,,,Brown Label,Regio,https://www.cigaraficionado.com/top25cigar/tatuaje-brown-label-regio-2010,Corona Gorda,5.5,50,Parejo,Ecuador Habano,Nicaragua,Nicaragua,Nicaragua,,,,,,,,,,,0.0,,,89,,,,,,,,Aficionado,2010.0,12.0,tatuaje|regio|corona gorda
,,Tatuaje,,,Brown Label,Regio,https://www.cigaraficionado.com/top25cigar/tatuaje-brown-label-regio-2011,Corona Gorda,5.5,50,Parejo,Ecuador Habano,Nicaragua,Nicaragua,Nicaragua,,,,,,,,,,,0.0,,,89,,,,,,,,Aficionado,2011.0,8.0,tatuaje|regio|corona gorda
,,Tatuaje,,,Brown Label,Regio,https://www.cigaraficionado.com/top25cigar/tatuaje-brown-label-regio-2012,Corona Gorda,5.5,50,Parejo,Ecuador Habano,Nicaragua,Nicaragua,Nicaragua,,,,,,,,,,,0.0,,,89,,,,,,,,Aficionado,2012.0,8.0,tatuaje|regio|corona gorda
,,Tatuaje,,,Cabinet,Tainos,,Churchill,7.63,49,Parejo,Ecuador Habano,Nicaragua,Nicaragua,Nicaragua,,,,,,,,,,,0.0,,,89,,,,,,,,Aficionado,2005.0,4.0,tatuaje|tainos|churchill
,,Tatuaje,,,Cabinet,Noella Corona,,Corona,5.12,42,Parejo,Nicaragua,Nicaragua,Nicaragua,USA,,,,,,,,,,,0.0,,,89,,,,,,,,Aficionado,2006.0,9.0,tatuaje|noella corona|corona
,,Tatuaje,,,Cabinet,Cabinet Noellas,https://www.cigaraficionado.com/top25/2017/tatuaje-cabinet-noellas,Corona,5.125,42,Parejo,Ecuador,Nicaragua,Nicaragua,USA,,,,,,,,,,,0.0,,,89,,,,,,,,Aficionado,2017.0,24.0,tatuaje|cabinet noellas|corona
,,Tatuaje,,,La Mission,L’Atelier 1959,https://www.cigaraficionado.com/top25/2020/la-mission-latelier-1959,Robusto,4.75,52,Parejo,Mexico,Nicaragua,Nicaragua,Nicaragua,,,,,,,,,,,0.0,,,89,,,,,,,,Aficionado,2020.0,4.0,tatuaje|l’atelier 1959|robusto
,,Tatuaje,,,ME II,Churchill,,Churchill,,,Parejo,Mexico,Nicaragua,Nicaragua,Nicaragua,,,,,,,,,,,0.0,,,89,,,,,,,,Cigar Journal,2020.0,8.0,tatuaje|churchill|churchill
,,Tatuaje,,,Miami,Tatuaje Miami Havana Cazadores,https://www.cigaraficionado.com/top25/2023/tatuaje-miami-havana-cazadores,Lonsdale,6.375,43,Parejo,Ecuador,Nicaragua,Nicaragua,USA,,,,,,,,,,,0.0,,,89,,,,,,,,Aficionado,2023.0,18.0,tatuaje|tatuaje miami havana cazadores|lonsdale
,,Tatuaje,,,Nuevitas,Nuevitas Jibaro No. 1,https://www.cigaraficionado.com/top25/2019/tatuaje-nuevitas-jibaro-no-1,Toro,5,54,Parejo,Nicaragua,Nicaragua,Nicaragua,Nicaragua,,,,,,,,,,,0.0,,,89,,,,,,,,Aficionado,2019.0,9.0,tatuaje|nuevitas jibaro no. 1|toro
,,Tatuaje,,,Reserva,Tatuaje Reserva K222,https://www.cigaraficionado.com/top25/2021/tatuaje-reserva-k222,Robusto Extra,5.875,52,Parejo,Ecuador,Nicaragua,Nicaragua,USA,,,,,,,,,,,0.0,,,89,,,,,,,,Aficionado,2021.0,13.0,tatuaje|tatuaje reserva k222|robusto extra
,,Tatuaje,,,Reserva,Tatuaje Reserva A Uno,https://www.cigaraficionado.com/top25cigar/tatuaje-reserva-a-uno-2024,Perfecto,6.5,47,Perfecto,Nicaragua,Nicaragua,Nicaragua,Nicaragua,,,,,,,,,,,0.0,,,89,,,,,,,,Aficionado,2024.0,25.0,tatuaje|tatuaje reserva a uno|perfecto
,,Tatuaje,,,,RC,,,,,,Ecuador,Nicaragua,Nicaragua,Nicaragua,,,,,,,,,,,0.0,,,89,,,,,,,,Cigar Journal,2018.0,20.0,tatuaje|rc|
,,Tatuaje,,,,Reserva SW Short,,,,,,Ecuador,Nicaragua,Nicaragua,Nicaragua,,,,,,,,,,,0.0,,,89,,,,,,,,Cigar Journal,2019.0,18.0,tatuaje|reserva sw short|
,,The American,,,,The American Double Robusto,,Robusto,,,Parejo,USA,USA,USA,USA,,,,,,,,,,,0.0,,,89,,,,,,,,Cigar Journal,2022.0,21.0,the american|the american double robusto|robusto
,,Trinidad,,,Espiritu Series No. 1,Belicoso,,Belicoso,6.13,52,Belicoso,Nicaragua,Nicaragua,Nicaragua,Nicaragua,,,,,,,,,,,0.0,,,89,,,,,,,,Aficionado,2023.0,12.0,trinidad|belicoso|belicoso
,,Trinidad,,,Santiago,Santiago Belicoso,https://www.cigaraficionado.com/top25/2018/trinidad-santiago-belicoso,Belicoso,6,52,Belicoso,Dominican Republic,Dominican Republic,Dominican Republic,Dominican Republic,,,,,,,,,,,0.0,,,89,,,,,,,,Aficionado,2018.0,22.0,trinidad|santiago belicoso|belicoso
,,Trinidad,,,,Robusto,,Robusto,4.88,50,Parejo,Cuba,Cuba,Cuba,Cuba,,,Cuba,,,,,,,,0.0,,,89,,,,,,,,Aficionado,2004.0,10.0,trinidad|robusto|robusto
,,Undercrown,,,ShadyXX,,,,,,,Mexico,USA,Brazil; Nicaragua,Nicaragua,,,,,,,,,,,0.0,,,89,,,,,,,,Cigar Journal,2020.0,21.0,undercrown||
,,Undercrown,,,Undercrown,Undercrown Churchill,https://www.cigaraficionado.com/top25/2017/undercrown-churchill,Churchill,7,48,Parejo,Mexico,USA Connecticut,Brazil; Nicaragua,Nicaragua,,,,,,,,,,,0.0,,,89,,,,,,,,Aficionado,2017.0,25.0,undercrown|undercrown churchill|churchill
Drew Estate,img/icons/manufacturers/drewestate.svg,Undercrown,,img/icons/brands/undercrown.svg,Undercrown 10,Corona Viva,,Corona Extra,5,43,Parejo,,,,,,,,,,,,,,,12.0,240,20,89,13.653,126.53,6.3265,7.3265,Q-01-77-054,27.0,,,,,undercrown|corona viva|corona extra
Drew Estate,img/icons/manufacturers/drewestate.svg,Undercrown,,img/icons/brands/undercrown.svg,Undercrown 10,Robusto,,Robusto,5,50,Parejo,,,,,,,,,,,,,,,13.25,265,20,89,14.907,139.07,6.9535,7.9535,Q-01-77-056,24.0,,,,,undercrown|robusto|robusto
Drew Estate,img/icons/manufacturers/drewestate.svg,Undercrown,,img/icons/brands/undercrown.svg,Undercrown 10,Toro,,Toro,6,52,Parejo,,,,,,,,,,,,,,,13.5,270,20,89,15.15,141.5,7.075,8.075,Q-01-77-053,20.0,,,,,undercrown|toro|toro
Drew Estate,img/icons/manufacturers/drewestate.svg,Undercrown,,img/icons/brands/undercrown.svg,Undercrown 10,Corona Doble,,Double Corona,7,50,Parejo,,,,,,,,,,,,,,,15.0,300,20,89,16.649,156.49,7.8245,8.8245,Q-01-77-055,20.0,,,,,undercrown|corona doble|double corona
Drew Estate,img/icons/manufacturers/drewestate.svg,Undercrown,,img/icons/brands/undercrown.svg,Undercrown Maduro,Coronets,,Cigarillo,4,32,Parejo,,,,,,,,,,,,,,,21.0,105,5,89,27.0,65.0,13.0,14.0,Q-01-36-020,50.0,,,,,undercrown|coronets|cigarillo
Drew Estate,img/icons/manufacturers/drewestate.svg,Undercrown,,img/icons/brands/undercrown.svg,Undercrown Maduro,Gran Toro Pack,,Toro,6,52,Parejo,,,,,,,,,,,,Pack,,,49.95,249.75,5,89,56.78,139.45,27.89,28.89,Q-01-36-039,15.0,,,,,undercrown|gran toro pack|toro
Drew Estate,img/icons/manufacturers/drewestate.svg,Undercrown,,img/icons/brands/undercrown.svg,Undercrown Maduro,Flying Pig Seasonal Release,,Perfecto,3.94,60,Perfecto,,,,,,,,,,,,,,,15.95,191.4,12,89,17.3533333333333,98.12,8.17666666666667,9.17666666666663,Q-01-36-007,30.0,,,,,undercrown|flying pig seasonal release|perfecto
Drew Estate,img/icons/manufacturers/drewestate.svg,Undercrown,,img/icons/brands/undercrown.svg,Undercrown Maduro,Corona Viva,,Corona Extra,5.625,46,Parejo,,,,,,,,,,,,,,,9.2,230,25,89,10.8576,123.22,4.9288,5.9288,Q-01-36-067,36.0,,,,,undercrown|corona viva|corona extra
Drew Estate,img/icons/manufacturers/drewestate.svg,Undercrown,,img/icons/brands/undercrown.svg,Undercrown Maduro,Robusto,,Robusto,5,54,Parejo,,,,,,,,,,,,,,,9.7,242.5,25,89,11.3552,129.44,5.1776,6.1776,Q-01-36-063,35.0,,,,,undercrown|robusto|robusto
Drew Estate,img/icons/manufacturers/drewestate.svg,Undercrown,,img/icons/brands/undercrown.svg,Undercrown Maduro,Gran Toro,,Toro,6,52,Parejo,,,,,,,,,,,,,,,10.5,262.5,25,89,12.156,139.45,5.578,6.578,Q-01-36-062,30.0,,,,,undercrown|gran toro|toro
Drew Estate,img/icons/manufacturers/drewestate.svg,Undercrown,,img/icons/brands/undercrown.svg,Undercrown Maduro,Gran Toro Tubo,,Toro,6,50,Parejo,,,,,,,,,Tubo,,,,,,11.0,11,25,89,12.6528,145.66,5.8264,6.8264,Q-01-36-044,12.0,,,,,undercrown|gran toro tubo|toro
Drew Estate,img/icons/manufacturers/drewestate.svg,Undercrown,,img/icons/brands/undercrown.svg,Undercrown Maduro,Corona Doble,,Double Corona,7,54,Parejo,,,,,,,,,,,,,,,12.0,300,25,89,13.6552,158.19,6.3276,7.3276,Q-01-36-065,28.0,,,,,undercrown|corona doble|double corona
Drew Estate,img/icons/manufacturers/drewestate.svg,Undercrown,,img/icons/brands/undercrown.svg,Undercrown Maduro,Gordito,,Gordo,6,60,Parejo,,,,,,,,,,,,,,,12.7,317.5,25,89,14.3544,166.93,6.6772,7.6772,Q-01-36-066,20.0,,,,,undercrown|gordito|gordo
Drew Estate,img/icons/manufacturers/drewestate.svg,Undercrown,,img/icons/brands/undercrown.svg,Undercrown Shade,Coronets,,Cigarillo,4,32,Parejo,,,,,,,,,,,,,,,21.0,105,5,89,27.0,65.0,13.0,14.0,Q-01-74-018,50.0,,,,,undercrown|coronets|cigarillo
Drew Estate,img/icons/manufacturers/drewestate.svg,Undercrown,,img/icons/brands/undercrown.svg,Undercrown Shade,Gran Toro Pack,,Toro,6,52,Parejo,,,,,,,,,,,,,,,49.95,249.75,5,89,56.78,139.45,27.89,28.89,Q-01-74-039,15.0,,,,,undercrown|gran toro pack|toro
Drew Estate,img/icons/manufacturers/drewestate.svg,Undercrown,,img/icons/brands/undercrown.svg,Undercrown Shade,Flying Pig Seasonal Release,,Perfecto,3.94,60,Perfecto,,,,,,,,,,,,,,,15.95,191.4,12,89,17.3533333333333,98.12,8.17666666666667,9.17666666666663,Q-01-74-015,30.0,,,,,undercrown|flying pig seasonal release|perfecto
Drew Estate,img/icons/manufacturers/drewestate.svg,Undercrown,,img/icons/brands/undercrown.svg,Undercrown Shade,Corona,,Corona,5.625,46,Parejo,,,,,,,,,,,,,,,9.2,230,25,89,10.8576,123.22,4.9288,5.9288,Q-01-74-058,36.0,,,,,undercrown|corona|corona
Drew Estate,img/icons/manufacturers/drewestate.svg,Undercrown,,img/icons/brands/undercrown.svg,Undercrown Shade,Robusto,,Robusto,5,54,Parejo,,,,,,,,,,,,,,,9.7,242.5,25,89,11.3552,129.44,5.1776,6.1776,Q-01-74-059,35.0,,,,,undercrown|robusto|robusto
Drew Estate,img/icons/manufacturers/drewestate.svg,Undercrown,,img/icons/brands/undercrown.svg,Undercrown Shade,Gran Toro,,Toro,6,52,Parejo,,,,,,,,,,,,,,,10.5,262.5,25,89,12.156,139.45,5.578,6.578,Q-01-74-057,30.0,,,,,undercrown|gran toro|toro
Drew Estate,img/icons/manufacturers/drewestate.svg,Undercrown,,img/icons/brands/undercrown.svg,Undercrown Shade,Gran Toro Tubo,,Toro,6,50,Parejo,,,,,,,,,,,,,,,11.0,11,25,89,12.6528,145.66,5.8264,6.8264,Q-01-74-044,12.0,,,,,undercrown|gran toro tubo|toro
Drew Estate,img/icons/manufacturers/drewestate.svg,Undercrown,,img/icons/brands/undercrown.svg,Undercrown Shade,Corona Doble,,Double Corona,7,54,Parejo,,,,,,,,,,,,,,,12.0,300,25,89,13.6552,158.19,6.3276,7.3276,Q-01-74-061,28.0,,,,,undercrown|corona doble|double corona
Drew Estate,img/icons/manufacturers/drewestate.svg,Undercrown,,img/icons/brands/undercrown.svg,Undercrown Shade,Gordito,,Gordo,6,60,Parejo,,,,,,,,,,,,,,,12.7,317.5,25,89,14.3544,166.93,6.6772,7.6772,Q-01-74-060,20.0,,,,,undercrown|gordito|gordo
United Cigars,img/icons/manufacturers/unitedcigars.svg,United Cigars,,img/icons/brands/undercrown.svg,,UNITED CIGARS MADURO TORO,,Toro,,,Parejo,Mexico,Indonesia,"Dominican Republic, Nicaragua, USA",Dominican Republic,Maduro,,,,,,,,,,0.0,,,89,,,,,,,,Cigar Journal,2023.0,16.0,united cigars|united cigars maduro toro|toro
,,VegaFina,,img/icons/brands/vegafina.svg,1998,VF52,,,,52,,Ecuador,Indonesia,Dominican Republic; Nicaragua; Colombia,Dominican Republic,,,,,,,,,,,0.0,,,89,,,,,,,,Cigar Journal,2019.0,10.0,vegafina|vf52|
,,VegaFina,,img/icons/brands/vegafina.svg,1998,Vintage 1 VF42L,,,5,42,,Ecuador,Indonesia,Dominican Republic; Nicaragua; Colombia,Dominican Republic,,,,,,,,,,,0.0,,,89,,,,,,,,Cigar Journal,2021.0,6.0,vegafina|vintage 1 vf42l|
,,VegaFina,,img/icons/brands/vegafina.svg,Edición Limitada,Conde PigTail,,,,,,Ecuador,Indonesia,Dominican Republic; Nicaragua; Colombia,Dominican Republic,,,,,,,,,,,0.0,,,89,,,,,,,,Cigar Journal,2016.0,12.0,vegafina|conde pigtail|
,,VegaFina,,img/icons/brands/vegafina.svg,Fortaleza 2,Master 2014,,,,,,Mexico,Dominican Republic,Dominican Republic,Dominican Republic,,,,,,,,,,,0.0,,,89,,,,,,,,Cigar Journal,2014.0,24.0,vegafina|master 2014|
,,VegaFina,,img/icons/brands/vegafina.svg,Fortaleza 2,Rum Barrel Aged Salomon,,,,,,Ecuador,Dominican Republic,Dominican Republic,Dominican Republic,,,,,,,,,,,0.0,,,89,,,,,,,,Cigar Journal,2017.0,19.0,vegafina|rum barrel aged salomon|
,,VegaFina,,img/icons/brands/vegafina.svg,,Classic,,,,,,Nicaragua,Nicaragua,Dominican Republic; Nicaragua,Dominican Republic,,,,,,,,,,,0.0,,,89,,,,,,,,Cigar Journal,2018.0,13.0,vegafina|classic|
,,VegaFina,,img/icons/brands/vegafina.svg,,VEGAFINA NICARAGUA GRAN VULCANO,,,,,,Nicaragua,Nicaragua,Nicaragua,Dominican Republic,,,,,,,,,,,0.0,,,89,,,,,,,,Cigar Journal,2022.0,5.0,vegafina|vegafina nicaragua gran vulcano|
,,VegaFina,,img/icons/brands/vegafina.svg,,VEGAFINA CLASSIC SUPREMO EL 2024,,,,,,Ecuador,Dominican Republic,Dominican Republic,Dominican Republic,,,,,,,,,,,0.0,,,89,,,,,,,,Cigar Journal,2024.0,13.0,vegafina|vegafina classic supremo el 2024|
,,VegaFina & Great Wall,,,Fusion Edition,Piramidess,,Piramides,,,Pyramid,Dominican Republic,Dominican Republic,Dominican Republic; Brazil; Indonesia,China,,,,,,,,,,,0.0,,,89,,,,,,,,Cigar Journal,2020.0,13.0,vegafina & great wall|piramidess|piramides
,,Vegas,,,Robaina Familiar,Familiar,,,,,,Cuba,Cuba,Cuba,Cuba,,,Cuba,,,,,,,,0.0,,,89,,,,,,,,Cigar Journal,2015.0,20.0,vegas|familiar|
,,Vegas de Fonseca,,,,Sobrinos,,Corona,5.5,42,Parejo,Cuba,Cuba,Cuba,Cuba,,,Cuba,,,,,,,,0.0,,,89,,,,,,,,Aficionado,2004.0,14.0,vegas de fonseca|sobrinos|corona
,,Vegas del Purial,,,Gran Reserva,Super Toro,,Toro,,,Parejo,Ecuador,Nicaragua,Nicaragua,Nicaragua,,,,,,,,,,,0.0,,,89,,,,,,,,Cigar Journal,2019.0,5.0,vegas del purial|super toro|toro
,,Vegas del Purial,,,,Gran Reserva,,,,,,Ecuador,Nicaragua,Nicaragua,Nicaragua,,,,,,,,,,,0.0,,,89,,,,,,,,Cigar Journal,2018.0,17.0,vegas del purial|gran reserva|
,,Vegas Robaina,,,,Unicos,,,,,,Cuba,Cuba,Cuba,Cuba,,,Cuba,,,,,,,,0.0,,,89,,,,,,,,Cigar Journal,2014.0,18.0,vegas robaina|unicos|
,,Ventura Cigar Co.,,,Archetype,Archetype Axis Mundi Toro,https://www.cigaraficionado.com/top25/2017/archetype-axis-mundi-toro,Toro,6,52,Parejo,Ecuador,Indonesia,Nicaragua,Nicaragua,,,,,,,,,,,0.0,,,89,,,,,,,,Aficionado,2017.0,13.0,ventura cigar co.|archetype axis mundi toro|toro
,,Villa Zamorano,,,,El Gordo,,Gordo,,,Parejo,Honduras,Honduras,Honduras,Honduras,,,,,,,,,,,0.0,,,89,,,,,,,,Cigar Journal,2014.0,25.0,villa zamorano|el gordo|gordo
,,Villiger,,,125 Mundo,,,,,,,Ecuador,Dominican Republic,Dominican Republic,Dominican Republic,,,,,,,,,,,0.0,,,89,,,,,,,,Cigar Journal,2013.0,17.0,villiger||
,,Villiger,,,Cuéllar Black Forest,Robusto,,Robusto,,,Parejo,Ecuador,Nicaragua,Nicaragua,Nicaragua,,,,,,,,,,,0.0,,,89,,,,,,,,Cigar Journal,2020.0,15.0,villiger|robusto|robusto
,,Villiger,,,La Flor de Ynclan,La Flor de Ynclan Robusto,https://www.cigaraficionado.com/top25/2017/villiger-la-flor-de-ynclan-robusto,Robusto,5,50,Parejo,Ecuador,Indonesia,Nicaragua; Dominican Republic,Dominican Republic,,,,,,,,,,,0.0,,,89,,,,,,,,Aficionado,2017.0,10.0,villiger|la flor de ynclan robusto|robusto
,,Villiger,,,San’Doro,Colorado Robusto,https://www.cigaraficionado.com/top25cigar/villiger-sandoro-colorado-robusto-2016,Robusto,5,50,Parejo,Colorado,Nicaragua,Nicaragua,Nicaragua,Colorado,,,,,,,,,,0.0,,,89,,,,,,,,Aficionado,2016.0,21.0,villiger|colorado robusto|robusto
,,Villiger,,,San'Doro Colorado,Robusto,,Robusto,,,Parejo,Ecuador,Nicaragua,Nicaragua,Nicaragua,,,,,,,,,,,0.0,,,89,,,,,,,,Cigar Journal,2016.0,24.0,villiger|robusto|robusto
,,Villiger,,,San'Doro Colorado,Colorado Robusto,https://www.cigaraficionado.com/top25/2016/villiger-sandoro-colorado-robusto,Robusto,5,50,Parejo,Ecuador,Nicaragua,Nicaragua,Nicaragua,Colorado,,,,,,,,,,0.0,,,89,,,,,,,,Aficionado,2021.0,21.0,villiger|colorado robusto|robusto
,,Villiger,,,,La Vencedora,,,,,,Nicaragua,Nicaragua,Nicaragua,Nicaragua,,,,,,,,,,,0.0,,,89,,,,,,,,Cigar Journal,2018.0,8.0,villiger|la vencedora|
,,Villiger,,,,VILLIGER EXCLUSIVO USA 2021 ROBUSTO,,Robusto,,,Parejo,Ecuador,Dominican Republic,Dominican Republic,Dominican Republic,,,,,,,,,,,0.0,,,89,,,,,,,,Cigar Journal,2022.0,12.0,villiger|villiger exclusivo usa 2021 robusto|robusto
,,Villiger,,,,VILLIGER 1888 NICARAGUA CORONITA,,,,,,Ecuador,Nicaragua,Nicaragua,Nicaragua,,,,,,,,,,,0.0,,,89,,,,,,,,Cigar Journal,2023.0,17.0,villiger|villiger 1888 nicaragua coronita|
,,Viva La Vida,,img/icons/brands/vivalavida.svg,Jester,Jester,https://www.cigaraficionado.com/top25/2020/viva-la-vida-jester,Robusto,5,56,Parejo,Nicaragua,Nicaragua,Nicaragua,Nicaragua,,,,,,,,,,,0.0,,,89,,,,,,,,Aficionado,2020.0,16.0,viva la vida|jester|robusto
,,Viva La Vida,,img/icons/brands/vivalavida.svg,,Viva La Vida Robusto,,Robusto,,,Parejo,Mexico,Dominican Republic,Dominican Republic,Dominican Republic,,,,,,,,,,,0.0,,,89,,,,,,,,Cigar Journal,2020.0,14.0,viva la vida|viva la vida robusto|robusto
,,Viva La Vida,,img/icons/brands/vivalavida.svg,,Viva La Vida Jester,https://www.cigaraficionado.com/top25cigar/viva-la-vida-jester-2024,Robusto,5,50,Parejo,Nicaragua,Nicaragua,Nicaragua,Nicaragua,,,,,,,,,,,0.0,,,89,,,,,,,,Aficionado,2024.0,13.0,viva la vida|viva la vida jester|robusto
,,Viva La Vida,,img/icons/brands/vivalavida.svg,,5TH ANNIVERSARY JESTER FLAT ROUND BELICOSO,,Belicoso,,,Belicoso,Nicaragua,Nicaragua,Nicaragua,Nicaragua,,,,,,,,,,,0.0,,,89,,,,,,,,Cigar Journal,2024.0,7.0,viva la vida|5th anniversary jester flat round belicoso|belicoso
,,Warped,,img/icons/brands/warped.svg,Corto,Warped Corto X52,https://www.cigaraficionado.com/top25cigar/warped-corto-x52-2024,Robusto,4.5,52,Parejo,Nicaragua,Nicaragua,Nicaragua,Nicaragua,,,,,,,,,,,0.0,,,89,,,,,,,,Aficionado,2024.0,23.0,warped|warped corto x52|robusto
,,Warped,,img/icons/brands/warped.svg,Guardian of the Farm,Guardian of the Farm Apollo,https://www.cigaraficionado.com/top25/2017/guardian-of-the-farm-apollo,Corona,6,44,Parejo,Nicaragua,Nicaragua,Nicaragua,Nicaragua,,,,,,,,,,,0.0,,,89,,,,,,,,Aficionado,2017.0,8.0,warped|guardian of the farm apollo|corona
,,Warped,,img/icons/brands/warped.svg,Serie Gran Reserva,Serie Gran Reserva 1988 Robusto,https://www.cigaraficionado.com/top25/2019/warped-serie-gran-reserva-1988-robusto,Robusto,5.25,50,Parejo,Nicaragua,Nicaragua,Nicaragua,Nicaragua,,,,,,,,,,,0.0,,,89,,,,,,,,Aficionado,2019.0,3.0,warped|serie gran reserva 1988 robusto|robusto
,,Warzone,,,Warzone,Robusto,https://www.cigaraficionado.com/top25/2020/warzone-robusto,Robusto,5.5,52,Parejo,Cameroon,Honduras,Nicaragua; Colombia,Nicaragua,,,,,,,,,,,0.0,,,89,,,,,,,,Aficionado,2020.0,13.0,warzone|robusto|robusto
,,West Tampa,,img/icons/brands/westtampa.svg,Red,West Tampa Red Robusto,https://www.cigaraficionado.com/top25/2023/west-tampa-red-robusto,Robusto,5,50,Parejo,Mexico,Nicaragua,Nicaragua,Nicaragua,,,,,,,,,,,0.0,,,89,,,,,,,,Aficionado,2023.0,25.0,west tampa|west tampa red robusto|robusto
,,West Tampa,,img/icons/brands/westtampa.svg,,WEST TAMPA TOBACCO COMPANY WHITE TORO,,Toro,,,Parejo,Ecuador,Ecuador,Nicaragua,Nicaragua,,,,,,,,,,,0.0,,,89,,,,,,,,Cigar Journal,2023.0,11.0,west tampa|west tampa tobacco company white toro|toro
,,Zino,,img/icons/brands/zino.svg,Nicaragua,Zino Nicaragua Robusto,,Robusto,5,50,Parejo,Ecuador,Honduras,Honduras; Nicaragua; Dominican Republic,Honduras,,,,,,,,,,,0.0,,,89,,,,,,,,Cigar Journal,2021.0,15.0,zino|zino nicaragua robusto|robusto
,,Zino,,img/icons/brands/zino.svg,PLATINUM COLLECTOR’S EDITION,2013 RT Vibes,,,,,,Ecuador,Dominican Republic,Dominican Republic,Dominican Republic,,,,,,,,,,,0.0,,,89,,,,,,,,Cigar Journal,2013.0,6.0,zino|2013 rt vibes|
,,Zino,,img/icons/brands/zino.svg,Platinum Scepter Series,Chubby Tubos,,Perfecto,4.88,54,Perfecto,Ecuador Connecticut,Dominican Republic,Dominican Republic,Dominican Republic,,,,,,,,,,,0.0,,,89,,,,,,,,Aficionado,2005.0,21.0,zino|chubby tubos|perfecto
,,,,,,,,,,,,,,,,,,,,,,,,,,0.0,,,89,,,,,,,,,,,||
