MANUFACTURER,MANUFACTURER IMG,Brand,Brand aka,Brand IMG,Line,Cigar,Cigar IMG,Vitola,LENGTH,RG,SHAPE,WRAPPER,BINDER,FILLER,ORIGIN,WRAPPER SHADE,STRENGTH,Box Pressed,Tubo,F/S,TIN,Pack,Barber,Favorite,MSRP,Box MSRP,Box Count,Inventory,Keystone1,Box Cost,Cigar Cost,Net,PRODUCT #,Master Case
Global Premium Cigars GPC,img/gpc.svg,1502,,img/icons/brands/1502.svg,,1502 Blue Sapphire Rob Gordo,,Gordo,,,Parejo,,,,,,,,,,,,,,14.25,,,,,,,0.00,,
Global Premium Cigars GPC,img/gpc.svg,1502,,img/1502.svg,,1502 Black Gold Robusto,,Robusto,,,Parejo,,,,,,,,,,,,,,11.00,,,,,,,0.00,,
Global Premium Cigars GPC,img/gpc.svg,1502,,img/1502.svg,,1502 Emerald Robusto BP,,Robusto,,,Parejo,,,,,,,BP,,,,,,,11.00,,,,,,,0.00,,
Global Premium Cigars GPC,img/gpc.svg,1502,,img/1502.svg,,1502 Nicaragua Robusto,,Robusto,,,Parejo,,,,,,,,,,,,,,12.05,,,,,,,0.00,,
Global Premium Cigars GPC,img/gpc.svg,1502,,img/1502.svg,,1502 Ruby Robusto BP,,Robusto,,,Parejo,,,,,,,BP,,,,,,,11.00,,,,,,,0.00,,
Global Premium Cigars GPC,img/gpc.svg,1502,,img/1502.svg,,1502 Anniversario 10 Toro,,Toro,,,Parejo,,,,,,,,,,,,,,17.25,,,,,,,0.00,,
Drew Estate,img/icons/manufacturers/drewestate.svg,20 Acre Farm,20af,img/icons/brands/20acrefarm.svg,20 Acre Farm,Robusto,,Robusto,5.25,54,Parejo,USA Connecticut Shade,"Habano, Honduras","Nicaragua, USA",Nicaragua,Claro,Medium,,,,,,,,14.70,294.00,20,89,15.95,149.50,7.48,8.48,Q-01-82-001,30
Drew Estate,img/icons/manufacturers/drewestate.svg,20 Acre Farm,20af,img/icons/brands/20acrefarm.svg,20 Acre Farm,Toro,,Toro,6.00,52,Parejo,USA Connecticut Shade,"Habano, Honduras","Nicaragua, USA",Nicaragua,Claro,Medium,,,,,,,,15.70,314.00,20,89,16.95,159.50,7.98,8.98,Q-01-82-002,30
Drew Estate,img/icons/manufacturers/drewestate.svg,20 Acre Farm,20af,img/icons/brands/20acrefarm.svg,20 Acre Farm,Gordito,,Gordo,6.00,60,Parejo,USA Connecticut Shade,"Habano, Honduras","Nicaragua, USA",Nicaragua,Claro,Medium,,,,,,,,16.70,334.00,20,89,17.95,169.50,8.48,9.48,Q-01-82-003,30
Kurt Kendall,img/drewestate.svg,7-20-04,,img/72004.svg,,7-20-4 Lancero,,Lancero,,,Parejo,,,,,,,,,,,,,,9.30,,,,,,,0.00,,
Kurt Kendall,img/drewestate.svg,7-20-04,,img/72004.svg,,7-20-4 1874 Robusto,,Robusto,,,Parejo,,,,,,,,,,,,,,11.05,,,,,,,0.00,,
Kurt Kendall,img/drewestate.svg,7-20-04,,img/72004.svg,,7-20-4 Hustler Robusto,,Robusto,,,Parejo,,,,,,,,,,,,,,10.75,,,,,,,0.00,,
Kurt Kendall,img/drewestate.svg,7-20-04,,img/72004.svg,,7-20-4 Robusto,,Robusto,,,Parejo,,,,,,,,,,,,,,8.65,,,,,,,0.00,,
Kurt Kendall,img/drewestate.svg,7-20-04,,img/72004.svg,,7-20-4 Hustler Gran Toro,,Toro,,,Parejo,,,,,,,,,,,,barber,,11.25,,,,,,,0.00,,
Kurt Kendall,img/drewestate.svg,7-20-04,,img/72004.svg,,7-20-4  6-1/2,,Corona Extra,6.50,46,Parejo,,,,,,,,,,,,,,8.35,,,,,,,0.00,,
Kurt Kendall,img/drewestate.svg,7-20-04,,img/72004.svg,,7-20-4 1874 Gagger,,Gordo,6.00,60,Parejo,,,,,,,,,,,,,,14.15,,,,,,,0.00,,
Kurt Kendall,img/drewestate.svg,7-20-04,,img/72004.svg,,7-20-4 Five & Dime Toro,,Toro,6.00,52,Parejo,,,,,,,,,,,,,,13.15,,,,,,,0.00,,
Kurt Kendall,img/drewestate.svg,7-20-04,,img/icons/brands/72004.svg,,7-20-4 Hustler Dog Walker,,Petit Corona,4.25,40,Parejo,,,,,,,,,,,,,,7.25,,,,,,,0.00,,
United Cigars,img/unitedcigars.svg,Abuelo,,img/icons/brands/abuelo.svg,,Abuelo Nieto Robusto,,Robusto,5.00,,Parejo,,,,,,,,,,,,,,10.55,,,,,,,0.00,,
United Cigars,img/unitedcigars.svg,Abuelo,,img/abuelo.svg,,Abuelo Padre Toro,,Toro,6.00,,Parejo,,,,,,,,,,,,,,11.55,,,,,,,0.00,,
United Cigars,img/unitedcigars.svg,Abuelo,,img/abuelo.svg,,Abuelo Nieta Perfecto,,Perfecto,5.25,,Perfecto,,,,,,,,,,,,,,,,,,,,,0.00,,
Drew Estate,img/icons/manufacturers/drewestate.svg,ACID,,img/icons/brands/acid.svg,Acid 20,Connecticut Toro,,Toro,6.00,50,Parejo,,,,Nicaragua,Natural,Medium ,,,FS,,,,,11.75,235.00,20,89,13.40,124.00,6.20,7.20,Q-01-01-275,24
Drew Estate,img/icons/manufacturers/drewestate.svg,ACID,,img/icons/brands/acid.svg,Acid 20,Maduro Robusto,,Robusto,5.00,50,Parejo,San Andres,Indonesia,Nicaragua,Nicaragua,EMS,Medium ,BP,,FS,,,,,11.50,276.00,24,89,13.16,145.86,6.08,7.08,Q-01-01-229,30
Drew Estate,img/icons/manufacturers/drewestate.svg,ACID,,img/icons/brands/acid.svg,Acid 20,Maduro Toro,,Toro,6.00,50,Parejo,San Andres,Indonesia,Nicaragua,Nicaragua,EMS,Medium ,,,FS,,,,,11.75,282.00,24,89,13.40,148.79,6.20,7.20,Q-01-01-264,24
Drew Estate,img/icons/manufacturers/drewestate.svg,ACID,,img/icons/brands/acid.svg,,Blondie Shelf Pack,,Cigarillo,4.00,38,Parejo,,,,Nicaragua,,,,,FS,,Pack,,,31.85,159.25,5,89,37.28,90.71,18.14,19.14,Q-01-01-218,25
Drew Estate,img/icons/manufacturers/drewestate.svg,ACID,,img/icons/brands/acid.svg,,Blondie Belicoso,,Belicoso,5.00,54,Belicoso,,,,Nicaragua,,,,,FS,,,,,10.50,252.00,24,89,12.15,133.81,5.58,6.58,Q-01-01-098,36
Drew Estate,img/icons/manufacturers/drewestate.svg,ACID,,img/icons/brands/acid.svg,,Blondie,,Cigarillo,4.00,38,Parejo,,,,Nicaragua,,,,,FS,,,,,6.70,268.00,40,89,8.26,145.14,3.63,4.63,Q-01-01-013,36
Drew Estate,img/icons/manufacturers/drewestate.svg,ACID,,img/icons/brands/acid.svg,,Blondie Candela,,Cigarillo,4.00,38,Parejo,,,,Nicaragua,,,,,FS,,,,,6.70,268.00,40,89,8.26,145.14,3.63,4.63,Q-01-01-167,36
Drew Estate,img/icons/manufacturers/drewestate.svg,ACID,,img/icons/brands/acid.svg,,Blondie Gold,,Cigarillo,4.00,38,Parejo,,,,Nicaragua,,,,,FS,,,,,6.70,268.00,40,89,8.26,145.14,3.63,4.63,Q-01-01-165,36
Drew Estate,img/icons/manufacturers/drewestate.svg,ACID,,img/icons/brands/acid.svg,,Blondie Maduro,,Cigarillo,4.00,38,Parejo,,,,Nicaragua,,,,,FS,,,,,6.70,268.00,40,89,8.26,145.14,3.63,4.63,Q-01-01-131,36
Drew Estate,img/icons/manufacturers/drewestate.svg,ACID,,img/icons/brands/acid.svg,,Krush Blue Connecticut,,Cigarillo,4.00,32,Parejo,Connecticut Shade,Nicaragua,Nicaragua,Nicaragua,Natural,Medium ,,,FS,Tin,,,,21.00,105.00,5,89,27.00,65.00,13.00,14.00,Q-01-01-036,50
Drew Estate,img/icons/manufacturers/drewestate.svg,ACID,,img/icons/brands/acid.svg,,Krush Gold Sumatra,,Cigarillo,4.00,32,Parejo,,Nicaragua,Nicaragua,Nicaragua,Natural,Medium ,,,FS,Tin,,,,21.00,105.00,5,89,27.00,65.00,13.00,14.00,Q-01-01-040,50
Drew Estate,img/icons/manufacturers/drewestate.svg,ACID,,img/icons/brands/acid.svg,,Krush Green Candela,,Cigarillo,4.00,32,Parejo,Candela,Nicaragua,Nicaragua,Nicaragua,Candela,Medium ,,,FS,Tin,,,,21.00,105.00,5,89,27.00,65.00,13.00,14.00,Q-01-01-148,50
Drew Estate,img/icons/manufacturers/drewestate.svg,ACID,,img/icons/brands/acid.svg,,Krush Maduro,,Cigarillo,4.00,32,Parejo,Connecticut Broadleaf Maduro,Nicaragua,Nicaragua,Nicaragua,Maduro,Medium ,,,FS,Tin,,,,21.00,105.00,5,89,27.00,65.00,13.00,14.00,Q-01-01-037,50
Drew Estate,img/icons/manufacturers/drewestate.svg,ACID,,img/icons/brands/acid.svg,,Krush Red,,Cigarillo,4.00,32,Parejo,Cameroon,Nicaragua,Nicaragua,Nicaragua,Maduro,Medium ,,,FS,Tin,,,,21.00,105.00,5,89,27.00,65.00,13.00,14.00,Q-01-01-039,50
Drew Estate,img/icons/manufacturers/drewestate.svg,ACID,,img/icons/brands/acid.svg,,Kuba Kuba Pack,,Robusto Gordo,5.00,54,Parejo,Sumatra,,Nicaragua,Nicaragua,Natural,Mild,,,FS,,Pack,,,53.75,268.75,5,89,60.77,149.43,29.89,30.89,Q-01-01-214,16
Drew Estate,img/icons/manufacturers/drewestate.svg,ACID,,img/icons/brands/acid.svg,,Kuba Maduro Pack,,Robusto Gordo,5.00,54,Parejo,Connecticut Broadleaf Maduro,Nicaragua,Nicaragua,Nicaragua,EMS,Medium ,,,FS,,Pack,,,53.75,268.75,5,89,60.77,149.43,29.89,30.89,Q-01-01-215,16
Drew Estate,img/icons/manufacturers/drewestate.svg,ACID,,img/icons/brands/acid.svg,,Kuba Kuba Ashtray Assortment,,Robusto Gordo,5.00,54,Parejo,,,,Nicaragua,,,,,FS,,Pack,,,11.30,113.00,10,89,12.96,59.80,5.98,6.98,Q-03-01-119,24
Drew Estate,img/icons/manufacturers/drewestate.svg,ACID,,img/icons/brands/acid.svg,,Kuba Deluxe,,Toro,6.00,50,Parejo,Sumatra,Nicaragua,Nicaragua,Nicaragua,EMS,Medium ,,,FS,,,,,14.20,142.00,10,89,15.85,74.26,7.43,8.43,Q-01-01-032,30
Drew Estate,img/icons/manufacturers/drewestate.svg,ACID,,img/icons/brands/acid.svg,,Kuba Grande,,Gordo,6.00,60,Parejo,Ecuador Sumatra,Nicaragua,Nicaragua,Nicaragua,EMS,Medium ,,,FS,,,,,14.70,147.00,10,89,16.35,76.76,7.68,8.68,Q-01-01-122,36
Drew Estate,img/icons/manufacturers/drewestate.svg,ACID,,img/icons/brands/acid.svg,,Kubariety Sampler,,Robusto Gordo,5.00,54,Parejo,,,,Nicaragua,,,,,FS,,Pack,,,22.85,114.25,15,89,9.13,61.01,4.07,5.07,Q-03-01-112,16
Drew Estate,img/icons/manufacturers/drewestate.svg,ACID,,img/icons/brands/acid.svg,,Kuba Candela,,Robusto Gordo,5.00,54,Parejo,,,,Nicaragua,,,,,FS,,,,,11.30,271.20,24,89,12.96,143.46,5.98,6.98,Q-01-01-149,36
Drew Estate,img/icons/manufacturers/drewestate.svg,ACID,,img/icons/brands/acid.svg,,Kuba Kuba,,Robusto Gordo,5.00,54,Parejo,Sumatra,,Nicaragua,Nicaragua,Natural,Mild,,,FS,,,,,11.30,271.20,24,89,12.96,143.46,5.98,6.98,Q-01-01-016,36
Drew Estate,img/icons/manufacturers/drewestate.svg,ACID,,img/icons/brands/acid.svg,,Kuba Maduro,,Robusto Gordo,5.00,54,Parejo,Connecticut Broadleaf Maduro,Nicaragua,Nicaragua,Nicaragua,EMS,Medium ,,,FS,,,,,11.30,271.20,24,89,12.96,143.46,5.98,6.98,Q-01-01-099,36
Drew Estate,img/icons/manufacturers/drewestate.svg,ACID,,img/icons/brands/acid.svg,,Kuba Deluxe Tubo,,Toro,6.00,50,Parejo,Sumatra,Nicaragua,Nicaragua,Nicaragua,EMS,Medium ,,Tubo,FS,,,,,14.20,14.20,25,89,15.86,185.72,7.43,8.43,Q-01-01-250,12
Drew Estate,img/icons/manufacturers/drewestate.svg,ACID,,img/icons/brands/acid.svg,,Cold Infusion Pack,,Corona Extra,6.75,44,Parejo,,,,Nicaragua,,,,,FS,,Pack,,,49.95,249.70,5,89,56.76,139.39,27.88,28.88,Q-01-01-216,20
Drew Estate,img/icons/manufacturers/drewestate.svg,ACID,,img/icons/brands/acid.svg,,Toast Shelf Pack,,Toro,6.00,50,Parejo,,,,Nicaragua,,,,,FS,,Pack,,,54.70,273.50,5,89,61.78,151.94,30.39,31.39,Q-01-01-217,15
Drew Estate,img/icons/manufacturers/drewestate.svg,ACID,,img/icons/brands/acid.svg,,Seven Wonders,,Assorted,Various,Various,,,,,Nicaragua,,,,,FS,,,,,N/A,81.25,7,89,11.50,36.75,5.25,6.25,Q-03-01-127,41
Drew Estate,img/icons/manufacturers/drewestate.svg,ACID,,img/icons/brands/acid.svg,,C-Notes,,Cigarillo,3.75,22,Parejo,,,,Nicaragua,,,,,FS,,Pack,,,8.75,175.00,10,89,23.02,110.08,11.01,12.01,Q-01-01-106,45
Drew Estate,img/icons/manufacturers/drewestate.svg,ACID,,img/icons/brands/acid.svg,,Extra Ordinary Larry,,Gordo,6.00,60,Parejo,,,,Nicaragua,,,,,FS,,,,,14.70,147.00,10,89,16.35,76.76,7.68,8.68,Q-01-01-021,36
Drew Estate,img/icons/manufacturers/drewestate.svg,ACID,,img/icons/brands/acid.svg,,Collector's Tin,,Cigarillo,Various,Various,Parejo,,,,Nicaragua,,,,,FS,Tin,,,,N/A,104.50,12,89,9.00,48.00,4.00,5.00,Q-03-01-126,72
Drew Estate,img/icons/manufacturers/drewestate.svg,ACID,,img/icons/brands/acid.svg,,1400cc Tubo,,Toro,5.00,50,Parejo,,,,Nicaragua,,,,Tubo,FS,,,,,13.20,237.60,18,89,14.85,124.64,6.92,7.92,Q-01-01-018,15
Drew Estate,img/icons/manufacturers/drewestate.svg,ACID,,img/icons/brands/acid.svg,,Cold Infusion,,Corona Extra,6.75,44,Parejo,,,,Nicaragua,,,,,FS,,,,,10.50,252.00,24,89,12.15,133.81,5.58,6.58,Q-01-01-011,30
Drew Estate,img/icons/manufacturers/drewestate.svg,ACID,,img/icons/brands/acid.svg,,Atom Maduro,,Robusto,5.00,50,Parejo,San Andres,Indonesia,Nicaragua,Nicaragua,EMS,Medium ,,,FS,,,,,11.20,268.80,24,89,12.85,142.23,5.93,6.93,Q-01-01-007,36
Drew Estate,img/icons/manufacturers/drewestate.svg,ACID,,img/icons/brands/acid.svg,,Plush,,Robusto,5.50,50,Parejo,,,,Nicaragua,,,,,FS,,,,,11.20,268.80,24,89,12.85,142.23,5.93,6.93,Q-01-01-219,36
Drew Estate,img/icons/manufacturers/drewestate.svg,ACID,,img/icons/brands/acid.svg,,Toast,,Toro,6.00,50,Parejo,,,,Nicaragua,,,,,FS,,,,,11.50,276.00,24,89,13.16,145.86,6.08,7.08,Q-01-01-074,20
Drew Estate,img/icons/manufacturers/drewestate.svg,ACID,,img/icons/brands/acid.svg,,Deep Dish,,Gordo,5.00,58,Parejo,,,,Nicaragua,,,BP,,FS,,,,,12.25,294.00,24,89,13.90,154.83,6.45,7.45,Q-01-14-031,36
Drew Estate,img/icons/manufacturers/drewestate.svg,ACID,,img/icons/brands/acid.svg,,Croqueta Tubo,,Short Robusto,2.81,50,Parejo,,,,Nicaragua,,,,Tubo,FS,,,,,10.75,10.75,25,89,12.81,147.67,5.91,6.91,Q-01-01-251,12
Altadis USA,img/icons/manufacturers/altadisusa.svg,Aging Room,,img/icons/brands/agingroom.svg,,Quattro Nicaragua Espressivo 5x50,,Robusto,5.00,50,Box-Pressed Parejo,Nicaraguan Sumatra,Nicaragua,Nicaragua,Nicaragua,EMS,Medium-Full,BP,,,,,,,13.55,,,,,,,0.00,,
Altadis USA,img/icons/manufacturers/altadisusa.svg,Aging Room,,img/agingroom.svg,,Quattro Nicaragua Vibrato 6x54,,Toro,6.00,54,Box-Pressed Parejo,Nicaraguan Sumatra,Nicaragua,Nicaragua,Nicaragua,EMS,Medium-Full,BP,,,,,,,13.75,,,,,,,0.00,,
AJ Fernandez,img/icons/manufacturers/ajfernandez.svg,AJ Fernandez,ajf,img/ajfernandez.svg,,Bella Artes Habano Rojita Gordo,,Gordo,6.50,58,Parejo,Habano,Quilali,"Nicaragua, Honduras, Brazil",Nicaragua,Colorado,Full,,,,,,,,,,,,,,,,,
AJ Fernandez,img/icons/manufacturers/ajfernandez.svg,AJ Fernandez,ajf,img/icons/brands/ajfernandez.svg,,Bella Artes Habano Rojita Robusto,,Robusto,5.50,52,Parejo,Habano,Quilali,"Nicaragua, Honduras, Brazil",Nicaragua,Colorado,Full,,,,,,,,,,,,,,,,,
AJ Fernandez,img/icons/manufacturers/ajfernandez.svg,AJ Fernandez,ajf,img/ajfernandez.svg,,Bella Artes Habano Rojita Short Churchill,,Short Churchill,6.00,48,Parejo,Habano,Quilali,"Nicaragua, Honduras, Brazil",Nicaragua,Colorado,Full,,,,,,,,,,,,,,,,,
AJ Fernandez,img/icons/manufacturers/ajfernandez.svg,AJ Fernandez,ajf,img/ajfernandez.svg,,Bella Artes Habano Rojita Toro,,Toro,6.00,54,Parejo,Habano,Quilali,"Nicaragua, Honduras, Brazil",Nicaragua,Colorado,Full,,,,,,,,,,,,,,,,,
AJ Fernandez,img/icons/manufacturers/ajfernandez.svg,AJ Fernandez,ajf,img/ajfernandez.svg,,Bella Artes Maduro Rojita Gordo,,Gordo,6.50,58,Parejo,Brazil Mata Fina,Mexican San Andres,Nicaragua,Nicaragua,Maduro,Full,,,,,,,,,,,,,,,,,
AJ Fernandez,img/icons/manufacturers/ajfernandez.svg,AJ Fernandez,ajf,img/ajfernandez.svg,,Bella Artes Maduro Rojita Lancero,,Lancero,7.00,40,Parejo,Brazil Mata Fina,Mexican San Andres,Nicaragua,Nicaragua,Maduro,Full,,,,,,,,,,,,,,,,,
AJ Fernandez,img/icons/manufacturers/ajfernandez.svg,AJ Fernandez,ajf,img/ajfernandez.svg,,Bella Artes Maduro Rojita Robusto,,Robusto,5.50,52,Parejo,Brazil Mata Fina,Mexican San Andres,Nicaragua,Nicaragua,Maduro,Full,,,,,,,,,,,,,,,,,
AJ Fernandez,img/icons/manufacturers/ajfernandez.svg,AJ Fernandez,ajf,img/ajfernandez.svg,,Bella Artes Maduro Rojita Short Churchill,,Short Churchill,6.00,48,Parejo,Brazil Mata Fina,Mexican San Andres,Nicaragua,Nicaragua,Maduro,Full,,,,,,,,,,,,,,,,,
AJ Fernandez,img/icons/manufacturers/ajfernandez.svg,AJ Fernandez,ajf,img/ajfernandez.svg,,Bella Artes Maduro Rojita Toro,,Toro,6.00,54,Parejo,Brazil Mata Fina,Mexican San Andres,Nicaragua,Nicaragua,Maduro,Full,,,,,,,,,,,,,,,,,
AJ Fernandez,img/icons/manufacturers/ajfernandez.svg,AJ Fernandez,ajf,img/ajfernandez.svg,,AJF Dias de Gloria Gordo,,Gordo,6.00,58,Parejo,Nicaragua,Nicaragua,Nicaragua,Nicaragua,Natural,Medium,,,,,,,,,,,,,,,,,
AJ Fernandez,img/icons/manufacturers/ajfernandez.svg,AJ Fernandez,ajf,img/ajfernandez.svg,,AJF Dias De Gloria Robusto,,Robusto,5.50,52,Parejo,Nicaragua,Nicaragua,Nicaragua,Nicaragua,Natural,Medium,,,,,,,,,,,,,,,,,
AJ Fernandez,img/icons/manufacturers/ajfernandez.svg,AJ Fernandez,ajf,img/ajfernandez.svg,,AJF Dias De Gloria Brazil Churchill,,Short Churchill,6.50,48,Parejo,Nicaragua,Nicaragua,Nicaragua,Nicaragua,Natural,Medium,,,,,,,,,,,,,,,,,
AJ Fernandez,img/icons/manufacturers/ajfernandez.svg,AJ Fernandez,ajf,img/ajfernandez.svg,,AJF Dias De Gloria Brazil Toro,,Toro Gordo,6.00,56,Box-Pressed Parejo,Nicaragua,Nicaragua,Nicaragua,Nicaragua,Natural,Medium,BP,,,,,,,,,,,,,,,,
AJ Fernandez,img/icons/manufacturers/ajfernandez.svg,AJ Fernandez,ajf,img/ajfernandez.svg,,Enclave Broadleaf Churchill,,Churchill,7.00,52,Parejo,Connecticut Broadleaf,Nicaragua,Nicaragua,Nicaragua,Maduro,Full,,,,,,,,,,,,,,,,,
AJ Fernandez,img/icons/manufacturers/ajfernandez.svg,AJ Fernandez,ajf,img/ajfernandez.svg,,Enclave Broadleaf Robusto,,Robusto,5.00,52,Parejo,Connecticut Broadleaf,Nicaragua,Nicaragua,Nicaragua,Maduro,Full,,,,,,,,,,,,,,,,,
AJ Fernandez,img/icons/manufacturers/ajfernandez.svg,AJ Fernandez,ajf,img/ajfernandez.svg,,Enclave Broadleaf Toro,,Toro,6.50,54,Parejo,Connecticut Broadleaf,Nicaragua,Nicaragua,Nicaragua,Maduro,Full,,,,,,,,,,,,,,,,,
AJ Fernandez,img/icons/manufacturers/ajfernandez.svg,AJ Fernandez,ajf,img/ajfernandez.svg,,Enclave Broadleaf Belicoso,,Belicoso,6.00,56,Pyramid,Connecticut Broadleaf,Nicaragua,Nicaragua,Nicaragua,Maduro,Full,,,,,,,,,,,,,,,,,
AJ Fernandez,img/icons/manufacturers/ajfernandez.svg,AJ Fernandez,ajf,img/ajfernandez.svg,,Enclave Habano Figurado,,Figurado,6.50,52,Figurado,Ecuador,Cameroon,Nicaragua,Nicaragua,Maduro,Full,,,,,,,,,,,,,,,,,
AJ Fernandez,img/icons/manufacturers/ajfernandez.svg,AJ Fernandez,ajf,img/ajfernandez.svg,,Enclave Habano Churchill,,Churchill,7.00,52,Parejo,Ecuador,Cameroon,Nicaragua,Nicaragua,Maduro,Full,,,,,,,,,,,,,,,,,
AJ Fernandez,img/icons/manufacturers/ajfernandez.svg,AJ Fernandez,ajf,img/ajfernandez.svg,,Enclave Habano Robusto,,Robusto,5.00,52,Parejo,Ecuador,Cameroon,Nicaragua,Nicaragua,Maduro,Full,,,,,,,,,,,,,,,,,
AJ Fernandez,img/icons/manufacturers/ajfernandez.svg,AJ Fernandez,ajf,img/ajfernandez.svg,,Enclave Habano Toro,,Toro,6.00,52,Parejo,Ecuador,Cameroon,Nicaragua,Nicaragua,Maduro,Full,,,,,,,,,,,,,,,,,
AJ Fernandez,img/icons/manufacturers/ajfernandez.svg,AJ Fernandez,ajf,img/ajfernandez.svg,,Last Call Habano Chiquitas,,Short Robusto,3.50,50,Parejo,Habano Rosado Ecuador,Nicaragua,Nicaragua,Nicaragua,Natural,Medium,,,,,,,,,,,,,,,,,
AJ Fernandez,img/icons/manufacturers/ajfernandez.svg,AJ Fernandez,ajf,img/ajfernandez.svg,,Last Call Habano Corticas,,Short Robusto,4.00,52,Parejo,Habano Rosado Ecuador,Nicaragua,Nicaragua,Nicaragua,Natural,Medium,,,,,,,,,,,,,,,,,
AJ Fernandez,img/icons/manufacturers/ajfernandez.svg,AJ Fernandez,ajf,img/ajfernandez.svg,,Last Call Habano Geniales,,Petite Corona,4.50,48,Parejo,Habano Rosado Ecuador,Nicaragua,Nicaragua,Nicaragua,Natural,Medium,,,,,,,,,,,,,,,,,
AJ Fernandez,img/icons/manufacturers/ajfernandez.svg,AJ Fernandez,ajf,img/ajfernandez.svg,,Last Call Habano Pequenas,,Corona,5.00,46,Parejo,Habano Rosado Ecuador,Nicaragua,Nicaragua,Nicaragua,Natural,Medium,,,,,,,,,,,,,,,,,
AJ Fernandez,img/icons/manufacturers/ajfernandez.svg,AJ Fernandez,ajf,img/ajfernandez.svg,,Last Call Habano Flaquitas,,Torpedo,6.00,46,Pyramid,Habano Rosado Ecuador,Nicaragua,Nicaragua,Nicaragua,Natural,Medium,,,,,,,,,,,,,,,,,
AJ Fernandez,img/icons/manufacturers/ajfernandez.svg,AJ Fernandez,ajf,img/ajfernandez.svg,,Last Call Maduro Chiquitas,,Short Robusto,3.50,50,Parejo,Habano Rosado Ecuador,Nicaragua,Nicaragua,Nicaragua,Maduro,Full,,,,,,,,,,,,,,,,,
AJ Fernandez,img/icons/manufacturers/ajfernandez.svg,AJ Fernandez,ajf,img/ajfernandez.svg,,Last Call Maduro Corticas,,Short Robusto,4.00,52,Parejo,Habano Rosado Ecuador,Nicaragua,Nicaragua,Nicaragua,Maduro,Full,,,,,,,,,,,,,,,,,
AJ Fernandez,img/icons/manufacturers/ajfernandez.svg,AJ Fernandez,ajf,img/ajfernandez.svg,,Last Call Maduro Geniales,,Petite Corona,4.50,48,Parejo,Habano Rosado Ecuador,Nicaragua,Nicaragua,Nicaragua,Maduro,Full,,,,,,,,,,,,,,,,,
AJ Fernandez,img/icons/manufacturers/ajfernandez.svg,AJ Fernandez,ajf,img/ajfernandez.svg,,Last Call Maduro Pequenas,,Corona,5.00,46,Parejo,Habano Rosado Ecuador,Nicaragua,Nicaragua,Nicaragua,Maduro,Full,,,,,,,,,,,,,,,,,
AJ Fernandez,img/icons/manufacturers/ajfernandez.svg,AJ Fernandez,ajf,img/ajfernandez.svg,,Last Call Maduro Flaquitas,,Torpedo,6.00,46,Pyramid,Habano Rosado Ecuador,Nicaragua,Nicaragua,Nicaragua,Maduro,Full,,,,,,,,,,,,,,,,,
AJ Fernandez,img/icons/manufacturers/ajfernandez.svg,AJ Fernandez,ajf,img/ajfernandez.svg,,AJF New World Redondo Almirante Belicoso,,Belicoso,5.50,55,Belicoso,Nicaragua,Nicaragua,Nicaragua,Nicaragua,Maduro,Medium,,,,,,,,,,,,,,,,,
AJ Fernandez,img/icons/manufacturers/ajfernandez.svg,AJ Fernandez,ajf,img/ajfernandez.svg,,AJF New World Redondo Toro,,Toro Gordo,6.50,55,Parejo,Nicaragua,Nicaragua,Nicaragua,Nicaragua,Maduro,Medium,,,,,,,,,,,,,,,,,
AJ Fernandez,img/icons/manufacturers/ajfernandez.svg,AJ Fernandez,ajf,img/ajfernandez.svg,,AJF New World Gobernador Toro,,Toro,6.50,55,Parejo,Nicaragua,Nicaragua,Nicaragua,Nicaragua,Maduro,Medium,,,,,,,,,,,,,,,,,
AJ Fernandez,img/icons/manufacturers/ajfernandez.svg,AJ Fernandez,ajf,img/ajfernandez.svg,,AJF New World Navegante Robusto,,Robusto,5.50,55,Parejo,Nicaragua,Nicaragua,Nicaragua,Nicaragua,Maduro,Full,,,,,,,,,,,,,,,,,
AJ Fernandez,img/icons/manufacturers/ajfernandez.svg,AJ Fernandez,ajf,img/ajfernandez.svg,,AJF New World Virrey Gordo,,Gordo,6.00,58,Parejo,Nicaragua,Nicaragua,Nicaragua,Nicaragua,Maduro,Full,,,,,,,,,,,,,,,,,
AJ Fernandez,img/icons/manufacturers/ajfernandez.svg,AJ Fernandez,ajf,img/ajfernandez.svg,,AJF New World Cameroon Churchill,,Churchill,7.00,48,Parejo,Cameroon,Nicaragua,Nicaragua,Nicaragua,Natural,Medium,,,,,,,,,,,,,,,,,
AJ Fernandez,img/icons/manufacturers/ajfernandez.svg,AJ Fernandez,ajf,img/ajfernandez.svg,,AJF New World Cameroon Dbl Robusto,,Robusto Extra,5.50,54,Parejo,Cameroon,Nicaragua,Nicaragua,Nicaragua,Natural,Medium,,,,,,,,,,,,,,,,,
AJ Fernandez,img/icons/manufacturers/ajfernandez.svg,AJ Fernandez,ajf,img/ajfernandez.svg,,AJF New World Cameroon Gordo,,Gordo,6.00,60,Parejo,Cameroon,Nicaragua,Nicaragua,Nicaragua,Natural,Medium,,,,,,,,,,,,,,,,,
AJ Fernandez,img/icons/manufacturers/ajfernandez.svg,AJ Fernandez,ajf,img/ajfernandez.svg,,AJF New World Cameroon Short Robusto,,Short Robusto,4.00,48,Parejo,Cameroon,Nicaragua,Nicaragua,Nicaragua,Natural,Medium,,,,,,,,,,,,,,,,,
AJ Fernandez,img/icons/manufacturers/ajfernandez.svg,AJ Fernandez,ajf,img/ajfernandez.svg,,AJF New World Cameroon Toro,,Toro,6.00,50,Parejo,Cameroon,Nicaragua,Nicaragua,Nicaragua,Natural,Medium,,,,,,,,,,,,,,,,,
AJ Fernandez,img/icons/manufacturers/ajfernandez.svg,AJ Fernandez,ajf,img/ajfernandez.svg,,AJF New World Cameroon Torpedo,,Torpedo,6.50,52,Pyramid,Cameroon,Nicaragua,Nicaragua,Nicaragua,Natural,Medium,,,,,,,,,,,,,,,,,
AJ Fernandez,img/icons/manufacturers/ajfernandez.svg,AJ Fernandez,ajf,img/ajfernandez.svg,,AJF New World Connecticut Churchill,,Churchill,7.00,50,Parejo,Connecticut Shade,San Andres Mexico,"Brazil, Nicaragua",Nicaragua,Connecticut,Medium,,,,,,,,,,,,,,,,,
AJ Fernandez,img/icons/manufacturers/ajfernandez.svg,AJ Fernandez,ajf,img/ajfernandez.svg,,AJF New World Connecticut Corona Gorda,,Corona Extra,5.50,46,Parejo,Connecticut Shade,San Andres Mexico,"Brazil, Nicaragua",Nicaragua,Connecticut,Medium,,,,,,,,,,,,,,,,,
AJ Fernandez,img/icons/manufacturers/ajfernandez.svg,AJ Fernandez,ajf,img/ajfernandez.svg,,AJF New World Connecticut Gordo,,Gordo,6.00,60,Parejo,Connecticut Shade,San Andres Mexico,"Brazil, Nicaragua",Nicaragua,Connecticut,Medium,,,,,,,,,,,,,,,,,
AJ Fernandez,img/icons/manufacturers/ajfernandez.svg,AJ Fernandez,ajf,img/ajfernandez.svg,,AJF New World Connecticut Robusto,,Robusto,5.00,50,Parejo,Connecticut Shade,San Andres Mexico,"Brazil, Nicaragua",Nicaragua,Connecticut,Medium,,,,,,,,,,,,,,,,,
AJ Fernandez,img/icons/manufacturers/ajfernandez.svg,AJ Fernandez,ajf,img/ajfernandez.svg,,AJF New World Connecticut Toro,,Toro,6.00,52,Parejo,Connecticut Shade,San Andres Mexico,"Brazil, Nicaragua",Nicaragua,Connecticut,Medium,,,,,,,,,,,,,,,,,
AJ Fernandez,img/icons/manufacturers/ajfernandez.svg,AJ Fernandez,ajf,img/ajfernandez.svg,,AJF New World Connecticut Belicoso,,Belicoso,6.00,54,Pyramid,Connecticut Shade,San Andres Mexico,"Brazil, Nicaragua",Nicaragua,Connecticut,Medium,,,,,,,,,,,,,,,,,
AJ Fernandez,img/icons/manufacturers/ajfernandez.svg,AJ Fernandez,ajf,img/ajfernandez.svg,,AJF New World Decenio Gordo,,Gordo,6.00,58,Parejo,Mexican San Andres Maduro,Nicaragua,"Nicaragua, Honduras",Nicaragua,Colorado Maduro,Full,,,,,,,,,,,,,,,,,
AJ Fernandez,img/icons/manufacturers/ajfernandez.svg,AJ Fernandez,ajf,img/ajfernandez.svg,,AJF New World Decenio Robusto,,Robusto Gordo,5.50,54,Parejo,Mexican San Andres Maduro,Nicaragua,"Nicaragua, Honduras",Nicaragua,Colorado Maduro,Full,,,,,,,,,,,,,,,,,
AJ Fernandez,img/icons/manufacturers/ajfernandez.svg,AJ Fernandez,ajf,img/ajfernandez.svg,,AJF New World Decenio Toro,,Toro,6.50,54,Parejo,Mexican San Andres Maduro,Nicaragua,"Nicaragua, Honduras",Nicaragua,Colorado Maduro,Full,,,,,,,,,,,,,,,,,
AJ Fernandez,img/icons/manufacturers/ajfernandez.svg,AJ Fernandez,ajf,img/ajfernandez.svg,,AJF New World Dorado Robusto,,Robusto,5.50,52,Parejo,Nicaragua,Criollo,Nicaragua,Nicaragua,Natural,Medium,,,,,,,,,,,,,,,,,
AJ Fernandez,img/icons/manufacturers/ajfernandez.svg,AJ Fernandez,ajf,img/ajfernandez.svg,,AJF New World Dorado Toro,,Toro Gordo,6.50,54,Parejo,Nicaragua,Criollo,Nicaragua,Nicaragua,Natural,Medium,,,,,,,,,,,,,,,,,
AJ Fernandez,img/icons/manufacturers/ajfernandez.svg,AJ Fernandez,ajf,img/ajfernandez.svg,,AJF New World Dorado Gordito,,Gordo,5.50,60,Parejo,Nicaragua,Criollo,Nicaragua,Nicaragua,Natural,Medium,,,,,,,,,,,,,,,,,
AJ Fernandez,img/icons/manufacturers/ajfernandez.svg,AJ Fernandez,ajf,img/ajfernandez.svg,,AJF New World Dorado Figurado 6x56,,Perfecto,6.00,56,Perfecto,Nicaragua,Criollo,Nicaragua,Nicaragua,Natural,Medium,,,,,,,,,,,,,,,,,
AJ Fernandez,img/icons/manufacturers/ajfernandez.svg,AJ Fernandez,ajf,img/ajfernandez.svg,,AJF New World Oscuro Double Corona,,Double Corona,7.50,55,Parejo,Dark Nicaragua,Jalapa,"Ometepe, Condega, Esteli",Nicaragua,Oscuro,Medium-Full,,,,,,,,,,,,,,,,,
AJ Fernandez,img/icons/manufacturers/ajfernandez.svg,AJ Fernandez,ajf,img/ajfernandez.svg,,AJF New World Oscuro Gordo,,Gordo,6.00,58,Parejo,Dark Nicaragua,Jalapa,"Ometepe, Condega, Esteli",Nicaragua,Oscuro,Medium-Full,,,,,,,,,,,,,,,,,
AJ Fernandez,img/icons/manufacturers/ajfernandez.svg,AJ Fernandez,ajf,img/ajfernandez.svg,,AJF New World Oscuro Robusto,,Robusto,5.50,55,Parejo,Dark Nicaragua,Jalapa,"Ometepe, Condega, Esteli",Nicaragua,Oscuro,Medium-Full,,,,,,,,,,,,,,,,,
AJ Fernandez,img/icons/manufacturers/ajfernandez.svg,AJ Fernandez,ajf,img/ajfernandez.svg,,AJF New World Oscuro Toro,,Toro,6.50,55,Parejo,Dark Nicaragua,Jalapa,"Ometepe, Condega, Esteli",Nicaragua,Oscuro,Medium-Full,,,,,,,,,,,,,,,,,
AJ Fernandez,img/icons/manufacturers/ajfernandez.svg,AJ Fernandez,ajf,img/ajfernandez.svg,,AJF New World Oscuro Toro Redondo,,Toro Gordo,6.50,55,Parejo,Dark Nicaragua,Jalapa,"Ometepe, Condega, Esteli",Nicaragua,Oscuro,Medium-Full,,,,,,,,,,,,,,,,,
AJ Fernandez,img/icons/manufacturers/ajfernandez.svg,AJ Fernandez,ajf,img/ajfernandez.svg,,AJF New World Oscuro Belicoso,,Belicoso,5.50,55,Pyramid,Dark Nicaragua,Jalapa,"Ometepe, Condega, Esteli",Nicaragua,Oscuro,Medium-Full,,,,,,,,,,,,,,,,,
AJ Fernandez,img/icons/manufacturers/ajfernandez.svg,AJ Fernandez,ajf,img/ajfernandez.svg,,AJF New World Puro Especial Gordo,,Gordo,6.00,60,Parejo,Nicaraguan Habano,Nicaraguan Habano,Nicaragua,Nicaragua,Maduro,Medium,,,,,,,,,,,,,,,,,
AJ Fernandez,img/icons/manufacturers/ajfernandez.svg,AJ Fernandez,ajf,img/ajfernandez.svg,,AJF New World Puro Especial Robusto,,Robusto,5.50,52,Parejo,Nicaraguan Habano,Nicaraguan Habano,Nicaragua,Nicaragua,Maduro,Medium,,,,,,,,,,,,,,,,,
AJ Fernandez,img/icons/manufacturers/ajfernandez.svg,AJ Fernandez,ajf,img/ajfernandez.svg,,AJF New World Puro Especial Short Churchill,,Short Churchill,6.00,48,Parejo,Nicaraguan Habano,Nicaraguan Habano,Nicaragua,Nicaragua,Maduro,Medium,,,,,,,,,,,,,,,,,
AJ Fernandez,img/icons/manufacturers/ajfernandez.svg,AJ Fernandez,ajf,img/ajfernandez.svg,,AJF New World Puro Especial Toro,,Toro,6.50,52,Parejo,Nicaraguan Habano,Nicaraguan Habano,Nicaragua,Nicaragua,Maduro,Medium,,,,,,,,,,,,,,,,,
AJ Fernandez,img/icons/manufacturers/ajfernandez.svg,AJ Fernandez,ajf,img/ajfernandez.svg,,Ramon Allones Churchill,,Churchill,7.00,50,Parejo,Medio-Tiempo Nicaragua,Nicaragua,Nicaragua,Nicaragua,Maduro,Full,,,,,,,,,,,,,,,,,
AJ Fernandez,img/icons/manufacturers/ajfernandez.svg,AJ Fernandez,ajf,img/ajfernandez.svg,,Ramon Allones Robusto,,Robusto,5.50,50,Parejo,Medio-Tiempo Nicaragua,Nicaragua,Nicaragua,Nicaragua,Maduro,Full,,,,,,,,,,,,,,,,,
AJ Fernandez,img/icons/manufacturers/ajfernandez.svg,AJ Fernandez,ajf,img/ajfernandez.svg,,Ramon Allones Toro,,Toro,6.00,52,Parejo,Medio-Tiempo Nicaragua,Nicaragua,Nicaragua,Nicaragua,Maduro,Full,,,,,,,,,,,,,,,,,
AJ Fernandez,img/icons/manufacturers/ajfernandez.svg,AJ Fernandez,ajf,img/ajfernandez.svg,,Ramon Allones Torpedo,,Torpedo,6.50,54,Pyramid,Medio-Tiempo Nicaragua,Nicaragua,Nicaragua,Nicaragua,Maduro,Full,,,,,,,,,,,,,,,,,
AJ Fernandez,img/icons/manufacturers/ajfernandez.svg,AJ Fernandez,ajf,img/ajfernandez.svg,,AJF San Lotano Dominicano Torpedo BP,,Torpedo,6.50,52,Box-Pressed Pyramid,Cubra Brazil,Dominican Republic,"Nicaragua, Dominican Republic",Nicaragua,Maduro,Medium,BP,,,,,,,,,,,,,,,,
AJ Fernandez,img/icons/manufacturers/ajfernandez.svg,AJ Fernandez,ajf,img/ajfernandez.svg,,AJF San Lotano Dominicano Gordo,,Gordo,6.25,60,Parejo,Cubra Brazil,Dominican Republic,"Nicaragua, Dominican Republic",Nicaragua,Maduro,Medium,,,,,,,,,,,,,,,,,
AJ Fernandez,img/icons/manufacturers/ajfernandez.svg,AJ Fernandez,ajf,img/ajfernandez.svg,,AJF San Lotano Dominicano Robusto,,Robusto,5.00,50,Parejo,Cubra Brazil,Dominican Republic,"Nicaragua, Dominican Republic",Nicaragua,Maduro,Medium,,,,,,,,,,,,,,,,,
AJ Fernandez,img/icons/manufacturers/ajfernandez.svg,AJ Fernandez,ajf,img/ajfernandez.svg,,AJF San Lotano Dominicano Toro,,Toro,6.00,50,Parejo,Cubra Brazil,Dominican Republic,"Nicaragua, Dominican Republic",Nicaragua,Maduro,Medium,,,,,,,,,,,,,,,,,
AJ Fernandez,img/icons/manufacturers/ajfernandez.svg,AJ Fernandez,ajf,img/ajfernandez.svg,,AJF San Lotano Requiem Connecticut Churchill,,Churchill,7.00,52,Parejo,Ecuadorian Connecticut,Honduras,"Nicaragua, Dominican Republic",Nicaragua,Connecticut,Mild,,,,,,,,,,,,,,,,,
AJ Fernandez,img/icons/manufacturers/ajfernandez.svg,AJ Fernandez,ajf,img/ajfernandez.svg,,AJF San Lotano Requiem Connecticut Gran Toro,,Gordo,6.00,60,Parejo,Ecuadorian Connecticut,Honduras,"Nicaragua, Dominican Republic",Nicaragua,Connecticut,Mild,,,,,,,,,,,,,,,,,
AJ Fernandez,img/icons/manufacturers/ajfernandez.svg,AJ Fernandez,ajf,img/ajfernandez.svg,,AJF San Lotano Requiem Connecticut Robusto,,Robusto,5.00,52,Parejo,Ecuadorian Connecticut,Honduras,"Nicaragua, Dominican Republic",Nicaragua,Connecticut,Mild,,,,,,,,,,,,,,,,,
AJ Fernandez,img/icons/manufacturers/ajfernandez.svg,AJ Fernandez,ajf,img/ajfernandez.svg,,AJF San Lotano Requiem Connecticut Toro,,Toro,6.00,52,Parejo,Ecuadorian Connecticut,Honduras,"Nicaragua, Dominican Republic",Nicaragua,Connecticut,Mild,,,,,,,,,,,,,,,,,
AJ Fernandez,img/icons/manufacturers/ajfernandez.svg,AJ Fernandez,ajf,img/ajfernandez.svg,,AJF San Lotano Requiem Connecticut Torpedo,,Torpedo,6.50,52,Pyramid,Ecuadorian Connecticut,Honduras,"Nicaragua, Dominican Republic",Nicaragua,Connecticut,Mild,,,,,,,,,,,,,,,,,
AJ Fernandez,img/icons/manufacturers/ajfernandez.svg,AJ Fernandez,ajf,img/ajfernandez.svg,,AJF San Lotano Requiem Habano Churchill,,Churchill,7.00,54,Parejo,Brazilian Habano,Nicaragua,"Nicaragua, Honduras",Nicaragua,Colorado,Full,,,,,,,,,,,,,,,,,
AJ Fernandez,img/icons/manufacturers/ajfernandez.svg,AJ Fernandez,ajf,img/ajfernandez.svg,,AJF San Lotano Requiem Habano Gran Toro,,Gordo,6.00,60,Parejo,Brazilian Habano,Nicaragua,"Nicaragua, Honduras",Nicaragua,Colorado,Full,,,,,,,,,,,,,,,,,
AJ Fernandez,img/icons/manufacturers/ajfernandez.svg,AJ Fernandez,ajf,img/ajfernandez.svg,,AJF San Lotano Requiem Habano Robusto,,Robusto,5.00,54,Parejo,Brazilian Habano,Nicaragua,"Nicaragua, Honduras",Nicaragua,Colorado,Full,,,,,,,,,,,,,,,,,
AJ Fernandez,img/icons/manufacturers/ajfernandez.svg,AJ Fernandez,ajf,img/ajfernandez.svg,,AJF San Lotano Requiem Habano Toro,,Toro,6.00,54,Parejo,Brazilian Habano,Nicaragua,"Nicaragua, Honduras",Nicaragua,Colorado,Full,,,,,,,,,,,,,,,,,
AJ Fernandez,img/icons/manufacturers/ajfernandez.svg,AJ Fernandez,ajf,img/ajfernandez.svg,,AJF San Lotano Requiem Habano Torpedo,,Torpedo,6.50,54,Pyramid,Brazilian Habano,Nicaragua,"Nicaragua, Honduras",Nicaragua,Colorado,Full,,,,,,,,,,,,,,,,,
AJ Fernandez,img/icons/manufacturers/ajfernandez.svg,AJ Fernandez,ajf,img/ajfernandez.svg,,AJF San Lotano Requiem Maduro Churchill,,Churchill,7.00,52,Parejo,Mexican San Andres,Nicaragua,"Nicaragua, Honduras",Nicaragua,Maduro,Full,,,,,,,,,,,,,,,,,
AJ Fernandez,img/icons/manufacturers/ajfernandez.svg,AJ Fernandez,ajf,img/ajfernandez.svg,,AJF San Lotano Requiem Maduro Gran Toro,,Gordo,6.00,60,Parejo,Mexican San Andres,Nicaragua,"Nicaragua, Honduras",Nicaragua,Maduro,Full,,,,,,,,,,,,,,,,,
AJ Fernandez,img/icons/manufacturers/ajfernandez.svg,AJ Fernandez,ajf,img/ajfernandez.svg,,AJF San Lotano Requiem Maduro Robusto,,Robusto,5.00,52,Parejo,Mexican San Andres,Nicaragua,"Nicaragua, Honduras",Nicaragua,Maduro,Full,,,,,,,,,,,,,,,,,
AJ Fernandez,img/icons/manufacturers/ajfernandez.svg,AJ Fernandez,ajf,img/ajfernandez.svg,,AJF San Lotano Requiem Maduro Toro,,Toro,6.00,52,Parejo,Mexican San Andres,Nicaragua,"Nicaragua, Honduras",Nicaragua,Maduro,Full,,,,,,,,,,,,,,,,,
AJ Fernandez,img/icons/manufacturers/ajfernandez.svg,AJ Fernandez,ajf,img/ajfernandez.svg,,AJF San Lotano Requiem Maduro Torpedo,,Torpedo,6.50,52,Pyramid,Mexican San Andres,Nicaragua,"Nicaragua, Honduras",Nicaragua,Maduro,Full,,,,,,,,,,,,,,,,,
AJ Fernandez,img/icons/manufacturers/ajfernandez.svg,AJ Fernandez,ajf,img/ajfernandez.svg,,AJF San Lotano The Bull Gran Toro,,Gordo,6.00,60,Parejo,Ecuadorian Sumatra,Nicaragua,Nicaragua,Nicaragua,Maduro,Full,,,,,,,,,,,,,,,,,
AJ Fernandez,img/icons/manufacturers/ajfernandez.svg,AJ Fernandez,ajf,img/ajfernandez.svg,,AJF San Lotano The Bull Robusto,,Robusto,5.00,54,Parejo,Ecuadorian Sumatra,Nicaragua,Nicaragua,Nicaragua,Maduro,Full,,,,,,,,,,,,,,,,,
AJ Fernandez,img/icons/manufacturers/ajfernandez.svg,AJ Fernandez,ajf,img/ajfernandez.svg,,AJF San Lotano The Bull Toro,,Toro,6.00,54,Parejo,Ecuadorian Sumatra,Nicaragua,Nicaragua,Nicaragua,Maduro,Full,,,,,,,,,,,,,,,,,
AJ Fernandez,img/icons/manufacturers/ajfernandez.svg,AJ Fernandez,ajf,img/ajfernandez.svg,,AJF San Lotano The Bull Torpedo,,Torpedo,6.50,54,Pyramid,Ecuadorian Sumatra,Nicaragua,Nicaragua,Nicaragua,Maduro,Full,,,,,,,,,,,,,,,,,
JRE Tobacco Co,img/icons/manufacturers/jre.svg,Aladino,,img/icons/brands/aladino.svg,85 Anniversario Reserva,Robusto,,Robusto,5.00,5,Parejo,Mexican San Andres Maduro,Corojo,Corojo,Honduras,Maduro,Medium,,,,,,,,17.70,354.00,20,89,17.70,167.00,8.35,9.35,AL85R12,
JRE Tobacco Co,img/icons/manufacturers/jre.svg,Aladino,,img/icons/brands/aladino.svg,85 Anniversario Reserva,Toro,,Toro,6.00,52,Parejo,Mexican San Andres Maduro,Corojo,Corojo,Honduras,Maduro,Medium,,,,,,,,19.70,394.00,20,89,19.70,187.00,9.35,10.35,AL85R12,
JRE Tobacco Co,img/icons/manufacturers/jre.svg,Aladino,,img/icons/brands/aladino.svg,Cameroon,Queens Perfecto,,Perfecto,5.25,46,Parejo,Honduras,Honduras,Honduras,Honduras,Natural,Medium,,,,,,,,9.60,192.00,20,89,9.60,86.00,4.30,5.30,AL13CM,
JRE Tobacco Co,img/icons/manufacturers/jre.svg,Aladino,,img/icons/brands/aladino.svg,Cameroon,Elegante,,Lancero,7.00,38,Parejo,Honduras,Honduras,Honduras,Honduras,Natural,Medium,,,,,,,,12.00,240.00,20,89,12.00,110.00,5.50,6.50,AL02CM,
JRE Tobacco Co,img/icons/manufacturers/jre.svg,Aladino,,img/icons/brands/aladino.svg,Cameroon,Gordo,,Gordo,6.50,60,Parejo,Honduras,Honduras,Honduras,Honduras,Natural,Medium,,,,,,,,13.30,266.00,20,89,13.30,123.00,6.15,7.15,AL06CM,
JRE Tobacco Co,img/icons/manufacturers/jre.svg,Aladino,,img/icons/brands/aladino.svg,Cameroon,Lonsdale,,Lonsdale,6.00,43,Parejo,Honduras,Honduras,Honduras,Honduras,Natural,Medium,,,,,,,,10.00,240.00,24,89,10.00,108.00,4.50,5.50,AL03CM,
JRE Tobacco Co,img/icons/manufacturers/jre.svg,Aladino,,img/icons/brands/aladino.svg,Cameroon,Robusto,,Robusto,5.00,50,Parejo,Honduras,Honduras,Honduras,Honduras,Natural,Medium,,,,,,,,11.60,278.40,24,89,11.60,127.20,5.30,6.30,AL04CM,
JRE Tobacco Co,img/icons/manufacturers/jre.svg,Aladino,,img/icons/brands/aladino.svg,Cameroon,Super Toro,,Toro Gordo,6.00,52,Parejo,Honduras,Honduras,Honduras,Honduras,Natural,Medium,,,,,,,,12.20,292.80,24,89,12.20,134.40,5.60,6.60,AL12CM,
JRE Tobacco Co,img/icons/manufacturers/jre.svg,Aladino,,img/icons/brands/aladino.svg,Cameroon Reserva,Toro,,Toro,6.00,52,Parejo,Honduras (Cameroon-seed),Honduras (Cameroon-seed),Honduras (Cameroon-seed),Honduras,Colorado,Medium,,,,,,,,24.00,288.00,12,89,24.00,138.00,11.50,12.50,AL12CMR,
JRE Tobacco Co,img/icons/manufacturers/jre.svg,Aladino,,img/icons/brands/aladino.svg,Candela,Toro,,Toro,6.00,50,Parejo,Honduras (Cameroon-seed),Honduras (Cameroon-seed),Honduras (Cameroon-seed),Honduras,Colorado,Medium,,,,,,,,12.00,240.00,20,89,12.00,110.00,5.50,6.50,AL12CD,
JRE Tobacco Co,img/icons/manufacturers/jre.svg,Aladino,,img/icons/brands/aladino.svg,Classic,Corona,,Corona,5.00,44,Parejo,Mexican San Andres Maduro,Corojo,Corojo,Honduras,Maduro,Medium,,,,,,,,8.90,178.00,20,89,8.90,79.00,3.95,4.95,AL07CL,
JRE Tobacco Co,img/icons/manufacturers/jre.svg,Aladino,,img/icons/brands/aladino.svg,Classic,Robusto,,Robusto,5.00,50,Parejo,Mexican San Andres Maduro,Corojo,Corojo,Honduras,Maduro,Medium,,,,,,,,11.20,224.00,20,89,11.20,102.00,5.10,6.10,AL04CL,
JRE Tobacco Co,img/icons/manufacturers/jre.svg,Aladino,,img/icons/brands/aladino.svg,Classic,Elegante,,Lancero,7.00,38,Parejo,Mexican San Andres Maduro,Corojo,Corojo,Honduras,Maduro,Medium,,,,,,,,12.00,240.00,20,89,12.00,110.00,5.50,6.50,AL02CL,
JRE Tobacco Co,img/icons/manufacturers/jre.svg,Aladino,,img/icons/brands/aladino.svg,Classic,Toro,,Toro,6.00,50,Parejo,Mexican San Andres Maduro,Corojo,Corojo,Honduras,Maduro,Medium,,,,,,,,12.20,244.00,20,89,12.20,112.00,5.60,6.60,AL12CL,
JRE Tobacco Co,img/icons/manufacturers/jre.svg,Aladino,,img/icons/brands/aladino.svg,Classic,Gordo,,Gordo,6.50,60,Parejo,Mexican San Andres Maduro,Corojo,Corojo,Honduras,Maduro,Medium,,,,,,,,12.60,252.00,20,89,12.60,116.00,5.80,6.80,AL06CL,
JRE Tobacco Co,img/icons/manufacturers/jre.svg,Aladino,,img/icons/brands/aladino.svg,Connecticut,Queens Perfecto,,Perfecto,5.25,46,Perfecto,Ecuador,Honduras,Honduras,Honduras,Claro,Mild,,,,,,,,9.60,192.00,20,89,9.60,86.00,4.30,5.30,AL13CT,
JRE Tobacco Co,img/icons/manufacturers/jre.svg,Aladino,,img/icons/brands/aladino.svg,Connecticut,Robusto,,Robusto,5.00,50,Parejo,Ecuador,Honduras,Honduras,Honduras,Claro,Mild,,,,,,,,10.90,218.00,20,89,10.90,99.00,4.95,5.95,AL04CT,
JRE Tobacco Co,img/icons/manufacturers/jre.svg,Aladino,,img/icons/brands/aladino.svg,Connecticut,Toro,,Toro,6.00,50,Parejo,Ecuador,Honduras,Honduras,Honduras,Claro,Mild,,,,,,,,11.80,236.00,20,89,11.80,108.00,5.40,6.40,AL12CT,
JRE Tobacco Co,img/icons/manufacturers/jre.svg,Aladino,,img/icons/brands/aladino.svg,Connecticut,Churchill,,Churchill,7.00,52,Parejo,Ecuador,Honduras,Honduras,Honduras,Claro,Mild,,,,,,,,12.40,248.00,20,89,12.40,114.00,5.70,6.70,AL01CT,
JRE Tobacco Co,img/icons/manufacturers/jre.svg,Aladino,,img/icons/brands/aladino.svg,Connecticut,Gordo,,Gordo,6.50,60,Parejo,Ecuador,Honduras,Honduras,Honduras,Claro,Mild,,,,,,,,12.60,252.00,20,89,12.60,116.00,5.80,6.80,AL06CT,
JRE Tobacco Co,img/icons/manufacturers/jre.svg,Aladino,,img/icons/brands/aladino.svg,Corojo Reserva,Figurado BP,,Figurado,6.25,54,Figurado,Honduras Corojo,Honduras Corojo,Honduras Corojo,Honduras,Colorado Maduro,Full ,BP,,,,,,,18.70,187.00,10,89,18.70,88.50,8.85,9.85,AL14R,
JRE Tobacco Co,img/icons/manufacturers/jre.svg,Aladino,,img/icons/brands/aladino.svg,Corojo Reserva,No. 4,,Corona,5.00,44,Parejo,Honduras Corojo,Honduras Corojo,Honduras Corojo,Honduras,Colorado Maduro,Full ,,,,,,,,12.00,240.00,20,89,12.00,110.00,5.50,6.50,AL07R,
JRE Tobacco Co,img/icons/manufacturers/jre.svg,Aladino,,img/icons/brands/aladino.svg,Corojo Reserva,Robusto,,Robusto,5.00,50,Parejo,Honduras Corojo,Honduras Corojo,Honduras Corojo,Honduras,Colorado Maduro,Full ,,,,,,,,15.20,304.00,20,89,15.20,142.00,7.10,8.10,AL04R,
JRE Tobacco Co,img/icons/manufacturers/jre.svg,Aladino,,img/icons/brands/aladino.svg,Corojo Reserva,Toro,,Toro,6.00,52,Parejo,Honduras Corojo,Honduras Corojo,Honduras Corojo,Honduras,Colorado Maduro,Full ,,,,,,,,17.20,344.00,20,89,17.20,162.00,8.10,9.10,AL12R,
JRE Tobacco Co,img/icons/manufacturers/jre.svg,Aladino,,img/icons/brands/aladino.svg,Fuma Noche,Super Toro,,Toro Gordo,6.25,54,Parejo,Maduro,,,Honduras,Maduro,Full ,,,,,,,,16.60,265.60,16,89,16.60,124.80,7.80,8.80,AL12FN,
JRE Tobacco Co,img/icons/manufacturers/jre.svg,Aladino,,img/icons/brands/aladino.svg,LE Cameroon,Toro,,Toro,6.00,52,Parejo,Cameroon,"Honduras, Undisclosed","Honduras, Undisclosed",Honduras,Colorado,Medium,,,,,,,,17.60,352.00,20,89,17.60,166.00,8.30,9.30,AL12LE,
JRE Tobacco Co,img/icons/manufacturers/jre.svg,Aladino,,img/icons/brands/aladino.svg,Aladino Maduro,Corona BP,,Corona,5.00,44,Parejo,Mexican San Andres Maduro,Honduras Corojo,Honduras Corojo,Honduras,Maduro,Medium,BP,,,,,,,8.90,178.00,20,89,8.90,79.00,3.95,4.95,AL07M,
JRE Tobacco Co,img/icons/manufacturers/jre.svg,Aladino,,img/icons/brands/aladino.svg,Aladino Maduro,Cazador BP,,Corona Extra,6.00,46,Parejo,Mexican San Andres Maduro,Honduras Corojo,Honduras Corojo,Honduras,Maduro,Medium,BP,,,,,,,10.90,218.00,20,89,10.90,99.00,4.95,5.95,AL09M,
JRE Tobacco Co,img/icons/manufacturers/jre.svg,Aladino,,img/icons/brands/aladino.svg,Aladino Maduro,Elegante,,Lancero,7.00,38,Parejo,Mexican San Andres Maduro,Honduras Corojo,Honduras Corojo,Honduras,Maduro,Medium,,,,,,,,12.00,240.00,20,89,12.00,110.00,5.50,6.50,AL02M,
JRE Tobacco Co,img/icons/manufacturers/jre.svg,Aladino,,img/icons/brands/aladino.svg,Aladino Maduro,Robusto BP,,Robusto,5.00,50,Parejo,Mexican San Andres Maduro,Honduras Corojo,Honduras Corojo,Honduras,Maduro,Medium,BP,,,,,,,12.60,252.00,20,89,12.60,116.00,5.80,6.80,AL04M,
JRE Tobacco Co,img/icons/manufacturers/jre.svg,Aladino,,img/icons/brands/aladino.svg,Aladino Maduro,Toro BP,,Toro BP,6.00,50,Parejo,Mexican San Andres Maduro,Honduras Corojo,Honduras Corojo,Honduras,Maduro,Medium,BP,,,,,,,13.60,272.00,20,89,13.60,126.00,6.30,7.30,AL12M,
JRE Tobacco Co,img/icons/manufacturers/jre.svg,Aladino,,img/icons/brands/aladino.svg,Aladino Maduro,Gordo,,Gordo,6.50,60,Parejo,Mexican San Andres Maduro,Honduras Corojo,Honduras Corojo,Honduras,Maduro,Medium,,,,,,,,14.10,282.00,20,89,14.10,131.00,6.55,7.55,AL06M,
JRE Tobacco Co,img/icons/manufacturers/jre.svg,Aladino,,img/icons/brands/aladino.svg,Aladino Natural Corojo,Patton,,Gigante,9.00,48,Parejo,Honduras Corojo,Honduras Corojo,Honduras Corojo,Honduras,Natural,Medium,,,,,,,,22.00,220.00,10,89,22.00,105.00,10.50,11.50,AL11,
JRE Tobacco Co,img/icons/manufacturers/jre.svg,Aladino,,img/icons/brands/aladino.svg,Aladino Natural Corojo,Petit Corona,,Petit Corona,4.00,40,Parejo,Honduras Corojo,Honduras Corojo,Honduras Corojo,Honduras,Natural,Medium,,,,,,,,7.70,154.00,20,89,7.70,67.00,3.35,4.35,AL08,
JRE Tobacco Co,img/icons/manufacturers/jre.svg,Aladino,,img/icons/brands/aladino.svg,Aladino Natural Corojo,Corona,,Corona,5.00,44,Parejo,Honduras Corojo,Honduras Corojo,Honduras Corojo,Honduras,Natural,Medium,,,,,,,,8.90,178.00,20,89,8.90,79.00,3.95,4.95,AL07,
JRE Tobacco Co,img/icons/manufacturers/jre.svg,Aladino,,img/icons/brands/aladino.svg,Aladino Natural Corojo,Palmas,,Corona Extra,6.00,43,Parejo,Honduras Corojo,Honduras Corojo,Honduras Corojo,Honduras,Natural,Medium,,,,,,,,9.60,192.00,20,89,9.60,86.00,4.30,5.30,AL03,
JRE Tobacco Co,img/icons/manufacturers/jre.svg,Aladino,,img/icons/brands/aladino.svg,Aladino Natural Corojo,Rothschild,,Rothschild,4.50,48,Parejo,Honduras Corojo,Honduras Corojo,Honduras Corojo,Honduras,Natural,Medium,,,,,,,,9.80,196.00,20,89,9.80,88.00,4.40,5.40,AL05,
JRE Tobacco Co,img/icons/manufacturers/jre.svg,Aladino,,img/icons/brands/aladino.svg,Aladino Natural Corojo,Cazador,,Corona Extra,6.00,46,Parejo,Honduras Corojo,Honduras Corojo,Honduras Corojo,Honduras,Natural,Medium,,,,,,,,10.90,218.00,20,89,10.90,99.00,4.95,5.95,AL09,
JRE Tobacco Co,img/icons/manufacturers/jre.svg,Aladino,,img/icons/brands/aladino.svg,Aladino Natural Corojo,Elegante,,Lancero,7.00,38,Parejo,Honduras Corojo,Honduras Corojo,Honduras Corojo,Honduras,Natural,Medium,,,,,,,,12.00,240.00,20,89,12.00,110.00,5.50,6.50,AL02,
JRE Tobacco Co,img/icons/manufacturers/jre.svg,Aladino,,img/icons/brands/aladino.svg,Aladino Natural Corojo,Robusto,,Robusto,5.00,50,Parejo,Honduras Corojo,Honduras Corojo,Honduras Corojo,Honduras,Natural,Medium,,,,,,,,12.50,250.00,20,89,12.50,115.00,5.75,6.75,AL04,
JRE Tobacco Co,img/icons/manufacturers/jre.svg,Aladino,,img/icons/brands/aladino.svg,Aladino Natural Corojo,Toro,,Toro,6.00,50,Parejo,Honduras Corojo,Honduras Corojo,Honduras Corojo,Honduras,Natural,Medium,,,,,,,,13.50,270.00,20,89,13.50,125.00,6.25,7.25,AL12,
JRE Tobacco Co,img/icons/manufacturers/jre.svg,Aladino,,img/icons/brands/aladino.svg,Aladino Natural Corojo,Churchill,,Churchill,7.00,48,Parejo,Honduras Corojo,Honduras Corojo,Honduras Corojo,Honduras,Natural,Medium,,,,,,,,14.00,280.00,20,89,14.00,130.00,6.50,7.50,AL01,
JRE Tobacco Co,img/icons/manufacturers/jre.svg,Aladino,,img/icons/brands/aladino.svg,Aladino Natural Corojo,Gordo,,Gordo,6.50,60,Parejo,Honduras Corojo,Honduras Corojo,Honduras Corojo,Honduras,Natural,Medium,,,,,,,,14.50,290.00,20,89,14.50,135.00,6.75,7.75,AL06,
JRE Tobacco Co,img/icons/manufacturers/jre.svg,Aladino,,img/icons/brands/aladino.svg,Aladino Natural Corojo,Santi,,Corona,5.50,32,Parejo,Honduras Corojo,Honduras Corojo,Honduras Corojo,Honduras,Natural,Medium,,,,,,,,7.20,360.00,50,89,7.20,155.00,3.10,4.10,AL10,
JRE Tobacco Co,img/icons/manufacturers/jre.svg,Aladino,,img/icons/brands/aladino.svg,Aladino Sampler Connecticut,Rothschild,,Rothschild,4.50,48,Parejo,,,,Honduras,,,,,,,Pack,,,,,30,89,505.00,126.00,252.00,253.00,AL05S,
JRE Tobacco Co,img/icons/manufacturers/jre.svg,Aladino,,img/icons/brands/aladino.svg,Aladino Sampler Corojo,Rothschild,,Rothschild,4.50,48,Parejo,,,,Honduras,,,,,,,Pack,,,,,30,89,505.00,126.00,252.00,253.00,AL05S,
JRE Tobacco Co,img/icons/manufacturers/jre.svg,Aladino,,img/icons/brands/aladino.svg,Aladino Sampler Vintage,Rothschild,,Rothschild,4.50,48,Parejo,,,,Honduras,,,,,,,Pack,,,,,30,89,505.00,126.00,252.00,253.00,AL05S,
JRE Tobacco Co,img/icons/manufacturers/jre.svg,Aladino,,img/icons/brands/aladino.svg,Aladino Samplers Cameroon,Toro BP,,Toro BP,,55,Parejo,,,,Honduras,,,BP,,,,Pack,,,,,110,89,1.00,10.00,,1.00,AL12BPC,
JRE Tobacco Co,img/icons/manufacturers/jre.svg,Aladino,,img/icons/brands/aladino.svg,Aladino Samplers Classic,Toro BP,,Toro BP,,55,Parejo,,,,Honduras,,,BP,,,,Pack,,,,,110,89,1.00,10.00,,1.00,AL12BPC,
JRE Tobacco Co,img/icons/manufacturers/jre.svg,Aladino,,img/icons/brands/aladino.svg,Aladino Samplers Connecticut,Toro BP,,Toro BP,,55,Parejo,,,,Honduras,,,BP,,,,Pack,,,,,110,89,1.00,10.00,,1.00,AL12BPC,
JRE Tobacco Co,img/icons/manufacturers/jre.svg,Aladino,,img/icons/brands/aladino.svg,Aladino Vintage Selection,Elegante,,Lancero,7.00,38,Parejo,Habano,Honduras Corojo,Honduras Corojo,Honduras,Maduro,Medium,,,,,,,,12.00,240.00,20,89,12.00,110.00,5.50,6.50,AL02H,
JRE Tobacco Co,img/icons/manufacturers/jre.svg,Aladino,,img/icons/brands/aladino.svg,Aladino Vintage Selection,Toro,,Toro,6.00,50,Parejo,Habano,Honduras Corojo,Honduras Corojo,Honduras,Maduro,Medium,,,,,,,,12.20,244.00,20,89,12.20,112.00,5.60,6.60,AL12H,
JRE Tobacco Co,img/icons/manufacturers/jre.svg,Aladino,,img/icons/brands/aladino.svg,Aladino Vintage Selection,Rothschild,,Rothschild,4.50,48,Parejo,Habano,Honduras Corojo,Honduras Corojo,Honduras,Maduro,Medium,,,,,,,,9.00,450.00,50,89,9.00,200.00,4.00,5.00,AL05H,
JRE Tobacco Co,img/icons/manufacturers/jre.svg,Aladino,,img/icons/brands/aladino.svg,Camp Aladino,Gorbusto Cameroon,,Short Gordo,4.50,60,Parejo,Cameroon,Honduras,Honduras,Honduras,Colorado,Medium,,,,,,,,11.60,232.00,20,89,11.60,106.00,5.30,6.30,AL15CM,
JRE Tobacco Co,img/icons/manufacturers/jre.svg,Aladino,,img/icons/brands/aladino.svg,Camp Aladino,Gorbusto Corojo,,Short Gordo,4.50,60,Parejo,Corojo,Honduras,Honduras,Honduras,Colorado,Medium,,,,,,,,11.60,232.00,20,89,11.60,106.00,5.30,6.30,AL15,
JRE Tobacco Co,img/icons/manufacturers/jre.svg,Aladino,,img/icons/brands/aladino.svg,Camp Aladino,Gorbusto Maduro,,Short Gordo,4.50,60,Parejo,Maduro,Honduras,Honduras,Honduras,Colorado,Full,,,,,,,,11.60,232.00,20,89,11.60,106.00,5.30,6.30,AL15M,
Drew Estate,img/icons/manufacturers/drewestate.svg,Ambrosia,,img/icons/brands/ambrosia.svg,Ambrosia,Clove Tiki,,Cigarillo,4.00,32,Parejo,,,,,,,,,FS,,,,,17.00,70.00,5,89,17.00,40.00,8.00,9.00,Q-01-06-013,50
Drew Estate,img/icons/manufacturers/drewestate.svg,Ambrosia,,img/icons/brands/ambrosia.svg,Ambrosia,Clove Tiki,,Cigarillo,4.00,32,Parejo,,,,,,,,,FS,Tin,,,,17.00,70.00,5,89,17.00,40.00,8.00,9.00,Q-01-06-013,50
Drew Estate,img/icons/manufacturers/drewestate.svg,Ambrosia,,img/icons/brands/ambrosia.svg,Ambrosia,Nectar,,Corona,5.00,43,Parejo,,,,,,,,,FS,,,,,10.65,216.00,24,89,10.65,115.84,4.83,5.83,Q-01-06-001,25
Drew Estate,img/icons/manufacturers/drewestate.svg,Ambrosia,,img/icons/brands/ambrosia.svg,Ambrosia,Spice,,,6.00,54,,,,,,,,,,FS,,,,,12.65,264.00,24,89,12.65,139.80,5.83,6.83,Q-01-06-004,16
Drew Estate,img/icons/manufacturers/drewestate.svg,Ambrosia,,img/icons/brands/ambrosia.svg,Ambrosia,Mother Earth,,Toro,6.00,50,Parejo,,,,,,,,,FS,,,,,12.85,268.80,24,89,12.85,142.24,5.93,6.93,Q-01-06-003,20
Arturo Fuente,img/icons/manufacturers/arturofuente.svg,Arturo Fuente,,img/icons/brands/arturofuente.svg,Brevas Royale,Its a Girl,,,5.5,42,Parejo,,Dominican Republic,Dominican Republic,Dominican Republic,,,,,,,,,,,,,,,,,,,
Arturo Fuente,img/icons/manufacturers/arturofuente.svg,Arturo Fuente,,img/icons/brands/arturofuente.svg,Brevas Royale,Corona Natural,,Corona,5.5,42,Parejo,Cameroon,Dominican Republic,Dominican Republic,Dominican Republic,Natural,Mild,,,,,,,,,,,,,,,,,
Arturo Fuente,img/icons/manufacturers/arturofuente.svg,Arturo Fuente,,img/icons/brands/arturofuente.svg,Brevas Royale,Corona Maduro,,Corona,5.5,42,Parejo,USA Connecticut Broadleaf,Dominican Republic,Dominican Republic,Dominican Republic,Maduro,Medium,,,,,,,,,,,,,,,,,
Arturo Fuente,img/icons/manufacturers/arturofuente.svg,Arturo Fuente,,img/icons/brands/arturofuente.svg,,Canones Maduro,,Gigante,8.5,52,Parejo,,Dominican Republic,Dominican Republic,Dominican Republic,,,,,,,,,,,,,,,,,,,
Arturo Fuente,img/icons/manufacturers/arturofuente.svg,Arturo Fuente,,img/icons/brands/arturofuente.svg,,Canones Natural,,Gigante,8.5,52,Parejo,,Dominican Republic,Dominican Republic,Dominican Republic,,,,,,,,,,,,,,,,,,,
Arturo Fuente,img/icons/manufacturers/arturofuente.svg,Arturo Fuente,,img/icons/brands/arturofuente.svg,Chateau Cuban Belicoso Sun Grown,,,Pyramid,5.75,52,Pyramid,Ecuadorian Sun Grown,Dominican Republic,Dominican Republic,Dominican Republic,EMS,Medium-Full,,,,,,,,,,,,,,,,,
Arturo Fuente,img/icons/manufacturers/arturofuente.svg,Arturo Fuente,,img/icons/brands/arturofuente.svg,Chateau Fuente,King B Sun Grown Torpedo,,Torpedo,6,55,Pyramid,,Dominican Republic,Dominican Republic,Dominican Republic,,,,,,,,,,,,,,,,,,,
Arturo Fuente,img/icons/manufacturers/arturofuente.svg,Arturo Fuente,,img/icons/brands/arturofuente.svg,Chateau Fuente,King T Churchill,,Churchill,7,49,Parejo,USA Connecticut Shade,Dominican Republic,Dominican Republic,Dominican Republic,Natural,Mild,,,,,,,,,,,,,,,,,
Arturo Fuente,img/icons/manufacturers/arturofuente.svg,Arturo Fuente,,img/icons/brands/arturofuente.svg,Chateau Fuente,King T Rosado Sun Grown Churchill,,Churchill,7,49,Parejo,,Dominican Republic,Dominican Republic,Dominican Republic,,,,,,,,,,,,,,,,,,,
Arturo Fuente,img/icons/manufacturers/arturofuente.svg,Arturo Fuente,,img/icons/brands/arturofuente.svg,Chateau Fuente,Maduro Robusto,,Robusto,4.5,50,Parejo,,Dominican Republic,Dominican Republic,Dominican Republic,,,,,,,,,,,,,,,,,,,
Arturo Fuente,img/icons/manufacturers/arturofuente.svg,Arturo Fuente,,img/icons/brands/arturofuente.svg,Chateau Fuente,Natural Robusto,,Robusto,4.5,50,Parejo,,Dominican Republic,Dominican Republic,Dominican Republic,,,,,,,,,,,,,,,,,,,
Arturo Fuente,img/icons/manufacturers/arturofuente.svg,Arturo Fuente,,img/icons/brands/arturofuente.svg,Chateau Fuente,Pyramid,,Pyramid,6,52,Pyramid,USA Connecticut Shade,Dominican Republic,Dominican Republic,Dominican Republic,Natural,Mild,,,,,,,,,,,,,,,,,
Arturo Fuente,img/icons/manufacturers/arturofuente.svg,Arturo Fuente,,img/icons/brands/arturofuente.svg,Chateau Fuente,Queen B Sun Grown Robusto,,Robusto,5.5,52,Parejo,,Dominican Republic,Dominican Republic,Dominican Republic,,,,,,,,,,,,,,,,,,,
Arturo Fuente,img/icons/manufacturers/arturofuente.svg,Arturo Fuente,,img/icons/brands/arturofuente.svg,Chateau Fuente,Royal Salute Maduro Double Corona,,Double Corona,7.625,54,Parejo,,Dominican Republic,Dominican Republic,Dominican Republic,,,,,,,,,,,,,,,,,,,
Arturo Fuente,img/icons/manufacturers/arturofuente.svg,Arturo Fuente,,img/icons/brands/arturofuente.svg,Chateau Fuente,Royal Salute Natural Double Corona,,Double Corona,7.625,54,Parejo,USA Connecticut Shade,Dominican Republic,Dominican Republic,Dominican Republic,Natural,Mild,,,,,,,,,,,,,,,,,
Arturo Fuente,img/icons/manufacturers/arturofuente.svg,Arturo Fuente,,img/icons/brands/arturofuente.svg,Chateau Fuente,Royal Salute Sun Grown Double Corona,,Double Corona,7.625,54,Parejo,,Dominican Republic,Dominican Republic,Dominican Republic,,,,,,,,,,,,,,,,,,,
Arturo Fuente,img/icons/manufacturers/arturofuente.svg,Arturo Fuente,,img/icons/brands/arturofuente.svg,Chateau Fuente,Sun Grown Robusto,,Robusto,4.5,50,Parejo,,Dominican Republic,Dominican Republic,Dominican Republic,,,,,,,,,,,,,,,,,,,
Arturo Fuente,img/icons/manufacturers/arturofuente.svg,Arturo Fuente,,img/icons/brands/arturofuente.svg,,Churchill Maduro Churchill,,Churchill,7.25,48,Parejo,,Dominican Republic,Dominican Republic,Dominican Republic,,,,,,,,,,,,,,,,,,,
Arturo Fuente,img/icons/manufacturers/arturofuente.svg,Arturo Fuente,,img/icons/brands/arturofuente.svg,,Churchill Natural Churchill,,Churchill,7.25,48,Parejo,,Dominican Republic,Dominican Republic,Dominican Republic,,,,,,,,,,,,,,,,,,,
Arturo Fuente,img/icons/manufacturers/arturofuente.svg,Arturo Fuente,,img/icons/brands/arturofuente.svg,,Churchill Sel D’ORO Churchill,,Churchill,7.25,48,Parejo,,Dominican Republic,Dominican Republic,Dominican Republic,,,,,,,,,,,,,,,,,,,
Arturo Fuente,img/icons/manufacturers/arturofuente.svg,Arturo Fuente,,img/icons/brands/arturofuente.svg,,Churchill XC Churchill,,Churchill,7.25,48,Parejo,,Dominican Republic,Dominican Republic,Dominican Republic,,,,,,,,,,,,,,,,,,,
Arturo Fuente,img/icons/manufacturers/arturofuente.svg,Arturo Fuente,,img/icons/brands/arturofuente.svg,,Corona Imperial Maduro,,,6.5,46,Parejo,,Dominican Republic,Dominican Republic,Dominican Republic,,,,,,,,,,,,,,,,,,,
Arturo Fuente,img/icons/manufacturers/arturofuente.svg,Arturo Fuente,,img/icons/brands/arturofuente.svg,,Corona Imperial Natural,,,6.5,46,Parejo,,Dominican Republic,Dominican Republic,Dominican Republic,,,,,,,,,,,,,,,,,,,
Arturo Fuente,img/icons/manufacturers/arturofuente.svg,Arturo Fuente,,img/icons/brands/arturofuente.svg,,Corona Imperial Sel D'ORO,,,6.5,46,Parejo,,Dominican Republic,Dominican Republic,Dominican Republic,,,,,,,,,,,,,,,,,,,
Arturo Fuente,img/icons/manufacturers/arturofuente.svg,Arturo Fuente,,img/icons/brands/arturofuente.svg,,Cuban Corona Maduro Corona Extra,,Corona Extra,5.25,45,Parejo,USA Connecticut Broadleaf,Dominican Republic,Dominican Republic,Dominican Republic,Maduro,Medium,,,,,,,,,,,,,,,,,
Arturo Fuente,img/icons/manufacturers/arturofuente.svg,Arturo Fuente,,img/icons/brands/arturofuente.svg,,Cuban Corona Natural Corona Extra,,Corona Extra,5.25,45,Parejo,Cameroon,Dominican Republic,Dominican Republic,Dominican Republic,Natural,Mild,,,,,,,,,,,,,,,,,
Arturo Fuente,img/icons/manufacturers/arturofuente.svg,Arturo Fuente,,img/icons/brands/arturofuente.svg,,Cubanitos,,Cigarillo,4.5,32,Parejo,,Dominican Republic,Dominican Republic,Dominican Republic,,,,,,,,,,,,,,,,,,,
Arturo Fuente,img/icons/manufacturers/arturofuente.svg,Arturo Fuente,,img/icons/brands/arturofuente.svg,Curly Head,Deluxe Maduro Lonsdale,,Lonsdale,6.5,43,Parejo,USA Connecticut Broadleaf,Dominican Republic,Dominican Republic,Dominican Republic,Maduro,Medium,,,,,,,,,,,,,,,,,
Arturo Fuente,img/icons/manufacturers/arturofuente.svg,Arturo Fuente,,img/icons/brands/arturofuente.svg,Curly Head,Deluxe Natural Lonsdale,,Lonsdale,6.5,43,Parejo,Cameroon,Dominican Republic,Dominican Republic,Dominican Republic,Natural,Mild,,,,,,,,,,,,,,,,,
Arturo Fuente,img/icons/manufacturers/arturofuente.svg,Arturo Fuente,,img/icons/brands/arturofuente.svg,Curly Head,Natural Lonsdale,,Lonsdale,6.375,44,Parejo,,Dominican Republic,Dominican Republic,Dominican Republic,,,,,,,,,,,,,,,,,,,
Arturo Fuente,img/icons/manufacturers/arturofuente.svg,Arturo Fuente,,img/icons/brands/arturofuente.svg,Curly Head,XC Lonsdale,,Lonsdale,6.375,44,Parejo,,Dominican Republic,Dominican Republic,Dominican Republic,,,,,,,,,,,,,,,,,,,
Arturo Fuente,img/icons/manufacturers/arturofuente.svg,Arturo Fuente,,img/icons/brands/arturofuente.svg,Don Carlos,Belicoso,,Belicoso,5.375,52,Pyramid,Cameroon,Dominican Republic,Dominican Republic,Dominican Republic,EMS,Medium-Full,,,,,,,,,,,,,,,,,
Arturo Fuente,img/icons/manufacturers/arturofuente.svg,Arturo Fuente,,img/icons/brands/arturofuente.svg,Don Carlos,Double Robusto,,Robusto Extra,5.75,52,Parejo,Cameroon,Dominican Republic,Dominican Republic,Dominican Republic,EMS,Medium-Full,,,,,,,,,,,,,,,,,
Arturo Fuente,img/icons/manufacturers/arturofuente.svg,Arturo Fuente,,img/icons/brands/arturofuente.svg,Don Carlos,Eye of the Shark,,Torpedo,5.75,52,Pyramid,Cameroon,Dominican Republic,Dominican Republic,Dominican Republic,EMS,Medium-Full,,,,,,,,,,,,,,,,,
Arturo Fuente,img/icons/manufacturers/arturofuente.svg,Arturo Fuente,,img/icons/brands/arturofuente.svg,Don Carlos,No 2 Pyramid,,Pyramid,6,44-55,Pyramid,Cameroon,Dominican Republic,Dominican Republic,Dominican Republic,EMS,Medium-Full,,,,,,,,,,,,,,,,,
Arturo Fuente,img/icons/manufacturers/arturofuente.svg,Arturo Fuente,,img/icons/brands/arturofuente.svg,Don Carlos,No 3 Corona,,Corona,5.5,44,Parejo,Cameroon,Dominican Republic,Dominican Republic,Dominican Republic,EMS,Medium-Full,,,,,,,,,,,,,,,,,
Arturo Fuente,img/icons/manufacturers/arturofuente.svg,Arturo Fuente,,img/icons/brands/arturofuente.svg,Don Carlos,No 4 Pyramid,,Pyramid,5,43,Pyramid,Cameroon,Dominican Republic,Dominican Republic,Dominican Republic,EMS,Medium-Full,,,,,,,,,,,,,,,,,
Arturo Fuente,img/icons/manufacturers/arturofuente.svg,Arturo Fuente,,img/icons/brands/arturofuente.svg,Don Carlos,Presidente,,Presidente,6.5,50,Parejo,Cameroon,Dominican Republic,Dominican Republic,Dominican Republic,EMS,Medium-Full,,,,,,,,,,,,,,,,,
Arturo Fuente,img/icons/manufacturers/arturofuente.svg,Arturo Fuente,,img/icons/brands/arturofuente.svg,Don Carlos,Robusto,,Robusto,5,50,Parejo,Cameroon,Dominican Republic,Dominican Republic,Dominican Republic,EMS,Medium-Full,,,,,,,,,,,,,,,,,
Arturo Fuente,img/icons/manufacturers/arturofuente.svg,Arturo Fuente,,img/icons/brands/arturofuente.svg,Don Carlos Personal Reserve,Robusto,,Robusto,5,50,Parejo,Cameroon,Dominican Republic,Dominican Republic,Dominican Republic,EMS,Medium-Full,,,,,,,,,,,,,,,,,
Arturo Fuente,img/icons/manufacturers/arturofuente.svg,Arturo Fuente,,img/icons/brands/arturofuente.svg,,Double Chateau Fuente Sun Grown,,Toro,6.75,50,Parejo,,Dominican Republic,Dominican Republic,Dominican Republic,,,,,,,,,,,,,,,,,,,
Arturo Fuente,img/icons/manufacturers/arturofuente.svg,Arturo Fuente,,img/icons/brands/arturofuente.svg,,Double Chateau Maduro,,Toro,6.75,50,Parejo,,Dominican Republic,Dominican Republic,Dominican Republic,Maduro,,,,,,,,,,,,,,,,,,
Arturo Fuente,img/icons/manufacturers/arturofuente.svg,Arturo Fuente,,img/icons/brands/arturofuente.svg,,Double Chateau Natural,,Toro,6.75,50,Parejo,,Dominican Republic,Dominican Republic,Dominican Republic,,,,,,,,,,,,,,,,,,,
Arturo Fuente,img/icons/manufacturers/arturofuente.svg,Arturo Fuente,,img/icons/brands/arturofuente.svg,,Especiales Cazadores,,Toro,6,50,Parejo,,Dominican Republic,Dominican Republic,Dominican Republic,,,,,,,,,,,,,,,,,,,
Arturo Fuente,img/icons/manufacturers/arturofuente.svg,Arturo Fuente,,img/icons/brands/arturofuente.svg,,Especiales Conquistadores,,Toro,5.5,56,Parejo,Dominican,Dominican Republic,Dominican Republic,Dominican Republic,EMS,Medium,,,,,,,,,,,,,,,,,
Arturo Fuente,img/icons/manufacturers/arturofuente.svg,Arturo Fuente,,img/icons/brands/arturofuente.svg,,Especiales Emperador,,Double Corona,7,52,Parejo,Ecuadorian Habano,Dominican Republic,Dominican Republic,Dominican Republic,Natural,Medium,,,,,,,,,,,,,,,,,
Arturo Fuente,img/icons/manufacturers/arturofuente.svg,Arturo Fuente,,img/icons/brands/arturofuente.svg,,Exquisitos Maduro,,Cigarillo,4.5,33,Parejo,,Dominican Republic,Dominican Republic,Dominican Republic,,,,,,,,,,,,,,,,,,,
Arturo Fuente,img/icons/manufacturers/arturofuente.svg,Arturo Fuente,,img/icons/brands/arturofuente.svg,,Exquisitos Sun Grown,,Cigarillo,4.5,33,Parejo,,Dominican Republic,Dominican Republic,Dominican Republic,,,,,,,,,,,,,,,,,,,
Arturo Fuente,img/icons/manufacturers/arturofuente.svg,Arturo Fuente,,img/icons/brands/arturofuente.svg,Flor Fina,8-5-8 Maduro,,Corona Grande,6,47,Parejo,Connecticut Broadleaf,Dominican Republic,Dominican Republic,Dominican Republic,Maduro,Medium,,,,,,,,,,,,,,,,,
Arturo Fuente,img/icons/manufacturers/arturofuente.svg,Arturo Fuente,,img/icons/brands/arturofuente.svg,Flor Fina,8-5-8 Natural,,Corona Grande,6,47,Parejo,Cameroon,Dominican Republic,Dominican Republic,Dominican Republic,Natural,Mild,,,,,,,,,,,,,,,,,
Arturo Fuente,img/icons/manufacturers/arturofuente.svg,Arturo Fuente,,img/icons/brands/arturofuente.svg,Flor Fina,8-5-8 XC Candela,,Lonsdale,6.25,47,Parejo,,Dominican Republic,Dominican Republic,Dominican Republic,Candela,,,,,,,,,,,,,,,,,,
Arturo Fuente,img/icons/manufacturers/arturofuente.svg,Arturo Fuente,,img/icons/brands/arturofuente.svg,Gran Reserva,Canones,,Gigante,8.5,52,Parejo,Cameroon,Dominican Republic,Dominican Republic,Dominican Republic,Natural,Mild-Medium,,,,,,,,,,,,,,,,,
Arturo Fuente,img/icons/manufacturers/arturofuente.svg,Arturo Fuente,,img/icons/brands/arturofuente.svg,Hemingway,Best Seller Maduro,,Perfecto,4.5,43-55,Perfecto,USA Connecticut Broadleaf,Dominican Republic,Dominican Republic,Dominican Republic,Maduro,Medium,,,,,,,,,,,,,,,,,
Arturo Fuente,img/icons/manufacturers/arturofuente.svg,Arturo Fuente,,img/icons/brands/arturofuente.svg,Hemingway,Best Seller Natural,,Perfecto,4.5,43-55,Perfecto,Cameroon,Dominican Republic,Dominican Republic,Dominican Republic,Natural,Medium,,,,,,,,,,,,,,,,,
Arturo Fuente,img/icons/manufacturers/arturofuente.svg,Arturo Fuente,,img/icons/brands/arturofuente.svg,Hemingway,Between the Lines,,Perfecto,4.5,45-54,Perfecto,"USA Connecticut Broadleaf, USA Connecticut Shade",Dominican Republic,Dominican Republic,Dominican Republic,Mixed,Medium,,,,,,,,,,,,,,,,,
Arturo Fuente,img/icons/manufacturers/arturofuente.svg,Arturo Fuente,,img/icons/brands/arturofuente.svg,Hemingway,Classic Maduro,,Presidente,7,46,Presidente,USA Connecticut Broadleaf,Dominican Republic,Dominican Republic,Dominican Republic,Maduro,Medium,,,,,,,,,,,,,,,,,
Arturo Fuente,img/icons/manufacturers/arturofuente.svg,Arturo Fuente,,img/icons/brands/arturofuente.svg,Hemingway,Classic Natural,,Presidente,7,46,Presidente,Cameroon,Dominican Republic,Dominican Republic,Dominican Republic,Natural,Medium,,,,,,,,,,,,,,,,,
Arturo Fuente,img/icons/manufacturers/arturofuente.svg,Arturo Fuente,,img/icons/brands/arturofuente.svg,Hemingway,Classic Sungrown,,Presidente,7,46,Presidente,Sun Grown,Dominican Republic,Dominican Republic,Dominican Republic,Colorado,Medium,,,,,,,,,,,,,,,,,
Arturo Fuente,img/icons/manufacturers/arturofuente.svg,Arturo Fuente,,img/icons/brands/arturofuente.svg,Hemingway,Masterpiece Maduro,,Presidente,9,52,Presidente,USA Connecticut Broadleaf,Dominican Republic,Dominican Republic,Dominican Republic,Maduro,Medium,,,,,,,,,,,,,,,,,
Arturo Fuente,img/icons/manufacturers/arturofuente.svg,Arturo Fuente,,img/icons/brands/arturofuente.svg,Hemingway,Masterpiece Natural,,Presidente,9,52,Presidente,Cameroon,Dominican Republic,Dominican Republic,Dominican Republic,Natural,Medium,,,,,,,,,,,,,,,,,
Arturo Fuente,img/icons/manufacturers/arturofuente.svg,Arturo Fuente,,img/icons/brands/arturofuente.svg,Hemingway,Short Story Maduro,,Perfecto,4,42-49,Perfecto,USA Connecticut Broadleaf,Dominican Republic,Dominican Republic,Dominican Republic,Maduro,Medium,,,,,,,,,,,,,,,,,
Arturo Fuente,img/icons/manufacturers/arturofuente.svg,Arturo Fuente,,img/icons/brands/arturofuente.svg,Hemingway,Short Story Natural,,Perfecto,4,42-49,Presidente,Cameroon,Dominican Republic,Dominican Republic,Dominican Republic,Natural,Medium,,,,,,,,,,,,,,,,,
Arturo Fuente,img/icons/manufacturers/arturofuente.svg,Arturo Fuente,,img/icons/brands/arturofuente.svg,Hemingway,Signature Maduro,,Presidente,6,46,Presidente,USA Connecticut Broadleaf,Dominican Republic,Dominican Republic,Dominican Republic,Maduro,Medium,,,,,,,,,,,,,,,,,
Arturo Fuente,img/icons/manufacturers/arturofuente.svg,Arturo Fuente,,img/icons/brands/arturofuente.svg,Hemingway,Signature Natural,,Presidente,6,46,Presidente,Cameroon,Dominican Republic,Dominican Republic,Dominican Republic,Natural,Medium,,,,,,,,,,,,,,,,,
Arturo Fuente,img/icons/manufacturers/arturofuente.svg,Arturo Fuente,,img/icons/brands/arturofuente.svg,Hemingway,Signature Sungrown,,Presidente,6,46,Presidente,Sun Grown,Dominican Republic,Dominican Republic,Dominican Republic,Colorado,Medium,,,,,,,,,,,,,,,,,
Arturo Fuente,img/icons/manufacturers/arturofuente.svg,Arturo Fuente,,img/icons/brands/arturofuente.svg,Hemingway,Untold Story Maduro,,Presidente,7.625,54,Presidente,USA Connecticut Broadleaf,Dominican Republic,Dominican Republic,Dominican Republic,Maduro,Medium,,,,,,,,,,,,,,,,,
Arturo Fuente,img/icons/manufacturers/arturofuente.svg,Arturo Fuente,,img/icons/brands/arturofuente.svg,Hemingway,Work of Art Maduro,,Perfecto,4.875,46-60,Perfecto,USA Connecticut Broadleaf,Dominican Republic,Dominican Republic,Dominican Republic,Maduro,Medium,,,,,,,,,,,,,,,,,
Arturo Fuente,img/icons/manufacturers/arturofuente.svg,Arturo Fuente,,img/icons/brands/arturofuente.svg,Hemingway,Work of Art Natural,,Perfecto,4.875,46-60,Perfecto,Cameroon,Dominican Republic,Dominican Republic,Dominican Republic,Natural,Medium,,,,,,,,,,,,,,,,,
Arturo Fuente,img/icons/manufacturers/arturofuente.svg,Arturo Fuente,,img/icons/brands/arturofuente.svg,Magnum R Rosado,44 Corona,,Corona Extra,4.875,47,Parejo,Sun Grown,Dominican Republic,Dominican Republic,Dominican Republic,Colorado,Medium,,,,,,,,,,,,,,,,,
Arturo Fuente,img/icons/manufacturers/arturofuente.svg,Arturo Fuente,,img/icons/brands/arturofuente.svg,Magnum R Rosado,52 Robusto,,Robusto,5,52,Parejo,Sun Grown,Dominican Republic,Dominican Republic,Dominican Republic,Colorado,Medium,,,,,,,,,,,,,,,,,
Arturo Fuente,img/icons/manufacturers/arturofuente.svg,Arturo Fuente,,img/icons/brands/arturofuente.svg,Magnum R Rosado,54 Toro,,Toro,6.5,54,Parejo,Sun Grown,Dominican Republic,Dominican Republic,Dominican Republic,Colorado,Medium,,,,,,,,,,,,,,,,,
Arturo Fuente,img/icons/manufacturers/arturofuente.svg,Arturo Fuente,,img/icons/brands/arturofuente.svg,Magnum R Rosado,56 Robusto,,Robusto Extra,5.625,56,Parejo,Sun Grown,Dominican Republic,Dominican Republic,Dominican Republic,Colorado,Medium,,,,,,,,,,,,,,,,,
Arturo Fuente,img/icons/manufacturers/arturofuente.svg,Arturo Fuente,,img/icons/brands/arturofuente.svg,Magnum R Rosado,58 Torpedo,,Torpedo,5.25,58,Pyramid,Sun Grown,Dominican Republic,Dominican Republic,Dominican Republic,Colorado,Medium,,,,,,,,,,,,,,,,,
Arturo Fuente,img/icons/manufacturers/arturofuente.svg,Arturo Fuente,,img/icons/brands/arturofuente.svg,Magnum R Rosado,Super 60 Gordo,,Gordo,6,60,Parejo,Sun Grown,Dominican Republic,Dominican Republic,Dominican Republic,Colorado,Medium,,,,,,,,,,,,,,,,,
Arturo Fuente,img/icons/manufacturers/arturofuente.svg,Arturo Fuente,,img/icons/brands/arturofuente.svg,,Petit Corona Maduro,,Petite Corona,5,38,Parejo,,Dominican Republic,Dominican Republic,Dominican Republic,,,,,,,,,,,,,,,,,,,
Arturo Fuente,img/icons/manufacturers/arturofuente.svg,Arturo Fuente,,img/icons/brands/arturofuente.svg,,Petit Corona Natural,,Petite Corona,5,38,Parejo,,Dominican Republic,Dominican Republic,Dominican Republic,,,,,,,,,,,,,,,,,,,
Arturo Fuente,img/icons/manufacturers/arturofuente.svg,Arturo Fuente,,img/icons/brands/arturofuente.svg,,Rothschilds Maduro,,Rothschild,4.5,50,Parejo,,Dominican Republic,Dominican Republic,Dominican Republic,,,,,,,,,,,,,,,,,,,
Arturo Fuente,img/icons/manufacturers/arturofuente.svg,Arturo Fuente,,img/icons/brands/arturofuente.svg,,Rothschilds Natural,,Rothschild,4.5,50,Parejo,,Dominican Republic,Dominican Republic,Dominican Republic,,,,,,,,,,,,,,,,,,,
Arturo Fuente,img/icons/manufacturers/arturofuente.svg,Arturo Fuente,,img/icons/brands/arturofuente.svg,,Seleccion Privada #1 EX,,,6.75,44,Parejo,,Dominican Republic,Dominican Republic,Dominican Republic,,,,,,,,,,,,,,,,,,,
Arturo Fuente,img/icons/manufacturers/arturofuente.svg,Arturo Fuente,,img/icons/brands/arturofuente.svg,,Seleccion Privada #1 Maduro,,Lonsdale,6.75,44,Parejo,,Dominican Republic,Dominican Republic,Dominican Republic,Maduro,,,,,,,,,,,,,,,,,,
Arturo Fuente,img/icons/manufacturers/arturofuente.svg,Arturo Fuente,,img/icons/brands/arturofuente.svg,,Seleccion Privada #1 Natural,,Lonsdale,6.75,44,Parejo,USA Connecticut Shade,Dominican Republic,Dominican Republic,Dominican Republic,Natural,Mild,,,,,,,,,,,,,,,,,
Arturo Fuente,img/icons/manufacturers/arturofuente.svg,Arturo Fuente,,img/icons/brands/arturofuente.svg,,Seleccion Privada #1 Sel D'ORO,,,6.75,44,Parejo,,Dominican Republic,Dominican Republic,Dominican Republic,,,,,,,,,,,,,,,,,,,
Arturo Fuente,img/icons/manufacturers/arturofuente.svg,Arturo Fuente,,img/icons/brands/arturofuente.svg,,Spanish Lonsdale Maduro,,Lonsdale,6.5,42,Parejo,,Dominican Republic,Dominican Republic,Dominican Republic,Maduro,,,,,,,,,,,,,,,,,,
Arturo Fuente,img/icons/manufacturers/arturofuente.svg,Arturo Fuente,,img/icons/brands/arturofuente.svg,,Spanish Lonsdale Natural,,Lonsdale,6.5,42,Parejo,,Dominican Republic,Dominican Republic,Dominican Republic,,,,,,,,,,,,,,,,,,,
Arturo Fuente,img/icons/manufacturers/arturofuente.svg,Arturo Fuente,,img/icons/brands/arturofuente.svg,,Spanish Lonsdale X/C,,Lonsdale,6.5,42,Parejo,,Dominican Republic,Dominican Republic,Dominican Republic,,,,,,,,,,,,,,,,,,,
Ashton Distributors,img/icons/manufacturers/ashtondistributors.svg,Ashton,,img/icons/brands/ashton.svg,Aged Maduro,No. 10 Robusto,,Robusto,5.00,50,Parejo,,,,,,,,,,,,,,15.95,398.75,25,89,15.91,186.33,7.45,8.45,,
Ashton Distributors,img/icons/manufacturers/ashtondistributors.svg,Ashton,,img/icons/brands/ashton.svg,Aged Maduro,No. 20 Corona,,Corona,5.50,44,Parejo,,,,,,,,,,,,,,15.95,398.75,25,89,15.62,182.81,7.31,8.31,,
Ashton Distributors,img/icons/manufacturers/ashtondistributors.svg,Ashton,,img/icons/brands/ashton.svg,Aged Maduro,No. 30 Lonsdale,,Lonsdale,6.75,44,Parejo,,,,,,,,,,,,,,15.95,398.75,25,89,16.69,196.17,7.85,8.85,,
Ashton Distributors,img/icons/manufacturers/ashtondistributors.svg,Ashton,,img/icons/brands/ashton.svg,Aged Maduro,No. 40 Toro,,Toro,6.00,50,Parejo,,,,,,,,,,,,,,15.95,398.75,25,89,16.75,196.88,7.88,8.88,,
Ashton Distributors,img/icons/manufacturers/ashtondistributors.svg,Ashton,,img/icons/brands/ashton.svg,Aged Maduro,No. 50 Churchill,,Churchill,7.00,48,Parejo,,,,,,,,,,,,,,15.95,398.75,25,89,17.59,207.42,8.30,9.30,,
Ashton Distributors,img/icons/manufacturers/ashtondistributors.svg,Ashton,,img/icons/brands/ashton.svg,Aged Maduro,No. 56 Toro,,Toro Gordo,6.00,56,Parejo,,,,,,,,,,,,,,15.95,398.75,25,89,19.28,228.52,9.14,10.14,,
Ashton Distributors,img/icons/manufacturers/ashtondistributors.svg,Ashton,,img/icons/brands/ashton.svg,Aged Maduro,No. 60 Gigante,,Gigante,7.50,52,Parejo,,,,,,,,,,,,,,15.95,398.75,25,89,19.00,225.00,9.00,10.00,,
Ashton Distributors,img/icons/manufacturers/ashtondistributors.svg,Ashton,,img/icons/brands/ashton.svg,Aged Maduro,Pyramid,,Pyramid,6.00,52,Parejo,,,,,,,,,,,,,,15.95,398.75,25,89,19.17,227.11,9.08,10.08,,
Ashton Distributors,img/icons/manufacturers/ashtondistributors.svg,Ashton,,img/icons/brands/ashton.svg,Ashton,8-9-8 Lonsdale,,Lonsdale,6.50,44,Parejo,Connecticut Shade,Dominican Republic,Dominican Republic,Dominican Republic,Connecticut,Mild,,,,,,,,15.95,398.75,25,89,15.79,184.92,7.40,8.40,,
Ashton Distributors,img/icons/manufacturers/ashtondistributors.svg,Ashton,,img/icons/brands/ashton.svg,Ashton,Churchill,,Churchill,7.50,52,Parejo,,,,,,,,,,,,,,15.95,398.75,25,89,17.59,207.42,8.30,9.30,,
Ashton Distributors,img/icons/manufacturers/ashtondistributors.svg,Ashton,,img/icons/brands/ashton.svg,Ashton,Cordial Corona,,Corona,5.00,30,Parejo,,,,,,,,,,,,,,15.95,398.75,25,89,12.98,149.77,5.99,6.99,,
Ashton Distributors,img/icons/manufacturers/ashtondistributors.svg,Ashton,,img/icons/brands/ashton.svg,Ashton,Corona,,Corona,5.50,44,Parejo,,,,,,,,,,,,,,15.95,398.75,25,89,14.78,172.27,6.89,7.89,,
Ashton Distributors,img/icons/manufacturers/ashtondistributors.svg,Ashton,,img/icons/brands/ashton.svg,Ashton,Crystal #1 Lonsdale Tubo,,Lonsdale,6.50,44,Parejo,,,,,,,,Tubo,,,,,,15.95,159.50,10,89,20.41,97.03,9.70,10.70,,
Ashton Distributors,img/icons/manufacturers/ashtondistributors.svg,Ashton,,img/icons/brands/ashton.svg,Ashton,Crystal Belicoso Tubo,,Belicoso,6.00,49,Belicoso,,,,,,,,Tubo,,,,,,15.95,159.50,10,89,20.69,98.44,9.84,10.84,,
Ashton Distributors,img/icons/manufacturers/ashtondistributors.svg,Ashton,,img/icons/brands/ashton.svg,Ashton,Double Magnum Toro,,Toro,6.00,50,Parejo,,,,,,,,,,,,,,15.95,398.75,25,89,17.88,210.94,8.44,9.44,,
Ashton Distributors,img/icons/manufacturers/ashtondistributors.svg,Ashton,,img/icons/brands/ashton.svg,Ashton,Esquire Maduro Tin,,Cigarillo,4.25,32,Parejo,,,,,,,,,,Tin,,,,15.95,"1,595.00",100,89,5.44,222.19,2.22,3.22,,
Ashton Distributors,img/icons/manufacturers/ashtondistributors.svg,Ashton,,img/icons/brands/ashton.svg,Ashton,Esquire Tin,,Cigarillo,4.25,32,Parejo,,,,,,,,,,Tin,,,,15.95,"1,595.00",100,89,5.44,222.19,2.22,3.22,,
Ashton Distributors,img/icons/manufacturers/ashtondistributors.svg,Ashton,,img/icons/brands/ashton.svg,Ashton,Imperial Corona Tubo,,Corona,5.50,44,Parejo,,,,,,,,Tubo,,,,,,15.95,382.80,24,89,19.56,222.75,9.28,10.28,,
Ashton Distributors,img/icons/manufacturers/ashtondistributors.svg,Ashton,,img/icons/brands/ashton.svg,Ashton,Magnum Robusto,,Robusto,5.00,50,Parejo,,,,,,,,,,,,,,15.95,398.75,25,89,15.06,175.78,7.03,8.03,,
Ashton Distributors,img/icons/manufacturers/ashtondistributors.svg,Ashton,,img/icons/brands/ashton.svg,Ashton,Majesty Toro,,Toro Gordo,6.00,56,Parejo,,,,,,,,,,,,,,15.95,398.75,25,89,19.28,228.52,9.14,10.14,,
Ashton Distributors,img/icons/manufacturers/ashtondistributors.svg,Ashton,,img/icons/brands/ashton.svg,Ashton,Monarch Toro Tubo,,Toro,6.00,50,Parejo,,,,,,,,Tubo,,,,,,15.95,382.80,24,89,22.26,255.15,10.63,11.63,,
Ashton Distributors,img/icons/manufacturers/ashtondistributors.svg,Ashton,,img/icons/brands/ashton.svg,Ashton,Panetela,,Panetela,6.00,36,Parejo,,,,,,,,,,,,,,15.95,398.75,25,89,14.22,165.23,6.61,7.61,,
Ashton Distributors,img/icons/manufacturers/ashtondistributors.svg,Ashton,,img/icons/brands/ashton.svg,Ashton,Prime Minister Churchill,,Churchill,6.88,48,Parejo,,,,,,,,,,,,,,15.95,398.75,25,89,17.03,200.39,8.02,9.02,,
Ashton Distributors,img/icons/manufacturers/ashtondistributors.svg,Ashton,,img/icons/brands/ashton.svg,Ashton,Sovereign Pyramid,,Pyramid,6.75,55,Parejo,,,,,,,,,,,,,,15.95,398.75,25,89,18.55,219.38,8.78,9.78,,
Ashton Distributors,img/icons/manufacturers/ashtondistributors.svg,Ashton,,img/icons/brands/ashton.svg,Cabinet Selection,#1 Perfecto,,Perfecto,9.00,52,Perfecto,Connecticut Shade,Dominican Republic,Dominican Republic,Dominican Republic,Connecticut,Mild-Medium,,,,,,,,15.95,159.50,10,89,32.78,158.91,15.89,16.89,,
Ashton Distributors,img/icons/manufacturers/ashtondistributors.svg,Ashton,,img/icons/brands/ashton.svg,Cabinet Selection,#10 Perfecto,,Perfecto,7.50,52,Perfecto,Connecticut Shade,Dominican Republic,Dominican Republic,Dominican Republic,Connecticut,Mild-Medium,,,,,,,,15.95,319.00,20,89,26.03,250.31,12.52,13.52,,
Ashton Distributors,img/icons/manufacturers/ashtondistributors.svg,Ashton,,img/icons/brands/ashton.svg,Cabinet Selection,#2 Perfecto,,Perfecto,7.00,48,Perfecto,Connecticut Shade,Dominican Republic,Dominican Republic,Dominican Republic,Connecticut,Mild-Medium,,,,,,,,15.95,319.00,20,89,22.94,219.38,10.97,11.97,,
Ashton Distributors,img/icons/manufacturers/ashtondistributors.svg,Ashton,,img/icons/brands/ashton.svg,Cabinet Selection,#3 Perfecto,,Perfecto,6.00,46,Perfecto,Connecticut Shade,Dominican Republic,Dominican Republic,Dominican Republic,Connecticut,Mild-Medium,,,,,,,,15.95,319.00,20,89,20.97,199.69,9.98,10.98,,
Ashton Distributors,img/icons/manufacturers/ashtondistributors.svg,Ashton,,img/icons/brands/ashton.svg,Cabinet Selection,#4 Corona Gorda,,Corona Gorda,5.75,46,Parejo,Connecticut Shade,Dominican Republic,Dominican Republic,Dominican Republic,Connecticut,Mild-Medium,,,,,,,,15.95,398.75,25,89,17.03,200.39,8.02,9.02,,
Ashton Distributors,img/icons/manufacturers/ashtondistributors.svg,Ashton,,img/icons/brands/ashton.svg,Cabinet Selection,#6 Robusto,,Robusto Extra,5.50,50,Parejo,Connecticut Shade,Dominican Republic,Dominican Republic,Dominican Republic,Connecticut,Mild-Medium,,,,,,,,15.95,398.75,25,89,18.72,221.48,8.86,9.86,,
Ashton Distributors,img/icons/manufacturers/ashtondistributors.svg,Ashton,,img/icons/brands/ashton.svg,Cabinet Selection,#7 Toro,,Toro Extra,6.25,52,Parejo,Connecticut Shade,Dominican Republic,Dominican Republic,Dominican Republic,Connecticut,Mild-Medium,,,,,,,,15.95,398.75,25,89,19.28,228.52,9.14,10.14,,
Ashton Distributors,img/icons/manufacturers/ashtondistributors.svg,Ashton,,img/icons/brands/ashton.svg,Cabinet Selection,#8 Churchill,,Churchill,7.00,49,Parejo,Connecticut Shade,Dominican Republic,Dominican Republic,Dominican Republic,Connecticut,Mild-Medium,,,,,,,,15.95,398.75,25,89,19.00,225.00,9.00,10.00,,
Ashton Distributors,img/icons/manufacturers/ashtondistributors.svg,Ashton,,img/icons/brands/ashton.svg,Cabinet Selection,Belicoso,,Belicoso,5.25,52,Belicoso,,,,,,,,,,,,,,15.95,398.75,25,89,17.31,203.91,8.16,9.16,,
Ashton Distributors,img/icons/manufacturers/ashtondistributors.svg,Ashton,,img/icons/brands/ashton.svg,Cabinet Selection,Pyramid,,Pyramid,6.00,52,Parejo,,,,,,,,,,,,,,15.95,398.75,25,89,18.89,223.59,8.94,9.94,,
Ashton Distributors,img/icons/manufacturers/ashtondistributors.svg,Ashton,,img/icons/brands/ashton.svg,Cabinet Selection,Tres Petit Corona,,Petit Corona,4.38,42,Parejo,,,,,,,,,,,,,,15.95,398.75,25,89,16.75,196.88,7.88,8.88,,
Ashton Distributors,img/icons/manufacturers/ashtondistributors.svg,Ashton,,img/icons/brands/ashton.svg,Estate Sun Grown,21 Year Salute Robusto,,Robusto Extra,5.25,52,Parejo,,,,,,,,,,,,,,15.95,398.75,25,89,32.50,393.75,15.75,16.75,,
Ashton Distributors,img/icons/manufacturers/ashtondistributors.svg,Ashton,,img/icons/brands/ashton.svg,Estate Sun Grown,20 Year Salute Churchill,,Churchill,6.75,49,Parejo,,,,,,,,,,,,,,15.95,398.75,25,89,34.19,414.84,16.59,17.59,,
Ashton Distributors,img/icons/manufacturers/ashtondistributors.svg,Ashton,,img/icons/brands/ashton.svg,Estate Sun Grown,23 Year Salute Toro,,Toro Extra,6.25,52,Parejo,,,,,,,,,,,,,,15.95,398.75,25,89,34.75,421.88,16.88,17.88,,
Ashton Distributors,img/icons/manufacturers/ashtondistributors.svg,Ashton,,img/icons/brands/ashton.svg,Estate Sun Grown,22 Year Salute Pyramid,,Pyramid,6.00,52,Parejo,,,,,,,,,,,,,,15.95,398.75,25,89,35.03,425.39,17.02,18.02,,
Ashton Distributors,img/icons/manufacturers/ashtondistributors.svg,Ashton,,img/icons/brands/ashton.svg,Estate Sun Grown,24 Year Salute Perfecto,,Perfecto,6.63,48,Perfecto,,,,,,,,,,,,,,15.95,398.75,25,89,35.88,435.94,17.44,18.44,,
Ashton Distributors,img/icons/manufacturers/ashtondistributors.svg,Ashton,,img/icons/brands/ashton.svg,Heritage Puro Sol,Belicoso #2,,Belicoso,4.88,49,Belicoso,,,,,,,,,,,,,,15.95,398.75,25,89,17.03,200.39,8.02,9.02,,
Ashton Distributors,img/icons/manufacturers/ashtondistributors.svg,Ashton,,img/icons/brands/ashton.svg,Heritage Puro Sol,Churchill,,Churchill,6.75,48,Parejo,,,,,,,,,,,,,,15.95,398.75,25,89,18.10,213.75,8.55,9.55,,
Ashton Distributors,img/icons/manufacturers/ashtondistributors.svg,Ashton,,img/icons/brands/ashton.svg,Heritage Puro Sol,Corona Gorda,,Corona Gorda,5.75,46,Parejo,,,,,,,,,,,,,,15.95,398.75,25,89,17.42,205.31,8.21,9.21,,
Ashton Distributors,img/icons/manufacturers/ashtondistributors.svg,Ashton,,img/icons/brands/ashton.svg,Heritage Puro Sol,Double Corona,,Double Corona,7.00,52,Parejo,,,,,,,,,,,,,,15.95,398.75,25,89,20.07,238.36,9.53,10.53,,
Ashton Distributors,img/icons/manufacturers/ashtondistributors.svg,Ashton,,img/icons/brands/ashton.svg,Heritage Puro Sol,Robusto,,Robusto,5.50,50,Parejo,,,,,,,,,,,,,,15.95,398.75,25,89,17.03,200.39,8.02,9.02,,
Ashton Distributors,img/icons/manufacturers/ashtondistributors.svg,Ashton,,img/icons/brands/ashton.svg,Premium House Selection,Gordo,,Gordo,6.00,60,Parejo,,,,,,,,,,,,,,15.95,797.50,50,89,7.50,162.50,3.25,4.25,,
Ashton Distributors,img/icons/manufacturers/ashtondistributors.svg,Ashton,,img/icons/brands/ashton.svg,Premium House Selection,Robusto,,Robusto,5.00,50,Parejo,,,,,,,,,,,,,,15.95,"1,595.00",100,89,6.00,250.00,2.50,3.50,,
Ashton Distributors,img/icons/manufacturers/ashtondistributors.svg,Ashton,,img/icons/brands/ashton.svg,Premium House Selection,Toro,,Toro,6.00,50,Parejo,,,,,,,,,,,,,,15.95,"1,595.00",100,89,6.25,262.50,2.63,3.63,,
Ashton Distributors,img/icons/manufacturers/ashtondistributors.svg,Ashton,,img/icons/brands/ashton.svg,Premium House Selection,Churchill,,Churchill,7.00,50,Parejo,,,,,,,,,,,,,,15.95,"1,595.00",100,89,6.50,275.00,2.75,3.75,,
Ashton Distributors,img/icons/manufacturers/ashtondistributors.svg,Ashton,,img/icons/brands/ashton.svg,Samplers,Ashton 5-Cigar Sampler,,Sampler,0.00,0,,,,,,,,,,,,Pack,,,,,5,89,17.71,41.77,8.35,9.35,,
Ashton Distributors,img/icons/manufacturers/ashtondistributors.svg,Ashton,,img/icons/brands/ashton.svg,Samplers,Ashton VSG Sampler,,Sampler,0.00,0,,,,,,,,,,,,Pack,,,,,5,89,21.48,51.19,10.24,11.24,,
Ashton Distributors,img/icons/manufacturers/ashtondistributors.svg,Ashton,,img/icons/brands/ashton.svg,Samplers,Ashton 10-Cigar Sampler,,Sampler,0.00,0,,,,,,,,,,,,Pack,,,,,10,89,17.50,82.49,8.25,9.25,,
Ashton Distributors,img/icons/manufacturers/ashtondistributors.svg,Ashton,,img/icons/brands/ashton.svg,Small Cigars,Senoritas,,Cigarillo,3.50,30,Parejo,,,,,,,,,,,,,,,,50,89,3.38,59.50,1.19,2.19,,
Ashton Distributors,img/icons/manufacturers/ashtondistributors.svg,Ashton,,img/icons/brands/ashton.svg,Small Cigars,Half Corona,,Half Corona,4.13,37,Parejo,,,,,,,,,,,,,,,,50,89,4.12,78.00,1.56,2.56,,
Ashton Distributors,img/icons/manufacturers/ashtondistributors.svg,Ashton,,img/icons/brands/ashton.svg,Small Cigars,Cigarillos (10),,Cigarillo,3.75,26,Parejo,,,,,,,,,,Tin,,,,,,100,89,3.12,106.00,1.06,2.06,,
Ashton Distributors,img/icons/manufacturers/ashtondistributors.svg,Ashton,,img/icons/brands/ashton.svg,Small Cigars,Senoritas (10),,Cigarillo,3.50,30,Parejo,,,,,,,,,,Tin,,,,,,100,89,3.38,119.00,1.19,2.19,,
Ashton Distributors,img/icons/manufacturers/ashtondistributors.svg,Ashton,,img/icons/brands/ashton.svg,Small Cigars,Mini Cigarillos (20),,Cigarillo,3.25,20,Parejo,,,,,,,,,,Tin,,,,,,200,89,2.39,139.00,0.70,1.70,,
Ashton Distributors,img/icons/manufacturers/ashtondistributors.svg,Ashton,,img/icons/brands/ashton.svg,Symmetry,Belicoso,,Belicoso,5.25,52,Belicoso,,,,,,,,,,,,,,15.95,398.75,25,89,20.69,246.09,9.84,10.84,,
Ashton Distributors,img/icons/manufacturers/ashtondistributors.svg,Ashton,,img/icons/brands/ashton.svg,Symmetry,Prism Corona,,Corona,5.63,46,Parejo,,,,,,,,,,,,,,15.95,398.75,25,89,19.84,235.55,9.42,10.42,,
Ashton Distributors,img/icons/manufacturers/ashtondistributors.svg,Ashton,,img/icons/brands/ashton.svg,Symmetry,Robusto,,Robusto,5.00,50,Parejo,,,,,,,,,,,,,,15.95,398.75,25,89,20.41,242.58,9.70,10.70,,
Ashton Distributors,img/icons/manufacturers/ashtondistributors.svg,Ashton,,img/icons/brands/ashton.svg,Symmetry,Sublime Toro,,Toro,6.00,52,Parejo,,,,,,,,,,,,,,15.95,398.75,25,89,21.25,253.13,10.13,11.13,,
Ashton Distributors,img/icons/manufacturers/ashtondistributors.svg,Ashton,,img/icons/brands/ashton.svg,Symmetry,Prestige Churchill,,Churchill,6.75,49,Parejo,,,,,,,,,,,,,,15.95,398.75,25,89,21.81,260.16,10.41,11.41,,
Ashton Distributors,img/icons/manufacturers/ashtondistributors.svg,Ashton,,img/icons/brands/ashton.svg,Virgin Sun Grown,Belicoso #1,,Belicoso,5.25,52,Belicoso,,,,,,,,,,,,,,15.95,382.80,24,89,19.28,219.38,9.14,10.14,,
Ashton Distributors,img/icons/manufacturers/ashtondistributors.svg,Ashton,,img/icons/brands/ashton.svg,Virgin Sun Grown,Corona Gorda,,Corona Gorda,5.75,46,Parejo,,,,,,,,,,,,,,15.95,382.80,24,89,18.72,212.63,8.86,9.86,,
Ashton Distributors,img/icons/manufacturers/ashtondistributors.svg,Ashton,,img/icons/brands/ashton.svg,Virgin Sun Grown,Eclipse Toro Tubo,,Toro,6.00,52,Parejo,,,,,,,,Tubo,,,,,,15.95,382.80,24,89,23.50,270.00,11.25,12.25,,
Ashton Distributors,img/icons/manufacturers/ashtondistributors.svg,Ashton,,img/icons/brands/ashton.svg,Virgin Sun Grown,Enchantment Perfecto,,Perfecto,4.38,60,Perfecto,,,,,,,,,,,,,,15.95,350.90,22,89,20.97,219.66,9.98,10.98,,
Ashton Distributors,img/icons/manufacturers/ashtondistributors.svg,Ashton,,img/icons/brands/ashton.svg,Virgin Sun Grown,Illusion Lonsdale,,Lonsdale,6.50,44,Parejo,,,,,,,,,,,,,,15.95,382.80,24,89,18.83,213.98,8.92,9.92,,
Ashton Distributors,img/icons/manufacturers/ashtondistributors.svg,Ashton,,img/icons/brands/ashton.svg,Virgin Sun Grown,Pegasus Robusto,,Robusto Gordo,5.00,54,Parejo,,,,,,,,,,,,,,19.90,398.00,20,89,19.90,189.00,9.45,10.45,,
Ashton Distributors,img/icons/manufacturers/ashtondistributors.svg,Ashton,,img/icons/brands/ashton.svg,Virgin Sun Grown,Robusto,,Robusto,5.50,50,Parejo,,,,,,,,,,,,,,16.25,390.00,24,89,19.00,216.00,9.00,10.00,,
Ashton Distributors,img/icons/manufacturers/ashtondistributors.svg,Ashton,,img/icons/brands/ashton.svg,Virgin Sun Grown,Sorcerer Churchill,,Churchill,7.00,49,Parejo,,,,,,,,,,,,,,19.55,469.20,24,89,20.41,232.88,9.70,10.70,,
Ashton Distributors,img/icons/manufacturers/ashtondistributors.svg,Ashton,,img/icons/brands/ashton.svg,Virgin Sun Grown,Spellbound Double Corona,,Double Corona,7.50,54,Parejo,,,,,,,,,,,,,,20.55,493.20,24,89,23.33,267.98,11.17,12.17,,
Ashton Distributors,img/icons/manufacturers/ashtondistributors.svg,Ashton,,img/icons/brands/ashton.svg,Virgin Sun Grown,Torpedo,,Torpedo,6.50,55,Torpedo,,,,,,,,,,,,,,22.09,530.26,24,89,22.09,253.13,10.55,11.55,,
Ashton Distributors,img/icons/manufacturers/ashtondistributors.svg,Ashton,,img/icons/brands/ashton.svg,Virgin Sun Grown,Tres Mystique Petit Corona ,,Petit Corona,4.38,44,Parejo,,,,,,,,,,,,,,14.65,351.60,24,89,17.88,202.50,8.44,9.44,,
Ashton Distributors,img/icons/manufacturers/ashtondistributors.svg,Ashton,,img/icons/brands/ashton.svg,Virgin Sun Grown,Wizard Toro,,Toro Gordo,6.00,56,Parejo,,,,,,,,,,,,,,19.35,715.95,37,89,22.38,395.44,10.69,11.69,,
Ashton Distributors,img/icons/manufacturers/ashtondistributors.svg,Ashton,,img/icons/brands/ashton.svg,Small Cigars,Half Corona Sampler (5),,Sampler,4.13,37,,,,,,,,,,,,Pack,,,,,50,89,4.12,78.00,1.56,2.56,,
CLE,img/icons/manufacturers/cle.svg,Asylum 13,,img/icons/brands/asylum13.svg,,April Fool's Day 9x90,,Gigante,9.00,90,Gigante,Honduras,Honduras,Honduras,Honduras,Maduro,Full,,,,,,,,,,,,,,,,,
CLE,img/icons/manufacturers/cle.svg,Asylum 13,,img/icons/brands/asylum13.svg,,Asylum 13 6x80,,Gigante,6.00,80,Gigante,Nicaragua,Nicaragua,Nicaragua,Nicaragua,Maduro,Medium,,,,,,,,,,,,,,,,,
CLE,img/icons/manufacturers/cle.svg,Asylum 13,,img/icons/brands/asylum13.svg,,Asylum 13 8x80,,Gigante,8.00,80,Gigante,Nicaragua,Nicaragua,Nicaragua,Nicaragua,Maduro,Medium,,,,,,,,,,,,,,,,,
CLE,img/icons/manufacturers/cle.svg,Asylum 13,,img/icons/brands/asylum13.svg,,Asylum 13 Connecticut 6x60,,Gordo,6.00,60,Parejo,Ecuadorian Connecticut Shade,Honduras,Honduras,Honduras,Connecticut,Mild,,,,,,,,,,,,,,,,,
CLE,img/icons/manufacturers/cle.svg,Asylum 13,,img/icons/brands/asylum13.svg,,Asylum 13 Connecticut 7x70,,Gigante,7.00,70,Parejo,Ecuadorian Connecticut Shade,Honduras,Honduras,Honduras,Connecticut,Mild,,,,,,,,,,,,,,,,,
CLE,img/icons/manufacturers/cle.svg,Asylum 13,,img/icons/brands/asylum13.svg,,Asylum 13 Connecticut Robusto,,Robusto,5.00,50,Parejo,Ecuadorian Connecticut Shade,Honduras,Honduras,Honduras,Connecticut,Mild,,,,,,,,,,,,,,,,,
CLE,img/icons/manufacturers/cle.svg,Asylum 13,,img/icons/brands/asylum13.svg,,Asylum 13 Connecticut Toro,,Toro,6.00,52,Parejo,Ecuadorian Connecticut Shade,Honduras,Honduras,Honduras,Connecticut,Mild,,,,,,,,,,,,,,,,,
CLE,img/icons/manufacturers/cle.svg,Asylum 13,,img/icons/brands/asylum13.svg,,Asylum 13 Ogre 11/18 Super,,Perfecto,,,Perfecto,Nicaragua,Nicaragua,Nicaragua,Nicaragua,Mixed,Medium,,,,,,,,,,,,,,,,,
CLE,img/icons/manufacturers/cle.svg,Asylum 13,,img/icons/brands/asylum13.svg,,Asylum 13 Ogre 38x7 Lancero,,Lancero,7.00,38,Pigtail Parejo,Nicaragua,Nicaragua,Nicaragua,Nicaragua,Mixed,Medium,,,,,,,,,,,,,,,,,
CLE,img/icons/manufacturers/cle.svg,Asylum 13,,img/icons/brands/asylum13.svg,,Asylum 13 Ogre 50x5,,Robusto,5.00,50,Parejo,Nicaragua,Nicaragua,Nicaragua,Nicaragua,Mixed,Medium,,,,,,,,,,,,,,,,,
CLE,img/icons/manufacturers/cle.svg,Asylum 13,,img/icons/brands/asylum13.svg,,Asylum 13 Ogre 52x6,,Toro,6.00,52,Parejo,Nicaragua,Nicaragua,Nicaragua,Nicaragua,Mixed,Medium,,,,,,,,,,,,,,,,,
CLE,img/icons/manufacturers/cle.svg,Asylum 13,,img/icons/brands/asylum13.svg,,Asylum 13 Ogre 60x6,,Gordo,6.00,60,Parejo,Nicaragua,Nicaragua,Nicaragua,Nicaragua,Mixed,Medium,,,,,,,,,,,,,,,,,
CLE,img/icons/manufacturers/cle.svg,Asylum 13,,img/icons/brands/asylum13.svg,,Asylum 13 Ogre 70x7,,Gigante,7.00,70,Parejo,Nicaragua,Nicaragua,Nicaragua,Nicaragua,Mixed,Medium,,,,,,,,,,,,,,,,,
CLE,img/icons/manufacturers/cle.svg,Asylum 13,,img/icons/brands/asylum13.svg,,Asylum 13 Ogre 80x6,,Gigante,6.00,80,Parejo,Nicaragua,Nicaragua,Nicaragua,Nicaragua,Mixed,Medium,,,,,,,,,,,,,,,,,
CLE,img/icons/manufacturers/cle.svg,Asylum 13,,img/icons/brands/asylum13.svg,,Asylum 13 Ogre 80x8,,Gigante,8.00,80,Parejo,Nicaragua,Nicaragua,Nicaragua,Nicaragua,Mixed,Medium,,,,,,,,,,,,,,,,,
CLE,img/icons/manufacturers/cle.svg,Asylum 13,,img/icons/brands/asylum13.svg,,Asylum 13 PCA Exclusive Gordo,,Gordo,6.00,60,Parejo,Habano Honduran,Honduras,Honduras,Honduras,Maduro,Full,,,,,,,,,,,,,,,,,
CLE,img/icons/manufacturers/cle.svg,Asylum 13,,img/icons/brands/asylum13.svg,,Asylum 13 PCA Exclusive Perfecto,,Perfecto,6.25,1,Perfecto,Habano Honduran,Honduras,Honduras,Honduras,Maduro,Full,,,,,,,,,,,,,,,,,
CLE,img/icons/manufacturers/cle.svg,Asylum 13,,img/icons/brands/asylum13.svg,,Asylum 13 PCA Exclusive Robusto,,Robusto,5.00,50,Parejo,Habano Honduran,Honduras,Honduras,Honduras,Maduro,Full,,,,,,,,,,,,,,,,,
CLE,img/icons/manufacturers/cle.svg,Asylum 13,,img/icons/brands/asylum13.svg,,Asylum 13 Robusto,,Robusto,5.00,50,Parejo,Nicaragua,Nicaragua,Nicaragua,Nicaragua,Maduro,Medium,,,,,,,,,,,,,,,,,
CLE,img/icons/manufacturers/cle.svg,Asylum 13,,img/icons/brands/asylum13.svg,,Asylum 13 Seventy 7x70,,Gigante,7.00,70,Gigante,Nicaragua,Nicaragua,Nicaragua,Nicaragua,Maduro,Full,,,,,,,,,,,,,,,,,
CLE,img/icons/manufacturers/cle.svg,Asylum 13,,img/icons/brands/asylum13.svg,,Asylum 13 Sixty 6x60,,Gordo,6.00,60,Parejo,Nicaragua,Nicaragua,Nicaragua,Nicaragua,Maduro,Full,,,,,,,,,,,,,,,,,
CLE,img/icons/manufacturers/cle.svg,Asylum 13,,img/icons/brands/asylum13.svg,,Asylum 13 Toro,,Toro,6.00,52,Parejo,Nicaragua,Nicaragua,Nicaragua,Nicaragua,Maduro,Medium,,,,,,,,,,,,,,,,,
CLE,img/icons/manufacturers/cle.svg,Asylum 13,,img/icons/brands/asylum13.svg,,Asylum Eight Limited Edition 11/18,,Perfecto,6.00,54,Perfecto,Honduras,Honduras,Honduras,Honduras,Maduro,Medium,,,,,,,,,,,,,,,,,
CLE,img/icons/manufacturers/cle.svg,Asylum 13,,img/icons/brands/asylum13.svg,,Asylum Nine Limited Edition 11/18,,Perfecto,6.00,54,Perfecto,Honduras,Honduras,Honduras,Honduras,Maduro,Full,,,,,,,,,,,,,,,,,
CLE,img/icons/manufacturers/cle.svg,Asylum 13,,img/icons/brands/asylum13.svg,,Asylum Seven Limited Edition 11/18,,Perfecto,6.00,54,Perfecto,Nicaragua,Honduras,Honduras,Honduras,Maduro,,,,,,,,,,,,,,,,,,
CLE,img/icons/manufacturers/cle.svg,Asylum 13,,img/icons/brands/asylum13.svg,,Authentic Corojo 6x80,,Gigante,6.00,80,Parejo,Honduras,Honduras,Honduras,Honduras,Natural,Full,,,,,,,,,,,,,,,,,
CLE,img/icons/manufacturers/cle.svg,Asylum 13,,img/icons/brands/asylum13.svg,,Authentic Corojo 7x70,,Gigante,7.00,70,Parejo,Honduras,Honduras,Honduras,Honduras,Natural,Full,,,,,,,,,,,,,,,,,
CLE,img/icons/manufacturers/cle.svg,Asylum 13,,img/icons/brands/asylum13.svg,,Authentic Corojo 8x80,,Gigante,8.00,80,Parejo,Honduras,Honduras,Honduras,Honduras,Natural,Full,,,,,,,,,,,,,,,,,
CLE,img/icons/manufacturers/cle.svg,Asylum 13,,img/icons/brands/asylum13.svg,,Authentic Corojo Gigante 6x60,,Gigante,6.00,70,Parejo,Honduras,Honduras,Honduras,Honduras,Natural,Full,,,,,,,,,,,,,,,,,
CLE,img/icons/manufacturers/cle.svg,Asylum 13,,img/icons/brands/asylum13.svg,,Authentic Corojo Gordo,,Gordo,6.00,60,Parejo,Honduras,Honduras,Honduras,Honduras,Natural,Full,,,,,,,,,,,,,,,,,
CLE,img/icons/manufacturers/cle.svg,Asylum 13,,img/icons/brands/asylum13.svg,,Authentic Corojo Perfecto,,Perfecto,8.00,70,Perfecto,Honduras,Honduras,Honduras,Honduras,Natural,Full,,,,,,,,,,,,,,,,,
CLE,img/icons/manufacturers/cle.svg,Asylum 13,,img/icons/brands/asylum13.svg,,Authentic Corojo Robusto,,Robusto,5.00,50,Parejo,Honduras,Honduras,Honduras,Honduras,Natural,Full,,,,,,,,,,,,,,,,,
CLE,img/icons/manufacturers/cle.svg,Asylum 13,,img/icons/brands/asylum13.svg,,Authentic Corojo Toro,,Toro,6.00,52,Parejo,Honduras,Honduras,Honduras,Honduras,Natural,Full,,,,,,,,,,,,,,,,,
CLE,img/icons/manufacturers/cle.svg,Asylum 13,,img/icons/brands/asylum13.svg,,Bigtime Tommie 7x70,,Gigante,7.00,70,Gigante,Nicaragua,Nicaragua,Nicaragua,Nicaragua,Maduro,Full,,,,,,,,,,,,,,,,,
CLE,img/icons/manufacturers/cle.svg,Asylum 13,,img/icons/brands/asylum13.svg,,Friday The 13th Corona,,Corona,6.00,46,Parejo,Undisclosed,Undisclosed,Undisclosed,Honduras,Colorado,Medium,,,,,,,,,,,,,,,,,
CLE,img/icons/manufacturers/cle.svg,Asylum 13,,img/icons/brands/asylum13.svg,,Friday The 13th Figurado,,Figurado,5.25,46,Figurado,Undisclosed,Undisclosed,Undisclosed,Honduras,Colorado,Medium,,,,,,,,,,,,,,,,,
CLE,img/icons/manufacturers/cle.svg,Asylum 13,,img/icons/brands/asylum13.svg,,Friday The 13th Robusto,,Robusto,5.00,50,Parejo,Undisclosed,Undisclosed,Undisclosed,Honduras,Colorado,Medium,,,,,,,,,,,,,,,,,
CLE,img/icons/manufacturers/cle.svg,Asylum 13,,img/icons/brands/asylum13.svg,,Insidious Connecticut 6x44,,Corona,6.00,44,Parejo,Ecuadorian Connecticut Shade,Honduras,Honduras,Honduras,Connecticut,Mild,,,,,,,,,,,,,,,,,
CLE,img/icons/manufacturers/cle.svg,Asylum 13,,img/icons/brands/asylum13.svg,,Insidious Connecticut 6x60,,Gordo,6.00,60,Parejo,Ecuadorian Connecticut Shade,Honduras,Honduras,Honduras,Connecticut,Mild,,,,,,,,,,,,,,,,,
CLE,img/icons/manufacturers/cle.svg,Asylum 13,,img/icons/brands/asylum13.svg,,Insidious Connecticut Churchill,,Churchill,7.00,48,Parejo,Ecuadorian Connecticut Shade,Honduras,Honduras,Honduras,Connecticut,Mild,,,,,,,,,,,,,,,,,
CLE,img/icons/manufacturers/cle.svg,Asylum 13,,img/icons/brands/asylum13.svg,,Insidious Connecticut Robusto,,Robusto,5.00,50,Parejo,Ecuadorian Connecticut Shade,Honduras,Honduras,Honduras,Connecticut,Mild,,,,,,,,,,,,,,,,,
CLE,img/icons/manufacturers/cle.svg,Asylum 13,,img/icons/brands/asylum13.svg,,Insidious Connecticut Toro,,Toro,6.00,52,Parejo,Ecuadorian Connecticut Shade,Honduras,Honduras,Honduras,Connecticut,Mild,,,,,,,,,,,,,,,,,
CLE,img/icons/manufacturers/cle.svg,Asylum 13,,img/icons/brands/asylum13.svg,,Insidious Habano 6x43,,Corona,6.00,43,Parejo,Habano,Honduras,Honduras,Honduras,Colorado,Medium-Full,,,,,,,,,,,,,,,,,
CLE,img/icons/manufacturers/cle.svg,Asylum 13,,img/icons/brands/asylum13.svg,,Insidious Habano Churchill,,Churchill,7.00,48,Parejo,Habano,Honduras,Honduras,Honduras,Colorado,Medium-Full,,,,,,,,,,,,,,,,,
CLE,img/icons/manufacturers/cle.svg,Asylum 13,,img/icons/brands/asylum13.svg,,Insidious Habano Robusto,,Robusto,5.00,50,Parejo,Habano,Honduras,Honduras,Honduras,Colorado,Medium-Full,,,,,,,,,,,,,,,,,
CLE,img/icons/manufacturers/cle.svg,Asylum 13,,img/icons/brands/asylum13.svg,,Insidious Habano Robusto,,Short Robusto,4.50,48,Parejo,Habano,Honduras,Honduras,Honduras,Colorado,Medium-Full,,,,,,,,,,,,,,,,,
CLE,img/icons/manufacturers/cle.svg,Asylum 13,,img/icons/brands/asylum13.svg,,Insidious Maduro 7x64,,Gigante,7.00,64,Parejo,Mexican San Andres Maduro,Honduras,Honduras,Honduras,Maduro,Medium,,,,,,,,,,,,,,,,,
CLE,img/icons/manufacturers/cle.svg,Asylum 13,,img/icons/brands/asylum13.svg,,Insidious Maduro Robusto,,Robusto,5.00,50,Parejo,Mexican San Andres Maduro,Honduras,Honduras,Honduras,Maduro,Medium,,,,,,,,,,,,,,,,,
CLE,img/icons/manufacturers/cle.svg,Asylum 13,,img/icons/brands/asylum13.svg,,Insidious Maduro Toro,,Toro,6.00,52,Parejo,Mexican San Andres Maduro,Honduras,Honduras,Honduras,Maduro,Medium,,,,,,,,,,,,,,,,,
CLE,img/icons/manufacturers/cle.svg,Asylum 13,,img/icons/brands/asylum13.svg,,Medulla Oblongata Maduro 6x60,,Gordo,6.00,60,Parejo,Mexican San Andres Corojo,Honduran Corojo,Honduran Corojo,Honduras,Maduro,Medium,,,,,,,,,,,,,,,,,
CLE,img/icons/manufacturers/cle.svg,Asylum 13,,img/icons/brands/asylum13.svg,,Medulla Oblongata Maduro 6x80,,Gigante,6.00,80,Parejo,Mexican San Andres Corojo,Honduran Corojo,Honduran Corojo,Honduras,Maduro,Medium,,,,,,,,,,,,,,,,,
CLE,img/icons/manufacturers/cle.svg,Asylum 13,,img/icons/brands/asylum13.svg,,Medulla Oblongata Maduro 7x70,,Gigante,7.00,70,Parejo,Mexican San Andres Corojo,Honduran Corojo,Honduran Corojo,Honduras,Maduro,Medium,,,,,,,,,,,,,,,,,
CLE,img/icons/manufacturers/cle.svg,Asylum 13,,img/icons/brands/asylum13.svg,,Medulla Oblongata Maduro Robusto,,Robusto,5.00,50,Parejo,Mexican San Andres Corojo,Honduran Corojo,Honduran Corojo,Honduras,Maduro,Medium,,,,,,,,,,,,,,,,,
CLE,img/icons/manufacturers/cle.svg,Asylum 13,,img/icons/brands/asylum13.svg,,Medulla Oblongata Maduro Toro,,Toro,6.00,52,Parejo,Mexican San Andres Corojo,Honduran Corojo,Honduran Corojo,Honduras,Maduro,Medium,,,,,,,,,,,,,,,,,
CLE,img/icons/manufacturers/cle.svg,Asylum 13,,img/icons/brands/asylum13.svg,,Medulla Oblongata Natural 6x60,,Gordo,6.00,60,Parejo,Honduran Corojo,Honduras,Honduras,Honduras,Natural,Medium-Full,,,,,,,,,,,,,,,,,
CLE,img/icons/manufacturers/cle.svg,Asylum 13,,img/icons/brands/asylum13.svg,,Medulla Oblongata Natural 6x80,,Gigante,6.00,80,Parejo,Honduran Corojo,Honduras,Honduras,Honduras,Natural,Medium-Full,,,,,,,,,,,,,,,,,
CLE,img/icons/manufacturers/cle.svg,Asylum 13,,img/icons/brands/asylum13.svg,,Medulla Oblongata Natural 7x70,,Gigante,7.00,70,Parejo,Honduran Corojo,Honduras,Honduras,Honduras,Natural,Medium-Full,,,,,,,,,,,,,,,,,
CLE,img/icons/manufacturers/cle.svg,Asylum 13,,img/icons/brands/asylum13.svg,,Medulla Oblongata Natural Robusto,,Robusto,5.00,50,Parejo,Honduran Corojo,Honduras,Honduras,Honduras,Natural,Medium-Full,,,,,,,,,,,,,,,,,
CLE,img/icons/manufacturers/cle.svg,Asylum 13,,img/icons/brands/asylum13.svg,,Medulla Oblongata Natural Toro,,Toro,6.00,52,Parejo,Honduran Corojo,Honduras,Honduras,Honduras,Natural,Medium-Full,,,,,,,,,,,,,,,,,
CLE,img/icons/manufacturers/cle.svg,Asylum 13,,img/icons/brands/asylum13.svg,,Nyctophilia 50x5 Robusto,,Robusto,5.00,50,Parejo,Mexican San Andres,Nicaragua,Nicaragua,Honduras,Maduro,Full,,,,,,,,,,,,,,,,,
CLE,img/icons/manufacturers/cle.svg,Asylum 13,,img/icons/brands/asylum13.svg,,Nyctophilia 60x6,,Gordo,6.00,60,Parejo,Mexican San Andres,Nicaragua,Nicaragua,Honduras,Maduro,Full,,,,,,,,,,,,,,,,,
CLE,img/icons/manufacturers/cle.svg,Asylum 13,,img/icons/brands/asylum13.svg,,Nyctophilia 70x7,,Gigante,7.00,70,Parejo,Mexican San Andres,Nicaragua,Nicaragua,Honduras,Maduro,Full,,,,,,,,,,,,,,,,,
CLE,img/icons/manufacturers/cle.svg,Asylum 13,,img/icons/brands/asylum13.svg,,Pandemonium 8.5x52,,Gigante,8.50,52,Parejo,Ecuador Sumatra,Nicaragua,Nicaragua,Nicaragua,Natural,Full,,,,,,,,,,,,,,,,,
CLE,img/icons/manufacturers/cle.svg,Asylum 13,,img/icons/brands/asylum13.svg,,Pandemonium 8.5x60,,Gigante,8.50,60,Parejo,Ecuador Sumatra,Nicaragua,Nicaragua,Nicaragua,Natural,Full,,,,,,,,,,,,,,,,,
CLE,img/icons/manufacturers/cle.svg,Asylum 13,,img/icons/brands/asylum13.svg,,Pandemonium 8.5x70,,Gigante,8.50,70,Parejo,Ecuador Sumatra,Nicaragua,Nicaragua,Nicaragua,Natural,Full,,,,,,,,,,,,,,,,,
CLE,img/icons/manufacturers/cle.svg,Asylum 13,,img/icons/brands/asylum13.svg,,Premium 44x4,,Petite Corona,4.00,44,Parejo,Nicaragua,Nicaragua,Nicaragua,Nicaragua,Maduro,Full,,,,,,,,,,,,,,,,,
CLE,img/icons/manufacturers/cle.svg,Asylum 13,,img/icons/brands/asylum13.svg,,Premium 52x6 Toro,,Toro,6.00,52,Parejo,Nicaragua,Nicaragua,Nicaragua,Nicaragua,Maduro,Full,,,,,,,,,,,,,,,,,
CLE,img/icons/manufacturers/cle.svg,Asylum 13,,img/icons/brands/asylum13.svg,,Premium 60x6,,Gordo,6.00,60,Parejo,Nicaragua,Nicaragua,Nicaragua,Nicaragua,Maduro,Full,,,,,,,,,,,,,,,,,
CLE,img/icons/manufacturers/cle.svg,Asylum 13,,img/icons/brands/asylum13.svg,,Premium 67x6,,Gigante,6.00,67,Parejo,Nicaragua,Nicaragua,Nicaragua,Nicaragua,Maduro,Full,,,,,,,,,,,,,,,,,
CLE,img/icons/manufacturers/cle.svg,Asylum 13,,img/icons/brands/asylum13.svg,,Premium Torpedo,,Pyramid,5.00,54,Pyramid,Nicaragua,Nicaragua,Nicaragua,Nicaragua,Maduro,Full,,,,,,,,,,,,,,,,,
CLE,img/icons/manufacturers/cle.svg,Asylum 13,,img/icons/brands/asylum13.svg,,Straight Jacket 7x70 Gigante,,Gigante,7.00,70,Gigante,Nicaragua,Nicaragua,Nicaragua,Nicaragua,Maduro,Full,,,,,,,,,,,,,,,,,
CLE,img/icons/manufacturers/cle.svg,Asylum 13,,img/icons/brands/asylum13.svg,,Straight Jacket Gordo,,Gordo,6.00,60,Parejo,Nicaragua,Nicaragua,Nicaragua,Nicaragua,Maduro,Full,,,,,,,,,,,,,,,,,
CLE,img/icons/manufacturers/cle.svg,Asylum 13,,img/icons/brands/asylum13.svg,,Straight Jacket Robusto,,Robusto,5.00,50,Parejo,Nicaragua,Nicaragua,Nicaragua,Nicaragua,Maduro,Full,,,,,,,,,,,,,,,,,
CLE,img/icons/manufacturers/cle.svg,Asylum 13,,img/icons/brands/asylum13.svg,,Straight Jacket Toro,,Toro Gordo,6.00,54,Parejo,Nicaragua,Nicaragua,Nicaragua,Nicaragua,Maduro,Full,,,,,,,,,,,,,,,,,
,,Atabey,,img/icons/brands/atabey.svg,,Benditos Double Corona,,Double Corona,7.25,58,Parejo,Ecaudor,Undisclosed,Undisclosed,Costa Rica,Claro,Medium,,,,,,,,,,,,,,,,,
,,Atabey,,img/icons/brands/atabey.svg,,Brujos Robusto,,Robusto,5.00,52,Parejo,Ecaudor,Undisclosed,Undisclosed,Costa Rica,Claro,Medium,,,,,,,,,,,,,,,,,
,,Atabey,,img/icons/brands/atabey.svg,,Delirios Toro,,Toro,5.75,55,Parejo,Ecaudor,Undisclosed,Undisclosed,Costa Rica,Claro,Medium,,,,,,,,,,,,,,,,,
,,Atabey,,img/icons/brands/atabey.svg,,Dioses Gigante,,Gigante,8.00,50,Parejo,Ecaudor,Undisclosed,Undisclosed,Costa Rica,Claro,Medium,,,,,,,,,,,,,,,,,
,,Atabey,,img/icons/brands/atabey.svg,,Divinos Robusto,,Robusto,4.40,50,Parejo,Ecaudor,Undisclosed,Undisclosed,Costa Rica,Claro,Medium,,,,,,,,,,,,,,,,,
,,Atabey,,img/icons/brands/atabey.svg,,Duendes Pyramid,,Pyramid,6.13,54T,Pyramid,Ecaudor,Undisclosed,Undisclosed,Costa Rica,Claro,Medium,,,,,,,,,,,,,,,,,
,,Atabey,,img/icons/brands/atabey.svg,,Hechizos Short Panatela,,Short Panatela,4.00,40,Parejo,Ecaudor,Undisclosed,Undisclosed,Costa Rica,Claro,Medium,,,,,,,,,,,,,,,,,
,,Atabey,,img/icons/brands/atabey.svg,,Idolos Robusto,,Robusto,4.00,55,Parejo,Ecaudor,Undisclosed,Undisclosed,Costa Rica,Claro,Medium,,,,,,,,,,,,,,,,,
,,Atabey,,img/icons/brands/atabey.svg,,Idolos Tubes Robusto,,Robusto,4.00,55,Parejo,Ecaudor,Undisclosed,Undisclosed,Costa Rica,Claro,Medium,,,,,,,,,,,,,,,,,
,,Atabey,,img/icons/brands/atabey.svg,,Misticos Toro,,Toro,6.75,56,Parejo,Ecaudor,Undisclosed,Undisclosed,Costa Rica,Claro,Medium,,,,,,,,,,,,,,,,,
,,Atabey,,img/icons/brands/atabey.svg,,Misticos Tubes Toro,,Toro,6.75,56,Parejo,Ecaudor,Undisclosed,Undisclosed,Costa Rica,Claro,Medium,,,,,,,,,,,,,,,,,
,,Atabey,,img/icons/brands/atabey.svg,,Ritos Toro,,Toro,6.13,55,Parejo,Ecaudor,Undisclosed,Undisclosed,Costa Rica,Claro,Medium,,,,,,,,,,,,,,,,,
,,Atabey,,img/icons/brands/atabey.svg,,Sabios Robusto,,Robusto,5.25,52,Parejo,Ecaudor,Undisclosed,Undisclosed,Costa Rica,Claro,Medium,,,,,,,,,,,,,,,,,
,,Atabey,,img/icons/brands/atabey.svg,,Sabios Tubes Robusto,,Robusto,5.25,52,Parejo,Ecaudor,Undisclosed,Undisclosed,Costa Rica,Claro,Medium,,,,,,,,,,,,,,,,,
,,Atabey,,img/icons/brands/atabey.svg,,Spiritus,,Lancero,7.25,40,Parejo,Ecaudor,Undisclosed,Undisclosed,Costa Rica,Claro,Medium,,,,,,,,,,,,,,,,,
,,ATL Cigar Co.,,img/icons/brands/atlcigarco.svg,,ATL Magic Short Belicoso,,Short Belicoso,5.00,52,Belicoso,Mexican San Andres,Pueblo Nuevo,"Pueblo Nuevo, Esteli, Jalapa",,,Medium-Full,,,,,,,,,,,,,,,,,
,,ATL Cigar Co.,,img/icons/brands/atlcigarco.svg,,ATL Magic Sublime,,Toro Gordo,6.00,54,Parejo,Mexican San Andres,Pueblo Nuevo,"Pueblo Nuevo, Esteli, Jalapa",,,Medium-Full,,,,,,,,,,,,,,,,,
,,ATL Cigar Co.,,img/icons/brands/atlcigarco.svg,,Black Gordo,,Gordo,6.50,60,Parejo,,,,,,,,,,,,,,,,,,,,,,,
,,ATL Cigar Co.,,img/icons/brands/atlcigarco.svg,,Black Torpedo,,Torpedo,6.00,52,Pyramid,,,,,,,,,,,,,,,,,,,,,,,
,,ATL Cigar Co.,,img/icons/brands/atlcigarco.svg,,Good Trouble Canonazo,,,6.50,56,,,,,,,,,,,,,,,,,,,,,,,,
,,ATL Cigar Co.,,img/icons/brands/atlcigarco.svg,,Good Trouble Gordo,,Gigante,6.50,64,Parejo,,,,,,,,,,,,,,,,,,,,,,,
,,ATL Cigar Co.,,img/icons/brands/atlcigarco.svg,,Good Trouble Robusto,,Robusto,5.00,50,Parejo,,,,,,,,,,,,,,,,,,,,,,,
,,ATL Cigar Co.,,img/icons/brands/atlcigarco.svg,,Libertad Robusto,,Robusto,5.00,50,Parejo,,,,,,,,,,,,,,,,,,,,,,,
,,ATL Cigar Co.,,img/icons/brands/atlcigarco.svg,,Libertad Toro,,Toro,6.50,54,Parejo,,,,,,,,,,,,,,,,,,,,,,,
,,AVO,,img/icons/brands/avo.svg,,AVO Classic Puritos,,Cigarillo,4.00,30,Parejo,Ecuadorian Connecticut Sun Grown,Dominican Republic,Dominican Republic,Dominican Republic,Natural,Mild,,,,,,,,,,,,,,,,,
,,AVO,,img/icons/brands/avo.svg,,Classic Belicoso,,Belicoso,6.00,48,Pyramid,Ecuadorian Connecticut Sun Grown,Dominican Republic,Dominican Republic,Dominican Republic,Natural,Mild,,,,,,,,,,,,,,,,,
,,AVO,,img/icons/brands/avo.svg,,Classic Maduro No. 2 Toro,,Toro,6.00,59,Parejo,USA Connecticut Broadleaf,Dominican Republic,Dominican Republic,Dominican Republic,Maduro,Medium,,,,,,,,,,,,,,,,,
,,AVO,,img/icons/brands/avo.svg,,Classic Maduro No. 3 Churchill,,Double Corona,7.50,50,Parejo,USA Connecticut Broadleaf,Dominican Republic,Dominican Republic,Dominican Republic,Maduro,Medium,,,,,,,,,,,,,,,,,
,,AVO,,img/icons/brands/avo.svg,,Classic Maduro Robusto,,Robusto,5.00,50,Parejo,USA Connecticut Broadleaf,Dominican Republic,Dominican Republic,Dominican Republic,Maduro,Medium,,,,,,,,,,,,,,,,,
,,AVO,,img/icons/brands/avo.svg,,Classic No. 2 Toro,,Toro,6.00,50,Parejo,Ecuadorian Connecticut Sun Grown,Dominican Republic,Dominican Republic,Dominican Republic,Natural,Mild,,,,,,,,,,,,,,,,,
,,AVO,,img/icons/brands/avo.svg,,Classic No. 3 Churchill,,Double Corona,7.50,50,Parejo,Ecuadorian Connecticut Sun Grown,Dominican Republic,Dominican Republic,Dominican Republic,Natural,Mild,,,,,,,,,,,,,,,,,
,,AVO,,img/icons/brands/avo.svg,,Classic No. 5 Corona Grande,,Corona Grande,6.63,50,Parejo,Ecuadorian Connecticut Sun Grown,Dominican Republic,Dominican Republic,Dominican Republic,Natural,Mild,,,,,,,,,,,,,,,,,
,,AVO,,img/icons/brands/avo.svg,,Classic No. 6,,Gordo,6.00,60,Parejo,Ecuadorian Connecticut Sun Grown,Dominican Republic,Dominican Republic,Dominican Republic,Natural,Mild,,,,,,,,,,,,,,,,,
,,AVO,,img/icons/brands/avo.svg,,Classic Robusto,,Robusto,5.00,50,Parejo,Ecuadorian Connecticut Sun Grown,Dominican Republic,Dominican Republic,Dominican Republic,Natural,Mild,,,,,,,,,,,,,,,,,
,,AVO,,img/icons/brands/avo.svg,,Domaine 10 Robusto,,Robusto,5.13,50,Parejo,Ecuadorian Connecticut/Cuban-Seed Sungrown,Dominican Republic,Dominican Republic,Dominican Republic,Colorado Maduro,Full,,,,,,,,,,,,,,,,,
,,AVO,,img/icons/brands/avo.svg,,Domaine 20 Perfecto,,Perfecto,4.63,50,Perfecto,Ecuadorian Connecticut/Cuban-Seed Sungrown,Dominican Republic,Dominican Republic,Dominican Republic,Colorado Maduro,Full,,,,,,,,,,,,,,,,,
,,AVO,,img/icons/brands/avo.svg,,Domaine 50 Perfecto,,Perfecto,6.00,54,Perfecto,Ecuadorian Connecticut/Cuban-Seed Sungrown,Dominican Republic,Dominican Republic,Dominican Republic,Colorado Maduro,Full,,,,,,,,,,,,,,,,,
,,AVO,,img/icons/brands/avo.svg,,Domaine 70 Toro,,Toro,6.00,54,Perfecto,Ecuadorian Connecticut/Cuban-Seed Sungrown,Dominican Republic,Dominican Republic,Dominican Republic,Colorado Maduro,Full,,,,,,,,,,,,,,,,,
,,AVO,,img/icons/brands/avo.svg,,Domaine Puritos,,Cigarillo,4.00,30,Parejo,Ecuadorian Connecticut/Cuban-Seed Sungrown,Dominican Republic,Dominican Republic,Dominican Republic,Colorado Maduro,Full,,,,,,,,,,,,,,,,,
,,AVO,,img/icons/brands/avo.svg,,Heritage Robusto,,Robusto,4.50,50,Parejo,Ecuadorian Sun Grown,Dominican Republic,Dominican Republic,Dominican Republic,Natural,Medium,,,,,,,,,,,,,,,,,
Drew Estate,img/icons/manufacturers/drewestate.svg,Blackened,,img/icons/brands/blackened.svg,M81 Maduro,Corona,,Corona,5.00,43,Parejo,,,,,,,,,,,,,,10.00,200.00,20,89,11.66,106.55,5.33,6.33,Q-01-83-004,30
Drew Estate,img/icons/manufacturers/drewestate.svg,Blackened,,img/icons/brands/blackened.svg,M81 Maduro,Robusto,,Robusto,5.00,50,Parejo,,,,,,,,,,,,,,10.25,205.00,20,89,11.91,109.05,5.45,6.45,Q-01-83-002,28
Drew Estate,img/icons/manufacturers/drewestate.svg,Blackened,,img/icons/brands/blackened.svg,M81 Maduro,Toro,,Toro,6.00,52,Parejo,,,,,,,,,,,,,,10.75,215.00,20,89,12.40,113.99,5.70,6.70,Q-01-83-001,30
Drew Estate,img/icons/manufacturers/drewestate.svg,Blackened,,img/icons/brands/blackened.svg,M81 Maduro,Corona Doble,,Double Corona,7.00,50,Parejo,,,,,,,,,,,,,,11.25,225.00,20,89,12.90,118.98,5.95,6.95,Q-01-83-003,30
Drew Estate,img/icons/manufacturers/drewestate.svg,Blackened,,img/icons/brands/blackened.svg,S84 Shade To Black,Corona,,Corona,5.00,43,Parejo,,,,,,,,,,,,,,10.00,200.00,20,89,11.66,106.55,5.33,6.33,Q-01-83-015,30
Drew Estate,img/icons/manufacturers/drewestate.svg,Blackened,,img/icons/brands/blackened.svg,S84 Shade To Black,Robusto,,Robusto,5.00,50,Parejo,,,,,,,,,,,,,,10.25,205.00,20,89,11.91,109.05,5.45,6.45,Q-01-83-013,28
Drew Estate,img/icons/manufacturers/drewestate.svg,Blackened,,img/icons/brands/blackened.svg,S84 Shade To Black,Toro,,Toro,6.00,52,Parejo,,,,,,,,,,,,,,10.75,215.00,20,89,12.40,113.99,5.70,6.70,Q-01-83-014,30
Drew Estate,img/icons/manufacturers/drewestate.svg,Blackened,,img/icons/brands/blackened.svg,S84 Shade To Black,Corona Doble,,Double Corona,7.00,50,Parejo,,,,,,,,,,,,,,11.25,225.00,20,89,12.90,118.98,5.95,6.95,Q-01-83-016,30
General Cigar Co.,img/icons/manufacturers/generalcigarco.svg,Brioso,,img/icons/brands/brioso.svg,,Brioso Toro,,Toro Gordo,6.00,54,Parejo,,,,,,,,,,,,,,7.78,155.60,20,89,7.78,67.80,3.39,4.39,05504-BROT,
General Cigar Co.,img/icons/manufacturers/generalcigarco.svg,Brioso,,img/icons/brands/brioso.svg,,Brioso Maduro Toro,,Toro,6.00,50,Parejo,,,,,,,,,,,,,,7.78,155.60,20,89,7.78,67.80,3.39,4.39,05502-BROT,
General Cigar Co.,img/icons/manufacturers/generalcigarco.svg,Brioso,,img/icons/brands/brioso.svg,,Brioso Toro,,Toro Gordo,6.00,54,Parejo,,,,,,,,,,,,,,7.78,155.60,20,89,7.78,67.80,3.39,4.39,05504-BROT,
General Cigar Co.,img/icons/manufacturers/generalcigarco.svg,Brioso,,img/icons/brands/brioso.svg,,Brioso Maduro Toro,,Toro,6.00,50,Parejo,,,,,,,,,,,,,,7.78,155.60,20,89,7.78,67.80,3.39,4.39,05502-BROT,
General Cigar Co.,img/icons/manufacturers/generalcigarco.svg,Brioso,,img/icons/brands/brioso.svg,,Brioso Gigante,,Gordo,6.00,60,Parejo,,,,,,,,,,,,,,8.00,160.00,20,89,8.00,70.00,3.50,4.50,05489-BROG,
General Cigar Co.,img/icons/manufacturers/generalcigarco.svg,Brioso,,img/icons/brands/brioso.svg,,Brioso Maduro Gigante,,Gordo,6.00,60,Parejo,,,,,,,,,,,,,,8.00,160.00,20,89,8.00,70.00,3.50,4.50,05492-BROG,
General Cigar Co.,img/icons/manufacturers/generalcigarco.svg,Brioso,,img/icons/brands/brioso.svg,,Brioso Gigante,,Gordo,6.00,60,Parejo,,,,,,,,,,,,,,8.00,160.00,20,89,8.00,70.00,3.50,4.50,05489-BROG,
General Cigar Co.,img/icons/manufacturers/generalcigarco.svg,Brioso,,img/icons/brands/brioso.svg,,Brioso Maduro Gigante,,Gordo,6.00,60,Parejo,,,,,,,,,,,,,,8.00,160.00,20,89,8.00,70.00,3.50,4.50,05492-BROG,
,,Buffalo Ten ,,img/icons/brands/buffaloten.svg,,Buffalo Ten Connecticut Toro,,Toro,6.00,50,Box-Pressed Parejo,Ecuadorian Connecticut,African Cameroon,"Dominican Republic, Nicaragua",Dominican Republic,Connecticut,,,,,,,,,,,,,,,,,,
,,Buffalo Ten ,,img/icons/brands/buffaloten.svg,,Buffalo Ten Maduro Toro,,Toro,6.00,50,Box-Pressed Parejo,Mexican San Andres,Dominican Negrito,"Dominican Republic, Nicaragua, Columbian, USA",Dominican Republic,Maduro,,,,,,,,,,,,,,,,,,
,,Buffalo Ten ,,img/icons/brands/buffaloten.svg,,Buffalo Ten Natural Toro,,Toro,6.00,50,Box-Pressed Parejo,Ecuadorian Habano,Indonesian Sumatra,"Dominican Republic, Nicaragua, USA",Dominican Republic,Natural,,,,,,,,,,,,,,,,,,
,,Byron,,img/icons/brands/byron.svg,,Byron Aristcratas 21th  Toro Gordo,,Toro Gordo,8.00,52,Parejo,Ecuador,Undisclosed,"Undisclosed, Dominican Republic",Costa Rica,Connecticut,Medium,,,,,,,,,,,,,,,,,
,,Byron,,img/icons/brands/byron.svg,,Byron Distinguidos 21th Toro,,Toro,6.00,55,Parejo,Ecuador,Undisclosed,"Undisclosed, Dominican Republic",Costa Rica,Connecticut,Medium,,,,,,,,,,,,,,,,,
,,Byron,,img/icons/brands/byron.svg,,Byron Elegantes 21th Toro,,Toro,6.13,55,Parejo,Ecuador,Undisclosed,"Undisclosed, Dominican Republic",Costa Rica,Connecticut,Medium,,,,,,,,,,,,,,,,,
,,Byron,,img/icons/brands/byron.svg,,Byron Epique Poemas 19th,,Double Corona,7.00,54,Parejo,Ecuador,Undisclosed,"Undisclosed, Dominican Republic, Peruvian Ligero",Costa Rica,Maduro,Medium-Full,,,,,,,,,,,,,,,,,
,,Byron,,img/icons/brands/byron.svg,,Byron Grand Poemas 19th,,Toro Gordo,6.00,56,Parejo,Ecuador,Undisclosed,"Undisclosed, Dominican Republic, Peruvian Ligero",Costa Rica,Maduro,Medium-Full,,,,,,,,,,,,,,,,,
,,Byron,,img/icons/brands/byron.svg,,Byron Habaneros 20th Toro,,Toro,6.00,54,Parejo,Ecuador,Undisclosed,"Undisclosed, Dominican Republic, Peruvian Ligero",Costa Rica,Natural,Medium,,,,,,,,,,,,,,,,,
,,Byron,,img/icons/brands/byron.svg,,Byron Honorables 21th Gordo,,Gigante,7.00,60,Parejo,Ecuador,Undisclosed,"Undisclosed, Dominican Republic",Costa Rica,Connecticut,Medium,,,,,,,,,,,,,,,,,
,,Byron,,img/icons/brands/byron.svg,,Byron Londineses 20th Robusto,,Robusto,5.25,54,Parejo,Ecuador,Undisclosed,"Undisclosed, Dominican Republic, Peruvian Ligero",Costa Rica,Natural,Medium,,,,,,,,,,,,,,,,,
,,Byron,,img/icons/brands/byron.svg,,Byron Mesolongis 20th Gordo,,Gigante,7.25,58,Parejo,Ecuador,Undisclosed,"Undisclosed, Dominican Republic, Peruvian Ligero",Costa Rica,Natural,Medium,,,,,,,,,,,,,,,,,
,,Byron,,img/icons/brands/byron.svg,,Byron Petit Poemas 19th,,Short Robusto,4.00,50,Parejo,Ecuador,Undisclosed,"Undisclosed, Dominican Republic, Peruvian Ligero",Costa Rica,Maduro,Medium-Full,,,,,,,,,,,,,,,,,
,,Byron,,img/icons/brands/byron.svg,,Byron Poemas 19th,,Robusto Extra,5.00,52,Parejo,Ecuador,Undisclosed,"Undisclosed, Dominican Republic, Peruvian Ligero",Costa Rica,Maduro,Medium-Full,,,,,,,,,,,,,,,,,
,,Byron,,img/icons/brands/byron.svg,,Byron Venecianos 20th Toro,,Toro,6.50,56,Pyramid,Ecuador,Undisclosed,"Undisclosed, Dominican Republic, Peruvian Ligero",Costa Rica,Natural,Medium,,,,,,,,,,,,,,,,,
Oliva,img/icons/manufacturers/oliva.svg,Cain,,img/icons/brands/cain.svg,,Cain 550 HABANO TUBOS,,Robusto,5.00,50,Parejo,,,,,,,,Tubo,,,,,,11.09,133.12,12,89,11.09,60.56,5.05,6.05,TCCH011,
Oliva,img/icons/manufacturers/oliva.svg,Cain,,img/icons/brands/cain.svg,,Cain 550 MADURO TUBOS,,Robusto,5.00,50,Parejo,,,,,,,,Tubo,,,,,,11.28,135.30,12,89,11.28,61.65,5.14,6.14,TCCM011,
Oliva,img/icons/manufacturers/oliva.svg,Cain,,img/icons/brands/cain.svg,,Cain 550 F TUBOS,,Robusto,5.00,50,Parejo,,,,,,,,Tubo,,,,,,12.54,150.44,12,89,12.54,69.22,5.77,6.77,TCCF011,
Oliva,img/icons/manufacturers/oliva.svg,Cain,,img/icons/brands/cain.svg,,Cain 738 F Lancero,,Lancero,7.00,38,Parejo,,,,,,,,,,,,,,10.01,180.22,18,89,10.01,81.11,4.51,5.51,TCCF040,
Oliva,img/icons/manufacturers/oliva.svg,Cain,,img/icons/brands/cain.svg,,Cain 550 HABANO  ,,Robusto,5.00,50,Parejo,,,,,,,,,,,,,,9.02,216.50,24,89,9.02,96.25,4.01,5.01,TCCH010,
Oliva,img/icons/manufacturers/oliva.svg,Cain,,img/icons/brands/cain.svg,,Cain 550 MADURO  ,,Robusto,5.00,50,Parejo,,,,,,,,,,,,,,9.38,225.16,24,89,9.38,100.58,4.19,5.19,TCCM010,
Oliva,img/icons/manufacturers/oliva.svg,Cain,,img/icons/brands/cain.svg,,Cain 550 F,,Robusto,5.00,50,Parejo,,,,,,,,,,,,,,10.46,251.12,24,89,10.46,113.56,4.73,5.73,TCCF010,
Oliva,img/icons/manufacturers/oliva.svg,Cain,,img/icons/brands/cain.svg,,Cain 660 HABANO DBL TORO,,Gordo,6.00,60,Parejo,,,,,,,,,,,,,,11.82,283.56,24,89,11.82,129.78,5.41,6.41,TCCH030,
Oliva,img/icons/manufacturers/oliva.svg,Cain,,img/icons/brands/cain.svg,,Cain 660 MADURO DBL TORO,,Gordo,6.00,60,Parejo,,,,,,,,,,,,,,12.18,292.22,24,89,12.18,134.11,5.59,6.59,TCCM030,
Oliva,img/icons/manufacturers/oliva.svg,Cain,,img/icons/brands/cain.svg,,Cain 660 DBL TORO F,,Gordo,6.00,60,Parejo,,,,,,,,,,,,,,13.80,331.14,24,89,13.80,153.57,6.40,7.40,TCCF030,
Oliva,img/icons/manufacturers/oliva.svg,Cain,,img/icons/brands/cain.svg,,Cain 654T HABANO,,Torpedo,6.00,54,Torpedo,,,,,,,,,,,,,,10.46,251.12,24,89,10.46,113.56,4.73,5.73,TCCH020,
Oliva,img/icons/manufacturers/oliva.svg,Cain,,img/icons/brands/cain.svg,,Cain 654T MADURO,,Torpedo,6.00,54,Torpedo,,,,,,,,,,,,,,10.82,259.76,24,89,10.82,117.88,4.91,5.91,TCCM020,
Oliva,img/icons/manufacturers/oliva.svg,Cain,,img/icons/brands/cain.svg,,Cain 654TF,,Torpedo,6.00,54,Torpedo,,,,,,,,,,,,,,12.18,292.22,24,89,12.18,134.11,5.59,6.59,TCCF020,
Oliva,img/icons/manufacturers/oliva.svg,Cain,,img/icons/brands/cain.svg,,Cain Daytona 543 No.4 ,,Petit Corona,5.00,43,Parejo,,,,,,,,,,,,,,7.58,181.90,24,89,7.58,78.95,3.29,4.29,TCCD010,
Oliva,img/icons/manufacturers/oliva.svg,Cain,,img/icons/brands/cain.svg,,Cain Daytona CORONA,,Corona,6.00,46,Parejo,,,,,,,,,,,,,,8.66,207.86,24,89,8.66,91.93,3.83,4.83,TCCD030,
Oliva,img/icons/manufacturers/oliva.svg,Cain,,img/icons/brands/cain.svg,,Cain Daytona 550 Robusto,,Robusto,5.00,50,Parejo,,,,,,,,,,,,,,9.02,216.50,24,89,9.02,96.25,4.01,5.01,TCCD020,
Oliva,img/icons/manufacturers/oliva.svg,Cain,,img/icons/brands/cain.svg,,Cain Daytona 660 Double Toro,,Gordo,6.00,60,Parejo,,,,,,,,,,,,,,11.82,283.56,24,89,11.82,129.78,5.41,6.41,TCCD050,
Oliva,img/icons/manufacturers/oliva.svg,Cain,,img/icons/brands/cain.svg,,Cain Daytona 654T Torpedo,,Torpedo,6.00,54,Torpedo,,,,,,,,,,,,,,10.46,251.12,24,89,10.46,113.56,4.73,5.73,TCCD040,
,,Caldwell,,img/icons/brands/caldwell.svg,,All Out Kings Foreverlast,,Toro,6.50,54,Parejo,"Connecticut river Valley Stalk Cut, Sun Cured Habano",Indonesian Habano,"Connecticut Broadleaf Ligero, Dominican Corojo 98 seco, Nicaragua Esteli Viso, Nicaragua Jalapa Viso",Nicaragua,Maduro,Full,,,,,,,,,,,,,,,,,
,,Caldwell,,img/icons/brands/caldwell.svg,,All Out Kings Give Me Your Lunch Money,,Corona,5.75,46,Parejo,"Connecticut river Valley Stalk Cut, Sun Cured Habano",Indonesian Habano,"Connecticut Broadleaf Ligero, Dominican Corojo 98 seco, Nicaragua Esteli Viso, Nicaragua Jalapa Viso",Nicaragua,Maduro,Full,,,,,,,,,,,,,,,,,
,,Caldwell,,img/icons/brands/caldwell.svg,,All Out Kings Smash,,Short Robusto,4.00,52,Parejo,"Connecticut river Valley Stalk Cut, Sun Cured Habano",Indonesian Habano,"Connecticut Broadleaf Ligero, Dominican Corojo 98 seco, Nicaragua Esteli Viso, Nicaragua Jalapa Viso",Nicaragua,Maduro,Full,,,,,,,,,,,,,,,,,
,,Caldwell,,img/icons/brands/caldwell.svg,,All Out Kings The 4th Pose,,Pyramid,6.00,54,Pyramid,"Connecticut river Valley Stalk Cut, Sun Cured Habano",Indonesian Habano,"Connecticut Broadleaf Ligero, Dominican Corojo 98 seco, Nicaragua Esteli Viso, Nicaragua Jalapa Viso",Nicaragua,Maduro,Full,,,,,,,,,,,,,,,,,
,,Caldwell,,img/icons/brands/caldwell.svg,,Anastasia Caspia,,Lancero,5.75,43,Parejo,Undisclosed,Undisclosed,Undisclosed,Dominican Republic,Natural,Medium-Full,,,,,,,,,,,,,,,,,
,,Caldwell,,img/icons/brands/caldwell.svg,,Anastasia Kartel Robusto,,Robusto,5.00,49,Parejo,Undisclosed,Undisclosed,Undisclosed,Dominican Republic,EMS,Medium-Full,,,,,,,,,,,,,,,,,
,,Caldwell,,img/icons/brands/caldwell.svg,,Anastasia Mercure,,Churchill,7.00,47,Parejo,Undisclosed,Undisclosed,Undisclosed,Dominican Republic,Natural,Medium-Full,,,,,,,,,,,,,,,,,
,,Caldwell,,img/icons/brands/caldwell.svg,,Anastasia Opera,,Toro,6.00,52,Parejo,Undisclosed,Undisclosed,Undisclosed,Dominican Republic,Natural,Medium-Full,,,,,,,,,,,,,,,,,
,,Caldwell,,img/icons/brands/caldwell.svg,,Blind Man's Bluff Connecticut Churchill,,Churchill,7.00,48,Parejo,Ecuadorian Connecticut,Honduran Criollo,"San Vincente, Honduran Criollo Ligero",Dominican Republic,Natural,Medium,,,,,,,,,,,,,,,,,
,,Caldwell,,img/icons/brands/caldwell.svg,,Blind Man's Bluff Connecticut Corona,,Corona,5.75,44,Parejo,Ecuadorian Connecticut,Honduran Criollo,"San Vincente, Honduran Criollo Ligero",Dominican Republic,Natural,Medium,,,,,,,,,,,,,,,,,
,,Caldwell,,img/icons/brands/caldwell.svg,,Blind Man's Bluff Connecticut Magnum,,Gordo,6.00,60,Parejo,Ecuadorian Connecticut,Honduran Criollo,"San Vincente, Honduran Criollo Ligero",Dominican Republic,Natural,Medium,,,,,,,,,,,,,,,,,
,,Caldwell,,img/icons/brands/caldwell.svg,,Blind Man's Bluff Connecticut Robusto,,Robusto,5.00,50,Parejo,Ecuadorian Connecticut,Honduran Criollo,"San Vincente, Honduran Criollo Ligero",Dominican Republic,Natural,Medium,,,,,,,,,,,,,,,,,
,,Caldwell,,img/icons/brands/caldwell.svg,,Blind Man's Bluff Connecticut Toro,,Toro,6.00,52,Parejo,Ecuadorian Connecticut,Honduran Criollo,"San Vincente, Honduran Criollo Ligero",Dominican Republic,Natural,Medium,,,,,,,,,,,,,,,,,
,,Caldwell,,img/icons/brands/caldwell.svg,,Blind Man's Bluff Magnum,,Gordo,6.00,60,Parejo,Ecuadorian Habano,Honduran Criollo,"San Vincente, Honduran Criollo Ligero",Dominican Republic,Colorado Maduro,Medium,,,,,,,,,,,,,,,,,
,,Caldwell,,img/icons/brands/caldwell.svg,,Blind Man's Bluff Robusto,,Robusto,5.00,50,Parejo,Ecuadorian Habano,Honduran Criollo,"San Vincente, Honduran Criollo Ligero",Dominican Republic,Colorado Maduro,Medium,,,,,,,,,,,,,,,,,
,,Caldwell,,img/icons/brands/caldwell.svg,,Blind Man's Bluff Toro,,Toro,6.00,52,Parejo,Ecuadorian Habano,Honduran Criollo,"San Vincente, Honduran Criollo Ligero",Dominican Republic,Colorado Maduro,Medium,,,,,,,,,,,,,,,,,
,,Caldwell,,img/icons/brands/caldwell.svg,,Eastern Standard Corretto,,Robusto,5.00,50,Parejo,"Connecticut Shade, Brazillian Matta Fina",Dominican Republic Habano,"Dominican Criollo 98, Dominican Corojo Ligero, Nicaraguan Habano",Dominican Republic,Natural,Medium,,,,,,,,,,,,,,,,,
,,Caldwell,,img/icons/brands/caldwell.svg,,Eastern Standard Cream Crush,,Churchill,7.00,48,Parejo,"Connecticut Shade, Brazillian Matta Fina",Dominican Republic Habano,"Dominican Criollo 98, Dominican Corojo Ligero, Nicaraguan Habano",Dominican Republic,Natural,Medium,,,,,,,,,,,,,,,,,
,,Caldwell,,img/icons/brands/caldwell.svg,,Eastern Standard Cypress Room,,Toro,6.00,54,Parejo,"Connecticut Shade, Brazillian Matta Fina",Dominican Republic Habano,"Dominican Criollo 98, Dominican Corojo Ligero, Nicaraguan Habano",Dominican Republic,Natural,Medium,,,,,,,,,,,,,,,,,
,,Caldwell,,img/icons/brands/caldwell.svg,,Eastern Standard Manzanita,,Corona,4.00,42,Parejo,"Connecticut Shade, Brazillian Matta Fina",Dominican Republic Habano,"Dominican Criollo 98, Dominican Corojo Ligero, Nicaraguan Habano",Dominican Republic,Natural,Medium,,,,,,,,,,,,,,,,,
,,Caldwell,,img/icons/brands/caldwell.svg,,Hit & Run Almost Robusto,,Robusto,4.75,52,Parejo,Mexican Habano,Indonesia,Indonesian,Dominican Republic,Colorado,Medium,,,,,,,,,,,,,,,,,
,,Caldwell,,img/icons/brands/caldwell.svg,,Hit & Run Corona,,Corona,6.00,44,Parejo,Mexican Habano,Indonesia,Indonesian,Dominican Republic,Colorado,Medium,,,,,,,,,,,,,,,,,
,,Caldwell,,img/icons/brands/caldwell.svg,,Hit & Run Super Toro,,Toro,6.00,54,Parejo,Mexican Habano,Indonesia,Indonesian,Dominican Republic,Colorado,Medium,,,,,,,,,,,,,,,,,
,,Caldwell,,img/icons/brands/caldwell.svg,,La Barba 6x54,,Toro,6.00,54,Parejo,Dominican Corojo,Dominican Corojo,"Dominican Habano, Corojo (50% Ligero)",Dominican Republic,Natural,Full,,,,,,,,,,,,,,,,,
,,Caldwell,,img/icons/brands/caldwell.svg,,La Barba Purple 5x50,,Robusto,5.00,50,Parejo,Ecuadorian Habano,Dominican Corojo,"Dominican Habano, Corojo",Dominican Republic,Natural,Medium,,,,,,,,,,,,,,,,,
,,Caldwell,,img/icons/brands/caldwell.svg,,La Barba Purple 6.75x46,,Lonsdale,6.75,46,Parejo,Ecuadorian Habano,Dominican Corojo,"Dominican Habano, Corojo",Dominican Republic,Natural,Medium,,,,,,,,,,,,,,,,,
,,Caldwell,,img/icons/brands/caldwell.svg,,La Barba Purple 6x60,,Gordo,6.00,60,Parejo,Ecuadorian Habano,Dominican Corojo,"Dominican Habano, Corojo",Dominican Republic,Natural,Medium,,,,,,,,,,,,,,,,,
,,Caldwell,,img/icons/brands/caldwell.svg,,La Barba Purple 7x40,,Lonsdale,7.00,40,Parejo,Ecuadorian Habano,Dominican Corojo,"Dominican Habano, Corojo",Dominican Republic,Natural,Medium,,,,,,,,,,,,,,,,,
,,Caldwell,,img/icons/brands/caldwell.svg,,La Barba Red 4.5x52,,Robusto,4.50,52,Parejo,Dominican Corojo,Dominican Corojo,"Dominican Habano, Corojo (50% Ligero)",Dominican Republic,Natural,Full,,,,,,,,,,,,,,,,,
,,Caldwell,,img/icons/brands/caldwell.svg,,La Barba Red 5.75x46,,Corona,5.75,46,Parejo,Dominican Corojo,Dominican Corojo,"Dominican Habano, Corojo (50% Ligero)",Dominican Republic,Natural,Full,,,,,,,,,,,,,,,,,
,,Caldwell,,img/icons/brands/caldwell.svg,,La Barba Red 6.5x40,,Lonsdale,6.50,40,Parejo,Dominican Corojo,Dominican Corojo,"Dominican Habano, Corojo (50% Ligero)",Dominican Republic,Natural,Full,,,,,,,,,,,,,,,,,
,,Caldwell,,img/icons/brands/caldwell.svg,,Long Live The King Manzanita,,Petite Corona,4.00,42,Parejo,Dominican Corojo,Dominican Corojo,"Peruvian Pelo De Oro, Nicaragua Habana Ligero",Dominican Republic,Colorado,Full,,,,,,,,,,,,,,,,,
,,Caldwell,,img/icons/brands/caldwell.svg,,Long Live The King Marquis,,Gordo,6.00,60,Parejo,Dominican Corojo,Dominican Corojo,"Peruvian Pelo De Oro, Nicaragua Habana Ligero",Dominican Republic,Colorado,Full,,,,,,,,,,,,,,,,,
,,Caldwell,,img/icons/brands/caldwell.svg,,Long Live The King Petite Dbl Wide Short Churchill,,Toro,6.00,52,Parejo,Dominican Corojo,Dominican Corojo,"Peruvian Pelo De Oro, Nicaragua Habana Ligero",Dominican Republic,Colorado,Full,,,,,,,,,,,,,,,,,
,,Caldwell,,img/icons/brands/caldwell.svg,,Long Live The King The Heater,,Corona Extra,5.75,46,Parejo,Dominican Corojo,Dominican Corojo,"Peruvian Pelo De Oro, Nicaragua Habana Ligero",Dominican Republic,Colorado,Full,,,,,,,,,,,,,,,,,
,,Caldwell,,img/icons/brands/caldwell.svg,,Midnight Express Corona,,Corona,5.38,46,Parejo,Connecticut Arapiraca Maduro,Dominican Republic Habano,"Dominican Criollo 98, Dominican Corojo Ligero, Nicaraguan Habano",Dominican Republic,Maduro,Medium-Full,,,,,,,,,,,,,,,,,
,,Caldwell,,img/icons/brands/caldwell.svg,,Midnight Express Piramide,,Pyramid,6.00,50,Pyramid,Connecticut Arapiraca Maduro,Dominican Republic Habano,"Dominican Criollo 98, Dominican Corojo Ligero, Nicaraguan Habano",Dominican Republic,Maduro,Medium-Full,,,,,,,,,,,,,,,,,
,,Caldwell,,img/icons/brands/caldwell.svg,,Midnight Express Robusto,,Robusto,5.00,50,Parejo,Connecticut Arapiraca Maduro,Dominican Republic Habano,"Dominican Criollo 98, Dominican Corojo Ligero, Nicaraguan Habano",Dominican Republic,Maduro,Medium-Full,,,,,,,,,,,,,,,,,
,,Caldwell,,img/icons/brands/caldwell.svg,,Midnight Express Toro,,Toro,6.00,52,Parejo,Connecticut Arapiraca Maduro,Dominican Republic Habano,"Dominican Criollo 98, Dominican Corojo Ligero, Nicaraguan Habano",Dominican Republic,Maduro,Medium-Full,,,,,,,,,,,,,,,,,
,,Caldwell,,img/icons/brands/caldwell.svg,,Savages Corona Extra,,Corona,6.00,46,Parejo,Habano,Dominican Republic,"Dominican Republic, Nicaragua",Dominican Republic,Colorado,Medium-Full,,,,,,,,,,,,,,,,,
,,Caldwell,,img/icons/brands/caldwell.svg,,Savages Super Rothschild,,Robusto,4.75,52,Parejo,Habano,Dominican Republic,"Dominican Republic, Nicaragua",Dominican Republic,Colorado,Medium-Full,,,,,,,,,,,,,,,,,
,,Caldwell,,img/icons/brands/caldwell.svg,,Savages Toro,,Toro,6.00,54,Parejo,Habano,Dominican Republic,"Dominican Republic, Nicaragua",Dominican Republic,Colorado,Medium-Full,,,,,,,,,,,,,,,,,
,,Caldwell,,img/icons/brands/caldwell.svg,,The King Is Dead Manzanita,,Petite Corona,4.00,42,Parejo,Dominican Negrito,Dominican Corojo,"Dominican Corojo Ligero, Dominican Negrito, Dominican grown Habano Vuelta Abajo",Dominican Republic,Colorado Maduro,Full,,,,,,,,,,,,,,,,,
,,Caldwell,,img/icons/brands/caldwell.svg,,The King Is Dead Premier,,Robusto,5.50,50,Parejo,Dominican Negrito,Dominican Corojo,"Dominican Corojo Ligero, Dominican Negrito, Dominican grown Habano Vuelta Abajo",Dominican Republic,Colorado Maduro,Full,,,,,,,,,,,,,,,,,
,,Caldwell,,img/icons/brands/caldwell.svg,,The King Is Dead The Last Payday,,Pyramid,6.00,52,Pyramid,Dominican Negrito,Dominican Corojo,"Dominican Corojo Ligero, Dominican Negrito, Dominican grown Habano Vuelta Abajo",Dominican Republic,Colorado Maduro,Full,,,,,,,,,,,,,,,,,
,,Caldwell,,img/icons/brands/caldwell.svg,,The King Is Dead Toro,,Toro,6.00,54,Parejo,Dominican Negrito,Dominican Corojo,"Dominican Corojo Ligero, Dominican Negrito, Dominican grown Habano Vuelta Abajo",Dominican Republic,Colorado Maduro,Full,,,,,,,,,,,,,,,,,
,,Caldwell,,img/icons/brands/caldwell.svg,,The Last Tsar Belicoso,,Pyramid,5.50,52,Pyramid,Connecticut Arapiraca Maduro,Undisclosed,Undisclosed,Dominican Republic,Maduro,Full,,,,,,,,,,,,,,,,,
,,Caldwell,,img/icons/brands/caldwell.svg,,The Last Tsar Churchill,,Churchill,7.00,48,Parejo,Connecticut Arapiraca Maduro,Undisclosed,Undisclosed,Dominican Republic,Maduro,Full,,,,,,,,,,,,,,,,,
,,Caldwell,,img/icons/brands/caldwell.svg,,The Last Tsar Corona gorda,,Corona,5.75,46,Parejo,Connecticut Arapiraca Maduro,Undisclosed,Undisclosed,Dominican Republic,Maduro,Full,,,,,,,,,,,,,,,,,
,,Caldwell,,img/icons/brands/caldwell.svg,,The Last Tsar Toro,,Toro,6.00,50,Parejo,Connecticut Arapiraca Maduro,Undisclosed,Undisclosed,Dominican Republic,Maduro,Full,,,,,,,,,,,,,,,,,
,,Caldwell,,img/icons/brands/caldwell.svg,,The T Lonsdale,,Lonsdale,6.50,44,Parejo,Mexican San Andres,Nicaragua,Nicaragua,Nicaragua,Colorado Claro,Full,,,,,,,,,,,,,,,,,
,,Caldwell,,img/icons/brands/caldwell.svg,,The T Robusto,,Robusto,5.00,52,Parejo,Mexican San Andres,Nicaragua,Nicaragua,Nicaragua,Colorado Claro,Full,,,,,,,,,,,,,,,,,
,,Caldwell,,img/icons/brands/caldwell.svg,,The T Short Churchill,,Corona Gorda,5.50,48,Parejo,Mexican San Andres,Nicaragua,Nicaragua,Nicaragua,Colorado Claro,Full,,,,,,,,,,,,,,,,,
,,Caldwell,,img/icons/brands/caldwell.svg,,The T Toro,,Toro,6.00,52,Parejo,Mexican San Andres,Nicaragua,Nicaragua,Nicaragua,Colorado Claro,Full,,,,,,,,,,,,,,,,,
,,Caldwell,,img/icons/brands/caldwell.svg,,The T Toro Grande,,Gordo,6.50,56,Parejo,Mexican San Andres,Nicaragua,Nicaragua,Nicaragua,Colorado Claro,Full,,,,,,,,,,,,,,,,,
,,Camacho,,img/icons/brands/camacho.svg,,American Barrel Aged Gordo,,Gordo,6.00,60,Parejo,USA Broadleaf,Broadleaf (USA),"USA - Broadleaf, USA - Pennsylvania Maduro, Honduras - Barrel-Aged Corojo",Honduras,Maduro,Medium-Full,,,,,,,,,,,,,,,,,
,,Camacho,,img/icons/brands/camacho.svg,,American Barrel Aged Perfecto Gordo,,Perfecto,6.00,50-54,Perfecto,USA Broadleaf,Broadleaf (USA),"USA - Broadleaf, USA - Pennsylvania Maduro, Honduras - Barrel-Aged Corojo",Honduras,Maduro,Medium-Full,,,,,,,,,,,,,,,,,
,,Camacho,,img/icons/brands/camacho.svg,,American Barrel Aged Robusto,,Robusto,5.00,50,Parejo,USA Broadleaf,Broadleaf (USA),"USA - Broadleaf, USA - Pennsylvania Maduro, Honduras - Barrel-Aged Corojo",Honduras,Maduro,Medium-Full,,,,,,,,,,,,,,,,,
,,Camacho,,img/icons/brands/camacho.svg,,American Barrel Aged Toro,,Toro,6.00,50,Parejo,USA Broadleaf,Broadleaf (USA),"USA - Broadleaf, USA - Pennsylvania Maduro, Honduras - Barrel-Aged Corojo",Honduras,Maduro,Medium-Full,,,,,,,,,,,,,,,,,
,,Camacho,,img/icons/brands/camacho.svg,,Connecticut Box-Pressed Toro,,Toro,6.00,50,Box-Pressed Parejo,Honduran Connecticut,Honduran Corojo,"Dominican Republic - Generoso / Aleman Ligero, USA - American Broadleaf",Honduras,Connecticut,Medium,,,,,,,,,,,,,,,,,
,,Camacho,,img/icons/brands/camacho.svg,,Connecticut Churchill,,Churchill,7.00,48,Parejo,Honduran Connecticut,Honduran Corojo,"Dominican Republic, Honduras",Honduras,Connecticut,Medium,,,,,,,,,,,,,,,,,
,,Camacho,,img/icons/brands/camacho.svg,,Connecticut Figurado,,Figurado,6.25,42,Figurado,Honduran Connecticut,Honduran Corojo,"Dominican Republic, Honduras",Honduras,Connecticut,Medium,,,,,,,,,,,,,,,,,
,,Camacho,,img/icons/brands/camacho.svg,,Connecticut Gordo,,Gordo,6.00,60,Parejo,Honduran Connecticut,Honduran Corojo,"Dominican Republic, Honduras",Honduras,Connecticut,Medium,,,,,,,,,,,,,,,,,
,,Camacho,,img/icons/brands/camacho.svg,,Connecticut Machitos,,Cigarillo,4.00,32,Parejo,Honduran Connecticut,Honduran Corojo,"Dominican Republic, Honduras",Honduras,Connecticut,Medium,,,,,,,,,,,,,,,,,
,,Camacho,,img/icons/brands/camacho.svg,,Connecticut Robusto,,Robusto,5.00,50,Parejo,Honduran Connecticut,Honduran Corojo,"Dominican Republic, Honduras",Honduras,Connecticut,Medium,,,,,,,,,,,,,,,,,
,,Camacho,,img/icons/brands/camacho.svg,,Connecticut Toro,,Toro,6.00,50,Parejo,Honduran Connecticut,Honduran Corojo,"Dominican Republic, Honduras",Honduras,Connecticut,Medium,,,,,,,,,,,,,,,,,
,,Camacho,,img/icons/brands/camacho.svg,,Corojo Box-Pressed Toro,,Toro,6.00,50,Box-Pressed Parejo,Honduras - Authentic Corojo,Honduran Corojo,"Honduras - Authentic Corojo, USA - American Broadleaf",Honduras,Colorado Maduro,Medium,,,,,,,,,,,,,,,,,
,,Camacho,,img/icons/brands/camacho.svg,,Corojo Churchill,,Churchill,7.00,48,Parejo,Honduran Corojo,Honduras Corojo Ligero,Honduras,Honduras,Colorado Maduro,Medium,,,,,,,,,,,,,,,,,
,,Camacho,,img/icons/brands/camacho.svg,,Corojo Corona,,Corona,5.50,44,Parejo,Honduran Corojo,Honduras Corojo Ligero,Honduras,Honduras,Colorado Maduro,Medium,,,,,,,,,,,,,,,,,
,,Camacho,,img/icons/brands/camacho.svg,,Corojo Figurado,,Figurado,6.13,54,Figurado,Honduran Corojo,Honduras Corojo Ligero,Honduras,Honduras,Colorado Maduro,Medium,,,,,,,,,,,,,,,,,
,,Camacho,,img/icons/brands/camacho.svg,,Corojo Gigante,,Gordo,6.50,54,Parejo,Honduran Corojo,Honduras Corojo Ligero,Honduras,Honduras,Colorado Maduro,Medium,,,,,,,,,,,,,,,,,
,,Camacho,,img/icons/brands/camacho.svg,,Corojo Gordo,,Gordo,6.00,60,Parejo,Honduran Corojo,Honduras Corojo Ligero,Honduras,Honduras,Colorado Maduro,Medium,,,,,,,,,,,,,,,,,
,,Camacho,,img/icons/brands/camacho.svg,,Corojo Machitos,,Cigarillo,4.00,32,Parejo,Honduran Corojo,Honduras Corojo Ligero,Honduras,Honduras,Colorado Maduro,Medium,,,,,,,,,,,,,,,,,
,,Camacho,,img/icons/brands/camacho.svg,,Corojo Robusto,,Robusto,5.00,50,Parejo,Honduran Corojo,Honduras Corojo Ligero,Honduras,Honduras,Colorado Maduro,Medium,,,,,,,,,,,,,,,,,
,,Camacho,,img/icons/brands/camacho.svg,,Corojo Toro,,Toro,6.00,50,Parejo,Honduran Corojo,Honduras Corojo Ligero,Honduras,Honduras,Colorado Maduro,Medium,,,,,,,,,,,,,,,,,
,,Camacho,,img/icons/brands/camacho.svg,,Criollo Churchill,,Churchill,7.00,48,Parejo,Honduras Criollo 98,Honduran Corojo,"Dominican Republic, Honduras",Honduras,Natural,Medium,,,,,,,,,,,,,,,,,
,,Camacho,,img/icons/brands/camacho.svg,,Criollo Corona,,Corona,5.50,44,Parejo,Honduras Criollo 98,Honduran Corojo,"Dominican Republic, Honduras",Honduras,Natural,Medium,,,,,,,,,,,,,,,,,
,,Camacho,,img/icons/brands/camacho.svg,,Criollo Figurado,,Figurado,6.25,42,Figurado,Honduras Criollo 98,Honduran Corojo,"Dominican Republic, Honduras",Honduras,Natural,Medium,,,,,,,,,,,,,,,,,
,,Camacho,,img/icons/brands/camacho.svg,,Criollo Gigante,,Gordo,6.50,54,Parejo,Honduras Criollo 98,Honduran Corojo,"Dominican Republic, Honduras",Honduras,Natural,Medium,,,,,,,,,,,,,,,,,
,,Camacho,,img/icons/brands/camacho.svg,,Criollo Machitos,,Cigarillo,4.00,32,Parejo,Honduras Criollo 98,Honduran Corojo,"Dominican Republic, Honduras",Honduras,Natural,Medium,,,,,,,,,,,,,,,,,
,,Camacho,,img/icons/brands/camacho.svg,,Criollo Robusto,,Robusto,5.00,50,Parejo,Honduras Criollo 98,Honduran Corojo,"Dominican Republic, Honduras",Honduras,Natural,Medium,,,,,,,,,,,,,,,,,
,,Camacho,,img/icons/brands/camacho.svg,,Criollo Toro,,Toro,6.00,50,Parejo,Honduras Criollo 98,Honduran Corojo,"Dominican Republic, Honduras",Honduras,Natural,Medium,,,,,,,,,,,,,,,,,
,,Camacho,,img/icons/brands/camacho.svg,,Ecuador Box-Pressed Toro,,Toro,6.00,50,Box-Pressed Parejo,Ecuador - Habano,Brazil Mata Fina,"Honduras - Authentic Corojo / Criollo Ligero, USA - American Broadleaf, Dominican Republic - Pelo de Oro",Honduras,Maduro,Medium-Full,,,,,,,,,,,,,,,,,
,,Camacho,,img/icons/brands/camacho.svg,,Ecuador Churchill,,Churchill,7.00,48,Parejo,Ecuador - Habano,Brazil Mata Fina,"Dominican Republic, Honduras",Honduras,Maduro,Medium-Full,,,,,,,,,,,,,,,,,
,,Camacho,,img/icons/brands/camacho.svg,,Ecuador Figurado,,Figurado,5.50,42,Figurado,Ecuador - Habano,Brazil Mata Fina,"Dominican Republic, Honduras",Honduras,Maduro,Medium-Full,,,,,,,,,,,,,,,,,
,,Camacho,,img/icons/brands/camacho.svg,,Ecuador Gordo,,Gordo,6.00,60,Parejo,Ecuador - Habano,Brazil Mata Fina,"Dominican Republic, Honduras",Honduras,Maduro,Medium-Full,,,,,,,,,,,,,,,,,
,,Camacho,,img/icons/brands/camacho.svg,,Ecuador Robusto,,Robusto,5.00,50,Parejo,Ecuador - Habano,Brazil Mata Fina,"Dominican Republic, Honduras",Honduras,Maduro,Medium-Full,,,,,,,,,,,,,,,,,
,,Camacho,,img/icons/brands/camacho.svg,,Ecuador Toro,,Toro,6.00,50,Parejo,Ecuador - Habano,Brazil Mata Fina,"Dominican Republic, Honduras",Honduras,Maduro,Medium-Full,,,,,,,,,,,,,,,,,
,,Camacho,,img/icons/brands/camacho.svg,,Triple Maduro 11x18,,Churchill,6.00,48,Parejo,Honduras - San Andres,Mexico - Corojo Maduro,"Brazil, Dominican Republic, Honduras",Honduras,Maduro,Medium-Full,,,,,,,,,,,,,,,,,
,,Camacho,,img/icons/brands/camacho.svg,,Triple Maduro Figurado,,Figurado,6.25,42,Figurado,Honduras - San Andres,Mexico - Corojo Maduro,"Brazil, Dominican Republic, Honduras",Honduras,Maduro,Medium-Full,,,,,,,,,,,,,,,,,
,,Camacho,,img/icons/brands/camacho.svg,,Triple Maduro Gordo,,Gordo,6.00,60,Parejo,Honduras - San Andres,Mexico - Corojo Maduro,"Brazil, Dominican Republic, Honduras",Honduras,Maduro,Medium-Full,,,,,,,,,,,,,,,,,
,,Camacho,,img/icons/brands/camacho.svg,,Triple Maduro Robusto,,Robusto,5.00,50,Parejo,Honduras - San Andres,Mexico - Corojo Maduro,"Brazil, Dominican Republic, Honduras",Honduras,Maduro,Medium-Full,,,,,,,,,,,,,,,,,
General Cigar Co.,img/icons/manufacturers/generalcigarco.svg,CAO,,img/icons/brands/cao.svg,Bones,Chicken Foot 5x54,,Robusto Gordo,5.00,54,Parejo,,,,,,,,,,,,,,13.12,262.40,20,89,13.12,121.20,6.06,7.06,83014,
General Cigar Co.,img/icons/manufacturers/generalcigarco.svg,CAO,,img/icons/brands/cao.svg,Bones,Blind Hughie,,Toro Gordo,6.00,54,Parejo,,,,,,,,,,,,,,13.32,266.40,20,89,13.32,123.20,6.16,7.16,83015,
General Cigar Co.,img/icons/manufacturers/generalcigarco.svg,CAO,,img/icons/brands/cao.svg,Bones,Maltese Cross,,Gordo,6.00,60,Parejo,,,,,,,,,,,,,,13.72,274.40,20,89,13.72,127.20,6.36,7.36,83016,
General Cigar Co.,img/icons/manufacturers/generalcigarco.svg,CAO,,img/icons/brands/cao.svg,Cameroon,Robusto,,Robusto,5.00,50,Parejo,,,,,,,,,,,,,,11.46,229.20,20,89,11.46,104.60,5.23,6.23,80058,
General Cigar Co.,img/icons/manufacturers/generalcigarco.svg,CAO,,img/icons/brands/cao.svg,Cameroon,Toro,,Toro Gordo,5.50,55,Parejo,,,,,,,,,,,,,,11.96,239.20,20,89,11.96,109.60,5.48,6.48,80059,
General Cigar Co.,img/icons/manufacturers/generalcigarco.svg,CAO,,img/icons/brands/cao.svg,Cameroon,Belicoso,,Toro Gordo,6.00,54,Parejo,,,,,,,,,,,,,,12.86,257.20,20,89,12.86,118.60,5.93,6.93,80061,
General Cigar Co.,img/icons/manufacturers/generalcigarco.svg,CAO,,img/icons/brands/cao.svg,CAO America,Monument,,Gordo,6.25,54,Parejo,,,,,,,,,,,,,,11.46,229.20,20,89,11.46,104.60,5.23,6.23,80044,
General Cigar Co.,img/icons/manufacturers/generalcigarco.svg,CAO,,img/icons/brands/cao.svg,CAO America,Potomac,,Robusto Gordo,5.00,56,Parejo,,,,,,,,,,,,,,11.74,234.80,20,89,11.74,107.40,5.37,6.37,80043,
General Cigar Co.,img/icons/manufacturers/generalcigarco.svg,CAO,,img/icons/brands/cao.svg,CAO America,Landmark Gordo,,Gordo,6.00,60,Parejo,,,,,,,,,,,,,,12.46,249.20,20,89,12.46,114.60,5.73,6.73,80045,
General Cigar Co.,img/icons/manufacturers/generalcigarco.svg,CAO,,img/icons/brands/cao.svg,CAO Brazilia,Lambada,,Toro,6.00,50,Parejo,,,,,,,,,,,,,,10.86,217.20,20,89,10.86,98.60,4.93,5.93,80037,
General Cigar Co.,img/icons/manufacturers/generalcigarco.svg,CAO,,img/icons/brands/cao.svg,CAO Brazilia,CAO Brazilia Box-Pressed,,Robusto Gordo,5.25,54,Parejo,,,,,,,BP,,,,,,,11.14,222.80,20,89,11.14,101.40,5.07,6.07,83159,
General Cigar Co.,img/icons/manufacturers/generalcigarco.svg,CAO,,img/icons/brands/cao.svg,CAO Brazilia,Corcovado,,Short Gordo,4.25,60,Parejo,,,,,,,,,,,,,,11.18,223.60,20,89,11.18,101.80,5.09,6.09,80042,
General Cigar Co.,img/icons/manufacturers/generalcigarco.svg,CAO,,img/icons/brands/cao.svg,CAO Brazilia,Samba,,Gordo,6.25,54,Parejo,,,,,,,,,,,,,,11.36,227.20,20,89,11.36,103.60,5.18,6.18,80039,
General Cigar Co.,img/icons/manufacturers/generalcigarco.svg,CAO,,img/icons/brands/cao.svg,CAO Brazilia,Gol!,,Robusto Gordo,5.00,56,Parejo,,,,,,,,,,,,,,11.66,233.20,20,89,11.66,106.60,5.33,6.33,80036,
General Cigar Co.,img/icons/manufacturers/generalcigarco.svg,CAO,,img/icons/brands/cao.svg,CAO Brazilia,Amazon,,Gordo,6.00,60,Parejo,,,,,,,,,,,,,,12.36,247.20,20,89,12.36,113.60,5.68,6.68,80040,
General Cigar Co.,img/icons/manufacturers/generalcigarco.svg,CAO,,img/icons/brands/cao.svg,CAO BX3,Robusto,,Robusto,5.00,52,Parejo,,,,,,,,,,,,,,11.06,221.20,20,89,11.06,100.60,5.03,6.03,83291,
General Cigar Co.,img/icons/manufacturers/generalcigarco.svg,CAO,,img/icons/brands/cao.svg,CAO BX3,Toro,,Toro Gordo,6.00,54,Parejo,,,,,,,,,,,,,,11.66,233.20,20,89,11.66,106.60,5.33,6.33,83296,
General Cigar Co.,img/icons/manufacturers/generalcigarco.svg,CAO,,img/icons/brands/cao.svg,CAO BX3,Gordo,,Gordo,6.00,60,Parejo,,,,,,,,,,,,,,12.66,253.20,20,89,12.66,116.60,5.83,6.83,83297,
General Cigar Co.,img/icons/manufacturers/generalcigarco.svg,CAO,,img/icons/brands/cao.svg,CAO Cameroon,Perfecto,,Perfecto,4.00,48,Perfecto,,,,,,,,,,,,,,8.10,162.00,20,89,8.10,71.00,3.55,4.55,83174,
General Cigar Co.,img/icons/manufacturers/generalcigarco.svg,CAO,,img/icons/brands/cao.svg,CAO Cameroon,Perfecto,,Perfecto,4.00,48,Perfecto,,,,,,,,,,,,,,8.10,162.00,20,89,8.10,71.00,3.55,4.55,83174,
General Cigar Co.,img/icons/manufacturers/generalcigarco.svg,CAO,,img/icons/brands/cao.svg,CAO Fasa,Noche Gigante,,Gordo,6.00,60,Parejo,,,,,,,,,,,,,,9.00,216.00,24,89,9.00,96.00,4.00,5.00,83353,
General Cigar Co.,img/icons/manufacturers/generalcigarco.svg,CAO,,img/icons/brands/cao.svg,CAO Fasa,Noche Toro,,Toro,6.00,50,Parejo,,,,,,,,,,,,,,8.00,192.00,24,89,8.00,84.00,3.50,4.50,83349,
General Cigar Co.,img/icons/manufacturers/generalcigarco.svg,CAO,,img/icons/brands/cao.svg,CAO Fasa,Sol Gigante,,Gordo,6.00,60,Parejo,,,,,,,,,,,,,,9.00,216.00,24,89,9.00,96.00,4.00,5.00,83358,
General Cigar Co.,img/icons/manufacturers/generalcigarco.svg,CAO,,img/icons/brands/cao.svg,CAO Fasa,Sol Toro,,Toro,6.00,50,Parejo,,,,,,,,,,,,,,8.00,192.00,24,89,8.00,84.00,3.50,4.50,83354,
General Cigar Co.,img/icons/manufacturers/generalcigarco.svg,CAO,,img/icons/brands/cao.svg,CAO Fasa,Sombra Gigante,,Gordo,6.00,60,Parejo,,,,,,,,,,,,,,9.00,216.00,24,89,9.00,96.00,4.00,5.00,83411,
General Cigar Co.,img/icons/manufacturers/generalcigarco.svg,CAO,,img/icons/brands/cao.svg,CAO Fasa,Sombra Toro,,Toro,6.00,50,Parejo,,,,,,,,,,,,,,8.00,192.00,24,89,8.00,84.00,3.50,4.50,83410,
General Cigar Co.,img/icons/manufacturers/generalcigarco.svg,CAO,,img/icons/brands/cao.svg,CAO Flathead,V554 Camshaft,,Robusto Gordo,5.50,54,Parejo,,,,,,,,,,,,,,12.96,311.04,24,89,12.96,143.52,5.98,6.98,81136,
General Cigar Co.,img/icons/manufacturers/generalcigarco.svg,CAO,,img/icons/brands/cao.svg,CAO Flathead,V660 Carb,,Gordo,6.00,60,Parejo,,,,,,,,,,,,,,13.64,327.36,24,89,13.64,151.68,6.32,7.32,81137,
General Cigar Co.,img/icons/manufacturers/generalcigarco.svg,CAO,,img/icons/brands/cao.svg,CAO Flathead,Resonator 8x60,,Gigante,8.00,60,Parejo,,,,,,,,,,,,,,14.02,336.48,24,89,14.02,156.24,6.51,7.51,83345,
General Cigar Co.,img/icons/manufacturers/generalcigarco.svg,CAO,,img/icons/brands/cao.svg,CAO Flathead,V770 Big Block,,Gigante,7.00,70,Parejo,,,,,,,,,,,,,,14.94,358.56,24,89,14.94,167.28,6.97,7.97,81138,
General Cigar Co.,img/icons/manufacturers/generalcigarco.svg,CAO,,img/icons/brands/cao.svg,CAO Flathead,V450 Sparkplug,,Robusto,4.50,50,Parejo,,,,,,,,,,,,,,11.66,291.50,25,89,11.66,133.25,5.33,6.33,83101,
General Cigar Co.,img/icons/manufacturers/generalcigarco.svg,CAO,,img/icons/brands/cao.svg,CAO Flathead,V642 Piston,,Corona Extra,6.50,42,Parejo,,,,,,,,,,,,,,11.96,358.80,30,89,11.96,164.40,5.48,6.48,81135,
General Cigar Co.,img/icons/manufacturers/generalcigarco.svg,CAO,,img/icons/brands/cao.svg,CAO Steel Horse,Apehanger,,Robusto Gordo,5.75,54,Parejo,,,,,,,,,,,,,,12.94,258.80,20,89,12.94,119.40,5.97,6.97,83106,
General Cigar Co.,img/icons/manufacturers/generalcigarco.svg,CAO,,img/icons/brands/cao.svg,CAO Steel Horse,Bullneck,,Gordo,6.50,52,Parejo,,,,,,,,,,,,,,13.12,262.40,20,89,13.12,121.20,6.06,7.06,83107,
General Cigar Co.,img/icons/manufacturers/generalcigarco.svg,CAO,,img/icons/brands/cao.svg,CAO Steel Horse,Roadkill 6x60,,Gordo,6.00,60,Parejo,,,,,,,,,,,,,,13.72,274.40,20,89,13.72,127.20,6.36,7.36,83109,
General Cigar Co.,img/icons/manufacturers/generalcigarco.svg,CAO,,img/icons/brands/cao.svg,CAO Zocalo,Toro,,Toro Gordo,6.25,54,Parejo,,,,,,,,,,,,,,11.42,228.40,20,89,11.42,104.20,5.21,6.21,83162,
General Cigar Co.,img/icons/manufacturers/generalcigarco.svg,CAO,,img/icons/brands/cao.svg,CAO Zocalo,Gigante,,Gordo,6.00,60,Parejo,,,,,,,,,,,,,,12.42,248.40,20,89,12.42,114.20,5.71,6.71,83163,
General Cigar Co.,img/icons/manufacturers/generalcigarco.svg,CAO,,img/icons/brands/cao.svg,Colombia,Tinto Robusto,,Robusto,4.88,52,Parejo,,,,,,,,,,,,,,10.96,219.20,20,89,10.96,99.60,4.98,5.98,83094,
General Cigar Co.,img/icons/manufacturers/generalcigarco.svg,CAO,,img/icons/brands/cao.svg,Colombia,Magdalena Toro,,Toro,6.25,52,Parejo,,,,,,,,,,,,,,11.34,226.80,20,89,11.34,103.40,5.17,6.17,83096,
General Cigar Co.,img/icons/manufacturers/generalcigarco.svg,CAO,,img/icons/brands/cao.svg,Colombia,Bogota Gordo,,Gordo,6.00,60,Parejo,,,,,,,,,,,,,,12.44,248.80,20,89,12.44,114.40,5.72,6.72,81305,
General Cigar Co.,img/icons/manufacturers/generalcigarco.svg,CAO,,img/icons/brands/cao.svg,Consigliere,Associate,,Robusto,5.00,52,Parejo,,,,,,,,,,,,,,12.16,243.20,20,89,12.16,111.60,5.58,6.58,82288,
General Cigar Co.,img/icons/manufacturers/generalcigarco.svg,CAO,,img/icons/brands/cao.svg,Consigliere,Soldier,,Toro Gordo,6.00,54,Parejo,,,,,,,,,,,,,,13.16,263.20,20,89,13.16,121.60,6.08,7.08,82289,
General Cigar Co.,img/icons/manufacturers/generalcigarco.svg,CAO,,img/icons/brands/cao.svg,Consigliere,Tony 6.5x60,,Gordo,6.50,60,Parejo,,,,,,,,,,,,,,14.02,280.40,20,89,14.02,130.20,6.51,7.51,83172,
General Cigar Co.,img/icons/manufacturers/generalcigarco.svg,CAO,,img/icons/brands/cao.svg,Consigliere,Boss,,Gigante,7.00,56,Parejo,,,,,,,,,,,,,,14.14,282.80,20,89,14.14,131.40,6.57,7.57,82290,
General Cigar Co.,img/icons/manufacturers/generalcigarco.svg,CAO,,img/icons/brands/cao.svg,FLAVOURS Bella Vanilla,Tubo,,Cigarillo,4.75,30,Parejo,,,,,,,,Tubo,FS,,,,,7.44,148.80,20,89,7.44,64.40,3.22,4.22,80130,
General Cigar Co.,img/icons/manufacturers/generalcigarco.svg,CAO,,img/icons/brands/cao.svg,FLAVOURS Bella Vanilla,Corona,,Corona,5.25,42,Parejo,,,,,,,,,FS,,,,,11.18,223.60,20,89,11.18,101.80,5.09,6.09,80128,
General Cigar Co.,img/icons/manufacturers/generalcigarco.svg,CAO,,img/icons/brands/cao.svg,FLAVOURS Bella Vanilla,Robusto,,Robusto,5.00,48,Parejo,,,,,,,,,FS,,,,,11.46,229.20,20,89,11.46,104.60,5.23,6.23,80129,
General Cigar Co.,img/icons/manufacturers/generalcigarco.svg,CAO,,img/icons/brands/cao.svg,FLAVOURS Bella Vanilla,Petit Corona,,Petit Corona,4.00,40,Parejo,,,,,,,,,FS,,,,,9.16,229.00,25,89,9.16,102.00,4.08,5.08,80127,
General Cigar Co.,img/icons/manufacturers/generalcigarco.svg,CAO,,img/icons/brands/cao.svg,FLAVOURS Cherrybomb,Tubo,,Cigarillo,4.75,30,Parejo,,,,,,,,Tubo,FS,,,,,7.44,148.80,20,89,7.44,64.40,3.22,4.22,80105,
General Cigar Co.,img/icons/manufacturers/generalcigarco.svg,CAO,,img/icons/brands/cao.svg,FLAVOURS Cherrybomb,Corona,,Corona,5.25,42,Parejo,,,,,,,,,FS,,,,,11.18,223.60,20,89,11.18,101.80,5.09,6.09,80104,
General Cigar Co.,img/icons/manufacturers/generalcigarco.svg,CAO,,img/icons/brands/cao.svg,FLAVOURS Eileen's Dream,Tubo,,Cigarillo,4.75,30,Parejo,,,,,,,,Tubo,FS,,,,,7.44,148.80,20,89,7.44,64.40,3.22,4.22,80117,
General Cigar Co.,img/icons/manufacturers/generalcigarco.svg,CAO,,img/icons/brands/cao.svg,FLAVOURS Eileen's Dream,Corona,,Corona,5.25,42,Parejo,,,,,,,,,FS,,,,,11.18,223.60,20,89,11.18,101.80,5.09,6.09,80115,
General Cigar Co.,img/icons/manufacturers/generalcigarco.svg,CAO,,img/icons/brands/cao.svg,FLAVOURS Eileen's Dream,Petit Corona,,Petit Corona,4.00,40,Parejo,,,,,,,,,FS,,,,,9.16,229.00,25,89,9.16,102.00,4.08,5.08,80114,
General Cigar Co.,img/icons/manufacturers/generalcigarco.svg,CAO,,img/icons/brands/cao.svg,FLAVOURS Gold Honey,Corona,,Corona,5.25,42,Parejo,,,,,,,,,FS,,,,,11.18,223.60,20,89,11.18,101.80,5.09,6.09,80120,
General Cigar Co.,img/icons/manufacturers/generalcigarco.svg,CAO,,img/icons/brands/cao.svg,FLAVOURS Gold Honey,Petit Corona,,Petit Corona,4.00,40,Parejo,,,,,,,,,FS,,,,,9.16,229.00,25,89,9.16,102.00,4.08,5.08,80119,
General Cigar Co.,img/icons/manufacturers/generalcigarco.svg,CAO,,img/icons/brands/cao.svg,FLAVOURS Moontrance,Tubo,,Cigarillo,4.75,30,Parejo,,,,,,,,Tubo,FS,,,,,7.44,148.80,20,89,7.44,64.40,3.22,4.22,80111,
General Cigar Co.,img/icons/manufacturers/generalcigarco.svg,CAO,,img/icons/brands/cao.svg,FLAVOURS Moontrance,Corona,,Corona,5.25,42,Parejo,,,,,,,,,FS,,,,,11.18,223.60,20,89,11.18,101.80,5.09,6.09,80109,
General Cigar Co.,img/icons/manufacturers/generalcigarco.svg,CAO,,img/icons/brands/cao.svg,FLAVOURS Moontrance,Robusto,,Robusto,5.00,48,Parejo,,,,,,,,,FS,,,,,11.46,229.20,20,89,11.46,104.60,5.23,6.23,80110,
General Cigar Co.,img/icons/manufacturers/generalcigarco.svg,CAO,,img/icons/brands/cao.svg,FLAVOURS Moontrance,Torpedo,,Torpedo,6.25,50,Torpedo,,,,,,,,,FS,,,,,12.06,241.20,20,89,12.06,110.60,5.53,6.53,80112,
General Cigar Co.,img/icons/manufacturers/generalcigarco.svg,CAO,,img/icons/brands/cao.svg,FLAVOURS Moontrance,Petit Corona,,Petit Corona,4.00,40,Parejo,,,,,,,,,FS,,,,,9.16,229.00,25,89,9.16,102.00,4.08,5.08,80107,
General Cigar Co.,img/icons/manufacturers/generalcigarco.svg,CAO,,img/icons/brands/cao.svg,Gold,Corona,,Corona,5.50,42,Parejo,,,,,,,,,,,,,,10.46,209.20,20,89,10.46,94.60,4.73,5.73,80066,
General Cigar Co.,img/icons/manufacturers/generalcigarco.svg,CAO,,img/icons/brands/cao.svg,Gold,Robusto,,Robusto,5.00,50,Parejo,,,,,,,,,,,,,,11.36,227.20,20,89,11.36,103.60,5.18,6.18,80068,
General Cigar Co.,img/icons/manufacturers/generalcigarco.svg,CAO,,img/icons/brands/cao.svg,Gold,Corona Gorda,,Petit Corona,6.50,50,Parejo,,,,,,,,,,,,,,11.66,233.20,20,89,11.66,106.60,5.33,6.33,80070,
General Cigar Co.,img/icons/manufacturers/generalcigarco.svg,CAO,,img/icons/brands/cao.svg,Gold,Churchill,,Churchill,7.00,48,Parejo,,,,,,,,,,,,,,11.76,235.20,20,89,11.76,107.60,5.38,6.38,80072,
General Cigar Co.,img/icons/manufacturers/generalcigarco.svg,CAO,,img/icons/brands/cao.svg,Gold,Double Corona,,Double Corona,7.50,54,Parejo,,,,,,,,,,,,,,12.46,249.20,20,89,12.46,114.60,5.73,6.73,80075,
General Cigar Co.,img/icons/manufacturers/generalcigarco.svg,CAO,,img/icons/brands/cao.svg,Gold,Torpedo,,Torpedo,6.25,52,Torpedo,,,,,,,,,,,,,,12.86,257.20,20,89,12.86,118.60,5.93,6.93,80073,
General Cigar Co.,img/icons/manufacturers/generalcigarco.svg,CAO,,img/icons/brands/cao.svg,Italia,Gondola,,Gordo,6.25,54,Parejo,,,,,,,,,,,,,,11.46,229.20,20,89,11.46,104.60,5.23,6.23,80026,
General Cigar Co.,img/icons/manufacturers/generalcigarco.svg,CAO,,img/icons/brands/cao.svg,Italia,Ciao,,Robusto Gordo,5.00,56,Parejo,,,,,,,,,,,,,,11.74,234.80,20,89,11.74,107.40,5.37,6.37,80025,
General Cigar Co.,img/icons/manufacturers/generalcigarco.svg,CAO,,img/icons/brands/cao.svg,Italia,Piazza,,Gordo,6.00,60,Parejo,,,,,,,,,,,,,,12.46,249.20,20,89,12.46,114.60,5.73,6.73,80028,
General Cigar Co.,img/icons/manufacturers/generalcigarco.svg,CAO,,img/icons/brands/cao.svg,MX2,Robusto,,Robusto,5.00,52,Parejo,,,,,,,,,,,,,,12.06,241.20,20,89,12.06,110.60,5.53,6.53,80019,
General Cigar Co.,img/icons/manufacturers/generalcigarco.svg,CAO,,img/icons/brands/cao.svg,MX2,Toro,,Toro Gordo,6.00,54,Parejo,,,,,,,,,,,,,,12.94,258.80,20,89,12.94,119.40,5.97,6.97,80020,
General Cigar Co.,img/icons/manufacturers/generalcigarco.svg,CAO,,img/icons/brands/cao.svg,MX2,Gordo,,Gordo,6.00,60,Parejo,,,,,,,,,,,,,,13.42,268.40,20,89,13.42,124.20,6.21,7.21,80023,
General Cigar Co.,img/icons/manufacturers/generalcigarco.svg,CAO,,img/icons/brands/cao.svg,MX2,Belicoso,,Gigante,7.00,56,Parejo,,,,,,,,,,,,,,14.04,280.80,20,89,14.04,130.40,6.52,7.52,80021,
General Cigar Co.,img/icons/manufacturers/generalcigarco.svg,CAO,,img/icons/brands/cao.svg,Pilon,Robusto,,Robusto,5.00,52,Parejo,,,,,,,,,,,,,,11.56,231.20,20,89,11.56,105.60,5.28,6.28,82040,
General Cigar Co.,img/icons/manufacturers/generalcigarco.svg,CAO,,img/icons/brands/cao.svg,Pilon,Churchill,,Churchill,7.00,49,Parejo,,,,,,,,,,,,,,11.84,236.80,20,89,11.84,108.40,5.42,6.42,83123,
General Cigar Co.,img/icons/manufacturers/generalcigarco.svg,CAO,,img/icons/brands/cao.svg,Pilon,Toro BP,,Toro Gordo,6.25,54,Parejo,,,,,,,BP,,,,,,,11.94,238.80,20,89,11.94,109.40,5.47,6.47,83125,
General Cigar Co.,img/icons/manufacturers/generalcigarco.svg,CAO,,img/icons/brands/cao.svg,Pilon,Gigante,,Gordo,6.00,60,Parejo,,,,,,,,,,,,,,12.34,246.80,20,89,12.34,113.40,5.67,6.67,83122,
,,Casa Blanca,,img/icons/brands/casablanca.svg,,Casa Blanca Corona,,Corona,5.50,42,Parejo,Connecticut Shade,Mexico,Dominican Republic,Dominican Republic,Natural,Mellow,,,,,,,,,,,,,,,,,
,,Casa Blanca,,img/icons/brands/casablanca.svg,,Casa Blanca De Luxe Toro,,Toro,6.00,50,Parejo,Connecticut Shade,Mexico,Dominican Republic,Dominican Republic,Natural,Mellow,,,,,,,,,,,,,,,,,
,,Casa Blanca,,img/icons/brands/casablanca.svg,,Casa Blanca Half Jeroboam,,Short Gordo,5.00,65,Parejo,Connecticut Shade,Mexico,Dominican Republic,Dominican Republic,Natural,Mellow,,,,,,,,,,,,,,,,,
,,Casa Blanca,,img/icons/brands/casablanca.svg,,Casa Blanca Jeroboam,,Gigante,10.00,66,Parejo,Connecticut Shade,Mexico,Dominican Republic,Dominican Republic,Natural,Mellow,,,,,,,,,,,,,,,,,
,,Casa Blanca,,img/icons/brands/casablanca.svg,,Casa Blanca Lonsdale,,Lonsdale,6.50,42,Parejo,Connecticut Shade,Mexico,Dominican Republic,Dominican Republic,Natural,Mellow,,,,,,,,,,,,,,,,,
,,Casa Blanca,,img/icons/brands/casablanca.svg,,Casa Blanca Magnum,,Gigante,7.00,60,Parejo,Connecticut Shade,Mexico,Dominican Republic,Dominican Republic,Natural,Mellow,,,,,,,,,,,,,,,,,
,,Casa Blanca,,img/icons/brands/casablanca.svg,,Casa Blanca President,,Presidente,7.50,50,Parejo,Connecticut Shade,Mexico,Dominican Republic,Dominican Republic,Natural,Mellow,,,,,,,,,,,,,,,,,
,,Casa Blanca,,img/icons/brands/casablanca.svg,,Casa Blanca Robusto,,Robusto,5.00,50,Parejo,Connecticut Shade,Mexico,Dominican Republic,Dominican Republic,Natural,Mellow,,,,,,,,,,,,,,,,,
,,Casa Cuba,,img/icons/brands/casacuba.svg,,Divine Inspiration,,Corona Grande,6.25,47,Parejo,Ecuador,Dominican Republic,Dominican Republic,Dominican Republic,Colorado Maduro,Medium,,,,,,,,,,,,,,,,,
,,Casa Cuba,,img/icons/brands/casacuba.svg,,Doble Cinco,,Robusto,5.00,50,Parejo,Ecuador,Dominican Republic,Dominican Republic,Dominican Republic,Colorado Maduro,Medium,,,,,,,,,,,,,,,,,
,,Casa Cuba,,img/icons/brands/casacuba.svg,,Doble Dos,,Lonsdale,6.50,42,Parejo,Cameroon,Dominican Republic,Dominican Republic,Dominican Republic,Colorado Maduro,Medium,,,,,,,,,,,,,,,,,
,,Casa Cuba,,img/icons/brands/casacuba.svg,,Doble Quatro,,Short Robusto,4.50,54,Parejo,Ecuador,Dominican Republic,Dominican Republic,Dominican Republic,Colorado Maduro,Medium,,,,,,,,,,,,,,,,,
,,Casa Cuba,,img/icons/brands/casacuba.svg,,Doble Sies,,Toro,6.00,52,Parejo,Ecuador,Dominican Republic,Dominican Republic,Dominican Republic,Colorado Maduro,Medium,,,,,,,,,,,,,,,,,
,,Casa Cuba,,img/icons/brands/casacuba.svg,,Doble Tres,,Corona,5.50,44,Parejo,Ecuador,Dominican Republic,Dominican Republic,Dominican Republic,Colorado Maduro,Medium,,,,,,,,,,,,,,,,,
CLE Cigar Company,img/icons/manufacturers/clecigarcompany.svg,CLE,,img/cle.svg,,Azabache 50x5,,Robusto,5.00,50,Parejo,Mexico,Honduras,"Honduras, Nicaragua, Peru",Honduras,Maduro,Full,,,,,,,,,,,,,,,,,
CLE Cigar Company,img/icons/manufacturers/clecigarcompany.svg,CLE,,img/cle.svg,,Azabache 54x4,,,4.00,54,Parejo,Mexico,Honduras,"Honduras, Nicaragua, Peru",Honduras,Maduro,Full,,,,,,,,,,,,,,,,,
CLE Cigar Company,img/icons/manufacturers/clecigarcompany.svg,CLE,,img/cle.svg,,Azabache 54x6,,Toro,6.00,54,Parejo,Mexico,Honduras,"Honduras, Nicaragua, Peru",Honduras,Maduro,Full,,,,,,,,,,,,,,,,,
CLE Cigar Company,img/icons/manufacturers/clecigarcompany.svg,CLE,,img/cle.svg,,Azabache 60x4,,Short Gordo,4.00,60,Parejo,Mexico,Honduras,"Honduras, Nicaragua, Peru",Honduras,Maduro,Full,,,,,,,,,,,,,,,,,
CLE Cigar Company,img/icons/manufacturers/clecigarcompany.svg,CLE,,img/cle.svg,,Azabache 60x6,,Gordo,6.00,60,Parejo,Mexico,Honduras,"Honduras, Nicaragua, Peru",Honduras,Maduro,Full,,,,,,,,,,,,,,,,,
CLE Cigar Company,img/icons/manufacturers/clecigarcompany.svg,CLE,,img/cle.svg,,Azabache 69x4,,Short Gordo,4.00,69,Parejo,Mexico,Honduras,"Honduras, Nicaragua, Peru",Honduras,Maduro,Full,,,,,,,,,,,,,,,,,
CLE Cigar Company,img/icons/manufacturers/clecigarcompany.svg,CLE,,img/cle.svg,,CLE 25th Anniversary 11/18,,Perfecto,6.00,54,Perfecto,Honduras,Honduras,Honduras,Honduras,Natural,Medium,,,,,,,,,,,,,,,,,
CLE Cigar Company,img/icons/manufacturers/clecigarcompany.svg,CLE,,img/cle.svg,,CLE 25th Anniversary 50x5,,Robusto,5.00,50,Parejo,Honduras,Honduras,Honduras,Honduras,Natural,Medium,,,,,,,,,,,,,,,,,
CLE Cigar Company,img/icons/manufacturers/clecigarcompany.svg,CLE,,img/cle.svg,,CLE 25th Anniversary 54x6,,Toro,6.00,54,Parejo,Honduras,Honduras,Honduras,Honduras,Natural,Medium,,,,,,,,,,,,,,,,,
CLE Cigar Company,img/icons/manufacturers/clecigarcompany.svg,CLE,,img/cle.svg,,CLE 25th Anniversary 60x6,,Gordo,6.00,60,Parejo,Honduras,Honduras,Honduras,Honduras,Natural,Medium,,,,,,,,,,,,,,,,,
CLE Cigar Company,img/icons/manufacturers/clecigarcompany.svg,CLE,,img/cle.svg,,CLE Chele 40x4,,Petite Corona,4.00,40,Box-Pressed Parejo,Ecuadoian Connecticut Shade,Nicaragua,Nicaragua,Nicaragua,Connecticut,Medium,,,,,,,,,,,,,,,,,
CLE Cigar Company,img/icons/manufacturers/clecigarcompany.svg,CLE,,img/cle.svg,,CLE Chele 46x6,,Corona,6.00,46,Box-Pressed Parejo,Ecuadoian Connecticut Shade,Nicaragua,Nicaragua,Nicaragua,Connecticut,Medium,,,,,,,,,,,,,,,,,
CLE Cigar Company,img/icons/manufacturers/clecigarcompany.svg,CLE,,img/cle.svg,,CLE Chele 50x5,,Robusto,5.00,50,Box-Pressed Parejo,Ecuadoian Connecticut Shade,Nicaragua,Nicaragua,Nicaragua,Connecticut,Medium,,,,,,,,,,,,,,,,,
CLE Cigar Company,img/icons/manufacturers/clecigarcompany.svg,CLE,,img/cle.svg,,CLE Chele 52x6,,Toro,6.00,52,Box-Pressed Parejo,Ecuadoian Connecticut Shade,Nicaragua,Nicaragua,Nicaragua,Connecticut,Medium,,,,,,,,,,,,,,,,,
CLE Cigar Company,img/icons/manufacturers/clecigarcompany.svg,CLE,,img/cle.svg,,CLE Chele 60x6,,Gordo,6.00,60,Box-Pressed Parejo,Ecuadoian Connecticut Shade,Nicaragua,Nicaragua,Nicaragua,Connecticut,Medium,,,,,,,,,,,,,,,,,
CLE Cigar Company,img/icons/manufacturers/clecigarcompany.svg,CLE,,img/cle.svg,,CLE Connecticut 11/18,,Toro,6.00,54,Parejo,Ecuadoian Connecticut,Honduras,Honduras,Honduras,Connecticut,Mild,,,,,,,,,,,,,,,,,
CLE Cigar Company,img/icons/manufacturers/clecigarcompany.svg,CLE,,img/cle.svg,,CLE Connecticut 40x4,,Petite Corona,4.00,40,Parejo,Ecuadoian Connecticut,Honduras,Honduras,Honduras,Connecticut,Mild,,,,,,,,,,,,,,,,,
CLE Cigar Company,img/icons/manufacturers/clecigarcompany.svg,CLE,,img/cle.svg,,CLE Connecticut 46x5.75,,Corona,5.75,46,Parejo,Ecuadoian Connecticut,Honduras,Honduras,Honduras,Connecticut,Mild,,,,,,,,,,,,,,,,,
CLE Cigar Company,img/icons/manufacturers/clecigarcompany.svg,CLE,,img/cle.svg,,CLE Connecticut 50x5,,Robusto,5.00,50,Parejo,Ecuadoian Connecticut,Honduras,Honduras,Honduras,Connecticut,Mild,,,,,,,,,,,,,,,,,
CLE Cigar Company,img/icons/manufacturers/clecigarcompany.svg,CLE,,img/cle.svg,,CLE Connecticut 54x4,,,4.00,54,Parejo,Ecuadoian Connecticut,Honduras,Honduras,Honduras,Connecticut,Mild,,,,,,,,,,,,,,,,,
CLE Cigar Company,img/icons/manufacturers/clecigarcompany.svg,CLE,,img/cle.svg,,CLE Connecticut 60x4,,Short Gordo,4.00,60,Parejo,Ecuadoian Connecticut,Honduras,Honduras,Honduras,Connecticut,Mild,,,,,,,,,,,,,,,,,
CLE Cigar Company,img/icons/manufacturers/clecigarcompany.svg,CLE,,img/cle.svg,,CLE Connecticut 60x6,,Gordo,6.00,60,Parejo,Ecuadoian Connecticut,Honduras,Honduras,Honduras,Connecticut,Mild,,,,,,,,,,,,,,,,,
CLE Cigar Company,img/icons/manufacturers/clecigarcompany.svg,CLE,,img/cle.svg,,CLE Connecticut 70x4,,Short Gordo,4.00,70,Parejo,Ecuadoian Connecticut,Honduras,Honduras,Honduras,Connecticut,Mild,,,,,,,,,,,,,,,,,
CLE Cigar Company,img/icons/manufacturers/clecigarcompany.svg,CLE,,img/cle.svg,,CLE Corojo 40x4,,Petite Corona,4.00,40,Parejo,Corojo,Honduras,Honduras,Honduras,Colorado,Full,,,,,,,,,,,,,,,,,
CLE Cigar Company,img/icons/manufacturers/clecigarcompany.svg,CLE,,img/cle.svg,,CLE Corojo 46x5.75,,Double Corona,5.75,46,Parejo,Corojo,Honduras,Honduras,Honduras,Colorado,Full,,,,,,,,,,,,,,,,,
CLE Cigar Company,img/icons/manufacturers/clecigarcompany.svg,CLE,,img/cle.svg,,CLE Corojo 50x5,,Robusto,5.00,50,Parejo,Corojo,Honduras,Honduras,Honduras,Colorado,Full,,,,,,,,,,,,,,,,,
CLE Cigar Company,img/icons/manufacturers/clecigarcompany.svg,CLE,,img/cle.svg,,CLE Corojo 54x4,,,4.00,54,Parejo,Corojo,Honduras,Honduras,Honduras,Colorado,Full,,,,,,,,,,,,,,,,,
CLE Cigar Company,img/icons/manufacturers/clecigarcompany.svg,CLE,,img/cle.svg,,CLE Corojo 60x4,,Short Gordo,4.00,60,Parejo,Corojo,Honduras,Honduras,Honduras,Colorado,Full,,,,,,,,,,,,,,,,,
CLE Cigar Company,img/icons/manufacturers/clecigarcompany.svg,CLE,,img/cle.svg,,CLE Corojo 60x6,,Gordo,6.00,60,Parejo,Corojo,Honduras,Honduras,Honduras,Colorado,Full,,,,,,,,,,,,,,,,,
CLE Cigar Company,img/icons/manufacturers/clecigarcompany.svg,CLE,,img/cle.svg,,CLE Corojo 70x4,,Short Gordo,4.00,70,Parejo,Corojo,Honduras,Honduras,Honduras,Colorado,Full,,,,,,,,,,,,,,,,,
CLE Cigar Company,img/icons/manufacturers/clecigarcompany.svg,CLE,,img/cle.svg,,CLE Habano 40x4,,Petite Corona,4.00,40,Parejo,Honduran Habano,Honduras,Honduras,Honduras,Natural,Medium,,,,,,,,,,,,,,,,,
CLE Cigar Company,img/icons/manufacturers/clecigarcompany.svg,CLE,,img/cle.svg,,CLE Habano 46x5.75,,Corona,5.75,46,Parejo,Honduran Habano,Honduras,Honduras,Honduras,Natural,Medium,,,,,,,,,,,,,,,,,
CLE Cigar Company,img/icons/manufacturers/clecigarcompany.svg,CLE,,img/cle.svg,,CLE Habano 50x5,,Robusto,5.00,50,Parejo,Honduran Habano,Honduras,Honduras,Honduras,Natural,Medium,,,,,,,,,,,,,,,,,
CLE Cigar Company,img/icons/manufacturers/clecigarcompany.svg,CLE,,img/cle.svg,,CLE Habano 54x4,,,4.00,54,Parejo,Honduran Habano,Honduras,Honduras,Honduras,Natural,Medium,,,,,,,,,,,,,,,,,
CLE Cigar Company,img/icons/manufacturers/clecigarcompany.svg,CLE,,img/cle.svg,,CLE Habano 60x4,,Short Gordo,4.00,60,Parejo,Honduran Habano,Honduras,Honduras,Honduras,Natural,Medium,,,,,,,,,,,,,,,,,
CLE Cigar Company,img/icons/manufacturers/clecigarcompany.svg,CLE,,img/cle.svg,,CLE Habano 60x6,,Gordo,6.00,60,Parejo,Honduran Habano,Honduras,Honduras,Honduras,Natural,Medium,,,,,,,,,,,,,,,,,
CLE Cigar Company,img/icons/manufacturers/clecigarcompany.svg,CLE,,img/cle.svg,,CLE Habano 70x4,,Short Gordo,4.00,70,Parejo,Honduran Habano,Honduras,Honduras,Honduras,Natural,Medium,,,,,,,,,,,,,,,,,
CLE Cigar Company,img/icons/manufacturers/clecigarcompany.svg,CLE,,img/cle.svg,,CLE Prieto 40x4,,Petite Corona,4.00,40,Box-Pressed Parejo,USA Connecticut Broadleaf,Nicaragua,Nicaragua,Nicaragua,Maduro,Medium-Full,,,,,,,,,,,,,,,,,
CLE Cigar Company,img/icons/manufacturers/clecigarcompany.svg,CLE,,img/cle.svg,,CLE Prieto 46x6,,Double Corona,6.00,46,Box-Pressed Parejo,USA Connecticut Broadleaf,Nicaragua,Nicaragua,Nicaragua,Maduro,Medium-Full,,,,,,,,,,,,,,,,,
CLE Cigar Company,img/icons/manufacturers/clecigarcompany.svg,CLE,,img/cle.svg,,CLE Prieto 50x5,,Robusto,5.00,50,Box-Pressed Parejo,USA Connecticut Broadleaf,Nicaragua,Nicaragua,Nicaragua,Maduro,Medium-Full,,,,,,,,,,,,,,,,,
CLE Cigar Company,img/icons/manufacturers/clecigarcompany.svg,CLE,,img/cle.svg,,CLE Prieto 52x6,,Toro,6.00,52,Box-Pressed Parejo,USA Connecticut Broadleaf,Nicaragua,Nicaragua,Nicaragua,Maduro,Medium-Full,,,,,,,,,,,,,,,,,
CLE Cigar Company,img/icons/manufacturers/clecigarcompany.svg,CLE,,img/cle.svg,,CLE Prieto 60x6,,Gordo,6.00,60,Box-Pressed Parejo,USA Connecticut Broadleaf,Nicaragua,Nicaragua,Nicaragua,Maduro,Medium-Full,,,,,,,,,,,,,,,,,
CLE Cigar Company,img/icons/manufacturers/clecigarcompany.svg,CLE,,img/cle.svg,,CLE Prieto Diadema,,Perfecto,7.00,52,Perfecto,USA Connecticut Broadleaf,Nicaragua,Nicaragua,Nicaragua,Maduro,Medium-Full,,,,,,,,,,,,,,,,,
CLE Cigar Company,img/icons/manufacturers/clecigarcompany.svg,CLE,,img/cle.svg,,CLE Signature Series 46x5.5,,Corona,5.50,46,,Undisclosed,Undisclosed,Undisclosed,Honduras,Maduro,,,,,,,,,,,,,,,,,,
CLE Cigar Company,img/icons/manufacturers/clecigarcompany.svg,CLE,,img/cle.svg,,CLE Signature Series 50x4.5,,Robusto,4.50,50,,Undisclosed,Undisclosed,Undisclosed,Honduras,Maduro,,,,,,,,,,,,,,,,,,
CLE Cigar Company,img/icons/manufacturers/clecigarcompany.svg,CLE,,img/cle.svg,,CLE Signature Series 60x6,,Gordo,6.00,60,,Undisclosed,Undisclosed,Undisclosed,Honduras,Maduro,,,,,,,,,,,,,,,,,,
CLE Cigar Company,img/icons/manufacturers/clecigarcompany.svg,CLE,,img/icons/brands/cle.svg,,CLE Signature Series THT-EKE TAA 11/18,,Perfecto,6.00,54,Perfecto,Undisclosed,Undisclosed,Undisclosed,Honduras,Maduro,,,,,,,,,,,,,,,,,,
General Cigar Co.,img/icons/manufacturers/generalcigarco.svg,COHIBA,,img/icons/brands/cohiba.svg,Cohiba,Toro Tubo,,Toro,6.00,50,Parejo,,,,,,,,Tubo,,,,,,30.16,301.60,10,89,30.16,145.80,14.58,15.58,07998-COHC,
General Cigar Co.,img/icons/manufacturers/generalcigarco.svg,COHIBA,,img/icons/brands/cohiba.svg,Cohiba,Crystal Corona,,Corona,5.50,42,Parejo,,,,,,,,Tubo,,,,,,28.66,573.20,20,89,28.66,276.60,13.83,14.83,07964-COHC,
General Cigar Co.,img/icons/manufacturers/generalcigarco.svg,COHIBA,,img/icons/brands/cohiba.svg,Cohiba,Corona Minor,,Petit Corona,4.00,42,Parejo,,,,,,,,,,,,,,18.66,466.50,25,89,18.66,220.75,8.83,9.83,07966-COHC,
General Cigar Co.,img/icons/manufacturers/generalcigarco.svg,COHIBA,,img/icons/brands/cohiba.svg,Cohiba,Robusto Fino,,Robusto,4.75,47,Parejo,,,,,,,,,,,,,,24.16,604.00,25,89,24.16,289.50,11.58,12.58,07960-COHR,
General Cigar Co.,img/icons/manufacturers/generalcigarco.svg,COHIBA,,img/icons/brands/cohiba.svg,Cohiba,Corona,,Corona,5.12,42,Parejo,,,,,,,,,,,,,,24.66,616.50,25,89,24.66,295.75,11.83,12.83,07961-COHC,
General Cigar Co.,img/icons/manufacturers/generalcigarco.svg,COHIBA,,img/icons/brands/cohiba.svg,Cohiba,Robusto,,Robusto,5.00,49,Parejo,,,,,,,,,,,,,,28.96,724.00,25,89,28.96,349.50,13.98,14.98,07956-COHR,
General Cigar Co.,img/icons/manufacturers/generalcigarco.svg,COHIBA,,img/icons/brands/cohiba.svg,Cohiba,Lonsdale Grande,,Lonsdale,6.25,47,Parejo,,,,,,,,,,,,,,29.06,726.50,25,89,29.06,350.75,14.03,15.03,07959-COHL,
General Cigar Co.,img/icons/manufacturers/generalcigarco.svg,COHIBA,,img/icons/brands/cohiba.svg,Cohiba,Churchill,,Churchill,7.00,49,Parejo,,,,,,,,,,,,,,31.66,791.50,25,89,31.66,383.25,15.33,16.33,07957-COHC,
General Cigar Co.,img/icons/manufacturers/generalcigarco.svg,COHIBA,,img/icons/brands/cohiba.svg,Cohiba Black,Robusto Tubo,,Robusto,5.50,50,Parejo,,,,,Oscuro,,,Tubo,,,,,,30.16,241.28,8,89,30.16,116.64,14.58,15.58,07983-COHR,
General Cigar Co.,img/icons/manufacturers/generalcigarco.svg,COHIBA,,img/icons/brands/cohiba.svg,Cohiba Black,Gigante Tubo,,Gordo,6.00,60,Parejo,,,,,Oscuro,,,Tubo,,,,,,34.16,683.20,20,89,34.16,331.60,16.58,17.58,06156-COHG,
General Cigar Co.,img/icons/manufacturers/generalcigarco.svg,COHIBA,,img/icons/brands/cohiba.svg,Cohiba Black,Corona,,Corona,5.50,42,Parejo,,,,,Oscuro,,,,,,,,,25.16,629.00,25,89,25.16,302.00,12.08,13.08,07982-COHC,
General Cigar Co.,img/icons/manufacturers/generalcigarco.svg,COHIBA,,img/icons/brands/cohiba.svg,Cohiba Black,Supremo,,Toro Gordo,6.00,54,Parejo,,,,,Oscuro,,,,,,,,,31.16,779.00,25,89,31.16,377.00,15.08,16.08,07980-COHS,
General Cigar Co.,img/icons/manufacturers/generalcigarco.svg,COHIBA,,img/icons/brands/cohiba.svg,Cohiba Black,Churchill,,Churchill,7.00,49,Parejo,,,,,Oscuro,,,,,,,,,32.16,804.00,25,89,32.16,389.50,15.58,16.58,07981-COHC,
General Cigar Co.,img/icons/manufacturers/generalcigarco.svg,COHIBA,,img/icons/brands/cohiba.svg,Cohiba Blue,Gigante 7x70,,Gigante,7.00,70,Parejo,,,,,,,,,,,,,,19.80,297.00,15,89,19.80,141.00,9.40,10.40,05132-COHB,
General Cigar Co.,img/icons/manufacturers/generalcigarco.svg,COHIBA,,img/icons/brands/cohiba.svg,Cohiba Blue,Rothschild,,Rothschild,4.50,50,Parejo,,,,,,,,,,,,,,14.16,283.20,20,89,14.16,131.60,6.58,7.58,04552-COHC,
General Cigar Co.,img/icons/manufacturers/generalcigarco.svg,COHIBA,,img/icons/brands/cohiba.svg,Cohiba Blue,Robusto,,Robusto,5.50,50,Parejo,,,,,,,,,,,,,,15.66,313.20,20,89,15.66,146.60,7.33,8.33,04551-COHC,
General Cigar Co.,img/icons/manufacturers/generalcigarco.svg,COHIBA,,img/icons/brands/cohiba.svg,Cohiba Blue,Toro,,Toro Gordo,6.00,54,Parejo,,,,,,,,,,,,,,16.66,333.20,20,89,16.66,156.60,7.83,8.83,04553-COHC,
General Cigar Co.,img/icons/manufacturers/generalcigarco.svg,COHIBA,,img/icons/brands/cohiba.svg,Cohiba Blue,Churchill,,Churchill,7.50,50,Parejo,,,,,,,,,,,,,,17.66,353.20,20,89,17.66,166.60,8.33,9.33,04550-COHC,
General Cigar Co.,img/icons/manufacturers/generalcigarco.svg,COHIBA,,img/icons/brands/cohiba.svg,Cohiba Blue,Robusto Tubo,,Robusto,5.50,50,Parejo,,,,,,,,Tubo,,,,,,18.08,361.60,20,89,18.08,170.80,8.54,9.54,04841-COHB,
General Cigar Co.,img/icons/manufacturers/generalcigarco.svg,COHIBA,,img/icons/brands/cohiba.svg,Cohiba Connecticut,Robusto Tubo,,Robusto,5.00,50,Parejo,,,,,,,,Tubo,,,,,,29.16,291.60,10,89,29.16,140.80,14.08,15.08,04802-COHC,
General Cigar Co.,img/icons/manufacturers/generalcigarco.svg,COHIBA,,img/icons/brands/cohiba.svg,Cohiba Connecticut,Toro Tubo,,Toro,6.50,52,Parejo,,,,,,,,Tubo,,,,,,32.06,320.60,10,89,32.06,155.30,15.53,16.53,05140-COHC,
General Cigar Co.,img/icons/manufacturers/generalcigarco.svg,COHIBA,,img/icons/brands/cohiba.svg,Cohiba Connecticut,Robusto,,Robusto,5.50,50,Parejo,,,,,,,,,,,,,,28.16,563.20,20,89,28.16,271.60,13.58,14.58,04799-COHC,
General Cigar Co.,img/icons/manufacturers/generalcigarco.svg,COHIBA,,img/icons/brands/cohiba.svg,Cohiba Connecticut,Toro,,Toro,6.50,52,Parejo,,,,,,,,,,,,,,30.16,603.20,20,89,30.16,291.60,14.58,15.58,04800-COHC,
General Cigar Co.,img/icons/manufacturers/generalcigarco.svg,COHIBA,,img/icons/brands/cohiba.svg,Cohiba Connecticut,Gigante,,Gordo,6.00,60,Parejo,,,,,,,,,,,,,,31.86,637.20,20,89,31.86,308.60,15.43,16.43,04801-COHC,
General Cigar Co.,img/icons/manufacturers/generalcigarco.svg,COHIBA,,img/icons/brands/cohiba.svg,Cohiba Nicaragua,N 5x52 en Crystale,,Robusto,5.00,52,Parejo,,,,,,,,Tubo,,,,,,23.16,185.28,8,89,23.16,88.64,11.08,12.08,06153-COHN,
General Cigar Co.,img/icons/manufacturers/generalcigarco.svg,COHIBA,,img/icons/brands/cohiba.svg,Cohiba Nicaragua,N 4 7/8 x 50,,Robusto,4.88,50,Parejo,,,,,,,,,,,,,,21.16,338.56,16,89,21.16,161.28,10.08,11.08,06152-COHN,
General Cigar Co.,img/icons/manufacturers/generalcigarco.svg,COHIBA,,img/icons/brands/cohiba.svg,Cohiba Nicaragua,N 5.25 x 54,,Robusto Gordo,5.25,54,Parejo,,,,,,,,,,,,,,24.16,386.56,16,89,24.16,185.28,11.58,12.58,06154-COHN,
General Cigar Co.,img/icons/manufacturers/generalcigarco.svg,COHIBA,,img/icons/brands/cohiba.svg,Cohiba Nicaragua,N6 x 60 Gordo,,Gordo,6.00,60,Parejo,,,,,,,,,,,,,,25.66,410.56,16,89,25.66,197.28,12.33,13.33,06399-COHN,
General Cigar Co.,img/icons/manufacturers/generalcigarco.svg,COHIBA,,img/icons/brands/cohibariviera.svg,Cohiba Riviera,Toro Tubo,,Toro,6.50,52,Parejo,,,,,,,,Tubo,,,,,,26.00,260.00,10,89,26.00,125.00,12.50,13.50,06114-COHR,
General Cigar Co.,img/icons/manufacturers/generalcigarco.svg,COHIBA,,img/icons/brands/cohibariviera.svg,Cohiba Riviera,Perfecto,,Perfecto,6.00,60,Perfecto,,,,,,,BP,,,,,,,26.54,265.40,10,89,26.54,127.70,12.77,13.77,05645-COHR,
General Cigar Co.,img/icons/manufacturers/generalcigarco.svg,COHIBA,,img/icons/brands/cohibariviera.svg,Cohiba Riviera,Riviera Lancero,,Lancero,7.00,38,Parejo,,,,,,,,,,,,,,17.02,255.30,15,89,17.02,120.15,8.01,9.01,06109-COHR,
General Cigar Co.,img/icons/manufacturers/generalcigarco.svg,COHIBA,,img/icons/brands/cohibariviera.svg,Cohiba Riviera,Robusto,,Robusto,5.00,52,Parejo,,,,,,,BP,,,,,,,23.04,460.80,20,89,23.04,220.40,11.02,12.02,05643-COHR,
General Cigar Co.,img/icons/manufacturers/generalcigarco.svg,COHIBA,,img/icons/brands/cohibariviera.svg,Cohiba Riviera,Toro,,Toro,6.50,52,Parejo,,,,,,,BP,,,,,,,25.04,500.80,20,89,25.04,240.40,12.02,13.02,05644-COHR,
General Cigar Co.,img/icons/manufacturers/generalcigarco.svg,COHIBA,,img/icons/brands/cohiba.svg,Cohiba Royale,Robusto,,Robusto,5.50,54,Parejo,,,,,,,,,,,,,,34.12,341.20,10,89,34.12,165.60,16.56,17.56,06115-COHR,
General Cigar Co.,img/icons/manufacturers/generalcigarco.svg,COHIBA,,img/icons/brands/cohiba.svg,Cohiba Royale,Toro,,Toro,6.00,50,Parejo,,,,,,,,,,,,,,37.52,375.20,10,89,37.52,182.60,18.26,19.26,06116-COHR,
General Cigar Co.,img/icons/manufacturers/generalcigarco.svg,COHIBA,,img/icons/brands/cohibarubicon.svg,Cohiba Rubicon,Robusto Box-Pressed,,Robusto,5.50,55,Parejo,,,,,,,BP,,,,,,,9.52,190.40,20,89,9.52,85.20,4.26,5.26,06124-COHR,
General Cigar Co.,img/icons/manufacturers/generalcigarco.svg,COHIBA,,img/icons/brands/cohibarubicon.svg,Cohiba Rubicon,Toro,,Toro Gordo,6.00,54,Parejo,,,,,,,,,,,,,,9.92,198.40,20,89,9.92,89.20,4.46,5.46,06125-COHR,
General Cigar Co.,img/icons/manufacturers/generalcigarco.svg,COHIBA,,img/icons/brands/cohibarubicon.svg,Cohiba Rubicon,Gigante,,Gordo,6.00,60,Parejo,,,,,,,,,,,,,,10.50,210.00,20,89,10.50,95.00,4.75,5.75,06126-COHR,
Drew Estate,img/icons/manufacturers/drewestate.svg,Crazy Alice,,img/icons/brands/crazyalice.svg,,Crazy Alice,,Cigarillo,4.00,38-52,Parejo,,,,,,,,,FS,,,,,8.75,87.50,10,89,10.41,47.03,4.70,5.70,Q-01-14-069,30
Oliva,img/icons/manufacturers/oliva.svg,Cuba Aliados,,img/icons/brands/oliva.svg,Cuba Aliados Original,5x50 Nat,,Robusto,5.00,50,Parejo,,,,,,,,,,,,,,12.36,247.12,20,89,12.36,113.56,5.68,6.68,TICB010,
Oliva,img/icons/manufacturers/oliva.svg,Cuba Aliados,,img/icons/brands/oliva.svg,Cuba Aliados Original,6x52 Nat,,Toro,6.00,52,Parejo,,,,,,,,,,,,,,12.90,257.94,20,89,12.90,118.97,5.95,6.95,TICB020,
Oliva,img/icons/manufacturers/oliva.svg,Cuba Aliados,,img/icons/brands/oliva.svg,Cuba Aliados Original,7x50 Nat,,Churchill,7.00,50,Parejo,,,,,,,,,,,,,,14.09,281.72,20,89,14.09,130.86,6.54,7.54,TICB050,
Oliva,img/icons/manufacturers/oliva.svg,Cuba Aliados,,img/icons/brands/oliva.svg,Cuba Aliados Original,6x60 Nat,,Gordo,6.00,60,Parejo,,,,,,,,,,,,,,14.63,292.54,20,89,14.63,136.27,6.81,7.81,TICB040,
Oliva,img/icons/manufacturers/oliva.svg,Cuba Aliados,,img/icons/brands/oliva.svg,Cuba Aliados Cab by EPC,5x50 Cab,,Robusto,5.00,50,Parejo,,,,,,,,,,,,,,16.90,337.96,20,89,16.90,158.98,7.95,8.95,TICB210,
Oliva,img/icons/manufacturers/oliva.svg,Cuba Aliados,,img/icons/brands/oliva.svg,Cuba Aliados Cab by EPC,Cab,,Toro,6.00,52,Parejo,,,,,,,,,,,,,,17.44,348.78,20,89,17.44,164.39,8.22,9.22,TICB220,
Oliva,img/icons/manufacturers/oliva.svg,Cuba Aliados,,img/icons/brands/oliva.svg,Cuba Aliados Cab by EPC,7x50 Cab,,Churchill,7.00,50,Parejo,,,,,,,,,,,,,,18.09,361.76,20,89,18.09,170.88,8.54,9.54,TICB250,
Oliva,img/icons/manufacturers/oliva.svg,Cuba Aliados,,img/icons/brands/oliva.svg,Cuba Aliados Cab by EPC,6x60 Cab,,Gordo,6.00,60,Parejo,,,,,,,,,,,,,,18.63,372.56,20,89,18.63,176.28,8.81,9.81,TICB240,
Oliva,img/icons/manufacturers/oliva.svg,Cuba Aliados,,img/icons/brands/oliva.svg,Cuba Aliados Original,6x54T Nat,,Torpedo,6.00,54,Torpedo,,,,,,,,,,,,,,13.55,270.90,20,89,13.55,125.45,6.27,7.27,TICB030,
Oliva,img/icons/manufacturers/oliva.svg,Cuba Aliados,,img/icons/brands/oliva.svg,Cuba Aliados Cab by EPC,6x54T Cab,,Torpedo,6.00,54,Torpedo,,,,,,,,,,,,,,17.76,355.26,20,89,17.76,167.63,8.38,9.38,TICB230,
,,Cubiche,,img/icons/brands/cubiche.svg,,Cubiche Cuban Wannabe Churchill,,Churchill,7.00,48,Parejo,Nicaragua,Nicaragua,Nicaragua,Nicaragua,Connecticut Shade,Mild,,,,,,,,,,,,,,,,,
,,Cubiche,,img/icons/brands/cubiche.svg,,Cubiche Cuban Wannabe Toro,,Toro,6.00,52,Parejo,Nicaragua,Nicaragua,Nicaragua,Nicaragua,Connecticut Shade,Mild,,,,,,,,,,,,,,,,,
,,Cuesta Rey,,img/icons/brands/cuestarey.svg,,Centro Fino No. 60,,Toro,6.00,50,Parejo,Ecuadorian Centro Fino Sungrown,Dominican Republic,Dominican Republic,Dominican Republic,Natural,Medium,,,,,,,,,,,,,,,,,
,,Cuesta Rey,,img/icons/brands/cuestarey.svg,,Pyramid No. 9,,Pyramid,6.25,52,Pyramid,Ecuadorian Centro Fino Sungrown,Dominican Republic,Dominican Republic,Dominican Republic,Natural,Medium,,,,,,,,,,,,,,,,,
,,Cuesta Rey,,img/icons/brands/cuestarey.svg,,Robusto No. 7,,Robusto,4.50,50,Parejo,Ecuadorian Centro Fino Sungrown,Dominican Republic,Dominican Republic,Dominican Republic,Natural,Medium,,,,,,,,,,,,,,,,,
Curivari,img/icons/manufacturers/curivari.svg,Curivari,,img/icons/brands/curivari.svg,,Achilles Eternos,,Toro,6.25,52,Parejo,Nicaragua,Nicaragua,,Nicaragua,,,,,,,,,,,,,,,,,,,
Curivari,img/icons/manufacturers/curivari.svg,Curivari,,img/icons/brands/curivari.svg,,Achilles Gloriosos,,,5.75,56,,Nicaragua,Nicaragua,,Nicaragua,,,,,,,,,,,,,,,,,,,
Curivari,img/icons/manufacturers/curivari.svg,Curivari,,img/icons/brands/curivari.svg,,Achilles Heroicos,,,5.25,50,,Nicaragua,Nicaragua,,Nicaragua,,,,,,,,,,,,,,,,,,,
Curivari,img/icons/manufacturers/curivari.svg,Curivari,,img/icons/brands/curivari.svg,,Achilles Invensibles 4,,,4.88,50,,Nicaragua,Nicaragua,,Nicaragua,,,,,,,,,,,,,,,,,,,
Curivari,img/icons/manufacturers/curivari.svg,Curivari,,img/icons/brands/curivari.svg,,Achilles Invensibles 5,,Robusto,5.50,52,Parejo,Nicaragua,Nicaragua,,Nicaragua,,,,,,,,,,,,,,,,,,,
Curivari,img/icons/manufacturers/curivari.svg,Curivari,,img/icons/brands/curivari.svg,,Achilles Invensibles 6,,,6.25,54,,Nicaragua,Nicaragua,,Nicaragua,,,,,,,,,,,,,,,,,,,
Curivari,img/icons/manufacturers/curivari.svg,Curivari,,img/icons/brands/curivari.svg,,Achilles Mirmidones 52,,,5.00,52,,Nicaragua,Nicaragua,,Nicaragua,,,,,,,,,,,,,,,,,,,
Curivari,img/icons/manufacturers/curivari.svg,Curivari,,img/icons/brands/curivari.svg,,Achilles Mirmidones 54,,,6.00,54,,Nicaragua,Nicaragua,,Nicaragua,,,,,,,,,,,,,,,,,,,
Curivari,img/icons/manufacturers/curivari.svg,Curivari,,img/icons/brands/curivari.svg,,Achilles Mirmidones 58,,,6.75,58,,Nicaragua,Nicaragua,,Nicaragua,,,,,,,,,,,,,,,,,,,
Curivari,img/icons/manufacturers/curivari.svg,Curivari,,img/icons/brands/curivari.svg,,Anniversario 1997 446,,,4.00,46,,Nicaragua,Nicaragua,,Nicaragua,,,,,,,,,,,,,,,,,,,
Curivari,img/icons/manufacturers/curivari.svg,Curivari,,img/icons/brands/curivari.svg,,Anniversario 1997 550 Robusto,,Robusto,5.00,50,Parejo,Nicaragua,Nicaragua,,Nicaragua,,,,,,,,,,,,,,,,,,,
Curivari,img/icons/manufacturers/curivari.svg,Curivari,,img/icons/brands/curivari.svg,,Anniversario 1997 556,,,5.50,56,,Nicaragua,Nicaragua,,Nicaragua,,,,,,,,,,,,,,,,,,,
Curivari,img/icons/manufacturers/curivari.svg,Curivari,,img/icons/brands/curivari.svg,,Anniversario 1997 650,,,6.00,50,,Nicaragua,Nicaragua,,Nicaragua,,,,,,,,,,,,,,,,,,,
Curivari,img/icons/manufacturers/curivari.svg,Curivari,,img/icons/brands/curivari.svg,,Anniversario 1997 T,,Torpedo,6.25,52,Pyramid,Nicaragua,Nicaragua,,Nicaragua,,,,,,,,,,,,,,,,,,,
Curivari,img/icons/manufacturers/curivari.svg,Curivari,,img/icons/brands/curivari.svg,,Archimedes 546,,Corona,5.50,46,Parejo,Nicaragua,Nicaragua,,Nicaragua,,,,,,,,,,,,,,,,,,,
Curivari,img/icons/manufacturers/curivari.svg,Curivari,,img/icons/brands/curivari.svg,,Archimedes 550 Robusto,,Robusto,5.00,50,Parejo,Nicaragua,Nicaragua,,Nicaragua,,,,,,,,,,,,,,,,,,,
Curivari,img/icons/manufacturers/curivari.svg,Curivari,,img/icons/brands/curivari.svg,,Archimedes 650 Toro,,Toro,6.00,50,Parejo,Nicaragua,Nicaragua,,Nicaragua,,,,,,,,,,,,,,,,,,,
Curivari,img/icons/manufacturers/curivari.svg,Curivari,,img/icons/brands/curivari.svg,,Archimedes 654,,,6.25,54,,Nicaragua,Nicaragua,,Nicaragua,,,,,,,,,,,,,,,,,,,
Curivari,img/icons/manufacturers/curivari.svg,Curivari,,img/icons/brands/curivari.svg,,Archimedes 750,,,7.00,50,,Nicaragua,Nicaragua,,Nicaragua,,,,,,,,,,,,,,,,,,,
Curivari,img/icons/manufacturers/curivari.svg,Curivari,,img/icons/brands/curivari.svg,,Aristoteles 544,,,5.13,44,,Nicaragua,Nicaragua,,Nicaragua,,,,,,,,,,,,,,,,,,,
Curivari,img/icons/manufacturers/curivari.svg,Curivari,,img/icons/brands/curivari.svg,,Aristoteles 548,,,5.00,48,,Nicaragua,Nicaragua,,Nicaragua,,,,,,,,,,,,,,,,,,,
Curivari,img/icons/manufacturers/curivari.svg,Curivari,,img/icons/brands/curivari.svg,,Aristoteles 550 Robusto,,Robusto,5.50,50,Parejo,Nicaragua,Nicaragua,,Nicaragua,,,,,,,,,,,,,,,,,,,
Curivari,img/icons/manufacturers/curivari.svg,Curivari,,img/icons/brands/curivari.svg,,Aristoteles 652,,Toro,6.00,52,Parejo,Nicaragua,Nicaragua,,Nicaragua,,,,,,,,,,,,,,,,,,,
Curivari,img/icons/manufacturers/curivari.svg,Curivari,,img/icons/brands/curivari.svg,,Aristoteles 748,,,7.00,48,,Nicaragua,Nicaragua,,Nicaragua,,,,,,,,,,,,,,,,,,,
Curivari,img/icons/manufacturers/curivari.svg,Curivari,,img/icons/brands/curivari.svg,,Buenaventura BV 500 Robusto,,Robusto,5.25,50,Parejo,Nicaragua,Nicaragua,Nicaragua,Nicaragua,Natural,,,,,,,,,,,,,,,,,,
Curivari,img/icons/manufacturers/curivari.svg,Curivari,,img/icons/brands/curivari.svg,,Buenaventura BV 560,,Robusto Extra,5.50,56,,Nicaragua,Nicaragua,Nicaragua,Nicaragua,,,,,,,,,,,,,,,,,,,
Curivari,img/icons/manufacturers/curivari.svg,Curivari,,img/icons/brands/curivari.svg,,Buenaventura BV 600,,Gordo,6.00,60,,Nicaragua,Nicaragua,Nicaragua,Nicaragua,,,,,,,,,,,,,,,,,,,
Curivari,img/icons/manufacturers/curivari.svg,Curivari,,img/icons/brands/curivari.svg,,Buenaventura Cremas C100,,,5.63,46,,Nicaragua,Nicaragua,Nicaragua,Nicaragua,,,,,,,,,,,,,,,,,,,
Curivari,img/icons/manufacturers/curivari.svg,Curivari,,img/icons/brands/curivari.svg,,Buenaventura Cremas C200,,,5.00,54,,Nicaragua,Nicaragua,Nicaragua,Nicaragua,,,,,,,,,,,,,,,,,,,
Curivari,img/icons/manufacturers/curivari.svg,Curivari,,img/icons/brands/curivari.svg,,Buenaventura Cremas C300,,Toro,6.00,52,Parejo,Nicaragua,Nicaragua,Nicaragua,Nicaragua,Natural,,,,,,,,,,,,,,,,,,
Curivari,img/icons/manufacturers/curivari.svg,Curivari,,img/icons/brands/curivari.svg,,Buenaventura Cremas C400,,Gordo,6.00,60,Parejo,Nicaragua,Nicaragua,Nicaragua,Nicaragua,Natural,,,,,,,,,,,,,,,,,,
Curivari,img/icons/manufacturers/curivari.svg,Curivari,,img/icons/brands/curivari.svg,,Buenaventura Cremas CT,,Torpedo,6.25,54,,Nicaragua,Nicaragua,Nicaragua,Nicaragua,,,,,,,,,,,,,,,,,,,
Curivari,img/icons/manufacturers/curivari.svg,Curivari,,img/icons/brands/curivari.svg,,Buenaventura Dimensiones D4,,Short Gordo,4.00,58,,Nicaragua,Nicaragua,Nicaragua,Nicaragua,Natural,,,,,,,,,,,,,,,,,,
Curivari,img/icons/manufacturers/curivari.svg,Curivari,,img/icons/brands/curivari.svg,,Buenaventura Dimensiones D5,,Robusto,5.00,50,Parejo,Nicaragua,Nicaragua,Nicaragua,Nicaragua,Natural,,,,,,,,,,,,,,,,,,
Curivari,img/icons/manufacturers/curivari.svg,Curivari,,img/icons/brands/curivari.svg,,Buenaventura Dimensiones D6,,Toro Gordo,6.00,54,Parejo,Nicaragua,Nicaragua,,Nicaragua,Natural,,,,,,,,,,,,,,,,,,
Curivari,img/icons/manufacturers/curivari.svg,Curivari,,img/icons/brands/curivari.svg,,Buenaventura Dimensiones D7,,,5.50,52,,Nicaragua,Nicaragua,,Nicaragua,Natural,,,,,,,,,,,,,,,,,,
Curivari,img/icons/manufacturers/curivari.svg,Curivari,,img/icons/brands/curivari.svg,,Buenaventura Dimensiones D8,,,7.00,50,,Nicaragua,Nicaragua,,Nicaragua,Natural,,,,,,,,,,,,,,,,,,
Curivari,img/icons/manufacturers/curivari.svg,Curivari,,img/icons/brands/curivari.svg,,Buenaventura Mini BV,,,3.50,50,,Nicaragua,Nicaragua,Nicaragua,Nicaragua,,,,,,,,,,,,,,,,,,,
Curivari,img/icons/manufacturers/curivari.svg,Curivari,,img/icons/brands/curivari.svg,,Buenaventura Petit BV,,,4.25,54,,Nicaragua,Nicaragua,Nicaragua,Nicaragua,,,,,,,,,,,,,,,,,,,
Curivari,img/icons/manufacturers/curivari.svg,Curivari,,img/icons/brands/curivari.svg,,Buenaventura Picadores 46,,,4.50,46,,Nicaragua,Nicaragua,,Nicaragua,,,,,,,,,,,,,,,,,,,
Curivari,img/icons/manufacturers/curivari.svg,Curivari,,img/icons/brands/curivari.svg,,Buenaventura Picadores 50 Robusto,,Robusto,5.00,50,Parejo,Nicaragua,Nicaragua,,Nicaragua,Natural,,,,,,,,,,,,,,,,,,
Curivari,img/icons/manufacturers/curivari.svg,Curivari,,img/icons/brands/curivari.svg,,Buenaventura Picadores 52,,,6.00,52,,Nicaragua,Nicaragua,,Nicaragua,,,,,,,,,,,,,,,,,,,
Curivari,img/icons/manufacturers/curivari.svg,Curivari,,img/icons/brands/curivari.svg,,Buenaventura Picadores 54,,,7.00,54,,Nicaragua,Nicaragua,,Nicaragua,,,,,,,,,,,,,,,,,,,
Curivari,img/icons/manufacturers/curivari.svg,Curivari,,img/icons/brands/curivari.svg,,Buenaventura Picadores 60,,Gordo,6.00,60,,Nicaragua,Nicaragua,,Nicaragua,,,,,,,,,,,,,,,,,,,
Curivari,img/icons/manufacturers/curivari.svg,Curivari,,img/icons/brands/curivari.svg,,Buenaventura Picadores Fumas 44,,,4.25,44,,Nicaragua,Nicaragua,,Nicaragua,,,,,,,,,,,,,,,,,,,
Curivari,img/icons/manufacturers/curivari.svg,Curivari,,img/icons/brands/curivari.svg,,Buenaventura Pralines P 460,,,4.88,60,,Nicaragua,Nicaragua,Nicaragua,Nicaragua,,,,,,,,,,,,,,,,,,,
Curivari,img/icons/manufacturers/curivari.svg,Curivari,,img/icons/brands/curivari.svg,,Buenaventura Pralines P 554,,,5.75,54,,Nicaragua,Nicaragua,Nicaragua,Nicaragua,,,,,,,,,,,,,,,,,,,
Curivari,img/icons/manufacturers/curivari.svg,Curivari,,img/icons/brands/curivari.svg,,Buenaventura Pralines P 652,,Toro,6.75,52,Parejo,Nicaragua,Nicaragua,Nicaragua,Nicaragua,Natural,,,,,,,,,,,,,,,,,,
Curivari,img/icons/manufacturers/curivari.svg,Curivari,,img/icons/brands/curivari.svg,,Centauro 44,,,5.13,44,,Nicaragua,Nicaragua,,Nicaragua,,,,,,,,,,,,,,,,,,,
Curivari,img/icons/manufacturers/curivari.svg,Curivari,,img/icons/brands/curivari.svg,,Centauro 50,,,5.00,50,,Nicaragua,Nicaragua,,Nicaragua,,,,,,,,,,,,,,,,,,,
Curivari,img/icons/manufacturers/curivari.svg,Curivari,,img/icons/brands/curivari.svg,,Centauro 54,,,5.50,54,,Nicaragua,Nicaragua,,Nicaragua,,,,,,,,,,,,,,,,,,,
Curivari,img/icons/manufacturers/curivari.svg,Curivari,,img/icons/brands/curivari.svg,,Centauro T,,Torpedo,6.25,52,,Nicaragua,Nicaragua,,Nicaragua,,,,,,,,,,,,,,,,,,,
Curivari,img/icons/manufacturers/curivari.svg,Curivari,,img/icons/brands/curivari.svg,,Centauro Toro,,Toro,6.00,52,,Nicaragua,Nicaragua,,Nicaragua,,,,,,,,,,,,,,,,,,,
Curivari,img/icons/manufacturers/curivari.svg,Curivari,,img/icons/brands/curivari.svg,,Ciclope 460,,,4.00,60,,Nicaragua,Nicaragua,,Nicaragua,,,,,,,,,,,,,,,,,,,
Curivari,img/icons/manufacturers/curivari.svg,Curivari,,img/icons/brands/curivari.svg,,Ciclope 554,,,5.00,54,,Nicaragua,Nicaragua,,Nicaragua,,,,,,,,,,,,,,,,,,,
Curivari,img/icons/manufacturers/curivari.svg,Curivari,,img/icons/brands/curivari.svg,,Ciclope 556,,,5.75,56,,Nicaragua,Nicaragua,,Nicaragua,,,,,,,,,,,,,,,,,,,
Curivari,img/icons/manufacturers/curivari.svg,Curivari,,img/icons/brands/curivari.svg,,Ciclope 652,,,6.00,52,,Nicaragua,Nicaragua,,Nicaragua,,,,,,,,,,,,,,,,,,,
Curivari,img/icons/manufacturers/curivari.svg,Curivari,,img/icons/brands/curivari.svg,,Ciclope 754,,,6.75,54,,Nicaragua,Nicaragua,,Nicaragua,,,,,,,,,,,,,,,,,,,
Curivari,img/icons/manufacturers/curivari.svg,Curivari,,img/icons/brands/curivari.svg,,Democracia 46,,,4.50,46,,Nicaragua,Nicaragua,,Nicaragua,,,,,,,,,,,,,,,,,,,
Curivari,img/icons/manufacturers/curivari.svg,Curivari,,img/icons/brands/curivari.svg,,Democracia 54,,,5.00,54,,Nicaragua,Nicaragua,,Nicaragua,,,,,,,,,,,,,,,,,,,
Curivari,img/icons/manufacturers/curivari.svg,Curivari,,img/icons/brands/curivari.svg,,Democracia 56,,,5.50,56,,Nicaragua,Nicaragua,,Nicaragua,,,,,,,,,,,,,,,,,,,
Curivari,img/icons/manufacturers/curivari.svg,Curivari,,img/icons/brands/curivari.svg,,Democracia 60,,Gordo,6.00,60,,Nicaragua,Nicaragua,,Nicaragua,,,,,,,,,,,,,,,,,,,
Curivari,img/icons/manufacturers/curivari.svg,Curivari,,img/icons/brands/curivari.svg,,Democracia T,,Torpedo,6.00,52,,Nicaragua,Nicaragua,,Nicaragua,,,,,,,,,,,,,,,,,,,
Curivari,img/icons/manufacturers/curivari.svg,Curivari,,img/icons/brands/curivari.svg,,El Gran Rey Belicosos,,Belicoso,5.38,52,Pyramid,Nicaragua,Nicaragua,,Nicaragua,Natural,,,,,,,,,,,,,,,,,,
Curivari,img/icons/manufacturers/curivari.svg,Curivari,,img/icons/brands/curivari.svg,,El Gran Rey Emperadores,,Robusto,5.00,50,Parejo,Nicaragua,Nicaragua,,Nicaragua,Natural,,,,,,,,,,,,,,,,,,
Curivari,img/icons/manufacturers/curivari.svg,Curivari,,img/icons/brands/curivari.svg,,El Gran Rey Prominentes,,Toro,6.50,50,Parejo,Nicaragua,Nicaragua,,Nicaragua,Natural,,,,,,,,,,,,,,,,,,
Curivari,img/icons/manufacturers/curivari.svg,Curivari,,img/icons/brands/curivari.svg,,Epitome 546,,,5.63,46,,Nicaragua,Nicaragua,,Nicaragua,,,,,,,,,,,,,,,,,,,
Curivari,img/icons/manufacturers/curivari.svg,Curivari,,img/icons/brands/curivari.svg,,Epitome 550,,Robusto,5.00,50,Parejo,Nicaragua,Nicaragua,Nicaragua,Nicaragua,,,,,,,,,,,,,,,,,,,
Curivari,img/icons/manufacturers/curivari.svg,Curivari,,img/icons/brands/curivari.svg,,Epitome 650,,Toro,6.00,50,Parejo,Nicaragua,Nicaragua,,Nicaragua,,,,,,,,,,,,,,,,,,,
Curivari,img/icons/manufacturers/curivari.svg,Curivari,,img/icons/brands/curivari.svg,,Epitome 654,,,6.25,54,,Nicaragua,Nicaragua,,Nicaragua,,,,,,,,,,,,,,,,,,,
Curivari,img/icons/manufacturers/curivari.svg,Curivari,,img/icons/brands/curivari.svg,,Epitome 748,,,6.75,48,,Nicaragua,Nicaragua,,Nicaragua,,,,,,,,,,,,,,,,,,,
Curivari,img/icons/manufacturers/curivari.svg,Curivari,,img/icons/brands/curivari.svg,,Gloria De Leon Dominante,,,5.25,54,,Nicaragua,Nicaragua,,Nicaragua,,,,,,,,,,,,,,,,,,,
Curivari,img/icons/manufacturers/curivari.svg,Curivari,,img/icons/brands/curivari.svg,,Gloria De Leon Fuerza,,,4.50,50,,Nicaragua,Nicaragua,,Nicaragua,,,,,,,,,,,,,,,,,,,
Curivari,img/icons/manufacturers/curivari.svg,Curivari,,img/icons/brands/curivari.svg,,Gloria De Leon Gran Dominio Hermosos,,,5.00,48,,Nicaragua,Nicaragua,,Nicaragua,,,,,,,,,,,,,,,,,,,
Curivari,img/icons/manufacturers/curivari.svg,Curivari,,img/icons/brands/curivari.svg,,Gloria De Leon Gran Dominio Poderosos,,Corona Extra,6.00,48,Parejo,Nicaragua,Nicaragua,,Nicaragua,Natural,,,,,,,,,,,,,,,,,,
Curivari,img/icons/manufacturers/curivari.svg,Curivari,,img/icons/brands/curivari.svg,,Gloria De Leon Gran Dominio Tremendos,,,4.25,44,,Nicaragua,Nicaragua,,Nicaragua,,,,,,,,,,,,,,,,,,,
Curivari,img/icons/manufacturers/curivari.svg,Curivari,,img/icons/brands/curivari.svg,,Gloria De Leon Prominente,,,6.75,54,,Nicaragua,Nicaragua,,Nicaragua,,,,,,,,,,,,,,,,,,,
Curivari,img/icons/manufacturers/curivari.svg,Curivari,,img/icons/brands/curivari.svg,,Gran Cru 44,,,5.13,44,,Nicaragua,Nicaragua,,Nicaragua,,,,,,,,,,,,,,,,,,,
Curivari,img/icons/manufacturers/curivari.svg,Curivari,,img/icons/brands/curivari.svg,,Gran Cru 48,,,5.00,48,,Nicaragua,Nicaragua,,Nicaragua,,,,,,,,,,,,,,,,,,,
Curivari,img/icons/manufacturers/curivari.svg,Curivari,,img/icons/brands/curivari.svg,,Gran Cru 50,,,5.50,50,,Nicaragua,Nicaragua,,Nicaragua,,,,,,,,,,,,,,,,,,,
Curivari,img/icons/manufacturers/curivari.svg,Curivari,,img/icons/brands/curivari.svg,,Gran Cru 52,,,6.00,52,,Nicaragua,Nicaragua,,Nicaragua,,,,,,,,,,,,,,,,,,,
Curivari,img/icons/manufacturers/curivari.svg,Curivari,,img/icons/brands/curivari.svg,,Gran Cru 75,,,7.00,50,,Nicaragua,Nicaragua,,Nicaragua,,,,,,,,,,,,,,,,,,,
Curivari,img/icons/manufacturers/curivari.svg,Curivari,,img/icons/brands/curivari.svg,,Gran Reserva 458,,,4.00,58,,Nicaragua,Nicaragua,,Nicaragua,,,,,,,,,,,,,,,,,,,
Curivari,img/icons/manufacturers/curivari.svg,Curivari,,img/icons/brands/curivari.svg,,Gran Reserva 552,,,5.50,52,,Nicaragua,Nicaragua,,Nicaragua,,,,,,,,,,,,,,,,,,,
Curivari,img/icons/manufacturers/curivari.svg,Curivari,,img/icons/brands/curivari.svg,,Gran Reserva 554,,,5.00,54,,Nicaragua,Nicaragua,,Nicaragua,,,,,,,,,,,,,,,,,,,
Curivari,img/icons/manufacturers/curivari.svg,Curivari,,img/icons/brands/curivari.svg,,Gran Reserva 654,,,6.00,54,,Nicaragua,Nicaragua,,Nicaragua,,,,,,,,,,,,,,,,,,,
Curivari,img/icons/manufacturers/curivari.svg,Curivari,,img/icons/brands/curivari.svg,,Gran Reserva T,,Torpedo,6.25,52,,Nicaragua,Nicaragua,,Nicaragua,,,,,,,,,,,,,,,,,,,
Curivari,img/icons/manufacturers/curivari.svg,Curivari,,img/icons/brands/curivari.svg,,Heroicos Achilles,,,5.50,50,,Nicaragua,Nicaragua,,Nicaragua,,,,,,,,,,,,,,,,,,,
Curivari,img/icons/manufacturers/curivari.svg,Curivari,,img/icons/brands/curivari.svg,,Heroicos Agamemnon,,,6.50,54,,Nicaragua,Nicaragua,,Nicaragua,,,,,,,,,,,,,,,,,,,
Curivari,img/icons/manufacturers/curivari.svg,Curivari,,img/icons/brands/curivari.svg,,Heroicos Hector,,,5.00,54,,Nicaragua,Nicaragua,,Nicaragua,,,,,,,,,,,,,,,,,,,
Curivari,img/icons/manufacturers/curivari.svg,Curivari,,img/icons/brands/curivari.svg,,Heroicos Helena,,,5.25,46,,Nicaragua,Nicaragua,,Nicaragua,,,,,,,,,,,,,,,,,,,
Curivari,img/icons/manufacturers/curivari.svg,Curivari,,img/icons/brands/curivari.svg,,Heroicos Homero,,,5.00,50,,Nicaragua,Nicaragua,,Nicaragua,,,,,,,,,,,,,,,,,,,
Curivari,img/icons/manufacturers/curivari.svg,Curivari,,img/icons/brands/curivari.svg,,Heroicos Menelaus,,Gordo,6.00,60,,Nicaragua,Nicaragua,,Nicaragua,,,,,,,,,,,,,,,,,,,
Curivari,img/icons/manufacturers/curivari.svg,Curivari,,img/icons/brands/curivari.svg,,Heroicos Odisseus,,,6.00,52,,Nicaragua,Nicaragua,,Nicaragua,,,,,,,,,,,,,,,,,,,
Curivari,img/icons/manufacturers/curivari.svg,Curivari,,img/icons/brands/curivari.svg,,Heroicos Paris,,,5.75,56,,Nicaragua,Nicaragua,,Nicaragua,,,,,,,,,,,,,,,,,,,
Curivari,img/icons/manufacturers/curivari.svg,Curivari,,img/icons/brands/curivari.svg,,Heroicos Patroclus,,,4.50,50,,Nicaragua,Nicaragua,,Nicaragua,,,,,,,,,,,,,,,,,,,
Curivari,img/icons/manufacturers/curivari.svg,Curivari,,img/icons/brands/curivari.svg,,Heroicos Peleus,,Lancero,7.25,42,Parejo,Nicaragua,Nicaragua,,Nicaragua,,,,,,,,,,,,,,,,,,,
Curivari,img/icons/manufacturers/curivari.svg,Curivari,,img/icons/brands/curivari.svg,,Heroicos Priamus,,,7.00,52,,Nicaragua,Nicaragua,,Nicaragua,,,,,,,,,,,,,,,,,,,
Curivari,img/icons/manufacturers/curivari.svg,Curivari,,img/icons/brands/curivari.svg,,Heroicos Thetis,,Torpedo,6.25,52,,Nicaragua,Nicaragua,,Nicaragua,,,,,,,,,,,,,,,,,,,
Curivari,img/icons/manufacturers/curivari.svg,Curivari,,img/icons/brands/curivari.svg,,La Democracia 56,,Robusto Extra,5.50,56,Parejo,Nicaragua,Nicaragua,,Nicaragua,Natural,,,,,,,,,,,,,,,,,,
Curivari,img/icons/manufacturers/curivari.svg,Curivari,,img/icons/brands/curivari.svg,,LE 2021 SP Lanceros,,Lancero,7.25,42,Parejo,Nicaragua,Nicaragua,,Nicaragua,Natural,,,,,,,,,,,,,,,,,,
Curivari,img/icons/manufacturers/curivari.svg,Curivari,,img/icons/brands/curivari.svg,,Onassis 550,,,5.50,50,,Nicaragua,Nicaragua,,Nicaragua,,,,,,,,,,,,,,,,,,,
Curivari,img/icons/manufacturers/curivari.svg,Curivari,,img/icons/brands/curivari.svg,,Onassis 554,,,5.00,54,,Nicaragua,Nicaragua,,Nicaragua,,,,,,,,,,,,,,,,,,,
Curivari,img/icons/manufacturers/curivari.svg,Curivari,,img/icons/brands/curivari.svg,,Onassis 652,,,6.00,52,,Nicaragua,Nicaragua,,Nicaragua,,,,,,,,,,,,,,,,,,,
Curivari,img/icons/manufacturers/curivari.svg,Curivari,,img/icons/brands/curivari.svg,,Onassis 750,,,6.75,50,,Nicaragua,Nicaragua,,Nicaragua,,,,,,,,,,,,,,,,,,,
Curivari,img/icons/manufacturers/curivari.svg,Curivari,,img/icons/brands/curivari.svg,,Onassis T,,Torpedo,6.25,54,,Nicaragua,Nicaragua,,Nicaragua,,,,,,,,,,,,,,,,,,,
Curivari,img/icons/manufacturers/curivari.svg,Curivari,,img/icons/brands/curivari.svg,,Pythagoras 50,,,4.50,50,,Nicaragua,Nicaragua,,Nicaragua,,,,,,,,,,,,,,,,,,,
Curivari,img/icons/manufacturers/curivari.svg,Curivari,,img/icons/brands/curivari.svg,,Pythagoras 52,,,5.00,52,,Nicaragua,Nicaragua,,Nicaragua,,,,,,,,,,,,,,,,,,,
Curivari,img/icons/manufacturers/curivari.svg,Curivari,,img/icons/brands/curivari.svg,,Pythagoras 54,,,5.50,54,,Nicaragua,Nicaragua,,Nicaragua,,,,,,,,,,,,,,,,,,,
Curivari,img/icons/manufacturers/curivari.svg,Curivari,,img/icons/brands/curivari.svg,,Pythagoras 60,,Gordo,6.00,60,,Nicaragua,Nicaragua,,Nicaragua,,,,,,,,,,,,,,,,,,,
Curivari,img/icons/manufacturers/curivari.svg,Curivari,,img/icons/brands/curivari.svg,,Pythagoras T,,Torpedo,6.25,54,,Nicaragua,Nicaragua,,Nicaragua,,,,,,,,,,,,,,,,,,,
Curivari,img/icons/manufacturers/curivari.svg,Curivari,,img/icons/brands/curivari.svg,,Reserva Limitada 1000 Series Reserva 2000,,,5.00,50,,Nicaragua,Nicaragua,,Nicaragua,,,,,,,,,,,,,,,,,,,
Curivari,img/icons/manufacturers/curivari.svg,Curivari,,img/icons/brands/curivari.svg,,Reserva Limitada 1000 Series Reserva 3000,,Toro,6.00,50,Parejo,Nicaragua,Nicaragua,,Nicaragua,Maduro,,,,,,,,,,,,,,,,,,
Curivari,img/icons/manufacturers/curivari.svg,Curivari,,img/icons/brands/curivari.svg,,Reserva Limitada 1000 Series Reserva 4000,,,6.25,54,,Nicaragua,Nicaragua,Nicaragua,Nicaragua,,,,,,,,,,,,,,,,,,,
Curivari,img/icons/manufacturers/curivari.svg,Curivari,,img/icons/brands/curivari.svg,,Reserva Limitada Cafe Cafe 52,,,5.00,52,,Nicaragua,Nicaragua,,Nicaragua,,,,,,,,,,,,,,,,,,,
Curivari,img/icons/manufacturers/curivari.svg,Curivari,,img/icons/brands/curivari.svg,,Reserva Limitada Cafe Cafe 60,,,5.50,58,,Nicaragua,Nicaragua,,Nicaragua,,,,,,,,,,,,,,,,,,,
Curivari,img/icons/manufacturers/curivari.svg,Curivari,,img/icons/brands/curivari.svg,,Reserva Limitada Cafe Noir 54,,Robusto Extra,5.50,54,Parejo,Nicaragua,Nicaragua,,Nicaragua,Maduro,,,,,,,,,,,,,,,,,,
Curivari,img/icons/manufacturers/curivari.svg,Curivari,,img/icons/brands/curivari.svg,,Reserva Limitada Cafe Noir 56,,,6.00,56,,Nicaragua,Nicaragua,,Nicaragua,Maduro,,,,,,,,,,,,,,,,,,
Curivari,img/icons/manufacturers/curivari.svg,Curivari,,img/icons/brands/curivari.svg,,Reserva Limitada Cafe Noir 62,,Gordo,6.25,60,,Nicaragua,Nicaragua,,Nicaragua,Maduro,,,,,,,,,,,,,,,,,,
Curivari,img/icons/manufacturers/curivari.svg,Curivari,,img/icons/brands/curivari.svg,,Reserva Limitada Cafe Petit Cafe,,,4.50,42,,Nicaragua,Nicaragua,,Nicaragua,,,,,,,,,,,,,,,,,,,
Curivari,img/icons/manufacturers/curivari.svg,Curivari,,img/icons/brands/curivari.svg,,Reserva Limitada Classica Epicures,,,4.50,52,,Nicaragua,Nicaragua,,Nicaragua,,,,,,,,,,,,,,,,,,,
Curivari,img/icons/manufacturers/curivari.svg,Curivari,,img/icons/brands/curivari.svg,,Reserva Limitada Classica Imperiales,,,6.25,54,,Nicaragua,Nicaragua,,Nicaragua,,,,,,,,,,,,,,,,,,,
Curivari,img/icons/manufacturers/curivari.svg,Curivari,,img/icons/brands/curivari.svg,,Reserva Limitada Classica Monarcas,,,5.25,52,,Nicaragua,Nicaragua,,Nicaragua,,,,,,,,,,,,,,,,,,,
Curivari,img/icons/manufacturers/curivari.svg,Curivari,,img/icons/brands/curivari.svg,,Seleccion Privada,,Robusto,,,,Nicaragua,Nicaragua,Nicaragua,Nicaragua,,,,,,,,,,,,,,,,,,,
Curivari,img/icons/manufacturers/curivari.svg,Curivari,,img/icons/brands/curivari.svg,,Seleccion Privada Coronations Cazadores,,,6.13,44,,Nicaragua,Nicaragua,,Nicaragua,,,,,,,,,,,,,,,,,,,
Curivari,img/icons/manufacturers/curivari.svg,Curivari,,img/icons/brands/curivari.svg,,Seleccion Privada Coronations Coronas,,Corona,5.13,42,,Nicaragua,Nicaragua,,Nicaragua,,,,,,,,,,,,,,,,,,,
Curivari,img/icons/manufacturers/curivari.svg,Curivari,,img/icons/brands/curivari.svg,,Seleccion Privada Coronations Petit Coronas,,Petite Corona,4.38,42,,Nicaragua,Nicaragua,,Nicaragua,,,,,,,,,,,,,,,,,,,
Curivari,img/icons/manufacturers/curivari.svg,Curivari,,img/icons/brands/curivari.svg,,Seleccion Privada Diplomaticos,,,6.25,54,,Nicaragua,Nicaragua,,Nicaragua,,,,,,,,,,,,,,,,,,,
Curivari,img/icons/manufacturers/curivari.svg,Curivari,,img/icons/brands/curivari.svg,,Seleccion Privada Maduro Eminentes,,,5.50,52,,Nicaragua,Nicaragua,,Nicaragua,,,,,,,,,,,,,,,,,,,
Curivari,img/icons/manufacturers/curivari.svg,Curivari,,img/icons/brands/curivari.svg,,Seleccion Privada Maduro Fabulosos,,,7.00,52,,Nicaragua,Nicaragua,,Nicaragua,,,,,,,,,,,,,,,,,,,
Curivari,img/icons/manufacturers/curivari.svg,Curivari,,img/icons/brands/curivari.svg,,Seleccion Privada Maduro Magnificos,,Gordo,6.00,60,Parejo,Nicaragua,Nicaragua,,Nicaragua,,,,,,,,,,,,,,,,,,,
Curivari,img/icons/manufacturers/curivari.svg,Curivari,,img/icons/brands/curivari.svg,,Seleccion Privada Robustos,,Robusto,5.00,50,Parejo,Nicaragua,Nicaragua,,Nicaragua,,,,,,,,,,,,,,,,,,,
Curivari,img/icons/manufacturers/curivari.svg,Curivari,,img/icons/brands/curivari.svg,,Seleccion Privada Royales,,Robusto Extra,5.00,54,Parejo,Nicaragua,Nicaragua,,Nicaragua,,,,,,,,,,,,,,,,,,,
Curivari,img/icons/manufacturers/curivari.svg,Curivari,,img/icons/brands/curivari.svg,,Socrates 458,,,4.00,58,,Nicaragua,Nicaragua,,Nicaragua,,,,,,,,,,,,,,,,,,,
Curivari,img/icons/manufacturers/curivari.svg,Curivari,,img/icons/brands/curivari.svg,,Socrates 550,,,5.00,50,,Nicaragua,Nicaragua,,Nicaragua,,,,,,,,,,,,,,,,,,,
Curivari,img/icons/manufacturers/curivari.svg,Curivari,,img/icons/brands/curivari.svg,,Socrates 552,,,5.50,52,,Nicaragua,Nicaragua,,Nicaragua,,,,,,,,,,,,,,,,,,,
Curivari,img/icons/manufacturers/curivari.svg,Curivari,,img/icons/brands/curivari.svg,,Socrates 654,,,6.00,54,,Nicaragua,Nicaragua,,Nicaragua,,,,,,,,,,,,,,,,,,,
Curivari,img/icons/manufacturers/curivari.svg,Curivari,,img/icons/brands/curivari.svg,,Socrates T,,Torpedo,6.25,52,,Nicaragua,Nicaragua,,Nicaragua,,,,,,,,,,,,,,,,,,,
Curivari,img/icons/manufacturers/curivari.svg,Curivari,,img/icons/brands/curivari.svg,,Sun Grown 460,,,4.00,60,,Nicaragua,Nicaragua,,Nicaragua,,,,,,,,,,,,,,,,,,,
Curivari,img/icons/manufacturers/curivari.svg,Curivari,,img/icons/brands/curivari.svg,,Sun Grown 550,,,5.00,50,,Nicaragua,Nicaragua,,Nicaragua,,,,,,,,,,,,,,,,,,,
Curivari,img/icons/manufacturers/curivari.svg,Curivari,,img/icons/brands/curivari.svg,,Sun Grown 554,,,5.50,54,,Nicaragua,Nicaragua,,Nicaragua,,,,,,,,,,,,,,,,,,,
Curivari,img/icons/manufacturers/curivari.svg,Curivari,,img/icons/brands/curivari.svg,,Sun Grown 652,,,6.00,52,,Nicaragua,Nicaragua,,Nicaragua,,,,,,,,,,,,,,,,,,,
Curivari,img/icons/manufacturers/curivari.svg,Curivari,,img/icons/brands/curivari.svg,,Sun Grown Maduro 450,,Short Robusto,4.50,50,Parejo,Nicaragua,Nicaragua,,Nicaragua,Maduro,,,,,,,,,,,,,,,,,,
Curivari,img/icons/manufacturers/curivari.svg,Curivari,,img/icons/brands/curivari.svg,,Sun Grown Maduro 550 Robusto,,Robusto,5.50,50,Parejo,Nicaragua,Nicaragua,,Nicaragua,Maduro,,,,,,,,,,,,,,,,,,
Curivari,img/icons/manufacturers/curivari.svg,Curivari,,img/icons/brands/curivari.svg,,Sun Grown Maduro 554,,Robusto Extra,5.00,54,Parejo,Nicaragua,Nicaragua,,Nicaragua,Maduro,,,,,,,,,,,,,,,,,,
Curivari,img/icons/manufacturers/curivari.svg,Curivari,,img/icons/brands/curivari.svg,,Sun Grown Maduro 654,,Toro Gordo,6.00,54,Parejo,Nicaragua,Nicaragua,,Nicaragua,Maduro,,,,,,,,,,,,,,,,,,
Curivari,img/icons/manufacturers/curivari.svg,Curivari,,img/icons/brands/curivari.svg,,Sun Grown Maduro 660,,Gordo,6.00,60,Parejo,Nicaragua,Nicaragua,,Nicaragua,Maduro,,,,,,,,,,,,,,,,,,
Curivari,img/icons/manufacturers/curivari.svg,Curivari,,img/icons/brands/curivari.svg,,Sun Grown T,,Torpedo,6.00,52,Pyramid,Nicaragua,Nicaragua,,Nicaragua,,,,,,,,,,,,,,,,,,,
Curivari,img/icons/manufacturers/curivari.svg,Curivari,,img/icons/brands/curivari.svg,,Vintage 446,,,4.50,46,,Nicaragua,Nicaragua,,Nicaragua,,,,,,,,,,,,,,,,,,,
Curivari,img/icons/manufacturers/curivari.svg,Curivari,,img/icons/brands/curivari.svg,,Vintage 550,,,5.50,50,,Nicaragua,Nicaragua,,Nicaragua,,,,,,,,,,,,,,,,,,,
Curivari,img/icons/manufacturers/curivari.svg,Curivari,,img/icons/brands/curivari.svg,,Vintage 554,,,5.00,54,,Nicaragua,Nicaragua,,Nicaragua,,,,,,,,,,,,,,,,,,,
Curivari,img/icons/manufacturers/curivari.svg,Curivari,,img/icons/brands/curivari.svg,,Vintage 648,,,6.00,48,,Nicaragua,Nicaragua,,Nicaragua,,,,,,,,,,,,,,,,,,,
Curivari,img/icons/manufacturers/curivari.svg,Curivari,,img/icons/brands/curivari.svg,,Vintage 660,,Gordo,6.00,60,,Nicaragua,Nicaragua,,Nicaragua,,,,,,,,,,,,,,,,,,,
Curivari,img/icons/manufacturers/curivari.svg,Curivari,,img/icons/brands/curivari.svg,,Virtudes 50,,,4.50,50,,Nicaragua,Nicaragua,,Nicaragua,,,,,,,,,,,,,,,,,,,
Curivari,img/icons/manufacturers/curivari.svg,Curivari,,img/icons/brands/curivari.svg,,Virtudes 52,,,5.00,52,,Nicaragua,Nicaragua,,Nicaragua,,,,,,,,,,,,,,,,,,,
Curivari,img/icons/manufacturers/curivari.svg,Curivari,,img/icons/brands/curivari.svg,,Virtudes 54,,Robusto Extra,5.50,54,Parejo,Nicaragua,Nicaragua,,Nicaragua,Natural,,,,,,,,,,,,,,,,,,
Curivari,img/icons/manufacturers/curivari.svg,Curivari,,img/icons/brands/curivari.svg,,Virtudes 56,,,6.00,56,,Nicaragua,Nicaragua,,Nicaragua,,,,,,,,,,,,,,,,,,,
Curivari,img/icons/manufacturers/curivari.svg,Curivari,,img/icons/brands/curivari.svg,,Virtudes T,,Torpedo,6.25,54,,Nicaragua,Nicaragua,,Nicaragua,,,,,,,,,,,,,,,,,,,
Davidoff,img/icons/manufacturers/davidoff.svg,Davidoff,,img/icons/brands/davidoff.svg,,Year of the Dragon 2012,Img/cigars/davidoffyearofthedragon2012.png,Pyramid,6.00,52,Pyramid,Ecuador 702 Habano,Ecuadorian Habano,Dominican Republic,Dominican Republic,,,,,,,,,,,,,,,,,,,
Davidoff,img/icons/manufacturers/davidoff.svg,Davidoff,,img/icons/brands/davidoff.svg,,Year of the Snake 2013,Img/cigars/davidoffyearofthesnake2013.png,Churchill,7.00,48,Parejo,Ecuador 702,San Vicente Seco,"Piloto Seco, San Vicente Ligero, Piloto Viso, Hybrid 192 Seco/Yamasá",Dominican Republic,,,,,,,,,,,,,,,,,,,
Davidoff,img/icons/manufacturers/davidoff.svg,Davidoff,,img/icons/brands/davidoff.svg,,Year of the Horse 2014,Img/cigars/davidoffyearofthehorse2014.png,Gordo,6.00,60,Parejo,Dominican Yamasa,Dominican San Vicenté,Dominican Republic,Dominican Republic,,,,,,,,,,,,,,,,,,,
Davidoff,img/icons/manufacturers/davidoff.svg,Davidoff,,img/icons/brands/davidoff.svg,,Year of the Sheep 2015,img/cigars/davidoffyearofthesheep2015.png,Belicoso,6.50,54,Pyramid,Ecuadorian Habano,Dominican Yamasa,Dominican Republic,Dominican Republic,,,,,,,,,,,,,,,,,,,
Davidoff,img/icons/manufacturers/davidoff.svg,Davidoff,,img/icons/brands/davidoff.svg,,Year of the Monkey 2016,Img/cigars/davidoffyearofthemonkey2016.png,Toro,6.50,50,Parejo,Ecuadorian Habano,Mexico (Negro San Andres),"Dominican Republic, Nicaragua, Peru",Dominican Republic,,,,,,,,,,,,,,,,,,,
Davidoff,img/icons/manufacturers/davidoff.svg,Davidoff,,img/icons/brands/davidoff.svg,,Year of the Rooster 2017,img/cigars/davidoffyearoftherooster2017.png,Presidente,6.75,50,Presidente,Ecuadorian Habano,Dominican Republic San Vicente Mejorado,Dominican Republic,Dominican Republic,Natural,,,,,,,,,,,,,,,,,,
Davidoff,img/icons/manufacturers/davidoff.svg,Davidoff,,img/icons/brands/davidoff.svg,,Year of the Dog 2018,Img/cigars/davidoffyearofthedog2018.png,Churchill,7.00,50,Parejo,Ecuadorian Habano Claro,Dominican San Vicente Seco,"Dominican Republic, Nicaragua",Dominican Republic,Colorado Maduro,,,,,,,,,,,,,,,,,,
Davidoff,img/icons/manufacturers/davidoff.svg,Davidoff,,img/icons/brands/davidoff.svg,,Year of the Pig 2019,Img/cigars/davidoffyearofthepig2019.png,Toro Gordo,6.00,56,Parejo,Ecuador Habano 2000,Mexican San Andres,"Dominican Republic, Nicaragua",Dominican Republic,Colorado Maduro,,,,,,,,,,,,,,,,,,
Davidoff,img/icons/manufacturers/davidoff.svg,Davidoff,,img/icons/brands/davidoff.svg,,Year of the Rat 2020,Img/cigars/davidoffyearoftherat2020.png,Toro,6.00,52,Parejo,Ecuadorian Habano,Nicaragua,"Dominican Republic, Nicaragua",Dominican Republic,Colorado Maduro,,,,,,,,,,,,,,,,,,
Davidoff,img/icons/manufacturers/davidoff.svg,Davidoff,,img/icons/brands/davidoff.svg,,Year of the Ox 2021,Img/cigars/davidoffyearoftheox2021.png,Gordo,6.00,60,Parejo,Dominican,Ecuadorian Sumatran,"Dominican Republic, Nicaragua",Dominican Republic,EMS,,,,,,,,,,,,,,,,,,
Davidoff,img/icons/manufacturers/davidoff.svg,Davidoff,,img/icons/brands/davidoff.svg,,Year of the Tiger 2022,img/cigars/davidoffyearofthetiger2022.png,Pyramid,5.50,52,Pyramid,Ecuadorian Connecticut,Dominican Republic - Hybrid 257 seco,Dominican Republic,Dominican Republic,Natural,Medium,,,,,,,,,,,,,,,,,
Davidoff,img/icons/manufacturers/davidoff.svg,Davidoff,,img/icons/brands/davidoff.svg,,Year of the Rabbit 2023,img/cigars/davidoffyearoftherabbit2023.png,Perfecto,5.88,54,Perfecto,Ecuador,Mexico,"Dominican Republic, Nicaragua",Dominican Republic,,,,,,,,,,,,,,,,,,,
Davidoff,img/icons/manufacturers/davidoff.svg,Davidoff,,img/icons/brands/davidoff.svg,,Year of the Dragon 2024,img/cigars/davidoffyearofthedragon2024.png,Double Corona,7.50,50,Parejo,Ecuador,Dominican Republic,"Dominican Republic, Mexico, Nicaragua",Dominican Republic,Maduro,Full,,,,,,,,,,,,,,,,,
Davidoff,img/icons/manufacturers/davidoff.svg,Davidoff,,img/icons/brands/davidoff.svg,,Year of the Snake 2025,img/cigars/davidoffyearofthesnake2025.png,Lancero,7.00,43,Parejo,Ecuador,Ecuador,"Dominican Republic, Mexico",Dominican Republic,Maduro,Medium,,,,,,,,,,,,,,,,,
Davidoff,img/icons/manufacturers/davidoff.svg,Davidoff,,img/icons/brands/davidoff.svg,,Aniversario Double R,,Double Corona,7.50,50,Parejo,"Ecuador, Nicaragua",Dominican Republic,Dominican Republic,Dominican Republic,Natural,Mild,,,,,,,,,,,,,,,,,
Davidoff,img/icons/manufacturers/davidoff.svg,Davidoff,,img/icons/brands/davidoff.svg,,Aniversario Entreacto,,Short Corona,3.50,43,Parejo,"Ecuador, Nicaragua",Dominican Republic,Dominican Republic,Dominican Republic,Natural,Mild,,,,,,,,,,,,,,,,,
Davidoff,img/icons/manufacturers/davidoff.svg,Davidoff,,img/icons/brands/davidoff.svg,,Aniversario No. 3 Toro,,Toro,6.00,50,Parejo,"Ecuador, Nicaragua",Dominican Republic,Dominican Republic,Dominican Republic,Natural,Mild,,,,,,,,,,,,,,,,,
Davidoff,img/icons/manufacturers/davidoff.svg,Davidoff,,img/icons/brands/davidoff.svg,,Aniversario Short Perfecto,,Perfecto,4.88,52,Perfecto,"Ecuador, Nicaragua",Dominican Republic,Dominican Republic,Dominican Republic,Natural,Mild,,,,,,,,,,,,,,,,,
Davidoff,img/icons/manufacturers/davidoff.svg,Davidoff,,img/icons/brands/davidoff.svg,,Aniversario Special R,,Short Robusto,4.88,50,Parejo,"Ecuador, Nicaragua",Dominican Republic,Dominican Republic,Dominican Republic,Natural,Mild,,,,,,,,,,,,,,,,,
Davidoff,img/icons/manufacturers/davidoff.svg,Davidoff,,img/icons/brands/davidoff.svg,,Aniversario Special T Torpedo,,Torpedo,6.00,52,Pyramid,"Ecuador, Nicaragua",Dominican Republic,Dominican Republic,Dominican Republic,Natural,Mild,,,,,,,,,,,,,,,,,
Davidoff,img/icons/manufacturers/davidoff.svg,Davidoff,,img/icons/brands/davidoff.svg,,Art Edition LE 2017 Toro,,Toro,6.00,54,Parejo,Ecuador Habano,Ecuador Habano,"Brazil, Dominican Republic",Dominican Republic,Natural,,,,,,,,,,,,,,,,,,
Davidoff,img/icons/manufacturers/davidoff.svg,Davidoff,,img/icons/brands/davidoff.svg,,Chefs Edition 2018 Toro,,Toro Gordo,6.00,54,Parejo,Dominican Republic,Mexico (Negro San Andres),"Dominican Republic (Piloto Viso, San Vicente Mejorado Ligero, Yamasá Viso) & Nicaragua (Estelí Viso)",Dominican Republic,Natural,,,,,,,,,,,,,,,,,,
Davidoff,img/icons/manufacturers/davidoff.svg,Davidoff,,img/icons/brands/davidoff.svg,,Chefs Edition 2021 Churchill,,Churchill,7.00,48,Parejo,Ecuador (Hybrid 238),Mexico (Negro San Andres Seco),"Dominican Republic (Piloto Seco, San Vincente Ligero, Piloto Visus, Hybrid 192 Seco)",Dominican Republic,Natural,,,,,,,,,,,,,,,,,,
Davidoff,img/icons/manufacturers/davidoff.svg,Davidoff,,img/icons/brands/davidoff.svg,,New York City Exclusive 2021,,Toro,6.00,50,Parejo,Ecuador Habano,Mexico (Negro San Andres),"Dominican Republic, Nicaragua, Peru",,,Medium-Full,,,,,,,,,,,,,,,,,
Davidoff,img/icons/manufacturers/davidoff.svg,Davidoff,,img/icons/brands/davidoff.svg,,110th Anniversary Exclusive 2021,,Toro,6.00,50,Parejo,Ecuador 702,Mexico (Negro San Andres),"Nicaragua Jalapa Especial Visus, Dominican Republic Piloto Seco, San Vicente Ligero, Hybrid 192 Visus, Hybrid 259 Seco",,,Medium,,,,,,,,,,,,,,,,,
Davidoff,img/icons/manufacturers/davidoff.svg,Davidoff,,img/icons/brands/davidoff.svg,,Dominicana Robusto,,Robusto,5.13,52,Parejo,Dominican (Hybrid 257),Ecuador (Hybrid 151),"Dominican (San Vicente Visus, San Vicente Mejorado Seco, Piloto Visus, Dominican Corojo 99 Seco, Yamasa Visus)",Dominican Republic,Natural,Full,,,,,,,,,,,,,,,,,
Davidoff,img/icons/manufacturers/davidoff.svg,Davidoff,,img/icons/brands/davidoff.svg,,Dominicana Short Robusto,,Short Robusto,4.00,50,Parejo,Dominican (Hybrid 257),Ecuador (Hybrid 151),"Dominican (San Vicente Visus, San Vicente Mejorado Seco, Piloto Visus, Dominican Corojo 99 Seco, Yamasa Visus)",Dominican Republic,Natural,Full,,,,,,,,,,,,,,,,,
Davidoff,img/icons/manufacturers/davidoff.svg,Davidoff,,img/icons/brands/davidoff.svg,,Dominicana Toro,,Toro,6.00,50,Parejo,Dominican (Hybrid 257),Ecuador (Hybrid 151),"Dominican (San Vicente Visus, San Vicente Mejorado Seco, Piloto Visus, Dominican Corojo 99 Seco, Yamasa Visus)",Dominican Republic,Natural,Full,,,,,,,,,,,,,,,,,
Davidoff,img/icons/manufacturers/davidoff.svg,Davidoff,,img/icons/brands/davidoff.svg,,Escurio Corona Gorda,,Corona Gordo,6.00,46,Parejo,Ecuador Habano,Brazil Cubra,"Brazil, Dominican Republic",Dominican Republic,EMS,Medium,,,,,,,,,,,,,,,,,
Davidoff,img/icons/manufacturers/davidoff.svg,Davidoff,,img/icons/brands/davidoff.svg,,Escurio Gran Perfecto,,Perfecto,5.00,50-61,Perfecto,Ecuador Habano,Brazil Cubra,"Brazil, Dominican Republic",Dominican Republic,EMS,Medium,,,,,,,,,,,,,,,,,
Davidoff,img/icons/manufacturers/davidoff.svg,Davidoff,,img/icons/brands/davidoff.svg,,Escurio Gran Toro,,Toro,5.50,58,Parejo,Ecuador Habano,Brazil Cubra,"Brazil, Dominican Republic",Dominican Republic,EMS,Medium,,,,,,,,,,,,,,,,,
Davidoff,img/icons/manufacturers/davidoff.svg,Davidoff,,img/icons/brands/davidoff.svg,,Escurio Petit Robusto,,Robusto,3.25,50,Parejo,Ecuador Habano,Brazil Cubra,"Brazil, Dominican Republic",Dominican Republic,EMS,Medium,,,,,,,,,,,,,,,,,
Davidoff,img/icons/manufacturers/davidoff.svg,Davidoff,,img/icons/brands/davidoff.svg,,Escurio Robusto,,Robusto,4.50,54,Parejo,Ecuador Habano,Brazil Cubra,"Brazil, Dominican Republic",Dominican Republic,EMS,Medium,,,,,,,,,,,,,,,,,
Davidoff,img/icons/manufacturers/davidoff.svg,Davidoff,,img/icons/brands/davidoff.svg,,Grand Cru No. 2,,Corona Extra,5.63,43,Parejo,"Ecuador, Nicaragua",Dominican Republic,Dominican Republic,Dominican Republic,Natural,Mild,,,,,,,,,,,,,,,,,
Davidoff,img/icons/manufacturers/davidoff.svg,Davidoff,,img/icons/brands/davidoff.svg,,Grand Cru No. 3,,Corona,5.06,43,Parejo,"Ecuador, Nicaragua",Dominican Republic,Dominican Republic,Dominican Republic,Natural,Mild,,,,,,,,,,,,,,,,,
Davidoff,img/icons/manufacturers/davidoff.svg,Davidoff,,img/icons/brands/davidoff.svg,,Grand Cru No. 4,,Petite Corona,4.63,41,Parejo,"Ecuador, Nicaragua",Dominican Republic,Dominican Republic,Dominican Republic,Natural,Mild,,,,,,,,,,,,,,,,,
Davidoff,img/icons/manufacturers/davidoff.svg,Davidoff,,img/icons/brands/davidoff.svg,,Grand Cru No. 5,,Petite Corona,4.00,41,Parejo,"Ecuador, Nicaragua",Dominican Republic,Dominican Republic,Dominican Republic,Natural,Mild,,,,,,,,,,,,,,,,,
Davidoff,img/icons/manufacturers/davidoff.svg,Davidoff,,img/icons/brands/davidoff.svg,,Grand Cru Robusto,,Robusto,5.25,52,Parejo,"Ecuador, Nicaragua",Dominican Republic,Dominican Republic,Dominican Republic,Natural,Mild,,,,,,,,,,,,,,,,,
Davidoff,img/icons/manufacturers/davidoff.svg,Davidoff,,img/icons/brands/davidoff.svg,,Grand Cru Toro,,Toro,6.00,54,Parejo,"Ecuador, Nicaragua",Dominican Republic,Dominican Republic,Dominican Republic,Natural,Mild,,,,,,,,,,,,,,,,,
Davidoff,img/icons/manufacturers/davidoff.svg,Davidoff,,img/icons/brands/davidoff.svg,,Millenium Petit Corona,,Petite Corona,4.50,41,Parejo,Habano,Dominican Republic,Dominican Republic,Dominican Republic,Natural,Full,,,,,,,,,,,,,,,,,
Davidoff,img/icons/manufacturers/davidoff.svg,Davidoff,,img/icons/brands/davidoff.svg,,Millenium Piramides,,Pyramid,6.13,52,Pyramid,Habano,Dominican Republic,Dominican Republic,Dominican Republic,Natural,Full,,,,,,,,,,,,,,,,,
Davidoff,img/icons/manufacturers/davidoff.svg,Davidoff,,img/icons/brands/davidoff.svg,,Millenium Robusto,,Robusto,5.25,50,Parejo,Habano,Dominican Republic,Dominican Republic,Dominican Republic,Natural,Full,,,,,,,,,,,,,,,,,
Davidoff,img/icons/manufacturers/davidoff.svg,Davidoff,,img/icons/brands/davidoff.svg,,Millenium Short Robusto,,Short Robusto,4.25,52,Parejo,Habano,Dominican Republic,Dominican Republic,Dominican Republic,Natural,Full,,,,,,,,,,,,,,,,,
Davidoff,img/icons/manufacturers/davidoff.svg,Davidoff,,img/icons/brands/davidoff.svg,,Millenium Toro,,Toro,6.00,50,Parejo,Habano,Dominican Republic,Dominican Republic,Dominican Republic,Natural,Full,,,,,,,,,,,,,,,,,
Davidoff,img/icons/manufacturers/davidoff.svg,Davidoff,,img/icons/brands/davidoff.svg,,Mini Cigarillos,,Cigarillo,3.43,22,Parejo,Sumatra,Java,"Brazil, Indonesia",Dominican Republic,Natural,Mellow-Medium,,,,,,,,,,,,,,,,,
Davidoff,img/icons/manufacturers/davidoff.svg,Davidoff,,img/icons/brands/davidoff.svg,,My Father Exclusive Davidoff of Geneva,,,3.50,50,,,,,,,,,,,,,,,,,,,,,,,,
Davidoff,img/icons/manufacturers/davidoff.svg,Davidoff,,img/icons/brands/davidoff.svg,,Nicaragua Box-Pressed Robusto,,Robusto,5.00,48,Box-Pressed Parejo,Nicaragua Habano Jalapa,Nicaragua Habano Jalapa,"Nicaragua (Esteli Visus, Esteli Ligero, Ometepe Visus, Condega Ligero) ",Nicaragua,EMS,Mellow,,,,,,,,,,,,,,,,,
Davidoff,img/icons/manufacturers/davidoff.svg,Davidoff,,img/icons/brands/davidoff.svg,,Nicaragua Box-Pressed Toro,,Toro,6.00,52,Box-Pressed Parejo,Nicaragua Habano Jalapa,Nicaragua Habano Jalapa,"Nicaragua (Esteli Visus, Esteli Ligero, Ometepe Visus, Condega Ligero) ",Nicaragua,EMS,Mellow,,,,,,,,,,,,,,,,,
Davidoff,img/icons/manufacturers/davidoff.svg,Davidoff,,img/icons/brands/davidoff.svg,,Nicaragua Diadema,,Presidente,6.50,50,Presidente,Nicaragua Habano Jalapa,Nicaragua Habano Jalapa,"Nicaragua (Esteli Visus, Esteli Ligero, Ometepe Visus, Condega Ligero) ",Nicaragua,EMS,Mellow,,,,,,,,,,,,,,,,,
Davidoff,img/icons/manufacturers/davidoff.svg,Davidoff,,img/icons/brands/davidoff.svg,,Nicaragua Robusto,,Robusto,5.00,50,Parejo,Nicaragua Habano Jalapa,Nicaragua Habano Jalapa,"Nicaragua (Esteli Visus, Esteli Ligero, Ometepe Visus, Condega Ligero) ",Nicaragua,EMS,Mellow,,,,,,,,,,,,,,,,,
Davidoff,img/icons/manufacturers/davidoff.svg,Davidoff,,img/icons/brands/davidoff.svg,,Nicaragua Short Robusto,,Short Robusto,3.75,46,Parejo,Nicaragua Habano Jalapa,Nicaragua Habano Jalapa,"Nicaragua (Esteli Visus, Esteli Ligero, Ometepe Visus, Condega Ligero) ",Nicaragua,EMS,Mellow,,,,,,,,,,,,,,,,,
Davidoff,img/icons/manufacturers/davidoff.svg,Davidoff,,img/icons/brands/davidoff.svg,,Nicaragua Toro,,Toro,5.50,54,Parejo,Nicaragua Habano Jalapa,Nicaragua Habano Jalapa,"Nicaragua (Esteli Visus, Esteli Ligero, Ometepe Visus, Condega Ligero) ",Nicaragua,EMS,Mellow,,,,,,,,,,,,,,,,,
Davidoff,img/icons/manufacturers/davidoff.svg,Davidoff,,img/icons/brands/davidoff.svg,,Oro Blanco,,Toro Gordo,6.00,54,Parejo,Dominican Republic,Dominican Republic,Dominican Republic,Dominican Republic,Natural,Medium,,,,,,,,,,,,,,,,,
Davidoff,img/icons/manufacturers/davidoff.svg,Davidoff,,img/icons/brands/davidoff.svg,,Robusto Intenseo,,Robusto,5.13,52,Parejo,Ecuadorian Habano,Dominican Republic (San Vicente Seco),"Dominican Republic (Semilla 254 Visus, Yamasa Visus, Piloto Visus, San Vicente Mejorado Ligero)",Dominican Republic,Natural,Medium-Full,,,,,,,,,,,,,,,,,
Davidoff,img/icons/manufacturers/davidoff.svg,Davidoff,,img/icons/brands/davidoff.svg,,Royal Release Robusto,,Robusto Extra,5.50,55,Parejo,Dominican Aromatica,Ecuadorian Habano,Dominican Republic,"Dominican Republic, Ecuador",Natural,Medium-Full,,,,,,,,,,,,,,,,,
Davidoff,img/icons/manufacturers/davidoff.svg,Davidoff,,img/icons/brands/davidoff.svg,,Royal Release Salomones,,Salomon,8.25,57,Salomon,Dominican Aromatica,Ecuadorian Habano,Dominican Republic,"Dominican Republic, Ecuador",Natural,Medium-Full,,,,,,,,,,,,,,,,,
Davidoff,img/icons/manufacturers/davidoff.svg,Davidoff,,img/icons/brands/davidoff.svg,,Signature 1000 Petit Panetela,,Short Panetela,4.63,34,Parejo,"Ecuador, Connecticut",Dominican Republic,Dominican Republic,Dominican Republic,Natural,Mild-Medium,,,,,,,,,,,,,,,,,
Davidoff,img/icons/manufacturers/davidoff.svg,Davidoff,,img/icons/brands/davidoff.svg,,Signature 2000 Corona,,Corona,5.06,43,Parejo,"Ecuador, Connecticut",Dominican Republic,Dominican Republic,Dominican Republic,Natural,Mild-Medium,,,,,,,,,,,,,,,,,
Davidoff,img/icons/manufacturers/davidoff.svg,Davidoff,,img/icons/brands/davidoff.svg,,Signature 6000 Robusto,,Robusto,5.00,48,Parejo,"Ecuador, Connecticut",Dominican Republic,Dominican Republic,Dominican Republic,Natural,Mild-Medium,,,,,,,,,,,,,,,,,
Davidoff,img/icons/manufacturers/davidoff.svg,Davidoff,,img/icons/brands/davidoff.svg,,Signature Ambassadrice,,Cigarillo,4.50,26,Parejo,"Ecuador, Connecticut",Dominican Republic,Dominican Republic,Dominican Republic,Natural,Mild-Medium,,,,,,,,,,,,,,,,,
Davidoff,img/icons/manufacturers/davidoff.svg,Davidoff,,img/icons/brands/davidoff.svg,,Signature Exquisitos,,Cigarillo,3.63,22,Parejo,"Ecuador, Connecticut",Dominican Republic,Dominican Republic,Dominican Republic,Natural,Mild-Medium,,,,,,,,,,,,,,,,,
Davidoff,img/icons/manufacturers/davidoff.svg,Davidoff,,img/icons/brands/davidoff.svg,,Signature No. 2 Panetela,,Panetela,6.00,38,Parejo,"Ecuador, Connecticut",Dominican Republic,Dominican Republic,Dominican Republic,Natural,Mild-Medium,,,,,,,,,,,,,,,,,
Davidoff,img/icons/manufacturers/davidoff.svg,Davidoff,,img/icons/brands/davidoff.svg,,Signature Petit Corona,,Petite Corona,4.50,41,Parejo,"Ecuador, Connecticut",Dominican Republic,Dominican Republic,Dominican Republic,Natural,Mild-Medium,,,,,,,,,,,,,,,,,
Davidoff,img/icons/manufacturers/davidoff.svg,Davidoff,,img/icons/brands/davidoff.svg,,Winston Churchill Late Hour Churchill,,Churchill,7.00,48,Parejo,Ecuador Marron Oscuro,Mexico (Negro San Andres),"Dominican (San Vicente Mejorado Visus, Piloto Seco & Olor Visus), & Nicaragua (barrel aged Esteli Visus)",Dominican Republic,Maduro,Medium-Full,,,,,,,,,,,,,,,,,
Davidoff,img/icons/manufacturers/davidoff.svg,Davidoff,,img/icons/brands/davidoff.svg,,Winston Churchill Late Hour Robusto,,Robusto,5.00,52,Parejo,Ecuador Marron Oscuro,Mexico (Negro San Andres),"Dominican (San Vicente Mejorado Visus, Piloto Seco & Olor Visus), & Nicaragua (barrel aged Esteli Visus)",Dominican Republic,Maduro,Medium-Full,,,,,,,,,,,,,,,,,
Davidoff,img/icons/manufacturers/davidoff.svg,Davidoff,,img/icons/brands/davidoff.svg,,Winston Churchill Late Hour Toro,,Toro,6.00,54,Parejo,Ecuador Marron Oscuro,Mexico (Negro San Andres),"Dominican (San Vicente Mejorado Visus, Piloto Seco & Olor Visus), & Nicaragua (barrel aged Esteli Visus)",Dominican Republic,Maduro,Medium-Full,,,,,,,,,,,,,,,,,
Davidoff,img/icons/manufacturers/davidoff.svg,Davidoff,,img/icons/brands/davidoff.svg,,Winston Churchill LE 2021 Toro,,Toro,6.00,52,Parejo,Ecuador,Dominican (Hybrid 257 seco),"Dominican (Piloto Ligero, Hybrid 20-20 seco, San Vicente Mejorado Ligero, San Vicente Visus), & Nicaragua (Esteli Visus)","Dominican Republic, Ecuador, Nicaragua",,Medium-Full,,,,,,,,,,,,,,,,,
Davidoff,img/icons/manufacturers/davidoff.svg,Davidoff,,img/icons/brands/davidoff.svg,,Winston Churchill LE 2022 Perfecto,,Perfecto,5.88,61,Perfecto,Ecuador,Mexico (Negro San Andres seco),"Dominican (Piloto Mejorado Seco, Piloto Seco, San Vicente Mejorado seco, San Vicente Mejorado visus), & Nicaragua (Esteli seco and Condega seco)",Dominican Republic,Maduro,Medium-Full,,,,,,,,,,,,,,,,,
Davidoff,img/icons/manufacturers/davidoff.svg,Davidoff,,img/icons/brands/davidoff.svg,,Winston Churchill Belicoso,,Belicoso,4.50,46,Pyramid,Ecuador Rojiza,Mexico (Negro San Andres),"Dominican (Piloto Mejorado Seco, Piloto Seco, Hybrid Olor/Piloto Seco), & Nicaragua (Esteli Seco, Condega Seco)",Dominican Republic,Colorado,Medium,,,,,,,,,,,,,,,,,
Davidoff,img/icons/manufacturers/davidoff.svg,Davidoff,,img/icons/brands/davidoff.svg,,Winston Churchill Churchill,,Churchill,6.88,47,Parejo,Ecuador Rojiza,Mexico (Negro San Andres),"Dominican (Piloto Mejorado Seco, Piloto Seco, Hybrid Olor/Piloto Seco), & Nicaragua (Esteli Seco, Condega Seco)",Dominican Republic,Colorado,Medium,,,,,,,,,,,,,,,,,
Davidoff,img/icons/manufacturers/davidoff.svg,Davidoff,,img/icons/brands/davidoff.svg,,Winston Churchill Petit Corona,,Petite Corona,4.50,41,Parejo,Ecuador Rojiza,Mexico (Negro San Andres),"Dominican (Piloto Mejorado Seco, Piloto Seco, Hybrid Olor/Piloto Seco), & Nicaragua (Esteli Seco, Condega Seco)",Dominican Republic,Colorado,Medium,,,,,,,,,,,,,,,,,
Davidoff,img/icons/manufacturers/davidoff.svg,Davidoff,,img/icons/brands/davidoff.svg,,Winston Churchill Petit Panetela,,Short Panetela,4.00,38,Parejo,Ecuador Rojiza,Mexico (Negro San Andres),"Dominican (Piloto Mejorado Seco, Piloto Seco, Hybrid Olor/Piloto Seco), & Nicaragua (Esteli Seco, Condega Seco)",Dominican Republic,Colorado,Medium,,,,,,,,,,,,,,,,,
Davidoff,img/icons/manufacturers/davidoff.svg,Davidoff,,img/icons/brands/davidoff.svg,,Winston Churchill Robusto,,Robusto,5.25,52,Parejo,Ecuador Rojiza,Mexico (Negro San Andres),"Dominican (Piloto Mejorado Seco, Piloto Seco, Hybrid Olor/Piloto Seco), & Nicaragua (Esteli Seco, Condega Seco)",Dominican Republic,,Medium,,,,,,,,,,,,,,,,,
Davidoff,img/icons/manufacturers/davidoff.svg,Davidoff,,img/icons/brands/davidoff.svg,,Winston Churchill Toro,,Gordo,6.00,60,Parejo,Ecuador Rojiza,Mexico (Negro San Andres),"Dominican (Piloto Mejorado Seco, Piloto Seco, Hybrid Olor/Piloto Seco), & Nicaragua (Esteli Seco, Condega Seco)",Dominican Republic,,Medium,,,,,,,,,,,,,,,,,
Davidoff,img/icons/manufacturers/davidoff.svg,Davidoff,,img/icons/brands/davidoff.svg,Yamasa,Petit Churchill,,Short Churchill,4.00,48,Parejo,Dominican Republic Yamasa,Dominican Republic Yamasa,"Dominican Republic, Nicaragua (Piloto Visus, San Vincente Mejorado Seco, San Vincente Mejorado Visus, Condega Seco, Esteli Seco)",Dominican Republic,EMS,Medium-Full,,,,,,,,,,,,,,,,,
Davidoff,img/icons/manufacturers/davidoff.svg,Davidoff,,img/icons/brands/davidoff.svg,Yamasa,Piramides,,Pyramid,6.13,52,Pyramid,Dominican Republic Yamasa,Dominican Republic Yamasa,"Dominican Republic, Nicaragua (Piloto Visus, San Vincente Mejorado Seco, San Vincente Mejorado Visus, Condega Seco, Esteli Seco)",Dominican Republic,EMS,Medium-Full,,,,,,,,,,,,,,,,,
Davidoff,img/icons/manufacturers/davidoff.svg,Davidoff,,img/icons/brands/davidoff.svg,Yamasa,Robusto Tubo,,Robusto,5.00,50,Parejo,Dominican Republic Yamasa,Dominican Republic Yamasa,"Dominican Republic, Nicaragua (Piloto Visus, San Vincente Mejorado Seco, San Vincente Mejorado Visus, Condega Seco, Esteli Seco)",Dominican Republic,EMS,Medium-Full,,,,,,,,,,,,,,,,,
Davidoff,img/icons/manufacturers/davidoff.svg,Davidoff,,img/icons/brands/davidoff.svg,Yamasa,Toro,,Toro,6.00,52,Parejo,Dominican Republic Yamasa,Dominican Republic Yamasa,"Dominican Republic, Nicaragua (Piloto Visus, San Vincente Mejorado Seco, San Vincente Mejorado Visus, Condega Seco, Esteli Seco)",Dominican Republic,EMS,Medium-Full,,,,,,,,,,,,,,,,,
Drew Estate,img/icons/manufacturers/drewestate.svg,Dominicana,,img/icons/brands/dominicana.svg,Dominicana,Robusto,,Robusto,5.00,50,Parejo,,,,,,,,,FS,,,,,11.75,117.50,10,89,13.16,60.78,6.08,7.08,Q-01-87-024,30
Drew Estate,img/icons/manufacturers/drewestate.svg,Dominicana,,img/icons/brands/dominicana.svg,Dominicana,Toro,,Toro,6.00,50,Parejo,,,,,,,,,FS,,,,,12.50,125.00,10,89,13.90,64.50,6.45,7.45,Q-01-87-023,30
Drew Estate,img/icons/manufacturers/drewestate.svg,Dominicana,,img/icons/brands/dominicana.svg,Dominicana,Gordo,,Gordo,6.00,60,Parejo,,,,,,,,,FS,,,,,13.50,135.00,10,89,14.90,69.50,6.95,7.95,Q-01-87-025,30
Drew Estate,img/icons/manufacturers/drewestate.svg,Dominicana,,img/icons/brands/dominicana.svg,Dominicana,Pequena,,Cigarillo,4.00,38,Parejo,,,,,,,,,FS,,,,,6.50,130.00,20,89,7.90,69.00,3.45,4.45,Q-01-87-026,30
General Cigar Co.,img/icons/manufacturers/generalcigarco.svg,Don Tomas,,img/icons/brands/dontomas.svg,Classico,Allegro Tubo,,Robusto Gordo,5.50,50,Parejo,,,,,,,,Tubo,,,,,,11.26,225.20,20,89,11.26,102.60,5.13,6.13,70026,
General Cigar Co.,img/icons/manufacturers/generalcigarco.svg,Don Tomas,,img/icons/brands/dontomas.svg,Classico,Rothschild,,Rothschild,4.50,50,Parejo,,,,,,,,,,,,,,9.16,229.00,25,89,9.16,102.00,4.08,5.08,72067,
General Cigar Co.,img/icons/manufacturers/generalcigarco.svg,Don Tomas,,img/icons/brands/dontomas.svg,Classico,Robusto,,Robusto,5.50,50,Parejo,,,,,,,,,,,,,,9.66,241.50,25,89,9.66,108.25,4.33,5.33,72064,
General Cigar Co.,img/icons/manufacturers/generalcigarco.svg,Don Tomas,,img/icons/brands/dontomas.svg,Classico,Cetro # 2,,Corona Extra,6.50,44,Parejo,,,,,,,,,,,,,,10.16,254.00,25,89,10.16,114.50,4.58,5.58,72065,
General Cigar Co.,img/icons/manufacturers/generalcigarco.svg,Don Tomas,,img/icons/brands/dontomas.svg,Classico,Toro,,Toro Gordo,6.00,54,Parejo,,,,,,,,,,,,,,10.46,261.50,25,89,10.46,118.25,4.73,5.73,72101,
General Cigar Co.,img/icons/manufacturers/generalcigarco.svg,Don Tomas,,img/icons/brands/dontomas.svg,Classico,Presidente,,Churchill,7.50,50,Parejo,,,,,,,,,,,,,,10.66,266.50,25,89,10.66,120.75,4.83,5.83,72061,
General Cigar Co.,img/icons/manufacturers/generalcigarco.svg,Don Tomas,,img/icons/brands/dontomas.svg,Classico,Corona Grande Tubo,,Corona Gorda,6.50,44,Parejo,,,,,,,,Tubo,,,,,,11.76,294.00,25,89,11.76,134.50,5.38,6.38,72060,
General Cigar Co.,img/icons/manufacturers/generalcigarco.svg,Don Tomas,,img/icons/brands/dontomas.svg,Maduro,Allegro Tubo,,Robusto Gordo,5.50,50,Parejo,,,,,,,,Tubo,,,,,,11.26,225.20,20,89,11.26,102.60,5.13,6.13,72080,
General Cigar Co.,img/icons/manufacturers/generalcigarco.svg,Don Tomas,,img/icons/brands/dontomas.svg,Maduro,Rothschild,,Rothschild,4.50,50,Parejo,,,,,,,,,,,,,,9.16,229.00,25,89,9.16,102.00,4.08,5.08,72068,
General Cigar Co.,img/icons/manufacturers/generalcigarco.svg,Don Tomas,,img/icons/brands/dontomas.svg,Maduro,Robusto,,Robusto,5.50,50,Parejo,,,,,,,,,,,,,,9.66,241.50,25,89,9.66,108.25,4.33,5.33,72063,
General Cigar Co.,img/icons/manufacturers/generalcigarco.svg,Don Tomas,,img/icons/brands/dontomas.svg,Maduro,Presidente,,Churchill,7.50,50,Parejo,,,,,,,,,,,,,,10.66,266.50,25,89,10.66,120.75,4.83,5.83,72062,
General Cigar Co.,img/icons/manufacturers/generalcigarco.svg,Don Tomas,,img/icons/brands/dontomas.svg,Sungrown,Presidente,,Churchill,7.50,50,Parejo,,,,,,,,,,,,,,10.66,266.50,25,89,10.66,120.75,4.83,5.83,72085,
General Cigar Co.,img/icons/manufacturers/generalcigarco.svg,Don Tomas,,img/icons/brands/dontomas.svg,Sungrown,Gigante,,Gordo,6.00,60,Parejo,,,,,,,,,,,,,,12.36,309.00,25,89,12.36,142.00,5.68,6.68,72314,
General Cigar Co.,img/icons/manufacturers/generalcigarco.svg,Excalibur,,img/icons/brands/excalibur.svg,Excalibur,Short Crystal,,Robusto,5.25,50,Parejo,,,,,,,,Tubo,,,,,,13.82,138.20,10,89,13.82,64.10,6.41,7.41,55362,
General Cigar Co.,img/icons/manufacturers/generalcigarco.svg,Excalibur,,img/icons/brands/excalibur.svg,Excalibur,Epicures Maduro,,Robusto,5.25,50,Parejo,,,,,,,,,,,,,,13.50,270.00,20,89,13.50,125.00,6.25,7.25,50124,
General Cigar Co.,img/icons/manufacturers/generalcigarco.svg,Excalibur,,img/icons/brands/excalibur.svg,Excalibur,No. III EC,,Toro,6.12,50,Parejo,,,,,,,,,,,,,,14.08,281.60,20,89,14.08,130.80,6.54,7.54,50104,
General Cigar Co.,img/icons/manufacturers/generalcigarco.svg,Excalibur,,img/icons/brands/excalibur.svg,Excalibur,No. III Maduro,,Toro,6.12,50,Parejo,,,,,,,,,,,,,,14.08,281.60,20,89,14.08,130.80,6.54,7.54,50105,
General Cigar Co.,img/icons/manufacturers/generalcigarco.svg,Excalibur,,img/icons/brands/excalibur.svg,Excalibur,Epicures EC,,Robusto,5.25,50,Parejo,,,,,,,,,,,,,,13.50,270.00,20,89,13.50,125.00,6.25,7.25,50123,
General Cigar Co.,img/icons/manufacturers/generalcigarco.svg,Excalibur,,img/icons/brands/excalibur.svg,Excalibur,No. I EC,,Gigante,7.25,54,Parejo,,,,,,,,,,,,,,14.74,294.80,20,89,14.74,137.40,6.87,7.87,50097,
General Cigar Co.,img/icons/manufacturers/generalcigarco.svg,Excalibur,,img/icons/brands/excalibur.svg,Excalibur,No. I Maduro,,Gigante,7.25,54,Parejo,,,,,,,,,,,,,,14.74,294.80,20,89,14.74,137.40,6.87,7.87,50098,
General Cigar Co.,img/icons/manufacturers/generalcigarco.svg,Excalibur,,img/icons/brands/excalibur.svg,Excalibur,No. II EC,,Churchill,6.75,47,Parejo,,,,,,,,,,,,,,14.20,284.00,20,89,14.20,132.00,6.60,7.60,50102,
General Cigar Co.,img/icons/manufacturers/generalcigarco.svg,Excalibur,,img/icons/brands/excalibur.svg,Excalibur,No. II Maduro,,Churchill,6.75,47,Parejo,,,,,,,,,,,,,,14.20,284.00,20,89,14.20,132.00,6.60,7.60,50103,
General Cigar Co.,img/icons/manufacturers/generalcigarco.svg,Excalibur,,img/icons/brands/excalibur.svg,Excalibur,No. 660,,Gordo,6.00,60,Parejo,,,,,,,,,,,,,,14.54,290.80,20,89,14.54,135.40,6.77,7.77,55325,
General Cigar Co.,img/icons/manufacturers/generalcigarco.svg,Excalibur,,img/icons/brands/excalibur.svg,Excalibur,Black No. 1,,Gigante,7.25,54,Parejo,,,,,Maduro,,,,,,,,,12.72,254.40,20,89,12.72,117.20,5.86,6.86,56116,
General Cigar Co.,img/icons/manufacturers/generalcigarco.svg,Excalibur,,img/icons/brands/excalibur.svg,Excalibur Black,Robusto,,Robusto,5.00,50,Parejo,,,,,Maduro,,,,,,,,,11.72,234.40,20,89,11.72,107.20,5.36,6.36,56114,
General Cigar Co.,img/icons/manufacturers/generalcigarco.svg,Excalibur,,img/icons/brands/excalibur.svg,Excalibur Black,Toro,,Toro,6.00,52,Parejo,,,,,Maduro,,,,,,,,,12.12,242.40,20,89,12.12,111.20,5.56,6.56,56115,
General Cigar Co.,img/icons/manufacturers/generalcigarco.svg,Excalibur,,img/icons/brands/excalibur.svg,Excalibur Cameroon,Lancelot,,Gigante,7.25,54,Parejo,,,,,Colorado Maduro,,,,,,,,,14.52,290.40,20,89,14.52,135.20,6.76,7.76,53170,
General Cigar Co.,img/icons/manufacturers/generalcigarco.svg,Excalibur,,img/icons/brands/excalibur.svg,Excalibur Cameroon,Merlin,,Robusto,5.25,50,Parejo,,,,,Colorado Maduro,,,,,,,,,13.50,270.00,20,89,13.50,125.00,6.25,7.25,53167,
Drew Estate,img/icons/manufacturers/drewestate.svg,Factory Smokes,,img/icons/brands/factorysmokes.svg,Sweets,Robusto,,Robusto,5.00,54,Parejo,,,,,,,,,FS,,,,,2.59,51.80,20,89,4.14,31.40,1.57,2.57,Q-02-87-042,40
Drew Estate,img/icons/manufacturers/drewestate.svg,Factory Smokes,,img/icons/brands/factorysmokes.svg,Sweets,Toro,,Toro,6.00,54,Parejo,,,,,,,,,FS,,,,,2.97,59.40,20,89,4.52,35.20,1.76,2.76,Q-02-87-041,40
Drew Estate,img/icons/manufacturers/drewestate.svg,Factory Smokes,,img/icons/brands/factorysmokes.svg,Sweets,Churchill,,Churchill,7.00,52,Parejo,,,,,,,,,FS,,,,,3.27,65.40,20,89,4.82,38.20,1.91,2.91,Q-02-87-043,40
Drew Estate,img/icons/manufacturers/drewestate.svg,Factory Smokes,,img/icons/brands/factorysmokes.svg,Sweets,Belicoso,,Belicoso,6.00,54,Belicoso,,,,,,,,,FS,,,,,3.39,67.80,20,89,4.94,39.40,1.97,2.97,Q-02-87-044,40
Drew Estate,img/icons/manufacturers/drewestate.svg,Factory Smokes,,img/icons/brands/factorysmokes.svg,Maduro,Robusto,,Robusto,5.00,54,Parejo,,,,,,,,,,,,,,2.35,58.75,25,89,3.90,36.25,1.45,2.45,Q-02-87-034,40
Drew Estate,img/icons/manufacturers/drewestate.svg,Factory Smokes,,img/icons/brands/factorysmokes.svg,Shade,Robusto,,Robusto,5.00,54,Parejo,,,,,,,,,,,,,,2.35,58.75,25,89,3.90,36.25,1.45,2.45,Q-02-87-030,40
Drew Estate,img/icons/manufacturers/drewestate.svg,Factory Smokes,,img/icons/brands/factorysmokes.svg,Sungrown,Robusto,,Robusto,5.00,54,Parejo,,,,,,,,,,,,,,2.35,58.75,25,89,3.90,36.25,1.45,2.45,Q-02-87-038,40
Drew Estate,img/icons/manufacturers/drewestate.svg,Factory Smokes,,img/icons/brands/factorysmokes.svg,Maduro,Toro,,Toro,6.00,52,Parejo,,,,,,,,,,,,,,2.55,63.75,25,89,4.10,38.75,1.55,2.55,Q-02-87-033,40
Drew Estate,img/icons/manufacturers/drewestate.svg,Factory Smokes,,img/icons/brands/factorysmokes.svg,Shade,Toro,,Toro,6.00,52,Parejo,,,,,,,,,,,,,,2.55,63.75,25,89,4.10,38.75,1.55,2.55,Q-02-87-029,40
Drew Estate,img/icons/manufacturers/drewestate.svg,Factory Smokes,,img/icons/brands/factorysmokes.svg,Sungrown,Toro,,Toro,6.00,52,Parejo,,,,,,,,,,,,,,2.55,63.75,25,89,4.10,38.75,1.55,2.55,Q-02-87-037,40
Drew Estate,img/icons/manufacturers/drewestate.svg,Factory Smokes,,img/icons/brands/factorysmokes.svg,Maduro,Churchill,,Churchill,7.00,50,Parejo,,,,,,,,,,,,,,2.75,68.75,25,89,4.30,41.25,1.65,2.65,Q-02-87-035,40
Drew Estate,img/icons/manufacturers/drewestate.svg,Factory Smokes,,img/icons/brands/factorysmokes.svg,Shade,Churchill,,Churchill,7.00,50,Parejo,,,,,,,,,,,,,,2.75,68.75,25,89,4.30,41.25,1.65,2.65,Q-02-87-031,40
Drew Estate,img/icons/manufacturers/drewestate.svg,Factory Smokes,,img/icons/brands/factorysmokes.svg,Sungrown,Churchill,,Churchill,7.00,50,Parejo,,,,,,,,,,,,,,2.75,68.75,25,89,4.30,41.25,1.65,2.65,Q-02-87-039,40
Drew Estate,img/icons/manufacturers/drewestate.svg,Factory Smokes,,img/icons/brands/factorysmokes.svg,Maduro,Gordito,,Gordo,6.00,60,Parejo,,,,,,,,,,,,,,3.05,76.25,25,89,4.60,45.00,1.80,2.80,Q-02-87-036,40
Drew Estate,img/icons/manufacturers/drewestate.svg,Factory Smokes,,img/icons/brands/factorysmokes.svg,Shade,Gordito,,Gordo,6.00,60,Parejo,,,,,,,,,,,,,,3.05,76.25,25,89,4.60,45.00,1.80,2.80,Q-02-87-032,40
Drew Estate,img/icons/manufacturers/drewestate.svg,Factory Smokes,,img/icons/brands/factorysmokes.svg,Sungrown,Gordito,,Gordo,6.00,60,Parejo,,,,,,,,,,,,,,3.05,76.25,25,89,4.60,45.00,1.80,2.80,Q-02-87-040,40
Drew Estate,img/icons/manufacturers/drewestate.svg,Fat Bottom Betty,,img/icons/brands/fatbottombetty.svg,Fat Bottom Betty,Robusto,,Robusto,5.00,54,Parejo,,,,,,,,,FS,,,,,11.00,110.00,10,89,12.65,58.26,5.83,6.83,Q-01-14-068,30
Drew Estate,img/icons/manufacturers/drewestate.svg,Fat Bottom Betty,,img/icons/brands/fatbottombetty.svg,Fat Bottom Betty,Toro,,Toro,6.00,50,Parejo,,,,,,,,,FS,,,,,11.75,117.50,10,89,13.40,62.01,6.20,7.20,Q-01-02-122,30
Drew Estate,img/icons/manufacturers/drewestate.svg,Fat Bottom Betty,,img/icons/brands/fatbottombetty.svg,Fat Bottom Betty,Gordito,,Gordo,6.00,60,Parejo,,,,,,,,,FS,,,,,12.75,127.50,10,89,14.40,67.00,6.70,7.70,Q-01-02-125,30
Foundation Cigar Company,img/icons/manufacturers/foundation.svg,Foundation,,img/icons/brands/foundation.svg,Aksum,Aksum Maduro Toro,,Toro,6.00,52,Parejo,,,,,,,,,,,,,,17.35,173.50,10,89,18.36,86.80,8.68,9.68,,
Foundation Cigar Company,img/icons/manufacturers/foundation.svg,Foundation,,img/icons/brands/foundation.svg,Charter Oak,Especiales Pasquale Maduro Corona,,Corona,5.50,48,Parejo,,,,,,,,,,,,,,13.65,163.80,12,89,14.60,81.60,6.80,7.80,,
Foundation Cigar Company,img/icons/manufacturers/foundation.svg,Foundation,,img/icons/brands/foundation.svg,Charter Oak,Especiales Pegnataro Connecticut Corona,,Corona,5.50,48,Parejo,,,,,,,,,,,,,,13.65,163.80,12,89,14.60,81.60,6.80,7.80,,
Foundation Cigar Company,img/icons/manufacturers/foundation.svg,Foundation,,img/icons/brands/foundation.svg,Charter Oak,Shade Grande 6x60,,Gordo,6.00,60,Parejo,,,,,,,,,,,,,,7.25,145.00,20,89,9.04,80.40,4.02,5.02,,
Foundation Cigar Company,img/icons/manufacturers/foundation.svg,Foundation,,img/icons/brands/foundation.svg,Olmec,Olmec Maduro Toro,,Toro,6.00,52,Parejo,,,,,,,,,,,,,,16.05,192.60,12,89,17.14,96.84,8.07,9.07,,
Drew Estate,img/icons/manufacturers/drewestate.svg,Girl With No Name,,img/icons/brands/girlwithnoname.svg,Girl With No Name,Lonsdale,,Lonsdale,7.00,44,Parejo,,,,,,,,,FS,,,,,11.25,224.97,20,89,12.90,119.00,5.95,6.95,Q-01-14-131,30
General Cigar Co.,img/icons/manufacturers/generalcigarco.svg,Havana Honeys,,img/icons/brands/havanahoneys.svg,HAVANA HONEYS HONEY,Del Sol Corona,,Corona,5.50,42,Parejo,,,,,,,,,FS,,,,,,,25,89,5.20,52.50,2.10,3.10,31104,
General Cigar Co.,img/icons/manufacturers/generalcigarco.svg,Havana Honeys,,img/icons/brands/havanahoneys.svg,HAVANA HONEYS RUM,Del Sol Corona,,Corona,5.50,42,Parejo,,,,,,,,,FS,,,,,,,25,89,5.20,52.50,2.10,3.10,31106,
General Cigar Co.,img/icons/manufacturers/generalcigarco.svg,Havana Honeys,,img/icons/brands/havanahoneys.svg,HAVANA HONEYS VANILLA,Del Sol Corona,,Corona,5.50,42,Parejo,,,,,,,,,FS,,,,,,,25,89,5.20,52.50,2.10,3.10,31105,
Drew Estate,img/icons/manufacturers/drewestate.svg,Herrera Esteli,hesteli,img/icons/brands/herreraesteli.svg,Brazilian Maduro,Robusto Grande,,Robusto Gordo,5.25,52,Parejo,,,,,,,,,,,,,,10.70,267.70,25,89,12.36,141.97,5.68,6.68,Q-01-84-012,25
Drew Estate,img/icons/manufacturers/drewestate.svg,Herrera Esteli,hesteli,img/icons/brands/herreraesteli.svg,Habano,Robusto Grande,,Robusto Gordo,5.25,52,Parejo,,,,,,,,,,,,,,10.70,267.70,25,89,12.36,141.97,5.68,6.68,Q-01-38-095,25
Drew Estate,img/icons/manufacturers/drewestate.svg,Herrera Esteli,hesteli,img/icons/brands/herreraesteli.svg,Brazilian Maduro,Lonsdale Deluxe,,Lonsdale,6.00,44,Parejo,,,,,,,,,,,,,,11.20,280.00,25,89,12.85,148.16,5.93,6.93,Q-01-84-016,25
Drew Estate,img/icons/manufacturers/drewestate.svg,Herrera Esteli,hesteli,img/icons/brands/herreraesteli.svg,Habano,Lonsdale Deluxe,,Lonsdale,6.00,44,Parejo,,,,,,,,,,,,,,11.20,280.00,25,89,12.85,148.16,5.93,6.93,Q-01-38-099,25
Drew Estate,img/icons/manufacturers/drewestate.svg,Herrera Esteli,hesteli,img/icons/brands/herreraesteli.svg,Brazilian Maduro,Toro Especial,,Toro,6.00,54,Parejo,,,,,,,,,,,,,,11.70,292.50,25,89,13.35,154.39,6.18,7.18,Q-01-84-013,25
Drew Estate,img/icons/manufacturers/drewestate.svg,Herrera Esteli,hesteli,img/icons/brands/herreraesteli.svg,Haban,Toro Especial,,Toro,6.00,54,Parejo,,,,,,,,,,,,,,11.70,292.50,25,89,13.35,154.39,6.18,7.18,Q-01-38-096,25
General Cigar Co.,img/icons/manufacturers/generalcigarco.svg,Hoyo de Monterrey,hdm,img/icons/brands/hoyodemonterrey.svg,HOYO DE MONTERREY MADURO,HDM Sabrosos MAD,,Corona,5.00,40,Parejo,,,,,Maduro,,,,,,,,,8.00,200.00,25,89,8.00,87.50,3.50,4.50,50203,
General Cigar Co.,img/icons/manufacturers/generalcigarco.svg,Hoyo de Monterrey,hdm,img/icons/brands/hoyodemonterrey.svg,HOYO DE MONTERREY MADURO,Governors MAD,,Toro,6.12,50,Parejo,,,,,Maduro,,,,,,,,,12.24,306.00,25,89,12.24,140.50,5.62,6.62,50171,
General Cigar Co.,img/icons/manufacturers/generalcigarco.svg,Hoyo de Monterrey,hdm,img/icons/brands/hoyodemonterrey.svg,HOYO DE MONTERREY MADURO,HDM Double Corona MAD,,Double Corona,6.75,48,Parejo,,,,,Maduro,,,,,,,,,12.86,321.50,25,89,12.86,148.25,5.93,6.93,50158,
General Cigar Co.,img/icons/manufacturers/generalcigarco.svg,Hoyo de Monterrey,hdm,img/icons/brands/hoyodemonterrey.svg,HOYO DE MONTERREY MADURO,HDM Sultans MAD,,Gigante,7.25,54,Parejo,,,,,Maduro,,,,,,,,,15.12,378.00,25,89,15.12,176.50,7.06,8.06,50205,
General Cigar Co.,img/icons/manufacturers/generalcigarco.svg,Hoyo de Monterrey,hdm,img/icons/brands/hoyodemonterrey.svg,HOYO DE MONTERREY MADURO,Rothschilds Cello MAD,,Rothschild,4.50,50,Parejo,,,,,Maduro,,,,,,,,,10.36,518.00,50,89,10.36,234.00,4.68,5.68,50198,
General Cigar Co.,img/icons/manufacturers/generalcigarco.svg,Hoyo de Monterrey,hdm,img/icons/brands/hoyodemonterrey.svg,HOYO DE MONTERREY MADURO,Rothschilds Cello MM,,Rothschild,4.50,50,Parejo,,,,,Maduro,,,,,,,,,10.36,518.00,50,89,10.36,234.00,4.68,5.68,50199,
General Cigar Co.,img/icons/manufacturers/generalcigarco.svg,Hoyo de Monterrey,hdm,img/icons/brands/hoyodemonterrey.svg,HOYO DE MONTERREY SUMATRA,HDM Sabrosos EMS,,Corona,5.00,40,Parejo,,,,,,,,,,,,,,8.00,200.00,25,89,8.00,87.50,3.50,4.50,50201,
General Cigar Co.,img/icons/manufacturers/generalcigarco.svg,Hoyo de Monterrey,hdm,img/icons/brands/hoyodemonterrey.svg,HOYO DE MONTERREY SUMATRA,Governors EMS,,Toro,6.12,50,Parejo,,,,,,,,,,,,,,12.24,306.00,25,89,12.24,140.50,5.62,6.62,50169,
General Cigar Co.,img/icons/manufacturers/generalcigarco.svg,Hoyo de Monterrey,hdm,img/icons/brands/hoyodemonterrey.svg,HOYO DE MONTERREY SUMATRA,Double Corona EMS,,Double Corona,6.75,48,Parejo,,,,,,,,,,,,,,12.86,321.50,25,89,12.86,148.25,5.93,6.93,50156,
General Cigar Co.,img/icons/manufacturers/generalcigarco.svg,Hoyo de Monterrey,hdm,img/icons/brands/hoyodemonterrey.svg,HOYO DE MONTERREY SUMATRA,HDM Sultans EMS,,Gigante,7.25,54,Parejo,,,,,,,,,,,,,,15.12,378.00,25,89,15.12,176.50,7.06,8.06,50204,
General Cigar Co.,img/icons/manufacturers/generalcigarco.svg,Hoyo de Monterrey,hdm,img/icons/brands/hoyodemonterrey.svg,HOYO DE MONTERREY SUMATRA,Rothschilds Cello EMS,,Rothschild,4.50,50,Parejo,,,,,,,,,,,,,,10.34,517.00,50,89,10.34,233.50,4.67,5.67,50197,
General Cigar Co.,img/icons/manufacturers/generalcigarco.svg,Hoyo de Monterrey,hdm,img/icons/brands/hoyodemonterrey.svg,HOYO EPICURE SELECCION,Expicure No. 2,,Robusto,4.88,50,Parejo,,,,,,,,,,,,,,10.58,211.60,20,89,10.58,95.80,4.79,5.79,55983,
General Cigar Co.,img/icons/manufacturers/generalcigarco.svg,Hoyo de Monterrey,hdm,img/icons/brands/hoyodemonterrey.svg,HOYO EPICURE SELECCION,No. 1,,Corona,5.63,46,Parejo,,,,,,,,,,,,,,11.08,221.60,20,89,11.08,100.80,5.04,6.04,55982,
General Cigar Co.,img/icons/manufacturers/generalcigarco.svg,Hoyo de Monterrey,hdm,img/icons/brands/hoyodemonterrey.svg,HOYO EPICURE SELECCION,Toro Especial,,Toro,6.00,50,Parejo,,,,,,,,,,,,,,11.18,223.60,20,89,11.18,101.80,5.09,6.09,55984,
General Cigar Co.,img/icons/manufacturers/generalcigarco.svg,Hoyo de Monterrey,hdm,img/icons/brands/hoyodemonterrey.svg,HOYO LA AMISTAD BLACK,Toro,,Toro,6.50,52,Parejo,,,,,Maduro,,,,,,,,,12.66,253.20,20,89,12.66,116.60,5.83,6.83,55840,
General Cigar Co.,img/icons/manufacturers/generalcigarco.svg,Hoyo de Monterrey,hdm,img/icons/brands/hoyodemonterrey.svg,HOYO LA AMISTAD BLACK,HLA Gigante BP,,Gordo,5.88,60,Parejo,,,,,Maduro,,BP,,,,,,,13.16,263.20,20,89,13.16,121.60,6.08,7.08,56140,
General Cigar Co.,img/icons/manufacturers/generalcigarco.svg,Hoyo de Monterrey,hdm,img/icons/brands/hoyodemonterrey.svg,HOYO LA AMISTAD DARK SUMATRA,HLA Dark Sumatra Noche,,Toro Gordo,6.50,52,Parejo,,,,,Maduro,,,,,,,,,12.64,316.00,25,89,12.64,145.50,5.82,6.82,55869,
General Cigar Co.,img/icons/manufacturers/generalcigarco.svg,Hoyo de Monterrey,hdm,img/icons/brands/hoyodemonterrey.svg,HOYO LA AMISTAD DARK SUMATRA,Media Noche,,Toro,5.75,54,Parejo,,,,,Maduro,,,,,,,,,12.64,316.00,25,89,12.64,145.50,5.82,6.82,55868,
General Cigar Co.,img/icons/manufacturers/generalcigarco.svg,Hoyo de Monterrey,hdm,img/icons/brands/hoyodemonterrey.svg,HOYO LA AMISTAD GOLD,Robusto,,Robusto,5.25,54,Parejo,,,,,,,,,,,,,,12.66,253.20,20,89,12.66,116.60,5.83,6.83,56137,
General Cigar Co.,img/icons/manufacturers/generalcigarco.svg,Hoyo de Monterrey,hdm,img/icons/brands/hoyodemonterrey.svg,HOYO LA AMISTAD GOLD,Toro,,Toro,6.00,50,Parejo,,,,,,,,,,,,,,12.66,253.20,20,89,12.66,116.60,5.83,6.83,55545,
General Cigar Co.,img/icons/manufacturers/generalcigarco.svg,Hoyo de Monterrey,hdm,img/icons/brands/hoyodemonterrey.svg,HOYO LA AMISTAD GOLD,HLA Gigante,,Gordo,6.00,60,Parejo,,,,,,,,,,,,,,13.16,263.20,20,89,13.16,121.60,6.08,7.08,55546,
General Cigar Co.,img/icons/manufacturers/generalcigarco.svg,Hoyo de Monterrey,hdm,img/icons/brands/hoyodemonterrey.svg,HOYO OSCURO,Rothschild,,Rothschild,4.50,50,Parejo,,,,,Oscuro,,,,,,,,,7.00,70.00,10,89,7.00,30.00,3.00,4.00,56320,
General Cigar Co.,img/icons/manufacturers/generalcigarco.svg,Hoyo de Monterrey,hdm,img/icons/brands/hoyodemonterrey.svg,HOYO OSCURO,Toro,,Toro,6.00,52,Parejo,,,,,Oscuro,,,,,,,,,8.50,85.00,10,89,8.50,37.50,3.75,4.75,56321,
General Cigar Co.,img/icons/manufacturers/generalcigarco.svg,Hoyo de Monterrey,hdm,img/icons/brands/hoyodemonterrey.svg,HOYO OSCURO,Gigante,,Gordo,6.00,60,Parejo,,,,,Oscuro,,,,,,,,,9.50,95.00,10,89,9.50,42.50,4.25,5.25,56325,
General Cigar Co.,img/icons/manufacturers/generalcigarco.svg,Hoyo de Monterrey,hdm,img/icons/brands/hoyodemonterrey.svg,HOYO ROJO,Rothschild,,Rothschild,4.50,50,Parejo,,,,,,,,,,,,,,7.00,70.00,10,89,7.00,30.00,3.00,4.00,56326,
General Cigar Co.,img/icons/manufacturers/generalcigarco.svg,Hoyo de Monterrey,hdm,img/icons/brands/hoyodemonterrey.svg,HOYO ROJO,Toro,,Toro,6.00,52,Parejo,,,,,,,,,,,,,,8.50,85.00,10,89,8.50,37.50,3.75,4.75,56327,
General Cigar Co.,img/icons/manufacturers/generalcigarco.svg,Hoyo de Monterrey,hdm,img/icons/brands/hoyodemonterrey.svg,HOYO ROJO,Gigante,,Gordo,6.00,60,Parejo,,,,,,,,,,,,,,9.50,95.00,10,89,9.50,42.50,4.25,5.25,56331,
General Cigar Co.,img/icons/manufacturers/generalcigarco.svg,Hoyo de Monterrey,hdm,img/icons/brands/hoyodemonterrey.svg,HOYO SHADE,Rothschild,,Rothschild,4.50,50,Parejo,,,,,,,,,,,,,,7.00,70.00,10,89,7.00,30.00,3.00,4.00,56364,
General Cigar Co.,img/icons/manufacturers/generalcigarco.svg,Hoyo de Monterrey,hdm,img/icons/brands/hoyodemonterrey.svg,HOYO SHADE,Toro,,Toro,6.00,52,Parejo,,,,,,,,,,,,,,8.50,85.00,10,89,8.50,37.50,3.75,4.75,56365,
General Cigar Co.,img/icons/manufacturers/generalcigarco.svg,Hoyo de Monterrey,hdm,img/icons/brands/hoyodemonterrey.svg,HOYO SHADE,Gigante,,Gordo,6.00,60,Parejo,,,,,,,,,,,,,,9.50,95.00,10,89,9.50,42.50,4.25,5.25,56366,
Drew Estate,img/icons/manufacturers/drewestate.svg,Isla Del Sol,,img/icons/brands/isladelsol.svg,Maduro,Breve,,Cigarillo,4.00,32,Parejo,,,,,Maduro,,,,FS,,,,,14.00,70.00,5,89,17.00,40.00,8.00,9.00,Q-01-33-027,50
Drew Estate,img/icons/manufacturers/drewestate.svg,Isla Del Sol,,img/icons/brands/isladelsol.svg,Sungrown,Breve,,Cigarillo,4.00,32,Parejo,,,,,Natural,,,,FS,,,,,14.00,70.00,5,89,17.00,40.00,8.00,9.00,Q-02-33-010,50
Drew Estate,img/icons/manufacturers/drewestate.svg,Isla Del Sol,,img/icons/brands/isladelsol.svg,Maduro,Gran Corona,,Corona Extra,5.00,44,Parejo,,,,,Maduro,,,,FS,,,,,5.50,55.00,10,89,7.15,30.75,3.08,4.08,Q-01-48-001,44
Drew Estate,img/icons/manufacturers/drewestate.svg,Isla Del Sol,,img/icons/brands/isladelsol.svg,Maduro,Robusto,,Robusto,5.00,52,Parejo,,,,,Maduro,,,,FS,,,,,6.00,60.00,10,89,7.65,33.26,3.33,4.33,Q-01-48-002,44
Drew Estate,img/icons/manufacturers/drewestate.svg,Isla Del Sol,,img/icons/brands/isladelsol.svg,Maduro,Toro,,Toro,6.00,52,Parejo,,,,,Maduro,,,,FS,,,,,6.25,62.50,10,89,7.90,34.49,3.45,4.45,Q-01-48-003,44
Drew Estate,img/icons/manufacturers/drewestate.svg,Isla Del Sol,,img/icons/brands/isladelsol.svg,Maduro,Churchill,,Churchill,7.00,50,Parejo,,,,,Maduro,,,,FS,,,,,6.75,67.50,10,89,8.41,37.04,3.70,4.70,Q-01-48-004,44
Drew Estate,img/icons/manufacturers/drewestate.svg,Isla Del Sol,,img/icons/brands/isladelsol.svg,Maduro,Churchill,,Churchill,7.00,50,Parejo,,,,,Maduro,,,,FS,,,,,6.75,67.50,10,89,8.41,37.04,3.70,4.70,Q-01-48-004,44
Drew Estate,img/icons/manufacturers/drewestate.svg,Isla Del Sol,,img/icons/brands/isladelsol.svg,Sungrown,Gordito,,Gordo,6.00,60,Parejo,,,,,Natural,,,,FS,,,,,7.25,116.00,16,89,8.91,63.26,3.95,4.95,Q-01-33-026,22
Drew Estate,img/icons/manufacturers/drewestate.svg,Isla Del Sol,,img/icons/brands/isladelsol.svg,Sungrown,Gran Corona,,Corona Extra,5.00,44,Parejo,,,,,Natural,,,,FS,,,,,5.50,110.00,20,89,7.15,61.53,3.08,4.08,Q-01-33-002,22
Drew Estate,img/icons/manufacturers/drewestate.svg,Isla Del Sol,,img/icons/brands/isladelsol.svg,Sungrown,Robusto,,Robusto,5.00,52,Parejo,,,,,Natural,,,,FS,,,,,6.00,120.00,20,89,7.65,66.51,3.33,4.33,Q-01-33-001,22
Drew Estate,img/icons/manufacturers/drewestate.svg,Isla Del Sol,,img/icons/brands/isladelsol.svg,Sungrown,Toro,,Toro,6.00,52,Parejo,,,,,Natural,,,,FS,,,,,6.25,125.00,20,89,7.90,68.99,3.45,4.45,Q-01-33-003,22
Drew Estate,img/icons/manufacturers/drewestate.svg,Isla Del Sol,,img/icons/brands/isladelsol.svg,Sungrown,Churchill,,Churchill,7.00,50,Parejo,,,,,Natural,,,,FS,,,,,6.75,135.00,20,89,8.41,74.07,3.70,4.70,Q-01-33-004,22
Oscar Valladares,img/icons/manufacturers/oscarvalladares.svg,Island Jim,,img/icons/brands/oscarvalladares.svg,Island Jim,Barber Pole #2 Torpedo,,Torpedo,6.50,52,Torpedo,Honduras,Honduras,Honduras,Honduras,Mixed,Medium,,,,,,,,13.78,289.38,21,89,14.78,144.77,6.89,6.89,,
Oscar Valladares,img/icons/manufacturers/oscarvalladares.svg,Island Jim,,img/icons/brands/oscarvalladares.svg,Island Jim,Connecticut #2 Torpedo,,Torpedo,6.50,52,Torpedo,Honduras,Honduras,Honduras,Honduras,Claro,Medium,,,,,,,,13.78,289.38,21,89,14.78,144.77,6.89,6.89,,
Oscar Valladares,img/icons/manufacturers/oscarvalladares.svg,Island Jim,,img/icons/brands/oscarvalladares.svg,Island Jim,Corojo #2 Torpedo,,Torpedo,6.50,52,Torpedo,Nicaraguan Jalapa,Honduras,Honduras,Honduras,Colorado Maduro,Medium,,,,,,,,13.78,289.38,21,89,14.78,144.77,6.89,6.89,,
Oscar Valladares,img/icons/manufacturers/oscarvalladares.svg,Island Jim,,img/icons/brands/oscarvalladares.svg,Island Jim,San Andreas #2 Torpedo,,Torpedo,6.50,52,Torpedo,"Mexican San Andres Maduro, Ecuadorian Connecticut Shade",Honduras,Honduras,Honduras,Colorado Maduro,Medium,,,,,,,,13.78,289.38,21,89,14.78,144.77,6.89,6.89,,
Rocky Patel,img/icons/manufacturers/rockypatel.svg,Java,,img/icons/brands/java.svg,JAVA Latte,JAVA Latte Toro,,Toro,6.00,50,,,,,,,,,,FS,,,,,12.40,,24,89,13.40,148.80,6.20,7.20,,
Rocky Patel,img/icons/manufacturers/rockypatel.svg,Java,,img/icons/brands/java.svg,JAVA Maduro,JAVA Maduro Toro,,Toro,6.00,50,,,,,,,,,,FS,,,,,12.40,,24,89,13.40,148.80,6.20,7.20,,
Rocky Patel,img/icons/manufacturers/rockypatel.svg,Java,,img/icons/brands/java.svg,JAVA Mint,JAVA Mint Toro,,Toro,6.00,50,,,,,,,,,,FS,,,,,12.40,,24,89,13.40,148.80,6.20,7.20,,
Drew Estate,img/icons/manufacturers/drewestate.svg,Joya de Nicaragua,jdn,img/icons/brands/joyadenicaragua.svg,Antano 1970,4x32 Tins,,Cigarillo,4.00,32,Parejo,,,,,,,,,,Tin,,,,21.00,105.00,5,89,27.00,65.00,13.00,14.00,Q-02-85-001,50
Drew Estate,img/icons/manufacturers/drewestate.svg,Joya de Nicaragua,jdn,img/icons/brands/joyadenicaragua.svg,Antano 1970,4x32 Tins,,Cigarillo,4.00,32,Parejo,,,,,,,,,,Tin,,,,21.00,105.00,5,89,27.00,65.00,13.00,14.00,Q-02-85-001,50
Drew Estate,img/icons/manufacturers/drewestate.svg,Joya de Nicaragua,jdn,img/icons/brands/joyadenicaragua.svg,Antano 1970,Consul,,Robusto,4.50,52,Parejo,,,,,,,,,,,,,,10.00,200.00,20,89,11.65,106.52,5.33,6.33,J-01-01-003,40
Drew Estate,img/icons/manufacturers/drewestate.svg,Joya de Nicaragua,jdn,img/icons/brands/joyadenicaragua.svg,Antano 1970,Robusto Grande,,Robusto Gordo,5.50,52,Parejo,,,,,,,,,,,,,,11.00,220.00,20,89,12.65,116.51,5.83,6.83,J-01-01-009,32
Drew Estate,img/icons/manufacturers/drewestate.svg,Joya de Nicaragua,jdn,img/icons/brands/joyadenicaragua.svg,Antano 1970,Gran Consul,,Short Gordo,4.75,60,Parejo,,,,,,,,,,,,,,11.25,225.00,20,89,12.90,119.01,5.95,6.95,J-01-01-004,36
Drew Estate,img/icons/manufacturers/drewestate.svg,Joya de Nicaragua,jdn,img/icons/brands/joyadenicaragua.svg,Antano 1970,Alisado,,Toro,6.00,52,Parejo,,,,,,,,,,,,,,12.00,240.00,20,89,13.65,126.51,6.33,7.33,J-01-01-010,32
Drew Estate,img/icons/manufacturers/drewestate.svg,Joya de Nicaragua,jdn,img/icons/brands/joyadenicaragua.svg,Antano 1970,Belicoso,,Belicoso,6.00,54,Belicoso,,,,,,,,,,,,,,12.25,245.00,20,89,13.90,129.00,6.45,7.45,J-01-01-001,28
Drew Estate,img/icons/manufacturers/drewestate.svg,Joya de Nicaragua,jdn,img/icons/brands/joyadenicaragua.svg,Antano 1970,Churchill,,Churchill,6.88,48,Parejo,,,,,,,,,,,,,,12.25,245.00,20,89,13.90,129.00,6.45,7.45,J-01-01-002,32
Drew Estate,img/icons/manufacturers/drewestate.svg,Joya de Nicaragua,jdn,img/icons/brands/joyadenicaragua.svg,Antano 1970,Magnum 660,,Gordo,6.00,60,Parejo,,,,,,,,,,,,,,12.75,255.00,20,89,14.41,134.06,6.70,7.70,J-01-01-008,24
Drew Estate,img/icons/manufacturers/drewestate.svg,Joya de Nicaragua,jdn,img/icons/brands/joyadenicaragua.svg,Antano 1970,Big Bull 760,,Gordo,7.00,60,Parejo,,,,,,,,,,,,,,13.25,265.00,20,89,14.90,139.03,6.95,7.95,J-01-01-011,24
Drew Estate,img/icons/manufacturers/drewestate.svg,Joya de Nicaragua,jdn,img/icons/brands/joyadenicaragua.svg,Antano CT,Corona Gorda,,Corona Gorda,5.25,46,Parejo,,,,,,,,,,,,,,9.75,195.00,20,89,11.40,103.98,5.20,6.20,J-01-29-001,40
Drew Estate,img/icons/manufacturers/drewestate.svg,Joya de Nicaragua,jdn,img/icons/brands/joyadenicaragua.svg,Antano CT,Robusto,,Robusto,5 x 52,52,Parejo,,,,,,,,,,,,,,11.00,220.00,20,89,12.65,116.51,5.83,6.83,J-01-29-002,32
Drew Estate,img/icons/manufacturers/drewestate.svg,Joya de Nicaragua,jdn,img/icons/brands/joyadenicaragua.svg,Antano CT,Lonsdale,,Lonsdale,6.63,44,Parejo,,,,,,,,,,,,,,11.25,225.00,20,89,12.90,119.00,5.95,6.95,J-01-29-005,32
Drew Estate,img/icons/manufacturers/drewestate.svg,Joya de Nicaragua,jdn,img/icons/brands/joyadenicaragua.svg,Antano CT,Toro,,Toro,6.00,50,Parejo,,,,,,,,,,,,,,12.00,240.00,20,89,13.65,126.51,6.33,7.33,J-01-29-003,32
Drew Estate,img/icons/manufacturers/drewestate.svg,Joya de Nicaragua,jdn,img/icons/brands/joyadenicaragua.svg,Antano Dark Corojo,El Martillo,,Robusto Gordo,5.50,54,Parejo,,,,,,,,,,,,,,11.00,220.00,20,89,12.65,116.51,5.83,6.83,J-01-06-017,28
Drew Estate,img/icons/manufacturers/drewestate.svg,Joya de Nicaragua,jdn,img/icons/brands/joyadenicaragua.svg,Antano Dark Corojo,Pesadilla,,Short Gordo,4.75,60,Parejo,,,,,,,,,,,,,,11.25,225.00,20,89,12.90,119.01,5.95,6.95,J-01-06-019,36
Drew Estate,img/icons/manufacturers/drewestate.svg,Joya de Nicaragua,jdn,img/icons/brands/joyadenicaragua.svg,Antano Dark Corojo,La Niveladora,,Toro,6.00,52,Parejo,,,,,,,,,,,,,,12.00,240.00,20,89,13.65,126.51,6.33,7.33,J-01-06-021,32
Drew Estate,img/icons/manufacturers/drewestate.svg,Joya de Nicaragua,jdn,img/icons/brands/joyadenicaragua.svg,Antano Dark Corojo,Poderoso,,Toro Gordo,6.00,54,Parejo,,,,,,,,,,,,,,12.25,245.00,20,89,13.90,129.00,6.45,7.45,J-01-06-020,28
Drew Estate,img/icons/manufacturers/drewestate.svg,Joya de Nicaragua,jdn,img/icons/brands/joyadenicaragua.svg,Antano Gran Reserva,Robusto Grande,,Robusto Gordo,5.50,52,Parejo,,,,,,,,,,,,,,11.75,235.00,20,89,13.40,124.02,6.20,7.20,J-01-01-015,32
Drew Estate,img/icons/manufacturers/drewestate.svg,Joya de Nicaragua,jdn,img/icons/brands/joyadenicaragua.svg,Antano Gran Reserva,Gran Consul,,Short Gordo,4.75,60,Parejo,,,,,,,,,,,,,,12.20,244.00,20,89,13.85,128.49,6.42,7.42,J-01-01-014,36
Drew Estate,img/icons/manufacturers/drewestate.svg,Joya de Nicaragua,jdn,img/icons/brands/joyadenicaragua.svg,Antano Gran Reserva,GT20,,Toro Gordo,6.00,54,Parejo,,,,,,,,,,,,,,13.00,260.00,20,89,14.66,136.56,6.83,7.83,J-01-40-003,28
Drew Estate,img/icons/manufacturers/drewestate.svg,Joya de Nicaragua,jdn,img/icons/brands/joyadenicaragua.svg,Cinco de Cinco,Corona Extra,,Corona Extra,6.25,46,Parejo,,,,,,,,,,,,,,16.25,162.50,10,89,17.50,82.50,8.25,9.25,J-01-38-003,24
Drew Estate,img/icons/manufacturers/drewestate.svg,Joya de Nicaragua,jdn,img/icons/brands/joyadenicaragua.svg,Cinco de Cinco,Robusto Gordo,,Robusto Gordo,5.50,54,Parejo,,,,,,,,,,,,,,18.25,182.50,10,89,19.50,92.50,9.25,10.25,J-01-38-002,24
Drew Estate,img/icons/manufacturers/drewestate.svg,Joya de Nicaragua,jdn,img/icons/brands/joyadenicaragua.svg,Cinco de Cinco,Toro,,Toro,6.00,52,Parejo,,,,,,,,,,,,,,20.25,202.50,10,89,21.50,102.50,10.25,11.25,J-01-38-001,24
Drew Estate,img/icons/manufacturers/drewestate.svg,Joya de Nicaragua,jdn,img/icons/brands/joyadenicaragua.svg,Clasico Claro Original,Claro Robusto,,Robusto,5.00,50,Parejo,,,,,,,,,,,,,,9.25,231.25,25,89,10.50,118.75,4.75,5.75,J-01-22-006,25
Drew Estate,img/icons/manufacturers/drewestate.svg,Joya de Nicaragua,jdn,img/icons/brands/joyadenicaragua.svg,Clasico Claro Original,Claro Toro,,Toro,6.00,50,Parejo,,,,,,,,,,,,,,9.75,243.75,25,89,11.00,125.00,5.00,6.00,J-01-03-012,25
Drew Estate,img/icons/manufacturers/drewestate.svg,Joya de Nicaragua,jdn,img/icons/brands/joyadenicaragua.svg,Clasico Claro Original,Claro Churchill,,Churchill,6.88,48,Parejo,,,,,,,,,,,,,,9.95,248.75,25,89,11.20,127.50,5.10,6.10,J-01-03-002,25
Drew Estate,img/icons/manufacturers/drewestate.svg,Joya de Nicaragua,jdn,img/icons/brands/joyadenicaragua.svg,Clasico Claro Original,Claro Torpedo,,Torpedo,6.00,52,Torpedo,,,,,,,,,,,,,,10.25,256.25,25,89,11.50,131.25,5.25,6.25,J-01-03-013,25
Drew Estate,img/icons/manufacturers/drewestate.svg,Joya de Nicaragua,jdn,img/icons/brands/joyadenicaragua.svg,Cuatro Cinco,Petit Corona,,Petit Corona,4.50,46,Parejo,,,,,,,,,,,,,,10.75,107.50,10,89,12.40,57.00,5.70,6.70,J-01-12-002,36
Drew Estate,img/icons/manufacturers/drewestate.svg,Joya de Nicaragua,jdn,img/icons/brands/joyadenicaragua.svg,Cuatro Cinco,Doble Robusto,,Gordo,5.00,56,Parejo,,,,,,,,,,,,,,14.45,144.50,10,89,16.10,75.50,7.55,8.55,J-01-12-004,24
Drew Estate,img/icons/manufacturers/drewestate.svg,Joya de Nicaragua,jdn,img/icons/brands/joyadenicaragua.svg,Cuatro Cinco,Toro,,Toro,6.25,50,Parejo,,,,,,,,,,,,,,15.45,154.50,10,89,17.10,80.50,8.05,9.05,J-01-12-005,24
Drew Estate,img/icons/manufacturers/drewestate.svg,Joya de Nicaragua,jdn,img/icons/brands/joyadenicaragua.svg,Cuatro Cinco,Torpedo,,Torpedo,6.00,52,Torpedo,,,,,,,,,,,,,,16.45,164.50,10,89,18.10,85.50,8.55,9.55,J-01-12-003,24
Drew Estate,img/icons/manufacturers/drewestate.svg,Joya de Nicaragua,jdn,img/icons/brands/joyadenicaragua.svg,Joya Black,Joya Black 4x32 Tins,,Cigarillo,4.00,32,Parejo,,,,,,,,,,Tin,,,,14.00,70.00,5,89,17.00,40.00,8.00,9.00,Q-02-85-003,50
Drew Estate,img/icons/manufacturers/drewestate.svg,Joya de Nicaragua,jdn,img/icons/brands/joyadenicaragua.svg,Joya Black,Robusto,,Robusto,5.25,50,Parejo,,,,,,,,,,,,,,8.70,174.00,20,89,10.35,93.50,4.68,5.68,J-01-15-001,36
Drew Estate,img/icons/manufacturers/drewestate.svg,Joya de Nicaragua,jdn,img/icons/brands/joyadenicaragua.svg,Joya Black,Toro,,Toro,6.00,52,Parejo,,,,,,,,,,,,,,9.25,185.00,20,89,10.90,99.00,4.95,5.95,J-01-15-003,36
Drew Estate,img/icons/manufacturers/drewestate.svg,Joya de Nicaragua,jdn,img/icons/brands/joyadenicaragua.svg,Joya Cabinetta,Robusto,,Robusto,5.00,50,Parejo,,,,,,,,,,,,,,8.70,174.00,20,89,10.35,93.50,4.68,5.68,J-01-05-003,36
Drew Estate,img/icons/manufacturers/drewestate.svg,Joya de Nicaragua,jdn,img/icons/brands/joyadenicaragua.svg,Joya Cabinetta,Toro,,Toro,6.00,52,Parejo,,,,,,,,,,,,,,9.25,185.00,20,89,10.90,99.00,4.95,5.95,J-01-05-004,36
Drew Estate,img/icons/manufacturers/drewestate.svg,Joya de Nicaragua,jdn,img/icons/brands/joyadenicaragua.svg,Joya Red,Joya Red 4x32 Tins,,Cigarillo,4.00,32,Parejo,,,,,,,,,,Tin,,,,14.00,70.00,5,89,17.00,40.00,8.00,9.00,Q-02-85-002,50
Drew Estate,img/icons/manufacturers/drewestate.svg,Joya de Nicaragua,jdn,img/icons/brands/joyadenicaragua.svg,Joya Red,Robusto,,Robusto,5.25,50,Parejo,,,,,,,,,,,,,,8.70,174.00,20,89,10.35,93.50,4.68,5.68,J-01-13-001,36
Drew Estate,img/icons/manufacturers/drewestate.svg,Joya de Nicaragua,jdn,img/icons/brands/joyadenicaragua.svg,Joya Red,Toro,,Toro,6.00,52,Parejo,,,,,,,,,,,,,,9.25,185.00,20,89,10.90,99.00,4.95,5.95,J-01-13-003,36
Drew Estate,img/icons/manufacturers/drewestate.svg,Joya de Nicaragua,jdn,img/icons/brands/joyadenicaragua.svg,Joya Silver,Corona,,Corona,5.50,42,Parejo,,,,,,,,,,,,,,7.45,149.00,20,89,9.10,81.00,4.05,5.05,J-01-17-001,40
Drew Estate,img/icons/manufacturers/drewestate.svg,Joya de Nicaragua,jdn,img/icons/brands/joyadenicaragua.svg,Joya Silver,Robusto,,Robusto,5.00,50,Parejo,,,,,,,,,,,,,,8.70,174.00,20,89,10.35,93.50,4.68,5.68,J-01-17-002,36
Drew Estate,img/icons/manufacturers/drewestate.svg,Joya de Nicaragua,jdn,img/icons/brands/joyadenicaragua.svg,Joya Silver,Toro,,Toro,6.00,52,Parejo,,,,,,,,,,,,,,9.25,185.00,20,89,10.90,99.00,4.95,5.95,J-01-17-003,30
Drew Estate,img/icons/manufacturers/drewestate.svg,Kentucky Fire Cured,kfc,img/icons/brands/kentuckyfirecured.svg,Kentucky Fire Cured,KFC Ponies,,Cigarillo,4.00,32,Parejo,,,,,,,,,FS,,,,,16.00,80.00,5,89,19.00,45.00,9.00,10.00,Q-01-72-006,50
Drew Estate,img/icons/manufacturers/drewestate.svg,Kentucky Fire Cured,kfc,img/icons/brands/kentuckyfirecured.svg,Kentucky Fire Cured,KFC Chunky,,Corona,4.00,46,Parejo,,,,,,,,,FS,,,,,7.25,72.50,10,89,8.90,39.49,3.95,4.95,J-02-09-021,150
Drew Estate,img/icons/manufacturers/drewestate.svg,Kentucky Fire Cured,kfc,img/icons/brands/kentuckyfirecured.svg,Kentucky Fire Cured,KFC Fat Molly,,Robusto,5.00,56,Parejo,,,,,,,,,FS,,,,,8.50,85.00,10,89,10.15,45.76,4.58,5.58,J-02-09-022,80
Drew Estate,img/icons/manufacturers/drewestate.svg,Kentucky Fire Cured,kfc,img/icons/brands/kentuckyfirecured.svg,Kentucky Fire Cured,KFC Just a Friend,,Toro,6.00,52,Parejo,,,,,,,,,FS,,,,,10.00,100.00,10,89,11.65,53.26,5.33,6.33,J-02-09-020,80
Drew Estate,img/icons/manufacturers/drewestate.svg,Kentucky Fire Cured,kfc,img/icons/brands/kentuckyfirecured.svg,Kentucky Fire Cured,KFC Flying Pig,,Perfecto,3.94,60,Perfecto,,,,,,,,,FS,,,,,13.95,167.40,12,89,15.35,86.12,7.18,8.18,Q-01-72-001,30
Drew Estate,img/icons/manufacturers/drewestate.svg,Kentucky Fire Cured,kfc,img/icons/brands/kentuckyfirecured.svg,Kentucky Fire Cured,KFC Just a Friend Tubo,,Toro,6.00,52,Parejo,,,,,,,,Tubo,FS,,,,,11.00,11.00,25,89,12.65,145.68,5.83,6.83,Q-01-99-075,12
Drew Estate,img/icons/manufacturers/drewestate.svg,Kentucky Fire Cured,kfc,img/icons/brands/kentuckyfirecured.svg,Sweets,KFC Sweets Ponies,,Cigarillo,4.00,32,Parejo,,,,,,,,,FS,,,,,16.00,80.00,5,89,19.00,45.00,9.00,10.00,Q-01-72-007,50
Drew Estate,img/icons/manufacturers/drewestate.svg,Kentucky Fire Cured,kfc,img/icons/brands/kentuckyfirecured.svg,Sweets,KFC Sweets Chunky,,Corona,4.00,46,Parejo,,,,,,,,,FS,,,,,7.25,72.50,10,89,8.90,39.49,3.95,4.95,J-02-31-004,150
Drew Estate,img/icons/manufacturers/drewestate.svg,Kentucky Fire Cured,kfc,img/icons/brands/kentuckyfirecured.svg,Sweets,KFC Sweets Fat Molly,,Robusto,5.00,56,Parejo,,,,,,,,,FS,,,,,8.50,85.00,10,89,10.15,45.76,4.58,5.58,J-02-31-003,80
Drew Estate,img/icons/manufacturers/drewestate.svg,Kentucky Fire Cured,kfc,img/icons/brands/kentuckyfirecured.svg,Sweets,KFC Sweets Just a Friend,,Toro,6.00,52,Parejo,,,,,,,,,FS,,,,,10.00,100.00,10,89,11.65,53.26,5.33,6.33,J-02-31-002,80
Drew Estate,img/icons/manufacturers/drewestate.svg,Kentucky Fire Cured,kfc,img/icons/brands/kentuckyfirecured.svg,Sweets,KFC Sweets Just a Friend Tubo,,Toro,6.00,52,Parejo,,,,,,,,Tubo,FS,,,,,11.00,11.00,25,89,12.65,145.68,5.83,6.83,Q-01-99-076,12
Ashton Distributors,img/icons/manufacturers/ashtondistributors.svg,La Aroma de Cuba,ladc,img/icons/brands/laaromadecuba.svg,Fresh Packs LADC,92-93 Red Sampler Pack,,Sampler,0.00,0,Parejo,,,,,,,,,,,Pack,,,,,50,89,12.30,282.50,5.65,6.65,,
Ashton Distributors,img/icons/manufacturers/ashtondistributors.svg,La Aroma de Cuba,ladc,img/icons/brands/laaromadecuba.svg,Fresh Packs LADC,92-95 Green Sampler Pack,,Sampler,0.00,0,Parejo,,,,,,,,,,,Pack,,,,,50,89,12.90,297.50,5.95,6.95,,
Ashton Distributors,img/icons/manufacturers/ashtondistributors.svg,La Aroma de Cuba,ladc,img/icons/brands/laaromadecuba.svg,Fresh Packs LADC,Mi Amor Fresh Pack,,Sampler,0.00,0,Parejo,,,,,,,,,,,Pack,,,,,50,89,12.90,297.50,5.95,6.95,,
Ashton Distributors,img/icons/manufacturers/ashtondistributors.svg,La Aroma de Cuba,ladc,img/icons/brands/laaromadecuba.svg,Fresh Packs LADC,94-95 Orange Sampler Pack,,Sampler,0.00,0,Parejo,,,,,,,,,,,Pack,,,,,50,89,13.30,307.50,6.15,7.15,,
Ashton Distributors,img/icons/manufacturers/ashtondistributors.svg,La Aroma de Cuba,ladc,img/icons/brands/laaromadecuba.svg,,LADC Connecticut Robusto,,Robusto,5.25,54,Parejo,,,,,,,,,,,,,,10.84,260.26,24,89,10.84,118.13,4.92,5.92,,
Ashton Distributors,img/icons/manufacturers/ashtondistributors.svg,La Aroma de Cuba,ladc,img/icons/brands/laaromadecuba.svg,,LADC Connecticut Immensa Gordo,,Gordo,5.75,60,Parejo,,,,,,,,,,,,,,11.41,273.76,24,89,11.41,124.88,5.20,6.20,,
Ashton Distributors,img/icons/manufacturers/ashtondistributors.svg,La Aroma de Cuba,ladc,img/icons/brands/laaromadecuba.svg,,LADC Connecticut El Jefe Churchill,,Churchill,7.00,58,Parejo,,,,,,,,,,,,,,12.08,289.96,24,89,12.08,132.98,5.54,6.54,,
Ashton Distributors,img/icons/manufacturers/ashtondistributors.svg,La Aroma de Cuba,ladc,img/icons/brands/laaromadecuba.svg,,LADC Connecticut Belicoso,,Belicoso,5.50,52,Belicoso,,,,,,,,,,,,,,11.86,296.40,25,89,11.86,135.70,5.43,6.43,,
Ashton Distributors,img/icons/manufacturers/ashtondistributors.svg,La Aroma de Cuba,ladc,img/icons/brands/laaromadecuba.svg,,LADC Connecticut Corona,,Corona,5.50,44,Parejo,,,,,,,,,,,,,,9.83,245.78,25,89,9.83,110.39,4.42,5.42,,
Ashton Distributors,img/icons/manufacturers/ashtondistributors.svg,La Aroma de Cuba,ladc,img/icons/brands/laaromadecuba.svg,,LADC Connecticut Rothschild,,Rothschild,5.00,50,Parejo,,,,,,,,,,,,,,10.56,264.06,25,89,10.56,119.53,4.78,5.78,,
Ashton Distributors,img/icons/manufacturers/ashtondistributors.svg,La Aroma de Cuba,ladc,img/icons/brands/laaromadecuba.svg,,LADC Connecticut Monarch Toro,,Toro,6.00,52,Parejo,,,,,,,,,,,,,,11.41,285.16,25,89,11.41,130.08,5.20,6.20,,
Ashton Distributors,img/icons/manufacturers/ashtondistributors.svg,La Aroma de Cuba,ladc,img/icons/brands/laaromadecuba.svg,,LADC Connecticut Churchill,,Churchill,7.00,50,Parejo,,,,,,,,,,,,,,11.97,299.22,25,89,11.97,137.11,5.48,6.48,,
Ashton Distributors,img/icons/manufacturers/ashtondistributors.svg,La Aroma de Cuba,ladc,img/icons/brands/laaromadecuba.svg,,LADC Connecticut Double Corona,,Double Corona,7.50,54,Parejo,,,,,,,,,,,,,,12.19,304.84,25,89,12.19,139.92,5.60,6.60,,
Ashton Distributors,img/icons/manufacturers/ashtondistributors.svg,La Aroma de Cuba,ladc,img/icons/brands/laaromadecuba.svg,,LADC Edición Especial #5 Belicoso,,Belicoso,5.50,52,Belicoso,,,,,,,,,,,,,,12.81,320.32,25,89,12.81,147.66,5.91,6.91,,
Ashton Distributors,img/icons/manufacturers/ashtondistributors.svg,La Aroma de Cuba,ladc,img/icons/brands/laaromadecuba.svg,,LADC Edición Especial #1 Corona Extra,,Corona Extra,5.63,46,Parejo,,,,,,,,,,,,,,12.08,302.04,25,89,12.08,138.52,5.54,6.54,,
Ashton Distributors,img/icons/manufacturers/ashtondistributors.svg,La Aroma de Cuba,ladc,img/icons/brands/laaromadecuba.svg,,LADC Edición Especial #2 Robusto,,Robusto,5.00,50,Parejo,,,,,,,,,,,,,,12.25,306.26,25,89,12.25,140.63,5.63,6.63,,
Ashton Distributors,img/icons/manufacturers/ashtondistributors.svg,La Aroma de Cuba,ladc,img/icons/brands/laaromadecuba.svg,,LADC Edición Especial #3 Toro,,Toro,6.00,50,Parejo,,,,,,,,,,,,,,12.53,313.28,25,89,12.53,144.14,5.77,6.77,,
Ashton Distributors,img/icons/manufacturers/ashtondistributors.svg,La Aroma de Cuba,ladc,img/icons/brands/laaromadecuba.svg,,LADC Edición Especial #4 Churchill,,Churchill,7.00,49,Parejo,,,,,,,,,,,,,,12.81,320.32,25,89,12.81,147.66,5.91,6.91,,
Ashton Distributors,img/icons/manufacturers/ashtondistributors.svg,La Aroma de Cuba,ladc,img/icons/brands/laaromadecuba.svg,,LADC Edición Especial #60 Gordo,,Gordo,6.00,60,Parejo,,,,,,,,,,,,,,13.09,327.34,25,89,13.09,151.17,6.05,7.05,,
Ashton Distributors,img/icons/manufacturers/ashtondistributors.svg,La Aroma de Cuba,ladc,img/icons/brands/laaromadecuba.svg,,LADC Mi Amor Robusto,,Robusto,5.00,50,Parejo,,,,,,,,,,,,,,12.08,302.04,25,89,12.08,138.52,5.54,6.54,,
Ashton Distributors,img/icons/manufacturers/ashtondistributors.svg,La Aroma de Cuba,ladc,img/icons/brands/laaromadecuba.svg,,LADC Mi Amor Duque Robusto,,Robusto,5.25,56,Parejo,,,,,,,,,,,,,,12.25,306.26,25,89,12.25,140.63,5.63,6.63,,
Ashton Distributors,img/icons/manufacturers/ashtondistributors.svg,La Aroma de Cuba,ladc,img/icons/brands/laaromadecuba.svg,,LADC Mi Amor Magnifico Toro,,Toro,6.00,52,Parejo,,,,,,,,,,,,,,12.53,313.28,25,89,12.53,144.14,5.77,6.77,,
Ashton Distributors,img/icons/manufacturers/ashtondistributors.svg,La Aroma de Cuba,ladc,img/icons/brands/laaromadecuba.svg,,LADC Mi Amor Churchill,,Churchill,7.00,50,Parejo,,,,,,,,,,,,,,12.81,320.32,25,89,12.81,147.66,5.91,6.91,,
Ashton Distributors,img/icons/manufacturers/ashtondistributors.svg,La Aroma de Cuba,ladc,img/icons/brands/laaromadecuba.svg,,LADC Mi Amor Valentino Gordo,,Gordo,6.00,60,Parejo,,,,,,,,,,,,,,13.09,327.34,25,89,13.09,151.17,6.05,7.05,,
Ashton Distributors,img/icons/manufacturers/ashtondistributors.svg,La Aroma de Cuba,ladc,img/icons/brands/laaromadecuba.svg,,LADC Mi Amor Belicoso,,Belicoso,5.50,54,Belicoso,,,,,,,,,,,,,,12.81,320.32,25,89,12.81,147.66,5.91,6.91,,
Ashton Distributors,img/icons/manufacturers/ashtondistributors.svg,La Aroma de Cuba,ladc,img/icons/brands/laaromadecuba.svg,,LADC Noblesse Regency Robusto,,Robusto Extra,5.50,50,Parejo,,,,,,,,,,,,,,20.00,480.00,24,89,20.00,228.00,9.50,10.50,,
Ashton Distributors,img/icons/manufacturers/ashtondistributors.svg,La Aroma de Cuba,ladc,img/icons/brands/laaromadecuba.svg,,LADC Noblesse Coronation Toro,,Toro,6.00,52,Parejo,,,,,,,,,,,,,,20.50,492.00,24,89,20.50,234.00,9.75,10.75,,
Ashton Distributors,img/icons/manufacturers/ashtondistributors.svg,La Aroma de Cuba,ladc,img/icons/brands/laaromadecuba.svg,,LADC Noblesse Viceroy Pyramid,,Pyramid,6.13,52,Parejo,,,,,,,,,,,,,,20.75,498.00,24,89,20.75,237.00,9.88,10.88,,
Ashton Distributors,img/icons/manufacturers/ashtondistributors.svg,La Aroma de Cuba,ladc,img/icons/brands/laaromadecuba.svg,,LADC Noblesse Monarchy Toro,,Toro Gordo,6.50,56,Parejo,,,,,,,,,,,,,,21.00,504.00,24,89,21.00,240.00,10.00,11.00,,
Ashton Distributors,img/icons/manufacturers/ashtondistributors.svg,La Aroma de Cuba,ladc,img/icons/brands/laaromadecuba.svg,,LADC Robusto,,Robusto,5.25,54,Parejo,,,,,,,,,,,,,,10.84,260.26,24,89,10.84,118.13,4.92,5.92,,
Ashton Distributors,img/icons/manufacturers/ashtondistributors.svg,La Aroma de Cuba,ladc,img/icons/brands/laaromadecuba.svg,,LADC Immensa Gordo,,Gordo,5.75,60,Parejo,,,,,,,,,,,,,,11.41,273.76,24,89,11.41,124.88,5.20,6.20,,
Ashton Distributors,img/icons/manufacturers/ashtondistributors.svg,La Aroma de Cuba,ladc,img/icons/brands/laaromadecuba.svg,,LADC El Jefe Churchill,,Churchill,7.00,58,Parejo,,,,,,,,,,,,,,12.08,289.96,24,89,12.08,132.98,5.54,6.54,,
Ashton Distributors,img/icons/manufacturers/ashtondistributors.svg,La Aroma de Cuba,ladc,img/icons/brands/laaromadecuba.svg,,LADC Belicoso,,Belicoso,5.50,52,Belicoso,,,,,,,,,,,,,,11.86,296.40,25,89,11.86,135.70,5.43,6.43,,
Ashton Distributors,img/icons/manufacturers/ashtondistributors.svg,La Aroma de Cuba,ladc,img/icons/brands/laaromadecuba.svg,,LADC Corona,,Corona,5.50,44,Parejo,,,,,,,,,,,,,,9.83,245.78,25,89,9.83,110.39,4.42,5.42,,
Ashton Distributors,img/icons/manufacturers/ashtondistributors.svg,La Aroma de Cuba,ladc,img/icons/brands/laaromadecuba.svg,,LADC Rothschild,,Rothschild,5.00,50,Parejo,,,,,,,,,,,,,,10.56,264.06,25,89,10.56,119.53,4.78,5.78,,
Ashton Distributors,img/icons/manufacturers/ashtondistributors.svg,La Aroma de Cuba,ladc,img/icons/brands/laaromadecuba.svg,,LADC Monarch Toro,,Toro,6.00,52,Parejo,,,,,,,,,,,,,,11.41,285.16,25,89,11.41,130.08,5.20,6.20,,
Ashton Distributors,img/icons/manufacturers/ashtondistributors.svg,La Aroma de Cuba,ladc,img/icons/brands/laaromadecuba.svg,,LADC Churchill,,Churchill,7.00,50,Parejo,,,,,,,,,,,,,,11.97,299.22,25,89,11.97,137.11,5.48,6.48,,
Ashton Distributors,img/icons/manufacturers/ashtondistributors.svg,La Aroma de Cuba,ladc,img/icons/brands/laaromadecuba.svg,,LADC Double Corona,,Double Corona,7.50,54,Parejo,,,,,,,,,,,,,,12.19,304.84,25,89,12.19,139.92,5.60,6.60,,
Ashton Distributors,img/icons/manufacturers/ashtondistributors.svg,La Aroma de Cuba,ladc,img/icons/brands/laaromadecuba.svg,,LADC Pasion Corona Gorda,,Corona Gorda,5.63,46,Parejo,,,,,,,,,,,,,,12.85,321.26,25,89,12.85,148.13,5.93,6.93,,
Ashton Distributors,img/icons/manufacturers/ashtondistributors.svg,La Aroma de Cuba,ladc,img/icons/brands/laaromadecuba.svg,,LADC Pasion Robusto,,Robusto,5.50,50,Parejo,,,,,,,,,,,,,,13.50,337.50,25,89,13.50,156.25,6.25,7.25,,
Ashton Distributors,img/icons/manufacturers/ashtondistributors.svg,La Aroma de Cuba,ladc,img/icons/brands/laaromadecuba.svg,,LADC Pasion Churchill,,Churchill,7.00,49,Parejo,,,,,,,,,,,,,,14.75,368.76,25,89,14.75,171.88,6.88,7.88,,
Ashton Distributors,img/icons/manufacturers/ashtondistributors.svg,La Aroma de Cuba,ladc,img/icons/brands/laaromadecuba.svg,,LADC Pasion Marveloso Toro,,Toro,6.00,52,Parejo,,,,,,,,,,,,,,14.75,368.76,25,89,14.75,171.88,6.88,7.88,,
Ashton Distributors,img/icons/manufacturers/ashtondistributors.svg,La Aroma de Cuba,ladc,img/icons/brands/laaromadecuba.svg,,LADC Pasion Encanto Gordo,,Gordo,6.00,60,Parejo,,,,,,,,,,,,,,15.25,381.26,25,89,15.25,178.13,7.13,8.13,,
Ashton Distributors,img/icons/manufacturers/ashtondistributors.svg,La Aroma de Cuba,ladc,img/icons/brands/laaromadecuba.svg,,LADC Pasion Box-Pressed Torpedo,,Torpedo,6.13,54,Torpedo,,,,,,,BP,,,,,,,14.90,372.50,25,89,14.90,173.75,6.95,7.95,,
Ashton Distributors,img/icons/manufacturers/ashtondistributors.svg,La Aroma de Cuba,ladc,img/icons/brands/laaromadecuba.svg,,LADC Reserva Beso Belicoso,,Belicoso,5.63,48,Belicoso,,,,,,,,,,,,,,12.85,308.40,24,89,12.85,142.20,5.93,6.93,,
Ashton Distributors,img/icons/manufacturers/ashtondistributors.svg,La Aroma de Cuba,ladc,img/icons/brands/laaromadecuba.svg,,LADC Reserva Belicoso,,Belicoso,5.50,52,Belicoso,,,,,,,,,,,,,,14.25,342.00,24,89,14.25,159.00,6.63,7.63,,
Ashton Distributors,img/icons/manufacturers/ashtondistributors.svg,La Aroma de Cuba,ladc,img/icons/brands/laaromadecuba.svg,,LADC Reserva Maximo Robusto,,Robusto Gordo,5.50,54,Parejo,,,,,,,,,,,,,,13.50,324.00,24,89,13.50,150.00,6.25,7.25,,
Ashton Distributors,img/icons/manufacturers/ashtondistributors.svg,La Aroma de Cuba,ladc,img/icons/brands/laaromadecuba.svg,,LADC Reserva Romantico Churchill,,Churchill,6.88,50,Parejo,,,,,,,,,,,,,,14.75,354.00,24,89,14.75,165.00,6.88,7.88,,
Ashton Distributors,img/icons/manufacturers/ashtondistributors.svg,La Aroma de Cuba,ladc,img/icons/brands/laaromadecuba.svg,,LADC Reserva Divino Toro,,Toro,6.25,52,Parejo,,,,,,,,,,,,,,14.75,354.00,24,89,14.75,165.00,6.88,7.88,,
Ashton Distributors,img/icons/manufacturers/ashtondistributors.svg,La Aroma de Cuba,ladc,img/icons/brands/laaromadecuba.svg,,LADC Reserva Pomposo Gordo,,Gordo,6.50,60,Parejo,,,,,,,,,,,,,,15.25,366.00,24,89,15.25,171.00,7.13,8.13,,
Ashton Distributors,img/icons/manufacturers/ashtondistributors.svg,La Aroma de Cuba,ladc,img/icons/brands/laaromadecuba.svg,Samplers,LADC Noblesse/DuPont Lighter (4ct),,Sampler,-,-,-,,,,,,,,,,,,,,,,4,89,101.00,200.00,50.00,51.00,,
Ashton Distributors,img/icons/manufacturers/ashtondistributors.svg,La Aroma de Cuba,ladc,img/icons/brands/laaromadecuba.svg,Samplers,LADC 5-Cigar Sampler,,Sampler,-,-,-,,,,,,,,,,,Pack,,,,,5,89,12.25,28.13,5.63,6.63,,
Ashton Distributors,img/icons/manufacturers/ashtondistributors.svg,La Aroma de Cuba,ladc,img/icons/brands/laaromadecuba.svg,Samplers,LADC/San Cristobal 93-95 Sampler,,Sampler,-,-,-,,,,,,,,,,,Pack,,,,,5,89,13.13,30.33,6.07,7.07,,
Ashton Distributors,img/icons/manufacturers/ashtondistributors.svg,La Aroma de Cuba,ladc,img/icons/brands/laaromadecuba.svg,Samplers,LADC Best Sellers/Lighter Sampler,,Sampler,-,-,-,,,,,,,,,,,Pack,,,,,5,89,19.50,46.25,9.25,10.25,,
General Cigar Co.,img/icons/manufacturers/generalcigarco.svg,La Estrella Cubana,lec,img/icons/brands/laestrellacubana.svg,LA ESTRELLA CUBANA CONNECTICUT,Robusto,,Robusto,5.00,50,Parejo,,,,,,,,,,,,,,4.74,94.80,20,89,4.74,37.40,1.87,2.87,76100,
General Cigar Co.,img/icons/manufacturers/generalcigarco.svg,La Estrella Cubana,lec,img/icons/brands/laestrellacubana.svg,LA ESTRELLA CUBANA CONNECTICUT,Toro,,Toro,6.00,50,Parejo,,,,,,,,,,,,,,5.26,105.20,20,89,5.26,42.60,2.13,3.13,76099,
General Cigar Co.,img/icons/manufacturers/generalcigarco.svg,La Estrella Cubana,lec,img/icons/brands/laestrellacubana.svg,LA ESTRELLA CUBANA CONNECTICUT,Churchill,,Churchill,7.00,48,Parejo,,,,,,,,,,,,,,5.30,106.00,20,89,5.30,43.00,2.15,3.15,76098,
General Cigar Co.,img/icons/manufacturers/generalcigarco.svg,La Estrella Cubana,lec,img/icons/brands/laestrellacubana.svg,LA ESTRELLA CUBANA CONNECTICUT,Gigante,,Gordo,6.00,60,Parejo,,,,,,,,,,,,,,6.00,120.00,20,89,6.00,50.00,2.50,3.50,76097,
General Cigar Co.,img/icons/manufacturers/generalcigarco.svg,La Estrella Cubana,lec,img/icons/brands/laestrellacubana.svg,LA ESTRELLA CUBANA HABANO,Robusto,,Robusto,5.00,50,Parejo,,,,,,,,,,,,,,4.96,99.20,20,89,4.96,39.60,1.98,2.98,76079,
General Cigar Co.,img/icons/manufacturers/generalcigarco.svg,La Estrella Cubana,lec,img/icons/brands/laestrellacubana.svg,LA ESTRELLA CUBANA HABANO,Toro,,Toro,6.00,50,Parejo,,,,,,,,,,,,,,5.26,105.20,20,89,5.26,42.60,2.13,3.13,76078,
General Cigar Co.,img/icons/manufacturers/generalcigarco.svg,La Estrella Cubana,lec,img/icons/brands/laestrellacubana.svg,LA ESTRELLA CUBANA HABANO,Churchill,,Churchill,7.00,48,Parejo,,,,,,,,,,,,,,5.30,106.00,20,89,5.30,43.00,2.15,3.15,76077,
General Cigar Co.,img/icons/manufacturers/generalcigarco.svg,La Estrella Cubana,lec,img/icons/brands/laestrellacubana.svg,LA ESTRELLA CUBANA HABANO,Gigante,,Gordo,6.00,60,Parejo,,,,,,,,,,,,,,6.00,120.00,20,89,6.00,50.00,2.50,3.50,76076,
Drew Estate,img/icons/manufacturers/drewestate.svg,Larutan,,img/icons/brands/larutan.svg,Larutan Egg,Larutan Egg,,Figurado,Egg,1,Figurado,,,,,,,,,,,,,,25.20,,1,89,26.86,12.93,12.93,13.93,Q-01-02-003,100
Drew Estate,img/icons/manufacturers/drewestate.svg,Larutan,,img/icons/brands/larutan.svg,Larutan Egg,Larutan Egg Maduro,,Figurado,Egg,1,Figurado,,,,,,,,,,,,,,25.20,,1,89,26.86,12.93,12.93,13.93,Q-01-02-032,100
Drew Estate,img/icons/manufacturers/drewestate.svg,Leather Rose,,img/icons/brands/leatherrose.svg,Leather Rose,Petite Corona,,Petit Corona,4.00,43,Parejo,,,,,,,,,FS,,,,,7.75,186.00,24,89,9.40,100.82,4.20,5.20,Q-01-02-134,30
Drew Estate,img/icons/manufacturers/drewestate.svg,Leather Rose,,img/icons/brands/leatherrose.svg,Leather Rose,Torpedo,,Torpedo,5.00,54,Torpedo,,,,,,,,,FS,,,,,10.75,258.00,24,89,12.41,136.88,5.70,6.70,Q-01-14-109,30
General Cigar Co.,img/icons/manufacturers/generalcigarco.svg,Macanudo,,img/icons/brands/macanudo.svg,MACANUDO,Macanudo Cafe Crystal Tubo,,Robusto Extra,5.50,50,Parejo,USA Connecticut Shade,Mexico,"Mexico, Piloto Cubano",Dominican Republic,Natural,Medium,,Tubo,,,,,,16.20,129.60,8,89,16.20,60.80,7.60,8.60,08068-MACC,
General Cigar Co.,img/icons/manufacturers/generalcigarco.svg,Macanudo,,img/icons/brands/macanudo.svg,INSPIRADO BLACK,Inspirado Black Robusto,,Robusto,4.88,48,Parejo,USA Connecticut Broadleaf,Ecuador Sumatra,Nicaragua,Dominican Republic,Maduro,Full,,,,,,,,10.46,209.20,20,89,10.46,94.60,4.73,5.73,04665-MACB,
General Cigar Co.,img/icons/manufacturers/generalcigarco.svg,Macanudo,,img/icons/brands/macanudo.svg,INSPIRADO BLACK,Inspirado Black Toro,,Toro,5.50,54,Parejo,USA Connecticut Broadleaf,Ecuador Sumatra,Nicaragua,Dominican Republic,Maduro,Full,,,,,,,,11.46,229.20,20,89,11.46,104.60,5.23,6.23,04666-MACB,
General Cigar Co.,img/icons/manufacturers/generalcigarco.svg,Macanudo,,img/icons/brands/macanudo.svg,INSPIRADO BLACK,Inspirado Black Churchill,,Churchill,7.00,48,Parejo,USA Connecticut Broadleaf,Ecuador Sumatra,Nicaragua,Dominican Republic,Maduro,Full,,,,,,,,11.56,231.20,20,89,11.56,105.60,5.28,6.28,04667-MACB,
General Cigar Co.,img/icons/manufacturers/generalcigarco.svg,Macanudo,,img/icons/brands/macanudo.svg,INSPIRADO BLACK,Inspirado Black Robusto Tubo,,Robusto,4.88,48,Parejo,USA Connecticut Broadleaf,Ecuador Sumatra,Nicaragua,Dominican Republic,Maduro,Full,,Tubo,,,,,,11.86,237.20,20,89,11.86,108.60,5.43,6.43,04697-MACI,
General Cigar Co.,img/icons/manufacturers/generalcigarco.svg,Macanudo,,img/icons/brands/macanudo.svg,INSPIRADO GREEN,Inspirado Green Gigante,,Gordo,6.00,60,Parejo,Brazilian Arapiraca,Indonesia,"Dominican Republic, Colombia",Dominican Republic,Maduro,Medium,,,,,,,,11.06,221.20,20,89,11.06,100.60,5.03,6.03,05571-MACI,
General Cigar Co.,img/icons/manufacturers/generalcigarco.svg,Macanudo,,img/icons/brands/macanudo.svg,INSPIRADO GREEN,Inspirado Green Robusto,,Robusto,5.00,52,Parejo,Brazilian Arapiraca,Indonesia,"Dominican Republic, Colombia",Dominican Republic,Maduro,Medium,,,,,,,,9.94,248.50,25,89,9.94,111.75,4.47,5.47,04885-MACI,
General Cigar Co.,img/icons/manufacturers/generalcigarco.svg,Macanudo,,img/icons/brands/macanudo.svg,INSPIRADO GREEN,Inspirado Green Toro,,Toro,6.00,50,Parejo,Brazilian Arapiraca,Indonesia,"Dominican Republic, Colombia",Dominican Republic,Maduro,Medium,,,,,,,,10.44,261.00,25,89,10.44,118.00,4.72,5.72,04886-MACI,
General Cigar Co.,img/icons/manufacturers/generalcigarco.svg,Macanudo,,img/icons/brands/macanudo.svg,INSPIRADO GREEN,Inspirado Green Churchill,,Churchill,7.00,48,Parejo,Brazilian Arapiraca,Indonesia,"Dominican Republic, Colombia",Dominican Republic,Maduro,Medium,,,,,,,,10.84,271.00,25,89,10.84,123.00,4.92,5.92,04887-MACI,
General Cigar Co.,img/icons/manufacturers/generalcigarco.svg,Macanudo,,img/icons/brands/macanudo.svg,INSPIRADO ORANGE,Inspirado Orange Robusto,,Robusto,5.00,50,Parejo,Honduras,Honduras,"Dominican Republic Piloto Cubano, Honduras, Nicaragua",Honduras,Colorado,Medium,,,,,,,,9.96,199.20,20,89,9.96,89.60,4.48,5.48,04345-MACI,
General Cigar Co.,img/icons/manufacturers/generalcigarco.svg,Macanudo,,img/icons/brands/macanudo.svg,INSPIRADO ORANGE,Inspirado Orange Toro,,Toro,6.00,50,Parejo,Honduras,Honduras,"Dominican Republic Piloto Cubano, Honduras, Nicaragua",Honduras,Colorado,Medium,,,,,,,,10.46,209.20,20,89,10.46,94.60,4.73,5.73,04954-MACI,
General Cigar Co.,img/icons/manufacturers/generalcigarco.svg,Macanudo,,img/icons/brands/macanudo.svg,INSPIRADO ORANGE,Inspirado Orange Churchill,,Churchill,7.00,49,Parejo,Honduras,Honduras,"Dominican Republic Piloto Cubano, Honduras, Nicaragua",Honduras,Colorado,Medium,,,,,,,,10.86,217.20,20,89,10.86,98.60,4.93,5.93,04960-MACI,
General Cigar Co.,img/icons/manufacturers/generalcigarco.svg,Macanudo,,img/icons/brands/macanudo.svg,INSPIRADO ORANGE,Inspirado Orange Gigante,,Gordo,6.00,60,Parejo,Honduras,Honduras,"Dominican Republic Piloto Cubano, Honduras, Nicaragua",Honduras,Colorado,Medium,,,,,,,,11.06,221.20,20,89,11.06,100.60,5.03,6.03,04955-MACI,
General Cigar Co.,img/icons/manufacturers/generalcigarco.svg,Macanudo,,img/icons/brands/macanudo.svg,INSPIRADO ORANGE,Inspirado Orange Tubo,,Robusto,5.00,50,Parejo,Honduras,Honduras,"Dominican Republic Piloto Cubano, Honduras, Nicaragua",Honduras,Colorado,Medium,,Tubo,,,,,,11.76,235.20,20,89,11.76,107.60,5.38,6.38,04964-MACI,
General Cigar Co.,img/icons/manufacturers/generalcigarco.svg,Macanudo,,img/icons/brands/macanudo.svg,INSPIRADO RED,Inspirado Red Robusto,,Robusto,5.00,50,Parejo,Ecuadorian Habano,Nicaragua,"Honduras, Nicaragua",Nicaragua,Maduro,Full,,,,,,,,9.96,199.20,20,89,9.96,89.60,4.48,5.48,04958-MACR,
General Cigar Co.,img/icons/manufacturers/generalcigarco.svg,Macanudo,,img/icons/brands/macanudo.svg,INSPIRADO RED,Inspirado Red Toro,,Toro,6.00,50,Parejo,Ecuadorian Habano,Nicaragua,"Honduras, Nicaragua",Nicaragua,Maduro,Full,,,,,,,,10.46,209.20,20,89,10.46,94.60,4.73,5.73,04749-MACR,
General Cigar Co.,img/icons/manufacturers/generalcigarco.svg,Macanudo,,img/icons/brands/macanudo.svg,INSPIRADO RED,Inspirado Red Gigante,,Gordo,6.00,60,Parejo,Ecuadorian Habano,Nicaragua,"Honduras, Nicaragua",Nicaragua,Maduro,Full,,,,,,,,11.06,221.20,20,89,11.06,100.60,5.03,6.03,04750-MACR,
General Cigar Co.,img/icons/manufacturers/generalcigarco.svg,Macanudo,,img/icons/brands/macanudo.svg,INSPIRADO WHITE,Inspirado White Corona,,Corona,5.50,42,Parejo,Ecuadorian Connecticut Shade,Indonesia,"Mexico, Nicaragua",Dominican Republic,Natural,Medium,,,,,,,,8.12,162.40,20,89,8.12,71.20,3.56,4.56,05525-MACW,
General Cigar Co.,img/icons/manufacturers/generalcigarco.svg,Macanudo,,img/icons/brands/macanudo.svg,INSPIRADO WHITE,Inspirado White Robusto,,Robusto,5.00,50,Parejo,Ecuadorian Connecticut Shade,Indonesia,"Mexico, Nicaragua",Dominican Republic,Natural,Medium,,,,,,,,9.96,199.20,20,89,9.96,89.60,4.48,5.48,04662-MACW,
General Cigar Co.,img/icons/manufacturers/generalcigarco.svg,Macanudo,,img/icons/brands/macanudo.svg,INSPIRADO WHITE,Inspirado White Toro,,Toro,6.50,50,Parejo,Ecuadorian Connecticut Shade,Indonesia,"Mexico, Nicaragua",Dominican Republic,Natural,Medium,,,,,,,,10.46,209.20,20,89,10.46,94.60,4.73,5.73,04663-MACW,
General Cigar Co.,img/icons/manufacturers/generalcigarco.svg,Macanudo,,img/icons/brands/macanudo.svg,INSPIRADO WHITE,Inspirado White Churchill,,Churchill,7.00,48,Parejo,Ecuadorian Connecticut Shade,Indonesia,"Mexico, Nicaragua",Dominican Republic,Natural,Medium,,,,,,,,10.86,217.20,20,89,10.86,98.60,4.93,5.93,04664-MACW,
General Cigar Co.,img/icons/manufacturers/generalcigarco.svg,Macanudo,,img/icons/brands/macanudo.svg,INSPIRADO WHITE,Inspirado White Gigante,,Gordo,6.00,60,Parejo,Ecuadorian Connecticut Shade,Indonesia,"Mexico, Nicaragua",Dominican Republic,Natural,Medium,,,,,,,,11.06,221.20,20,89,11.06,100.60,5.03,6.03,04877-MACW,
General Cigar Co.,img/icons/manufacturers/generalcigarco.svg,Macanudo,,img/icons/brands/macanudo.svg,INSPIRADO WHITE,Inspirado White Robusto Tubo,,Robusto,5.00,50,Parejo,Ecuadorian Connecticut Shade,Indonesia,"Mexico, Nicaragua",Dominican Republic,Natural,Medium,,Tubo,,,,,,11.76,235.20,20,89,11.76,107.60,5.38,6.38,04698-MACI,
General Cigar Co.,img/icons/manufacturers/generalcigarco.svg,Macanudo,,img/icons/brands/macanudo.svg,M BOURBON BY MACANUDO,Macanudo M Bourbon Robusto,,Robusto,5.00,50,Parejo,,,,,,,,,FS,,,,,11.04,220.80,20,89,11.04,100.40,5.02,6.02,04814-MACB,
General Cigar Co.,img/icons/manufacturers/generalcigarco.svg,Macanudo,,img/icons/brands/macanudo.svg,M BY MACANUDO,M by Macanudo Belicoso,,Belicoso,6.00,54,Belicoso,,,,,,,,,FS,,,,,12.34,246.80,20,89,12.34,113.40,5.67,6.67,04768-MACM,
General Cigar Co.,img/icons/manufacturers/generalcigarco.svg,Macanudo,,img/icons/brands/macanudo.svg,M BY MACANUDO,M by Macanudo Corona,,Corona,6.00,44,Parejo,,,,,,,,,FS,,,,,10.84,216.80,20,89,10.84,98.40,4.92,5.92,04766-MACM,
General Cigar Co.,img/icons/manufacturers/generalcigarco.svg,Macanudo,,img/icons/brands/macanudo.svg,M BY MACANUDO,M by Macanudo Toro,,Toro,6.00,50,Parejo,,,,,,,,,FS,,,,,11.54,230.80,20,89,11.54,105.40,5.27,6.27,04767-MACM,
General Cigar Co.,img/icons/manufacturers/generalcigarco.svg,Macanudo,,img/icons/brands/macanudo.svg,M ESPRESSO BY MACANUDO,M Espresso by Macanudo Belicoso,,Belicoso,6.00,54,Belicoso,,,,,,,,,FS,,,,,12.34,246.80,20,89,12.34,113.40,5.67,6.67,05119-MACM,
General Cigar Co.,img/icons/manufacturers/generalcigarco.svg,Macanudo,,img/icons/brands/macanudo.svg,M ESPRESSO BY MACANUDO,M Espresso by Macanudo Toro,,Toro,6.00,50,Parejo,,,,,,,,,FS,,,,,11.54,230.80,20,89,11.54,105.40,5.27,6.27,05117-MACM,
General Cigar Co.,img/icons/manufacturers/generalcigarco.svg,Macanudo,,img/icons/brands/macanudo.svg,M FLAVORS BY MACANUDO,M Flavours by Macanudo Honey Robusto,,Robusto,5.00,48,Parejo,,,,,,,,,FS,,,,,10.62,212.40,20,89,10.62,96.20,4.81,5.81,05936-MAC,
General Cigar Co.,img/icons/manufacturers/generalcigarco.svg,Macanudo,,img/icons/brands/macanudo.svg,M FLAVORS BY MACANUDO,M Flavours by Macanudo Irish Cream Robusto,,Robusto,5.00,48,Parejo,,,,,,,,,FS,,,,,10.62,212.40,20,89,10.62,96.20,4.81,5.81,05941-MAC,
General Cigar Co.,img/icons/manufacturers/generalcigarco.svg,Macanudo,,img/icons/brands/macanudo.svg,M FLAVORS BY MACANUDO,M Flavours by Macanudo Vanilla Bourbon Robusto,,Robusto,5.00,48,Parejo,,,,,,,,,FS,,,,,10.62,212.40,20,89,10.62,96.20,4.81,5.81,05946-MACB,
General Cigar Co.,img/icons/manufacturers/generalcigarco.svg,Macanudo,,img/icons/brands/macanudo.svg,MACANUDO,Prince Philip 10s,,Double Corona,7.50,49,Parejo,,,,,Natural,,,Tubo,,,,,,17.20,172.00,10,89,17.20,81.00,8.10,9.10,08037-MACP,
General Cigar Co.,img/icons/manufacturers/generalcigarco.svg,Macanudo,,img/icons/brands/macanudo.svg,MACANUDO,Macanudo Cafe Thames 20s Tubo,,Toro,6.00,50,Parejo,USA Connecticut Shade,Mexico,"Mexico, Piloto Cubano",Dominican Republic,Natural,Medium,,Tubo,,,,,,17.48,349.60,20,89,17.48,164.80,8.24,9.24,08186-MACT,
General Cigar Co.,img/icons/manufacturers/generalcigarco.svg,Macanudo,,img/icons/brands/macanudo.svg,MACANUDO,Macanudo Cafe Baron De Rothschild,,Lonsdale,6.50,42,Parejo,USA Connecticut Shade,Mexico,"Mexico, Piloto Cubano",Dominican Republic,Natural,Medium,,,,,,,,15.06,376.50,25,89,15.06,175.75,7.03,8.03,08028-MACR,
General Cigar Co.,img/icons/manufacturers/generalcigarco.svg,Macanudo,,img/icons/brands/macanudo.svg,MACANUDO,Macanudo Cafe Claybourne,,Panatela,6.00,31,Parejo,USA Connecticut Shade,Mexico,"Mexico, Piloto Cubano",Dominican Republic,Natural,Medium,,,,,,,,11.46,286.50,25,89,11.46,130.75,5.23,6.23,08004-MACC,
General Cigar Co.,img/icons/manufacturers/generalcigarco.svg,Macanudo,,img/icons/brands/macanudo.svg,MACANUDO,Macanudo Cafe Duke of Devon,,Corona,5.50,42,Parejo,USA Connecticut Shade,Mexico,"Mexico, Piloto Cubano",Dominican Republic,Natural,Medium,,,,,,,,13.70,342.50,25,89,13.70,158.75,6.35,7.35,08013-MACD,
General Cigar Co.,img/icons/manufacturers/generalcigarco.svg,Macanudo,,img/icons/brands/macanudo.svg,MACANUDO,Macanudo Cafe Duke of Windsor,,Toro,6.00,50,Parejo,USA Connecticut Shade,Mexico,"Mexico, Piloto Cubano",Dominican Republic,Natural,Medium,,,,,,,,16.96,424.00,25,89,16.96,199.50,7.98,8.98,08057-MACD,
General Cigar Co.,img/icons/manufacturers/generalcigarco.svg,Macanudo,,img/icons/brands/macanudo.svg,MACANUDO,Macanudo Cafe Duke Of York,,Robusto Gordo,5.25,54,Parejo,USA Connecticut Shade,Mexico,"Mexico, Piloto Cubano",Dominican Republic,Natural,Medium,,,,,,,,16.20,405.00,25,89,16.20,190.00,7.60,8.60,02403-MACY,
General Cigar Co.,img/icons/manufacturers/generalcigarco.svg,Macanudo,,img/icons/brands/macanudo.svg,MACANUDO,Macanudo Cafe Gigante 6x60,,Gordo,6.00,60,Parejo,USA Connecticut Shade,Mexico,"Mexico, Piloto Cubano",Dominican Republic,Natural,Medium,,,,,,,,17.60,440.00,25,89,17.60,207.50,8.30,9.30,04176-MACC,
General Cigar Co.,img/icons/manufacturers/generalcigarco.svg,Macanudo,,img/icons/brands/macanudo.svg,MACANUDO,Macanudo Cafe Hampton Court Tubo,,Corona,5.50,42,Parejo,USA Connecticut Shade,Mexico,"Mexico, Piloto Cubano",Dominican Republic,Natural,Medium,,Tubo,,,,,,14.34,358.50,25,89,14.34,166.75,6.67,7.67,08045-MACH,
General Cigar Co.,img/icons/manufacturers/generalcigarco.svg,Macanudo,,img/icons/brands/macanudo.svg,MACANUDO,Macanudo Cafe Hyde Park,,Robusto Extra,5.50,49,Parejo,USA Connecticut Shade,Mexico,"Mexico, Piloto Cubano",Dominican Republic,Natural,Medium,,,,,,,,14.94,373.50,25,89,14.94,174.25,6.97,7.97,08064-MACH,
General Cigar Co.,img/icons/manufacturers/generalcigarco.svg,Macanudo,,img/icons/brands/macanudo.svg,MACANUDO,Macanudo Cafe Lords,,Robusto,4.75,49,Parejo,USA Connecticut Shade,Mexico,"Mexico, Piloto Cubano",Dominican Republic,Natural,Medium,,,,,,,,12.08,302.00,25,89,12.08,138.50,5.54,6.54,08048-MACL,
General Cigar Co.,img/icons/manufacturers/generalcigarco.svg,Macanudo,,img/icons/brands/macanudo.svg,MACANUDO,Macanudo Cafe Petit Corona 25s,,Petit Corona,5.00,38,Parejo,USA Connecticut Shade,Mexico,"Mexico, Piloto Cubano",Dominican Republic,Natural,Medium,,,,,,,,11.84,296.00,25,89,11.84,135.50,5.42,6.42,08047-MACP,
General Cigar Co.,img/icons/manufacturers/generalcigarco.svg,Macanudo,,img/icons/brands/macanudo.svg,MACANUDO,Macanudo Cafe Portofino Tubo,,Lonsdale,7.00,34,Parejo,USA Connecticut Shade,Mexico,"Mexico, Piloto Cubano",Dominican Republic,Natural,Medium,,Tubo,,,,,,15.32,383.00,25,89,15.32,179.00,7.16,8.16,08025-MACP,
General Cigar Co.,img/icons/manufacturers/generalcigarco.svg,Macanudo,,img/icons/brands/macanudo.svg,MACANUDO,Macanudo Cafe Tudor,,Toro,6.00,52,Parejo,USA Connecticut Shade,Mexico,"Mexico, Piloto Cubano",Dominican Republic,Natural,Medium,,,,,,,,16.34,408.50,25,89,16.34,191.75,7.67,8.67,02404-MACT,
General Cigar Co.,img/icons/manufacturers/generalcigarco.svg,Macanudo,,img/icons/brands/macanudo.svg,MACANUDO,Prince of Wales,,Gigante,8.00,52,Parejo,,,,,Natural,,,,,,,,,17.84,446.00,25,89,17.84,210.50,8.42,9.42,08056-MACP,
General Cigar Co.,img/icons/manufacturers/generalcigarco.svg,Macanudo,,img/icons/brands/macanudo.svg,MACANUDO,Prince Philip 25s,,Double Corona,7.50,49,Parejo,,,,,Natural,,,,,,,,,17.20,430.00,25,89,17.20,202.50,8.10,9.10,08039-MACP,
General Cigar Co.,img/icons/manufacturers/generalcigarco.svg,Macanudo,,img/icons/brands/macanudo.svg,MACANUDO,Macanudo Cafe Court Tubo,,Petit Corona,4.19,36,Parejo,USA Connecticut Shade,Mexico,"Mexico, Piloto Cubano",Dominican Republic,Natural,Medium,,Tubo,,,,,,7.14,214.20,30,89,7.14,92.10,3.07,4.07,08189-MACC,
General Cigar Co.,img/icons/manufacturers/generalcigarco.svg,Macanudo,,img/icons/brands/macanudo.svg,MACANUDO,Macanudo Cafe Caviar,,Petit Corona,4.00,36,Parejo,USA Connecticut Shade,Mexico,"Mexico, Piloto Cubano",Dominican Republic,Natural,Medium,,,,,,,,7.10,355.00,50,89,7.10,152.50,3.05,4.05,08001-MACC,
General Cigar Co.,img/icons/manufacturers/generalcigarco.svg,Macanudo,,img/icons/brands/macanudo.svg,MACANUDO 1968,Robusto,,Robusto,5.00,50,Parejo,,,,,,,,,,,,,,12.92,258.40,20,89,12.92,119.20,5.96,6.96,04115-MACA,
General Cigar Co.,img/icons/manufacturers/generalcigarco.svg,Macanudo,,img/icons/brands/macanudo.svg,MACANUDO 1968,Churchill,,Churchill,7.00,49,Parejo,,,,,,,,,,,,,,14.46,289.20,20,89,14.46,134.60,6.73,7.73,04113-MACA,
General Cigar Co.,img/icons/manufacturers/generalcigarco.svg,Macanudo,,img/icons/brands/macanudo.svg,MACANUDO 1968,Toro,,Toro Gordo,6.00,54,Parejo,,,,,,,,,,,,,,14.46,289.20,20,89,14.46,134.60,6.73,7.73,04114-MACA,
General Cigar Co.,img/icons/manufacturers/generalcigarco.svg,Macanudo,,img/icons/brands/macanudo.svg,MACANUDO 1968,Gigante,,Gordo,6.00,60,Parejo,,,,,,,,,,,,,,14.96,299.20,20,89,14.96,139.60,6.98,7.98,04116-MACA,
General Cigar Co.,img/icons/manufacturers/generalcigarco.svg,Macanudo,,img/icons/brands/macanudo.svg,MACANUDO CRU ROYALE,Robusto,,Robusto,5.00,50,Parejo,,,,,Maduro,,,,,,,,,13.06,261.20,20,89,13.06,120.60,6.03,7.03,04109-MACR,
General Cigar Co.,img/icons/manufacturers/generalcigarco.svg,Macanudo,,img/icons/brands/macanudo.svg,MACANUDO CRU ROYALE,Toro,,Toro Gordo,6.00,54,Parejo,,,,,Maduro,,,,,,,,,13.84,276.80,20,89,13.84,128.40,6.42,7.42,04110-MACR,
General Cigar Co.,img/icons/manufacturers/generalcigarco.svg,Macanudo,,img/icons/brands/macanudo.svg,MACANUDO CRU ROYALE,Gigante,,Gordo,6.00,60,Parejo,,,,,Maduro,,,,,,,,,14.14,282.80,20,89,14.14,131.40,6.57,7.57,04111-MACR,
General Cigar Co.,img/icons/manufacturers/generalcigarco.svg,Macanudo,,img/icons/brands/macanudo.svg,MACANUDO EMISSARY,Robusto,,Robusto,5.00,52,Parejo,,,,,Maduro,,,,,,,,,16.00,256.00,16,89,16.00,120.00,7.50,8.50,05983-MACEMI,
General Cigar Co.,img/icons/manufacturers/generalcigarco.svg,Macanudo,,img/icons/brands/macanudo.svg,MACANUDO EMISSARY,Toro,,Toro,6.00,52,Parejo,,,,,Maduro,,,,,,,,,17.00,272.00,16,89,17.00,128.00,8.00,9.00,05984-MACEMI,
General Cigar Co.,img/icons/manufacturers/generalcigarco.svg,Macanudo,,img/icons/brands/macanudo.svg,MACANUDO EMISSARY,Churchill,,Churchill,7.00,48,Parejo,,,,,Maduro,,,,,,,,,18.00,288.00,16,89,18.00,136.00,8.50,9.50,05985-MACEMI,
General Cigar Co.,img/icons/manufacturers/generalcigarco.svg,Macanudo,,img/icons/brands/macanudo.svg,MACANUDO EMISSARY,Perfecto,,Perfecto,6.00,40,Perfecto,,,,,Maduro,,,,,,,,,19.00,304.00,16,89,19.00,144.00,9.00,10.00,05986-MACEMI,
General Cigar Co.,img/icons/manufacturers/generalcigarco.svg,Macanudo,,img/icons/brands/macanudo.svg,MACANUDO EMISSARY FRANCE,Robusto,,Robusto,5.00,52,Parejo,,,,,Maduro,,,,,,,,,16.00,256.00,16,89,16.00,120.00,7.50,8.50,05959-MACEMI,
General Cigar Co.,img/icons/manufacturers/generalcigarco.svg,Macanudo,,img/icons/brands/macanudo.svg,MACANUDO EMISSARY FRANCE,Toro,,Toro,6.00,52,Parejo,,,,,Maduro,,,,,,,,,17.00,272.00,16,89,17.00,128.00,8.00,9.00,05960-MACEMI,
General Cigar Co.,img/icons/manufacturers/generalcigarco.svg,Macanudo,,img/icons/brands/macanudo.svg,MACANUDO EMISSARY FRANCE,Churchill,,Churchill,7.00,48,Parejo,,,,,Maduro,,,,,,,,,18.00,288.00,16,89,18.00,136.00,8.50,9.50,05961-MACEMI,
General Cigar Co.,img/icons/manufacturers/generalcigarco.svg,Macanudo,,img/icons/brands/macanudo.svg,MACANUDO EMISSARY FRANCE,Perfecto,,Perfecto,5.75,50,Perfecto,,,,,Maduro,,,,,,,,,19.00,304.00,16,89,19.00,144.00,9.00,10.00,05962-MACEMI,
General Cigar Co.,img/icons/manufacturers/generalcigarco.svg,Macanudo,,img/icons/brands/macanudo.svg,MACANUDO GOLD LABEL,Crystal Tubo,,Robusto Extra,5.50,50,Parejo,,,,,Natural,,,Tubo,,,,,,18.20,145.60,8,89,18.20,68.80,8.60,9.60,08185-MACG,
General Cigar Co.,img/icons/manufacturers/generalcigarco.svg,Macanudo,,img/icons/brands/macanudo.svg,MACANUDO GOLD LABEL,Shakespeare,,Lonsdale,6.50,45,Parejo,,,,,Natural,,,,,,,,,16.82,420.50,25,89,16.82,197.75,7.91,8.91,08122-MACG,
General Cigar Co.,img/icons/manufacturers/generalcigarco.svg,Macanudo,,img/icons/brands/macanudo.svg,MACANUDO GOLD LABEL,Duke of York,,Robusto Gordo,5.25,54,Parejo,,,,,Natural,,,,,,,,,17.08,427.00,25,89,17.08,201.00,8.04,9.04,08117-MACG,
General Cigar Co.,img/icons/manufacturers/generalcigarco.svg,Macanudo,,img/icons/brands/macanudo.svg,MACANUDO GOLD LABEL,Hampton Court Tubo,,Corona,5.50,42,Parejo,,,,,Natural,,,Tubo,,,,,,17.58,439.50,25,89,17.58,207.25,8.29,9.29,02448-MACG,
General Cigar Co.,img/icons/manufacturers/generalcigarco.svg,Macanudo,,img/icons/brands/macanudo.svg,MACANUDO GOLD LABEL,Macanudo Gold Label Tudor,,Toro,6.00,52,Parejo,,,,,Natural,,,,,,,,,17.84,446.00,25,89,17.84,210.50,8.42,9.42,08159-MACG,
General Cigar Co.,img/icons/manufacturers/generalcigarco.svg,Macanudo,,img/icons/brands/macanudo.svg,MACANUDO GOLD LABEL,Lord Nelson,,Churchill,7.00,49,Parejo,,,,,Natural,,,,,,,,,18.20,455.00,25,89,18.20,215.00,8.60,9.60,08067-MACG,
General Cigar Co.,img/icons/manufacturers/generalcigarco.svg,Macanudo,,img/icons/brands/macanudo.svg,MACANUDO MADURO,Crystals Tubo,,Robusto Extra,5.50,50,Parejo,,,,,Maduro,,,Tubo,,,,,,16.20,129.60,8,89,16.20,60.80,7.60,8.60,02446-MACC,
General Cigar Co.,img/icons/manufacturers/generalcigarco.svg,Macanudo,,img/icons/brands/macanudo.svg,MACANUDO MADURO,Prince Philip,,Double Corona,7.50,49,Parejo,,,,,Maduro,,,,,,,,,17.20,172.00,10,89,17.20,81.00,8.10,9.10,08041-MACP,
General Cigar Co.,img/icons/manufacturers/generalcigarco.svg,Macanudo,,img/icons/brands/macanudo.svg,MACANUDO MADURO,Diplomat,,Figurado,4.50,38/60/44,Figurado,,,,,Maduro,,,,,,,,,14.58,364.50,25,89,14.58,169.75,6.79,7.79,08089-MACD,
General Cigar Co.,img/icons/manufacturers/generalcigarco.svg,Macanudo,,img/icons/brands/macanudo.svg,MACANUDO MADURO,Diplomat,,Petit Corona,4.50,38,Parejo,,,,,Maduro,,,,,,,,,14.58,364.50,25,89,14.58,169.75,6.79,7.79,08069-MACM,
General Cigar Co.,img/icons/manufacturers/generalcigarco.svg,Macanudo,,img/icons/brands/macanudo.svg,MACANUDO MADURO,Gigante,,Gordo,6.00,60,Parejo,,,,,Maduro,,,,,,,,,17.60,440.00,25,89,17.60,207.50,8.30,9.30,04969-MACM,
General Cigar Co.,img/icons/manufacturers/generalcigarco.svg,Macanudo,,img/icons/brands/macanudo.svg,MACANUDO MADURO,Hampton Court Tubo,,Corona,5.50,42,Parejo,,,,,Maduro,,,Tubo,,,,,,14.34,358.50,25,89,14.34,166.75,6.67,7.67,08011-MACM,
General Cigar Co.,img/icons/manufacturers/generalcigarco.svg,Macanudo,,img/icons/brands/macanudo.svg,MACANUDO MADURO,Hyde Park,,Robusto Extra,5.50,49,Parejo,,,,,Maduro,,,,,,,,,14.94,373.50,25,89,14.94,174.25,6.97,7.97,08043-MACH,
General Cigar Co.,img/icons/manufacturers/generalcigarco.svg,Macanudo,,img/icons/brands/macanudo.svg,MACANUDO MADURO,Macanudo Maduro Baron De Rothschild,,Lonsdale,6.50,42,Parejo,,,,,Maduro,,,,,,,,,15.06,376.50,25,89,15.06,175.75,7.03,8.03,08042-MACR,
General Cigar Co.,img/icons/manufacturers/generalcigarco.svg,Macanudo,,img/icons/brands/macanudo.svg,MACANUDO VINTAGE 2010,Mac Vintage 2010 Toro Grande,,Toro Gordo,6.62,54,Parejo,,,,,,,,,,,,,,15.08,301.60,20,89,15.08,140.80,7.04,8.04,05122-MACV,
General Cigar Co.,img/icons/manufacturers/generalcigarco.svg,Macanudo,,img/icons/brands/macanudo.svg,MACANUDO VINTAGE 2010,Churchill,,Churchill,7.25,48,Parejo,,,,,,,,,,,,,,15.38,307.60,20,89,15.38,143.80,7.19,8.19,05121-MACV,
General Cigar Co.,img/icons/manufacturers/generalcigarco.svg,Macanudo,,img/icons/brands/macanudo.svg,MACANUDO VINTAGE 2010,Torpedo,,Torpedo,6.25,52,Torpedo,,,,,,,,,,,,,,15.08,301.60,20,89,15.08,140.80,7.04,8.04,05120-MACV,
General Cigar Co.,img/icons/manufacturers/generalcigarco.svg,Macanudo,,img/icons/brands/macanudo.svg,MACANUDO VINTAGE MADURO 2013,Robusto,,Robusto,5.00,50,Parejo,,,,,Maduro,,,,,,,,,14.04,280.80,20,89,14.04,130.40,6.52,7.52,05685-MACV,
General Cigar Co.,img/icons/manufacturers/generalcigarco.svg,Macanudo,,img/icons/brands/macanudo.svg,MACANUDO VINTAGE MADURO 2013,Mac Vintage Maduro 2013 Toro Grande,,Toro Gordo,6.00,54,Parejo,,,,,Maduro,,,,,,,,,15.08,301.60,20,89,15.08,140.80,7.04,8.04,05686-MACV,
General Cigar Co.,img/icons/manufacturers/generalcigarco.svg,Macanudo,,img/icons/brands/macanudo.svg,MACANUDO VINTAGE MADURO 2013,Churchill,,Churchill,7.00,49,Parejo,,,,,Maduro,,,,,,,,,15.38,307.60,20,89,15.38,143.80,7.19,8.19,05687-MACV,
General Cigar Co.,img/icons/manufacturers/generalcigarco.svg,Macanudo,,img/icons/brands/macanudo.svg,MACANUDO VINTAGE MADURO 97,Toro,,Toro Gordo,6.00,54,Parejo,,,,,Maduro,,,,,,,,,18.86,226.32,12,89,18.86,107.16,8.93,9.93,04056-MACV,
General Cigar Co.,img/icons/manufacturers/generalcigarco.svg,Macanudo,,img/icons/brands/macanudo.svg,MACANUDO VINTAGE MADURO 97,Churchill,,Churchill,7.00,49,Parejo,,,,,Maduro,,,,,,,,,19.36,232.32,12,89,19.36,110.16,9.18,10.18,04950-MACV,
My Father Cigars,img/icons/manufacturers/myfather.svg,My Father,mf,img/icons/brands/myfather.svg,Flor De Las Antillas,Flor De Las Antillas Robusto,,Robusto,5.00,50,Parejo,Nicaragua,Nicaragua,Nicaragua,Nicaragua,Colorado,Medium,,,,,,,,9.15,183.00,20,89,9.70,87.00,4.35,5.35,,
My Father Cigars,img/icons/manufacturers/myfather.svg,My Father,mf,img/icons/brands/myfather.svg,Flor De Las Antillas,Flor De Las Antillas Maduro Petit Robusto,,Short Robusto,4.50,50,Parejo,Habano Sun Grown Oscuro,Nicaragua,Nicaragua,Nicaragua,,,,,,,,,,9.15,183.00,20,89,1.00,,0.00,1.00,,
My Father Cigars,img/icons/manufacturers/myfather.svg,My Father,mf,img/icons/brands/myfather.svg,Flor De Las Antillas,Flor De Las Antillas Toro Gordo,,Toro Gordo,6.50,56,Parejo,Nicaragua,Nicaragua,Nicaragua,Nicaragua,Colorado,Medium,,,,,,,,11.35,227.00,20,89,11.80,108.00,5.40,6.40,,
My Father Cigars,img/icons/manufacturers/myfather.svg,My Father,mf,img/icons/brands/myfather.svg,Jaime Garcia,Jaime Garcia Reserva Especial Robusto,,Robusto,5.25,52,Parejo,USA Connecticut Broadleaf,Nicaragua,Nicaragua,Nicaragua,Maduro,Full,,,,,,,,8.65,173.00,20,89,9.80,88.00,4.40,5.40,,
My Father Cigars,img/icons/manufacturers/myfather.svg,My Father,mf,img/icons/brands/myfather.svg,Jaime Garcia,Jaime Garcia Reserva Especial Toro,,Toro,6.00,54,Parejo,USA Connecticut Broadleaf,Nicaragua,Nicaragua,Nicaragua,Maduro,Full,,,,,,,,9.55,191.00,20,89,10.10,91.00,4.55,5.55,,
My Father Cigars,img/icons/manufacturers/myfather.svg,My Father,mf,img/icons/brands/myfather.svg,Jaime Garcia,Jaime Garcia Reserva Especial CT Toro,,Toro,6.00,54,Parejo,Ecuadorian Connecticut Shade,Nicaragua,Nicaragua,Nicaragua,Natural,Full,,,,,,,,9.85,197.00,20,89,10.40,94.00,4.70,5.70,,
My Father Cigars,img/icons/manufacturers/myfather.svg,My Father,mf,img/icons/brands/myfather.svg,Jaime Garcia,Jaime Garcia Reserva Especial CT Robusto,,Robusto,50.00,5,Parejo,Ecuadorian Connecticut Shade,Nicaragua,Nicaragua,Nicaragua,Natural,Full,,,,,,,,,0.00,20,89,10.00,90.00,4.50,5.50,,
My Father Cigars,img/icons/manufacturers/myfather.svg,My Father,mf,img/icons/brands/myfather.svg,Le Bijou,MF Le Bijou 1922 Grand Robusto 5.625x55,,Robusto Gordo,5.63,55,Parejo,Nicaraguan Habano,Nicaragua,Nicaragua,Nicaragua,Maduro,Full,,,,,,,,12.45,286.35,23,89,12.87,136.50,5.93,6.93,,
My Father Cigars,img/icons/manufacturers/myfather.svg,My Father,mf,img/icons/brands/myfather.svg,Le Bijou,MF Le Bijou 1922 Toro 6x52,,Toro,6.00,52,Parejo,Nicaraguan Habano,Nicaragua,Nicaragua,Nicaragua,Maduro,Full,,,,,,,,12.95,297.85,23,89,13.30,141.50,6.15,7.15,,
My Father Cigars,img/icons/manufacturers/myfather.svg,My Father,mf,img/icons/brands/myfather.svg,Le Bijou,MF Le Bijou 1922 Torpedo BP,,Torpedo,6.13,52,Torpedo,Nicaraguan Habano,Nicaragua,Nicaragua,Nicaragua,Maduro,Full,BP,,,,,,,13.35,307.05,23,89,13.74,146.50,6.37,7.37,,
My Father Cigars,img/icons/manufacturers/myfather.svg,My Father,mf,img/icons/brands/myfather.svg,The Judge,MF The Judge Toro Fino 6x52,,Toro Gordo,6.00,56,Parejo,Ecuadorian Sumatra-Seed,Nicaragua,Nicaragua,Nicaragua,Colorado Maduro,Full,,,,,,,,13.25,304.75,23,89,13.60,144.90,6.30,7.30,,
My Father Cigars,img/icons/manufacturers/myfather.svg,My Father,mf,img/icons/brands/myfather.svg,The Judge,MF The Judge Toro 6x56,,Toro,6.00,52,Parejo,Ecuadorian Sumatra-Seed,Nicaragua,Nicaragua,Nicaragua,Colorado Maduro,Full,,,,,,,,13.65,313.95,23,89,14.00,149.50,6.50,7.50,,
My Father Cigars,img/icons/manufacturers/myfather.svg,My Father,mf,img/icons/brands/myfather.svg,The Judge,MF The Judge Grand Robusto 5x60,,Robusto Gordo,5.00,60,Parejo,Ecuadorian Sumatra-Seed,Nicaragua,Nicaragua,Nicaragua,Colorado Maduro,Full,,,,,,,FAV,13.95,320.85,23,89,14.00,149.50,6.50,7.50,,
My Father Cigars,img/icons/manufacturers/myfather.svg,My Father,mf,img/icons/brands/myfather.svg,The Judge,MF The Judge Corona Gorda 5.625x46,,Corona Gorda,5.63,46,Parejo,Ecuadorian Sumatra-Seed,Nicaragua,Nicaragua,Nicaragua,Colorado Maduro,Full,,,,,,,,13.60,312.80,23,89,13.60,144.90,6.30,7.30,,
Drew Estate,img/icons/manufacturers/drewestate.svg,Nica Rustica,,img/icons/brands/nicarustica.svg,Broadleaf,Short Robusto,,Short Robusto,4.50,50,Parejo,,,,,,,,,FS,,,,,7.20,180.00,25,89,8.85,98.16,3.93,4.93,Q-01-68-015,40
Drew Estate,img/icons/manufacturers/drewestate.svg,Nica Rustica,,img/icons/brands/nicarustica.svg,Shade,Short Robusto,,Short Robusto,4.50,50,Parejo,,,,,,,,,FS,,,,,7.20,180.00,25,89,8.85,98.16,3.93,4.93,Q-01-68-041,32
Drew Estate,img/icons/manufacturers/drewestate.svg,Nica Rustica,,img/icons/brands/nicarustica.svg,Adobe,Robusto,,Robusto,5.00,54,Parejo,,,,,,,,,FS,,,,,7.50,187.50,25,89,9.15,101.91,4.08,5.08,Q-01-68-017,32
Drew Estate,img/icons/manufacturers/drewestate.svg,Nica Rustica,,img/icons/brands/nicarustica.svg,Broadleaf,El Brujito,,Toro,6.00,52,Parejo,,,,,,,,,FS,,,,,8.00,200.00,25,89,9.65,108.16,4.33,5.33,Q-01-68-007,30
Drew Estate,img/icons/manufacturers/drewestate.svg,Nica Rustica,,img/icons/brands/nicarustica.svg,Adobe,Toro,,Toro,6.00,52,Parejo,,,,,,,,,FS,,,,,8.00,200.00,25,89,9.65,108.16,4.33,5.33,Q-01-68-016,24
Drew Estate,img/icons/manufacturers/drewestate.svg,Nica Rustica,,img/icons/brands/nicarustica.svg,Shade,Toro,,Toro,6.00,50,Parejo,,,,,,,,,FS,,,,,8.00,200.00,25,89,9.65,108.16,4.33,5.33,Q-01-68-040,24
Drew Estate,img/icons/manufacturers/drewestate.svg,Nica Rustica,,img/icons/brands/nicarustica.svg,Adobe,Gordo,,Gordo,6.00,60,Parejo,,,,,,,,,FS,,,,,8.20,205.00,25,89,9.85,110.66,4.43,5.43,Q-01-68-018,24
Drew Estate,img/icons/manufacturers/drewestate.svg,Nica Rustica,,img/icons/brands/nicarustica.svg,Broadleaf,Gordo,,Gordo,6.00,60,Parejo,,,,,,,,,FS,,,,,8.20,205.00,25,89,9.85,110.66,4.43,5.43,Q-01-68-038,24
Drew Estate,img/icons/manufacturers/drewestate.svg,Nica Rustica,,img/icons/brands/nicarustica.svg,Shade,Gordo,,Gordo,5.00,66,Parejo,,,,,,,,,FS,,,,,8.20,205.00,25,89,9.85,110.66,4.43,5.43,Q-01-68-039,18
Oliva,img/icons/manufacturers/oliva.svg,NUB,,img/icons/brands/nub.svg,NUB,460 Cameroon Tubo,,Short Gordo,4.00,60,Parejo,,,,,,,,Tubo,,,,,,11.28,135.30,12,89,11.28,61.65,5.14,6.14,TNCA021,
Oliva,img/icons/manufacturers/oliva.svg,NUB,,img/icons/brands/nub.svg,NUB,460 Connecticut Tubo,,Short Gordo,4.00,60,Parejo,,,,,,,,Tubo,,,,,,12.90,154.76,12,89,12.90,71.38,5.95,6.95,TNCO021,
Oliva,img/icons/manufacturers/oliva.svg,NUB,,img/icons/brands/nub.svg,NUB,460 NUB Habano Tubo,,Short Gordo,4.00,60,Parejo,,,,,,,,Tubo,,,,,,12.90,154.76,12,89,12.90,71.38,5.95,6.95,TNHA021,
Oliva,img/icons/manufacturers/oliva.svg,NUB,,img/icons/brands/nub.svg,NUB,460 Maduro Tubo,,Short Gordo,4.00,60,Parejo,,,,,,,,Tubo,,,,,,13.80,165.58,12,89,13.80,76.79,6.40,7.40,TNMA011,
Oliva,img/icons/manufacturers/oliva.svg,NUB,,img/icons/brands/nub.svg,Nub Nuance Double Roast,Nub Nuance Double Roast 3.75x54,,Short Gordo,3.75,54,Parejo,,,,,,,,,FS,,,,,9.98,199.52,20,89,9.98,89.76,4.49,5.49,TAMC030,
Oliva,img/icons/manufacturers/oliva.svg,NUB,,img/icons/brands/nub.svg,Nub Nuance Single Roast,Nub Nuance Single Roast 3.75x54,,Short Gordo,3.75,54,Parejo,,,,,,,,,FS,,,,,9.98,199.52,20,89,9.98,89.76,4.49,5.49,TACP030,
Oliva,img/icons/manufacturers/oliva.svg,NUB,,img/icons/brands/nub.svg,Nub Nuance Triple Roast,Nub Nuance Triple Roast 3.75x54,,Short Gordo,3.75,54,Parejo,,,,,,,,,FS,,,,,9.98,199.52,20,89,9.98,89.76,4.49,5.49,TAEP030,
Oliva,img/icons/manufacturers/oliva.svg,NUB,,img/icons/brands/nub.svg,Nub Nuance Double Roast,Nub Nuance Double Roast 4x60,,Short Gordo,4.00,60,Parejo,,,,,,,,,FS,,,,,11.49,229.82,20,89,11.49,104.91,5.25,6.25,TAMC040,
Oliva,img/icons/manufacturers/oliva.svg,NUB,,img/icons/brands/nub.svg,Nub Nuance Single Roast,Nub Nuance Single Roast 4x60,,Short Gordo,4.00,60,Parejo,,,,,,,,,FS,,,,,11.49,229.82,20,89,11.49,104.91,5.25,6.25,TACP040,
Oliva,img/icons/manufacturers/oliva.svg,NUB,,img/icons/brands/nub.svg,Nub Nuance Triple Roast,Nub Nuance Triple Roast 4x60,,Short Gordo,4.00,60,Parejo,,,,,,,,,FS,,,,,11.49,229.82,20,89,11.49,104.91,5.25,6.25,TAEP040,
Oliva,img/icons/manufacturers/oliva.svg,NUB,,img/icons/brands/nub.svg,NUB,358 CAMEROON,,Short Gordo,3.00,58,Parejo,,,,,,,,,,,,,,9.38,225.16,24,89,9.38,100.58,4.19,5.19,TNCA010,
Oliva,img/icons/manufacturers/oliva.svg,NUB,,img/icons/brands/nub.svg,NUB,460 CAMEROON,,Short Gordo,4.00,60,Parejo,,,,,,,,,,,,,,9.74,233.82,24,89,9.74,104.91,4.37,5.37,TNCA020,
Oliva,img/icons/manufacturers/oliva.svg,NUB,,img/icons/brands/nub.svg,NUB,354 CONNECTICUT,,Short Gordo,3.00,54,Parejo,,,,,,,,,,,,,,9.74,233.82,24,89,9.74,104.91,4.37,5.37,TNCO040,
Oliva,img/icons/manufacturers/oliva.svg,NUB,,img/icons/brands/nub.svg,NUB,460 NUB CAIN HABANO ,,Short Gordo,4.00,60,Parejo,,,,,,,,,,,,,,10.37,248.96,24,89,10.37,112.48,4.69,5.69,TNCH010,
Oliva,img/icons/manufacturers/oliva.svg,NUB,,img/icons/brands/nub.svg,NUB,460 NUB CAIN MADURO,,Short Gordo,4.00,60,Parejo,,,,,,,,,,,,,,10.37,248.96,24,89,10.37,112.48,4.69,5.69,TNCM010,
Oliva,img/icons/manufacturers/oliva.svg,NUB,,img/icons/brands/nub.svg,NUB,358 CONNECTICUT,,Short Gordo,3.00,58,Parejo,,,,,,,,,,,,,,10.73,257.60,24,89,10.73,116.80,4.87,5.87,TNCO010,
Oliva,img/icons/manufacturers/oliva.svg,NUB,,img/icons/brands/nub.svg,NUB,358 HABANO,,Short Gordo,3.00,58,Parejo,,,,,,,,,,,,,,10.73,257.60,24,89,10.73,116.80,4.87,5.87,TNHA010,
Oliva,img/icons/manufacturers/oliva.svg,NUB,,img/icons/brands/nub.svg,NUB,460 CONNECTICUT,,Short Gordo,4.00,60,Parejo,,,,,,,,,,,,,,11.09,266.26,24,89,11.09,121.13,5.05,6.05,TNCO020,
Oliva,img/icons/manufacturers/oliva.svg,NUB,,img/icons/brands/nub.svg,NUB,460 HABANO,,Short Gordo,4.00,60,Parejo,,,,,,,,,,,,,,11.09,266.26,24,89,11.09,121.13,5.05,6.05,TNHA020,
Oliva,img/icons/manufacturers/oliva.svg,NUB,,img/icons/brands/nub.svg,NUB,460 NUB CAIN F,,Short Gordo,4.00,60,Parejo,,,,,,,,,,,,,,11.09,266.26,24,89,11.09,121.13,5.05,6.05,TNCF010,
Oliva,img/icons/manufacturers/oliva.svg,NUB,,img/icons/brands/nub.svg,NUB,460 MADURO,,Short Gordo,4.00,60,Parejo,,,,,,,,,,,,,,12.18,292.22,24,89,12.18,134.11,5.59,6.59,TNMA010,
Oliva,img/icons/manufacturers/oliva.svg,NUB,,img/icons/brands/nub.svg,NUB,466 HABANO,,Short Gordo,4.00,66,Parejo,,,,,,,,,,,,,,13.80,331.14,24,89,13.80,153.57,6.40,7.40,TNHA040,
Oliva,img/icons/manufacturers/oliva.svg,NUB,,img/icons/brands/nub.svg,NUB,464T CAMEROON,,Torpedo,4.00,64,Torpedo,,,,,,,,,,,,,,10.73,257.60,24,89,10.73,116.80,4.87,5.87,TNCA030,
Oliva,img/icons/manufacturers/oliva.svg,NUB,,img/icons/brands/nub.svg,NUB,4X64T CONNECTICUT,,Torpedo,4.00,64,Torpedo,,,,,,,,,,,,,,12.00,287.88,24,89,12.00,131.94,5.50,6.50,TNCO030,
Oliva,img/icons/manufacturers/oliva.svg,NUB,,img/icons/brands/nub.svg,NUB,464T HABANO,,Torpedo,4.00,64,Torpedo,,,,,,,,,,,,,,12.00,287.88,24,89,12.00,131.94,5.50,6.50,TNHA030,
Oliva,img/icons/manufacturers/oliva.svg,NUB,,img/icons/brands/nub.svg,NUB,466T BOX PRESS CAMEROON,,Torpedo,4.00,66,Torpedo,,,,,,,,,,,,,,12.36,296.54,24,89,12.36,136.27,5.68,6.68,TNCA040,
Oliva,img/icons/manufacturers/oliva.svg,NUB,,img/icons/brands/nub.svg,NUB,464 MADURO TORPEDO,,Torpedo,4.00,64,Torpedo,,,,,,,,,,,,,,12.99,311.68,24,89,12.99,143.84,5.99,6.99,TNMA020,
Oliva,img/icons/manufacturers/oliva.svg,NUB,,img/icons/brands/nub.svg,Nub Nuance Double Roast,Nub Nuance Double Roast 4x38,,Cigarillo,4.00,38,Parejo,,,,,,,,,FS,,,,,7.32,182.90,25,89,7.32,78.95,3.16,4.16,TAMC020,
Oliva,img/icons/manufacturers/oliva.svg,NUB,,img/icons/brands/nub.svg,Nub Nuance Single Roast,Nub Nuance Single Roast 4x38,,Cigarillo,4.00,38,Parejo,,,,,,,,,FS,,,,,7.32,182.90,25,89,7.32,78.95,3.16,4.16,TACP020,
Oliva,img/icons/manufacturers/oliva.svg,NUB,,img/icons/brands/nub.svg,Nub Nuance Triple Roast,Nub Nuance Triple Roast 4x38,,Cigarillo,4.00,38,Parejo,,,,,,,,,FS,,,,,7.32,182.90,25,89,7.32,78.95,3.16,4.16,TAEP020,
Oliva,img/icons/manufacturers/oliva.svg,Oliva,,img/icons/brands/oliva.svg,Accessories,NUB WHITE ASHTRAY,,n/a,n/a,n/a,n/a,,,,,,,,,,,,,,45.10,,1,89,45.10,22.05,22.05,23.05,PNAC004,
Oliva,img/icons/manufacturers/oliva.svg,Oliva,,img/icons/brands/oliva.svg,Accessories,Ashtray OLIVA GOLD/BROWN ROUND,,n/a,n/a,n/a,n/a,,,,,,,,,,,,,,47.30,,1,89,47.30,23.15,23.15,24.15,POAC027,
Oliva,img/icons/manufacturers/oliva.svg,Oliva,,img/icons/brands/oliva.svg,Accessories,NUB TORCH LIGHTER,,n/a,n/a,n/a,n/a,,,,,,,,,,,,,,67.16,,1,89,67.16,33.08,33.08,34.08,PNAC001,
Oliva,img/icons/manufacturers/oliva.svg,Oliva,,img/icons/brands/oliva.svg,Samplers,NUB SAMPLER (4),,,4.00,,,,,,,,,,,,,Pack,,,16.14,,4,89,16.14,30.28,7.57,8.57,TNSA004,
Oliva,img/icons/manufacturers/oliva.svg,Oliva,,img/icons/brands/oliva.svg,Samplers,CAIN VAR SAMPLER (5),,,5.00,,,,,,,,,,,,,,,,10.08,,5,89,10.08,22.71,4.54,5.54,TCSA002,
Oliva,img/icons/manufacturers/oliva.svg,Oliva,,img/icons/brands/oliva.svg,NEOS,Neos Exotic Blue,,,10.00,,,,,,,,,,,FS,,,,,9.40,94.00,10,89,9.40,42.00,4.20,5.20,MENE003,
Oliva,img/icons/manufacturers/oliva.svg,Oliva,,img/icons/brands/oliva.svg,NEOS,Neos Exotic Filter,,,10.00,,,,,,,,,,,FS,,,,,9.40,94.00,10,89,9.40,42.00,4.20,5.20,MENE004,
Oliva,img/icons/manufacturers/oliva.svg,Oliva,,img/icons/brands/oliva.svg,NEOS,Neos Red Vanilla,,,10.00,,,,,,,,,,,FS,,,,,9.61,96.10,10,89,9.61,43.05,4.31,5.31,MENF001,
Oliva,img/icons/manufacturers/oliva.svg,Oliva,,img/icons/brands/oliva.svg,NEOS,Neos Ruby Cherry,,,10.00,,,,,,,,,,,FS,,,,,9.61,96.10,10,89,9.61,43.05,4.31,5.31,MENF002,
Oliva,img/icons/manufacturers/oliva.svg,Oliva,,img/icons/brands/oliva.svg,NEOS,Neos Mini Java,,,10.00,,,,,,,,,,,FS,,,,,9.61,96.10,10,89,9.61,43.05,4.31,5.31,MENM009,
Oliva,img/icons/manufacturers/oliva.svg,Oliva,,img/icons/brands/oliva.svg,NEOS,Neos Cappriccio,,,10.00,,,,,,,,,,,FS,,,,,9.61,96.10,10,89,9.61,43.05,4.31,5.31,MENS001,
Oliva,img/icons/manufacturers/oliva.svg,Oliva,,img/icons/brands/oliva.svg,NEOS,Neos Brown Chocolate,,,10.00,,,,,,,,,,,FS,,,,,9.61,96.10,10,89,9.61,43.05,4.31,5.31,MENS002,
Oliva,img/icons/manufacturers/oliva.svg,Oliva,,img/icons/brands/oliva.svg,Serie G,Serie G Toro Tubo 6x50,,Toro,6.00,50,Parejo,,,,,,,,,,,,,,10.52,105.18,10,89,10.52,47.59,4.76,5.76,TOGX070,
Oliva,img/icons/manufacturers/oliva.svg,Oliva,,img/icons/brands/oliva.svg,Serie O,Serie O Robusto Tubo 5x50,,Robusto,5.00,50,Parejo,,,,,,,,,,,,,,11.38,113.82,10,89,11.38,51.91,5.19,6.19,TOOX030,
Oliva,img/icons/manufacturers/oliva.svg,Oliva,,img/icons/brands/oliva.svg,Serie O,Serie O Toro Tubo 6x50,,Toro,6.00,50,Parejo,,,,,,,,,,,,,,11.82,118.16,10,89,11.82,54.08,5.41,6.41,TOOX080,
Oliva,img/icons/manufacturers/oliva.svg,Oliva,,img/icons/brands/oliva.svg,Serie O,Serie O Double Toro 6x60,,Gordo,6.00,60,Parejo,,,,,,,,,,,,,,13.33,133.30,10,89,13.33,61.65,6.17,7.17,TOOX090,
Oliva,img/icons/manufacturers/oliva.svg,Oliva,,img/icons/brands/oliva.svg,Serie O Maduro,Serie O Maduro Double Toro 6x60,,Gordo,6.00,60,Parejo,,,,,,,,,,,,,,15.06,150.60,10,89,15.06,70.30,7.03,8.03,TOOM030,
Oliva,img/icons/manufacturers/oliva.svg,Oliva,,img/icons/brands/oliva.svg,Serie V Maduro,Serie V Maduro 5x54 Double Robusto,,Robusto Gordo,5.00,54,Parejo,,,,,,,,,,,,,,13.76,137.62,10,89,13.76,63.81,6.38,7.38,TOVM070,
Oliva,img/icons/manufacturers/oliva.svg,Oliva,,img/icons/brands/oliva.svg,Serie V Maduro,Serie V Maduro Toro 6x50,,Toro,6.00,50,Parejo,,,,,,,,,,,,,,15.06,150.60,10,89,15.06,70.30,7.03,8.03,TOVM060,
Oliva,img/icons/manufacturers/oliva.svg,Oliva,,img/icons/brands/oliva.svg,Serie V Maduro,Serie V Maduro Double Toro 6x60,,Gordo,6.00,60,Parejo,,,,,,,,,,,,,,15.92,159.24,10,89,15.92,74.62,7.46,8.46,TOVM082,
Oliva,img/icons/manufacturers/oliva.svg,Oliva,,img/icons/brands/oliva.svg,Serie V Maduro,Serie V Maduro Torpedo 6x54,,Torpedo,6.00,54,Torpedo,,,,,,,,,,,,,,15.49,154.92,10,89,15.49,72.46,7.25,8.25,TOVM050,
Oliva,img/icons/manufacturers/oliva.svg,Oliva,,img/icons/brands/oliva.svg,Serie V Melanio,Serie V Melanio Figurado,,Figurado,6.50,52,Figurado,,,,,,,,,,,,,,22.17,221.68,10,89,22.17,105.84,10.58,11.58,TOVE040,
Oliva,img/icons/manufacturers/oliva.svg,Oliva,,img/icons/brands/oliva.svg,Serie V Melanio,Serie V Melanio No. 4 Petit Corona 4.5x46,,Petit Corona,4.50,46,Parejo,,,,,,,,,,,,,,12.91,129.08,10,89,12.91,59.54,5.95,6.95,TOVE010,
Oliva,img/icons/manufacturers/oliva.svg,Oliva,,img/icons/brands/oliva.svg,Serie V Melanio,Serie V Melanio Robusto 5x52 ,,Robusto,5.00,52,Parejo,,,,,,,,,,,,,,15.55,155.54,10,89,15.55,72.77,7.28,8.28,TOVE020,
Oliva,img/icons/manufacturers/oliva.svg,Oliva,,img/icons/brands/oliva.svg,Serie V Melanio,Serie V Melanio 2025 Limitada Double Robusto 5x54,,Robusto,5.00,54,Parejo,,,,,,,,,,,,,,19.00,190.00,10,89,19.00,90.00,9.00,10.00,TOVE277,
Oliva,img/icons/manufacturers/oliva.svg,Oliva,,img/icons/brands/oliva.svg,Serie V Melanio,Serie V Melanio Toro 6x52,,Toro,6.00,52,Parejo,,,,,,,,,,,,,,19.52,195.22,10,89,19.52,92.61,9.26,10.26,TOVE100,
Oliva,img/icons/manufacturers/oliva.svg,Oliva,,img/icons/brands/oliva.svg,Serie V Melanio,Serie V Melanio Churchill 7x50,,Churchill,7.00,50,Parejo,,,,,,,,,,,,,,20.62,206.24,10,89,20.62,98.12,9.81,10.81,TOVE050,
Oliva,img/icons/manufacturers/oliva.svg,Oliva,,img/icons/brands/oliva.svg,Serie V Melanio,Serie V Melanio Double Toro 6x60,,Gordo,6.00,60,Parejo,,,,,,,,,,,,,,22.17,221.68,10,89,22.17,105.84,10.58,11.58,TOVE060,
Oliva,img/icons/manufacturers/oliva.svg,Oliva,,img/icons/brands/oliva.svg,Serie V Melanio,Serie V Melanio Torpedo,,Torpedo,6.50,52,Torpedo,,,,,,,,,,,,,,20.62,206.24,10,89,20.62,98.12,9.81,10.81,TOVE030,
Oliva,img/icons/manufacturers/oliva.svg,Oliva,,img/icons/brands/oliva.svg,Serie V Melanio Maduro,Serie V Melanio Maduro Figurado,,Figurado,6.50,52,Figurado,,,,,,,,,,,,,,22.17,221.68,10,89,22.17,105.84,10.58,11.58,TOVL040,
Oliva,img/icons/manufacturers/oliva.svg,Oliva,,img/icons/brands/oliva.svg,Serie V Melanio Maduro,Serie V Melanio Maduro No. 4 Petit Corona 4.5x46,,Petit Corona,4.50,46,Parejo,,,,,,,,,,,,,,12.91,129.08,10,89,12.91,59.54,5.95,6.95,TOVL110,
Oliva,img/icons/manufacturers/oliva.svg,Oliva,,img/icons/brands/oliva.svg,Serie V Melanio Maduro,Serie V Melanio Maduro Robusto 5x52 ,,Robusto,5.00,52,Parejo,,,,,,,,,,,,,,15.55,155.54,10,89,15.55,72.77,7.28,8.28,TOVL010,
Oliva,img/icons/manufacturers/oliva.svg,Oliva,,img/icons/brands/oliva.svg,Serie V Melanio Maduro,Serie V Melanio Maduro Toro 6x52,,Toro,6.00,52,Parejo,,,,,,,,,,,,,FAV,19.52,195.22,10,89,19.52,92.61,9.26,10.26,TOVL100,
Oliva,img/icons/manufacturers/oliva.svg,Oliva,,img/icons/brands/oliva.svg,Serie V Melanio Maduro,Serie V Melanio Maduro Churchill 7x50,,Churchill,7.00,50,Parejo,,,,,,,,,,,,,,20.62,206.24,10,89,20.62,98.12,9.81,10.81,TOVL030,
Oliva,img/icons/manufacturers/oliva.svg,Oliva,,img/icons/brands/oliva.svg,Serie V Melanio Maduro,Serie V Melanio Maduro Double Toro 6x60,,Gordo,6.00,60,Parejo,,,,,,,,,,,,,FAV,22.17,221.68,10,89,22.17,105.84,10.58,11.58,TOVL060,
Oliva,img/icons/manufacturers/oliva.svg,Oliva,,img/icons/brands/oliva.svg,Serie V Melanio Maduro,Serie V Melanio Maduro Torpedo,,Torpedo,6.50,52,Torpedo,,,,,,,,,,,,,,20.62,206.24,10,89,20.62,98.12,9.81,10.81,TOVL020,
Oliva,img/icons/manufacturers/oliva.svg,Oliva,,img/icons/brands/oliva.svg,Serie V,Serie V 135th Anniversary Figurado 5.75x54,,Figurado,5.75,54,Figurado,,,,,,,,,,,,,,15.14,181.70,12,89,15.14,84.85,7.07,8.07,TOVX190,
Oliva,img/icons/manufacturers/oliva.svg,Oliva,,img/icons/brands/oliva.svg,Serie V,Serie V 5x54 Double Robusto Tubos,,Robusto Gordo,5.00,54,Parejo,,,,,,,,,,,,,,14.88,178.56,12,89,14.88,83.28,6.94,7.94,TOVX011,
Oliva,img/icons/manufacturers/oliva.svg,Oliva,,img/icons/brands/oliva.svg,Connecticut Reserva,Connecticut Reserva Toro Tubo 6x50,,Toro,6.00,50,Parejo,,,,,,,,,,,,,,7.81,156.26,20,89,7.81,68.13,3.41,4.41,TOCE021,
Oliva,img/icons/manufacturers/oliva.svg,Oliva,,img/icons/brands/oliva.svg,Connecticut Reserva,Connecticut Reserva Double Toro 6x60,,Gordo,6.00,60,Parejo,,,,,,,,,,,,,,8.14,162.76,20,89,8.14,71.38,3.57,4.57,TOCE060,
Oliva,img/icons/manufacturers/oliva.svg,Oliva,,img/icons/brands/oliva.svg,Connecticut Reserva,Connecticut Reserva Lonsdale 6.5x44,,Lonsdale,6.50,44,Parejo,,,,,,,,,,,,,,10.52,210.34,20,89,10.52,95.17,4.76,5.76,TOCE050,
Oliva,img/icons/manufacturers/oliva.svg,Oliva,,img/icons/brands/oliva.svg,Connecticut Reserva,Connecticut Reserva Robusto 5x50,,Robusto,5.00,50,Parejo,,,,,,,,,,,,,,10.73,214.68,20,89,10.73,97.34,4.87,5.87,TOCE010,
Oliva,img/icons/manufacturers/oliva.svg,Oliva,,img/icons/brands/oliva.svg,Connecticut Reserva,Connecticut Reserva Toro 6x50,,Toro,6.00,50,Parejo,,,,,,,,,,,,,,12.68,253.60,20,89,12.68,116.80,5.84,6.84,TOCE020,
Oliva,img/icons/manufacturers/oliva.svg,Oliva,,img/icons/brands/oliva.svg,Connecticut Reserva,Connecticut Reserva Churchill 7x50,,Churchill,7.00,50,Parejo,,,,,,,,,,,,,,14.52,290.38,20,89,14.52,135.19,6.76,7.76,TOCE030,
Oliva,img/icons/manufacturers/oliva.svg,Oliva,,img/icons/brands/oliva.svg,Connecticut Reserva,Connecticut Reserva Torpedo 6.5x52,,Torpedo,6.50,52,Torpedo,,,,,,,,,,,,,,14.52,290.38,20,89,14.52,135.19,6.76,7.76,TOCE040,
Oliva,img/icons/manufacturers/oliva.svg,Oliva,,img/icons/brands/oliva.svg,Flor Corojo,Flor Corojo Churchill,,Churchill,7.00,50,Parejo,,,,,,,,,,,,,,6.62,132.48,20,89,6.62,56.24,2.81,3.81,TFCR030,
Oliva,img/icons/manufacturers/oliva.svg,Oliva,,img/icons/brands/oliva.svg,Flor Corojo,Flor Corojo Robusto,,Robusto,5.00,50,Parejo,,,,,,,,,,,,,,6.62,132.48,20,89,6.62,56.24,2.81,3.81,TFCR010,
Oliva,img/icons/manufacturers/oliva.svg,Oliva,,img/icons/brands/oliva.svg,Flor Corojo,Flor Corojo Toro,,Toro,6.00,50,Parejo,,,,,,,,,,,,,,6.62,132.48,20,89,6.62,56.24,2.81,3.81,TFCR020,
Oliva,img/icons/manufacturers/oliva.svg,Oliva,,img/icons/brands/oliva.svg,Flor Corojo,Flor Corojo Torpedo,,Torpedo,,,Torpedo,,,,,,,,,,,,,,6.62,132.48,20,89,6.62,56.24,2.81,3.81,TFCR040,
Oliva,img/icons/manufacturers/oliva.svg,Oliva,,img/icons/brands/oliva.svg,Flor de Oliva,Flor de Oliva Robusto,,Robusto,5.00,50,Parejo,,,,,,,,,,,,,,5.54,110.84,20,89,5.54,45.42,2.27,3.27,TFOR040,
Oliva,img/icons/manufacturers/oliva.svg,Oliva,,img/icons/brands/oliva.svg,Flor de Oliva,Flor de Oliva Toro,,Toro,6.00,50,Parejo,,,,,,,,,,,,,,5.54,110.84,20,89,5.54,45.42,2.27,3.27,TFOR050,
Oliva,img/icons/manufacturers/oliva.svg,Oliva,,img/icons/brands/oliva.svg,Flor de Oliva,Flor de Oliva 6.5x44,,Corona Extra,6.50,44,Parejo,,,,,,,,,,,,,,5.54,110.84,20,89,5.54,45.42,2.27,3.27,TFOR030,
Oliva,img/icons/manufacturers/oliva.svg,Oliva,,img/icons/brands/oliva.svg,Flor de Oliva,Flor de Oliva Churchill,,Churchill,7.00,50,Parejo,,,,,,,,,,,,,,5.98,119.50,20,89,5.98,49.75,2.49,3.49,TFOR080,
Oliva,img/icons/manufacturers/oliva.svg,Oliva,,img/icons/brands/oliva.svg,Flor de Oliva,Flor de Oliva 8x52,,Gigante,8.00,52,Parejo,,,,,,,,,,,,,,5.98,119.50,20,89,5.98,49.75,2.49,3.49,TFOR090,
Oliva,img/icons/manufacturers/oliva.svg,Oliva,,img/icons/brands/oliva.svg,Flor Gold,Flor Gold Churchill,,Churchill,7.00,50,Parejo,,,,,,,,,,,,,,6.62,132.48,20,89,6.62,56.24,2.81,3.81,TFGO030,
Oliva,img/icons/manufacturers/oliva.svg,Oliva,,img/icons/brands/oliva.svg,Flor Gold,Flor Gold Robusto,,Robusto,5.00,50,Parejo,,,,,,,,,,,,,,6.62,132.48,20,89,6.62,56.24,2.81,3.81,TFGO010,
Oliva,img/icons/manufacturers/oliva.svg,Oliva,,img/icons/brands/oliva.svg,Flor Gold,Flor Gold Toro,,Toro,6.00,50,Parejo,,,,,,,,,,,,,,6.62,132.48,20,89,6.62,56.24,2.81,3.81,TFGO020,
Oliva,img/icons/manufacturers/oliva.svg,Oliva,,img/icons/brands/oliva.svg,Flor Gold,Flor Gold Torpedo,,Torpedo,,,Torpedo,,,,,,,,,,,,,,6.62,132.48,20,89,6.62,56.24,2.81,3.81,TFGO040,
Oliva,img/icons/manufacturers/oliva.svg,Oliva,,img/icons/brands/oliva.svg,Flor Maduro,Flor Maduro Churchill,,Churchill,7.00,50,Parejo,,,,,,,,,,,,,,6.62,132.48,20,89,6.62,56.24,2.81,3.81,TFMA030,
Oliva,img/icons/manufacturers/oliva.svg,Oliva,,img/icons/brands/oliva.svg,Flor Maduro,Flor Maduro Robusto,,Robusto,5.00,50,Parejo,,,,,,,,,,,,,,6.62,132.48,20,89,6.62,56.24,2.81,3.81,TFMA010,
Oliva,img/icons/manufacturers/oliva.svg,Oliva,,img/icons/brands/oliva.svg,Flor Maduro,Flor Maduro Toro,,Toro,6.00,50,Parejo,,,,,,,,,,,,,,6.62,132.48,20,89,6.62,56.24,2.81,3.81,TFMA020,
Oliva,img/icons/manufacturers/oliva.svg,Oliva,,img/icons/brands/oliva.svg,Flor Maduro,Flor Maduro Torpedo,,Torpedo,,,Torpedo,,,,,,,,,,,,,,6.62,132.48,20,89,6.62,56.24,2.81,3.81,TFMA040,
Oliva,img/icons/manufacturers/oliva.svg,Oliva,,img/icons/brands/oliva.svg,Gilberto Blanc,Gilberto Blanc 5.75x43,,Corona,5.75,43,Parejo,,,,,,,,,,,,,,8.90,177.90,20,89,8.90,78.95,3.95,4.95,TOGB020,
Oliva,img/icons/manufacturers/oliva.svg,Oliva,,img/icons/brands/oliva.svg,Gilberto Blanc,Gilberto Blanc 5x50,,Robusto,5.00,50,Parejo,,,,,,,,,,,,,,9.76,195.20,20,89,9.76,87.60,4.38,5.38,TOGB010,
Oliva,img/icons/manufacturers/oliva.svg,Oliva,,img/icons/brands/oliva.svg,Gilberto Blanc,Gilberto Blanc 6x50,,Toro,6.00,50,Parejo,,,,,,,,,,,,,,10.09,201.70,20,89,10.09,90.85,4.54,5.54,TOGB030,
Oliva,img/icons/manufacturers/oliva.svg,Oliva,,img/icons/brands/oliva.svg,Gilberto Blanc,Gilberto Blanc 7x50,,Churchill,7.00,50,Parejo,,,,,,,,,,,,,,10.52,210.34,20,89,10.52,95.17,4.76,5.76,TOGB050,
Oliva,img/icons/manufacturers/oliva.svg,Oliva,,img/icons/brands/oliva.svg,Gilberto Blanc,Gilberto Blanc 6x52 Torpedo,,Torpedo,6.00,52,Torpedo,,,,,,,,,,,,,,10.52,210.34,20,89,10.52,95.17,4.76,5.76,TOGB040,
Oliva,img/icons/manufacturers/oliva.svg,Oliva,,img/icons/brands/oliva.svg,Gilberto Reserva,Gilberto 5.75x43,,Corona,5.75,43,Parejo,,,,,,,,,,,,,,8.25,164.92,20,89,8.25,72.46,3.62,4.62,TOGR020,
Oliva,img/icons/manufacturers/oliva.svg,Oliva,,img/icons/brands/oliva.svg,Gilberto Reserva,Gilberto 5x50,,Robusto,5.00,50,Parejo,,,,,,,,,,,,,,9.11,182.22,20,89,9.11,81.11,4.06,5.06,TOGR010,
Oliva,img/icons/manufacturers/oliva.svg,Oliva,,img/icons/brands/oliva.svg,Gilberto Reserva,Gilberto 6x50,,Toro,6.00,50,Parejo,,,,,,,,,,,,,,9.44,188.72,20,89,9.44,84.36,4.22,5.22,TOGR030,
Oliva,img/icons/manufacturers/oliva.svg,Oliva,,img/icons/brands/oliva.svg,Gilberto Reserva,Gilberto Churchill 7x50,,Churchill,7.00,50,Parejo,,,,,,,,,,,,,,9.87,197.36,20,89,9.87,88.68,4.43,5.43,TOGR050,
Oliva,img/icons/manufacturers/oliva.svg,Oliva,,img/icons/brands/oliva.svg,Gilberto Reserva,Gilberto 6x52,,Torpedo,6.00,52,Torpedo,,,,,,,,,,,,,,9.87,197.36,20,89,9.87,88.68,4.43,5.43,TOGR040,
Oliva,img/icons/manufacturers/oliva.svg,Oliva,,img/icons/brands/oliva.svg,Master Blends 3,Master Blends 3 Robusto,,Robusto,5.00,50,Parejo,,,,,,,,,,,,,,15.60,312.00,20,89,15.60,146.00,7.30,8.30,TOMB010,
Oliva,img/icons/manufacturers/oliva.svg,Oliva,,img/icons/brands/oliva.svg,Master Blends 3,Master Blends 3 Churchill,,Churchill,7.00,50,Parejo,,,,,,,,,,,,,,18.63,372.56,20,89,18.63,176.28,8.81,9.81,TOMB040,
Oliva,img/icons/manufacturers/oliva.svg,Oliva,,img/icons/brands/oliva.svg,Master Blends 3,Master Blends Torpedo,,Torpedo,6.50,52,Torpedo,,,,,,,,,,,,,,20.14,402.86,20,89,20.14,191.43,9.57,10.57,TOMB030,
Oliva,img/icons/manufacturers/oliva.svg,Oliva,,img/icons/brands/oliva.svg,Serie O,Serie O Corona 6x46,,Corona,6.00,46,Parejo,,,,,,,,,,,,,,10.09,201.70,20,89,10.09,90.85,4.54,5.54,TOOX060,
Oliva,img/icons/manufacturers/oliva.svg,Oliva,,img/icons/brands/oliva.svg,Serie O,Serie O Robusto 5x50,,Robusto,5.00,50,Parejo,,,,,,,,,,,,,,10.09,201.70,20,89,10.09,90.85,4.54,5.54,TOOX020,
Oliva,img/icons/manufacturers/oliva.svg,Oliva,,img/icons/brands/oliva.svg,Serie O,Serie O Toro 6x50,,Toro,6.00,50,Parejo,,,,,,,,,,,,,,10.84,216.84,20,89,10.84,98.42,4.92,5.92,TOOX070,
Oliva,img/icons/manufacturers/oliva.svg,Oliva,,img/icons/brands/oliva.svg,Serie O,Serie O Churchill 7x50,,Churchill,7.00,50,Parejo,,,,,,,,,,,,,,11.49,229.82,20,89,11.49,104.91,5.25,6.25,TOOX110,
Oliva,img/icons/manufacturers/oliva.svg,Oliva,,img/icons/brands/oliva.svg,Serie O,Serie O Perfecto 5x55,,Perfecto,5.00,55,Perfecto,,,,,,,,,,,,,,12.57,251.44,20,89,12.57,115.72,5.79,6.79,TOOX040,
Oliva,img/icons/manufacturers/oliva.svg,Oliva,,img/icons/brands/oliva.svg,Serie O,Serie O Torpedo 6.5x52,,Torpedo,6.50,62,Torpedo,,,,,,,,,,,,,,11.49,229.82,20,89,11.49,104.91,5.25,6.25,TOOX100,
Oliva,img/icons/manufacturers/oliva.svg,Oliva,,img/icons/brands/oliva.svg,Serie O Maduro,Serie O Maduro Robusto 5x50,,Robusto,5.00,50,Parejo,,,,,,,,,,,,,,11.82,236.30,20,89,11.82,108.15,5.41,6.41,TOOM010,
Oliva,img/icons/manufacturers/oliva.svg,Oliva,,img/icons/brands/oliva.svg,Serie O Maduro,Serie O Maduro Churchill 7x50,,Churchill,7.00,50,Parejo,,,,,,,,,,,,,,12.68,253.60,20,89,12.68,116.80,5.84,6.84,TOOM040,
Oliva,img/icons/manufacturers/oliva.svg,Oliva,,img/icons/brands/oliva.svg,Serie O Maduro,Serie O Maduro Double Robusto 5x54,,Robusto Gordo,5.00,54,Parejo,,,,,,,,,,,,,,13.01,260.10,20,89,13.01,120.05,6.00,7.00,TOOM070,
Oliva,img/icons/manufacturers/oliva.svg,Oliva,,img/icons/brands/oliva.svg,Serie O Maduro,Serie O Maduro Torpedo 6.5x52,,Torpedo,6.50,52,Torpedo,,,,,,,,,,,,,,13.22,264.42,20,89,13.22,122.21,6.11,7.11,TOOM020,
Oliva,img/icons/manufacturers/oliva.svg,Oliva,,img/icons/brands/oliva.svg,Serie G Maduro,Serie G Maduro Belicoso 5x52,,Belicoso,5.00,52,Belicoso,,,,,,,,,,,,,,9.92,238.14,24,89,9.92,107.07,4.46,5.46,TOGM030,
Oliva,img/icons/manufacturers/oliva.svg,Oliva,,img/icons/brands/oliva.svg,Serie G Maduro,Serie G Maduro Robusto 4.5x50,,Robusto,4.50,50,Parejo,,,,,,,,,,,,,,9.47,227.32,24,89,9.47,101.66,4.24,5.24,TOGM020,
Oliva,img/icons/manufacturers/oliva.svg,Oliva,,img/icons/brands/oliva.svg,Serie G Maduro,Serie G Maduro Churchill 7x50,,Churchill,7.00,50,Parejo,,,,,,,,,,,,,,10.10,242.46,24,89,10.10,109.23,4.55,5.55,TOGM060,
Oliva,img/icons/manufacturers/oliva.svg,Oliva,,img/icons/brands/oliva.svg,Serie G Maduro,Serie G Maduro Perfecto 5.75x54,,Perfecto,5.75,54,Perfecto,,,,,,,,,,,,,,11.00,264.10,24,89,11.00,120.05,5.00,6.00,TOGM040,
Oliva,img/icons/manufacturers/oliva.svg,Oliva,,img/icons/brands/oliva.svg,Serie G Maduro,Serie G Maduro Presidente 8x52,,Presidente,8.00,52,Presidente,,,,,,,,,,,,,,11.09,266.26,24,89,11.09,121.13,5.05,6.05,TOGM070,
Oliva,img/icons/manufacturers/oliva.svg,Oliva,,img/icons/brands/oliva.svg,Serie G Maduro,Serie G Maduro Torpedo 6.5x52,,Torpedo,6.50,52,Torpedo,,,,,,,,,,,,,,10.64,255.44,24,89,10.64,115.72,4.82,5.82,TOGM050,
Oliva,img/icons/manufacturers/oliva.svg,Oliva,,img/icons/brands/oliva.svg,Serie V,Serie V Belicoso 5x54,,Belicoso,5.00,54,Belicoso,,,,,,,,,,,,,,13.17,316.00,24,89,13.17,146.00,6.08,7.08,TOVX070,
Oliva,img/icons/manufacturers/oliva.svg,Oliva,,img/icons/brands/oliva.svg,Serie V,Serie V Special Figurado 6.5x60,,Figurado,6.50,60,Figurado,,,,,,,,,,,,,,18.03,432.80,24,89,18.03,204.40,8.52,9.52,TOVX050,
Oliva,img/icons/manufacturers/oliva.svg,Oliva,,img/icons/brands/oliva.svg,Serie V,Serie V No. 4 Petit Corona 5x43,,Petit Corona,5.00,43,Parejo,,,,,,,,,,,,,,10.55,253.28,24,89,10.55,114.64,4.78,5.78,TOVX110,
Oliva,img/icons/manufacturers/oliva.svg,Oliva,,img/icons/brands/oliva.svg,Serie V,Serie V 5x54 Double Robusto,,Robusto Gordo,5.00,54,Parejo,,,,,,,,,,,,,,13.17,316.00,24,89,13.17,146.00,6.08,7.08,TOVX010,
Oliva,img/icons/manufacturers/oliva.svg,Oliva,,img/icons/brands/oliva.svg,Serie V,Serie V Double Toro 6x60,,Gordo,6.00,60,Parejo,,,,,,,,,,,,,,16.05,385.22,24,89,16.05,180.61,7.53,8.53,TOVX030,
Oliva,img/icons/manufacturers/oliva.svg,Oliva,,img/icons/brands/oliva.svg,Serie V,Serie V Churchill Extra 7x52,,Churchill,7.00,52,Parejo,,,,,,,,,,,,,,16.50,396.04,24,89,16.50,186.02,7.75,8.75,TOVX040,
Oliva,img/icons/manufacturers/oliva.svg,Oliva,,img/icons/brands/oliva.svg,Serie V,Serie V Torpedo 6x54,,Torpedo,6.00,56,Torpedo,,,,,,,,,,,,,,15.51,372.24,24,89,15.51,174.12,7.26,8.26,TOVX020,
Oliva,img/icons/manufacturers/oliva.svg,Oliva,,img/icons/brands/oliva.svg,Serie G,Serie G Belicoso 5x52,,Belicoso,5.00,52,Belicoso,,,,,,,,,,,,,,9.39,234.82,25,89,9.39,104.91,4.20,5.20,TOGX030,
Oliva,img/icons/manufacturers/oliva.svg,Oliva,,img/icons/brands/oliva.svg,Serie G,Serie G Figurado 6.5x60,,Figurado,6.50,60,Figurado,,,,,,,,,,,,,,10.60,265.10,25,89,10.60,120.05,4.80,5.80,TOGX090,
Oliva,img/icons/manufacturers/oliva.svg,Oliva,,img/icons/brands/oliva.svg,Serie G,Serie G Robusto 4.5x50,,Robusto,4.50,50,Parejo,,,,,,,,,,,,,,9.22,230.48,25,89,9.22,102.74,4.11,5.11,TOGX020,
Oliva,img/icons/manufacturers/oliva.svg,Oliva,,img/icons/brands/oliva.svg,Serie G,Serie G Churchill 7x50,,Churchill,7.00,50,Parejo,,,,,,,,,,,,,,9.57,239.14,25,89,9.57,107.07,4.28,5.28,TOGX100,
Oliva,img/icons/manufacturers/oliva.svg,Oliva,,img/icons/brands/oliva.svg,Serie G,Serie G Toro 6x50,,Toro,6.00,50,Parejo,,,,,,,,,,,,,,9.57,239.14,25,89,9.57,107.07,4.28,5.28,TOGX060,
Oliva,img/icons/manufacturers/oliva.svg,Oliva,,img/icons/brands/oliva.svg,Serie G,Serie G 5x54 Double Robusto,,Gordo,5.00,54,Parejo,,,,,,,,,,,,,,11.12,278.08,25,89,11.12,126.54,5.06,6.06,TOGX040,
Oliva,img/icons/manufacturers/oliva.svg,Oliva,,img/icons/brands/oliva.svg,Serie G,Serie G Torpedo 6.5x52,,Torpedo,6.00,52,Torpedo,,,,,,,,,,,,,,9.57,239.14,25,89,9.57,107.07,4.28,5.28,TOGX080,
Oliva,img/icons/manufacturers/oliva.svg,Oliva,,img/icons/brands/oliva.svg,Connecticut Reserva,Connecticut Reserva 4x38 Petit Corona,,Petit Corona,4.00,38,Parejo,,,,,,,,,,,,,,8.35,250.62,30,89,8.35,110.31,3.68,4.68,TOCE070,
Oliva,img/icons/manufacturers/oliva.svg,Oliva,,img/icons/brands/oliva.svg,Serie O,Serie O No. 4 Petit Corona 5x43,,Petit Corona,5.00,43,Parejo,,,,,,,,,,,,,,8.79,263.60,30,89,8.79,116.80,3.89,4.89,TOOX050,
Oliva,img/icons/manufacturers/oliva.svg,Oliva,,img/icons/brands/oliva.svg,Serie V,Serie V Lancero 7x38,,Lancero,7.00,38,Parejo,,,,,,,,,,,,,,12.18,438.32,36,89,12.18,201.16,5.59,6.59,TOVX060,
Oliva,img/icons/manufacturers/oliva.svg,Oliva,,img/icons/brands/oliva.svg,Serie G,Serie G Special G 3.75x48,,Petit Corona,3.75,48,Parejo,,,,,,,,,,,,,,7.80,374.62,48,89,7.80,163.31,3.40,4.40,TOGX010,
Oliva,img/icons/manufacturers/oliva.svg,Oliva,,img/icons/brands/oliva.svg,Serie G Maduro,Serie G Maduro Special G 3.75x48,,Petit Corona,3.75,48,Parejo,,,,,,,,,,,,,,7.89,378.94,48,89,7.89,165.47,3.45,4.45,TOGM010,
Oliva,img/icons/manufacturers/oliva.svg,Oliva,,img/icons/brands/oliva.svg,Serie V Senoritas Cigarillos,Serie V Senoritas Cigarillos,,Cigarillo,4.00,31,Parejo,,,,,,,,,,,,,,,,50,89,3.47,61.87,1.24,2.24,MOVX002,
Oliva,img/icons/manufacturers/oliva.svg,Oliva,,img/icons/brands/oliva.svg,Serie V Club Cigarillos,Serie V Club Cigarillos,,Cigarillo,3.78,22,Parejo,,,,,,,,,,,,,,,,100,89,2.17,58.30,0.58,1.58,MOVX001,
Arturo Fuente,img/icons/manufacturers/arturofuente.svg,Opus X,,img/icons/brands/opusx.svg,,Opus X Belicoso XXX,,Belicoso,4.63,49,Belicoso,Dominican Republic,Dominican Republic,Dominican Republic,Dominican Republic,,Medium-Full,,,,,,,,,,,89,,,,,,
Arturo Fuente,img/icons/manufacturers/arturofuente.svg,Opus X,,img/icons/brands/opusx.svg,,Opus X Destino Super Belicoso,,Belicoso,5.50,52,Belicoso,Dominican Republic,Dominican Republic,Dominican Republic,Dominican Republic,,Medium-Full,,,,,,,,,,,89,,,,,,
Arturo Fuente,img/icons/manufacturers/arturofuente.svg,Opus X,,img/icons/brands/opusx.svg,,Opus X OXO Oro Oscuro Super Belicoso,,Belicoso,5.50,52,Belicoso,Dominican Republic,Dominican Republic,Dominican Republic,Dominican Republic,,Medium-Full,,,,,,,,,,,89,,,,,,
Arturo Fuente,img/icons/manufacturers/arturofuente.svg,Opus X,,img/icons/brands/opusx.svg,,Opus X Super Belicoso,,Belicoso,5.50,52,Belicoso,Dominican Republic,Dominican Republic,Dominican Republic,Dominican Republic,,Medium-Full,,,,,,,,,,,89,,,,,,
Arturo Fuente,img/icons/manufacturers/arturofuente.svg,Opus X,,img/icons/brands/opusx.svg,,Opus X Angels Share Reserva D Chateau,,Churchill,7.00,48,Parejo,Dominican Republic,Dominican Republic,Dominican Republic,Dominican Republic,,Medium-Full,,,,,,,,,,,89,,,,,,
Arturo Fuente,img/icons/manufacturers/arturofuente.svg,Opus X,,img/icons/brands/opusx.svg,,Opus X OXO Oro Oscuro Reserva d'Chateau,,Churchill,7.00,48,Parejo,Dominican Republic,Dominican Republic,Dominican Republic,Dominican Republic,,Medium-Full,,,,,,,,,,,89,,,,,,
Arturo Fuente,img/icons/manufacturers/arturofuente.svg,Opus X,,img/icons/brands/opusx.svg,,Opus X Reserva d'Chateau,,Churchill,7.00,48,Parejo,Dominican Republic,Dominican Republic,Dominican Republic,Dominican Republic,,Medium-Full,,,,,,,,,,,89,,,,,,
Arturo Fuente,img/icons/manufacturers/arturofuente.svg,Opus X,,img/icons/brands/opusx.svg,,Opus X Perfecxion #5,,Corona,4.88,40,Parejo,Dominican Republic,Dominican Republic,Dominican Republic,Dominican Republic,,Medium-Full,,,,,,,,,,,89,,,,,,
Arturo Fuente,img/icons/manufacturers/arturofuente.svg,Opus X,,img/icons/brands/opusx.svg,,Opus X Perfecxion #4,,Corona,5.13,43,Parejo,Dominican Republic,Dominican Republic,Dominican Republic,Dominican Republic,,Medium-Full,,,,,,,,,,,89,,,,,,
Arturo Fuente,img/icons/manufacturers/arturofuente.svg,Opus X,,img/icons/brands/opusx.svg,,Opus X Petit Lancero,,Lancero,6.25,39,Parejo,Dominican Republic,Dominican Republic,Dominican Republic,Dominican Republic,,Medium-Full,,,,,,,,,,,89,,,,,,
Arturo Fuente,img/icons/manufacturers/arturofuente.svg,Opus X,,img/icons/brands/opusx.svg,,Opus X OXO Oro Oscuro Corona Extra,,Corona Extra,5.63,46,Parejo,Dominican Republic,Dominican Republic,Dominican Republic,Dominican Republic,,Medium-Full,,,,,,,,,,,89,,,,,,
Arturo Fuente,img/icons/manufacturers/arturofuente.svg,Opus X,,img/icons/brands/opusx.svg,,Opus X Fuente Fuente Corona Extra,,Corona Extra,5.63,46,Parejo,Dominican Republic,Dominican Republic,Dominican Republic,Dominican Republic,,Medium-Full,,,,,,,,,,,89,,,,,,
Arturo Fuente,img/icons/manufacturers/arturofuente.svg,Opus X,,img/icons/brands/opusx.svg,,Opus X Angels Share Double Corona,,Double Corona,7.63,49,Parejo,Dominican Republic,Dominican Republic,Dominican Republic,Dominican Republic,,Medium-Full,,,,,,,,,,,89,,,,,,
Arturo Fuente,img/icons/manufacturers/arturofuente.svg,Opus X,,img/icons/brands/opusx.svg,,Opus X Double Corona,,Double Corona,7.63,49,Parejo,Dominican Republic,Dominican Republic,Dominican Republic,Dominican Republic,,Medium-Full,,,,,,,,,,,89,,,,,,
Arturo Fuente,img/icons/manufacturers/arturofuente.svg,Opus X,,img/icons/brands/opusx.svg,,Opus X Perfecxion A,,Gigante,9.25,47,Torpedo,Dominican Republic,Dominican Republic,Dominican Republic,Dominican Republic,,Medium-Full,,,,,,,,,,,89,,,,,,
Arturo Fuente,img/icons/manufacturers/arturofuente.svg,Opus X,,img/icons/brands/opusx.svg,,Opus X Destino Lancero,,Lancero,7.50,41,Torpedo,Dominican Republic,Dominican Republic,Dominican Republic,Dominican Republic,,Medium-Full,,,,,,,,,,,89,,,,,,
Arturo Fuente,img/icons/manufacturers/arturofuente.svg,Opus X,,img/icons/brands/opusx.svg,,Opus X Perfecxion 888,,Lonsdale,6.88,44,Parejo,Dominican Republic,Dominican Republic,Dominican Republic,Dominican Republic,,Medium-Full,,,,,,,,,,,89,,,,,,
Arturo Fuente,img/icons/manufacturers/arturofuente.svg,Opus X,,img/icons/brands/opusx.svg,,Opus X Pussy Cats Petit Corona,,Petit Corona,4.25,42,Parejo,Dominican Republic,Dominican Republic,Dominican Republic,Dominican Republic,,Medium-Full,,,,,,,,,,,89,,,,,,
Arturo Fuente,img/icons/manufacturers/arturofuente.svg,Opus X,,img/icons/brands/opusx.svg,,Opus X Love Affair,,Robusto,4.50,52,Parejo,Dominican Republic,Dominican Republic,Dominican Republic,Dominican Republic,,Medium-Full,,,,,,,,,,,89,,,,,,
Arturo Fuente,img/icons/manufacturers/arturofuente.svg,Opus X,,img/icons/brands/opusx.svg,,Opus X Magnum O 36,,Short Gordo,4.75,56,Parejo,Dominican Republic,Dominican Republic,Dominican Republic,Dominican Republic,,Medium-Full,,,,,,,,,,,89,,,,,,
Arturo Fuente,img/icons/manufacturers/arturofuente.svg,Opus X,,img/icons/brands/opusx.svg,,Opus X 2020 Dubai Arena d'Amor,,Robusto,5.00,52,Parejo,Dominican Republic,Dominican Republic,Dominican Republic,Dominican Republic,,Medium-Full,,,,,,,,,,,89,,,,,,
Arturo Fuente,img/icons/manufacturers/arturofuente.svg,Opus X,,img/icons/brands/opusx.svg,,Opus X Forbidden X Deseos d'Amor,,Robusto,5.25,50,Parejo,Dominican Republic,Dominican Republic,Dominican Republic,Dominican Republic,,Medium-Full,,,,,,,,,,,89,,,,,,
Arturo Fuente,img/icons/manufacturers/arturofuente.svg,Opus X,,img/icons/brands/opusx.svg,,Opus X Forbidden X Heart of the Bull 1957,,Robusto,5.25,50,Parejo,Dominican Republic,Dominican Republic,Dominican Republic,Dominican Republic,,Medium-Full,,,,,,,,,,,89,,,,,,
Arturo Fuente,img/icons/manufacturers/arturofuente.svg,Opus X,,img/icons/brands/opusx.svg,,Opus X Angels Share Robusto,,Robusto,5.25,50,Parejo,Dominican Republic,Dominican Republic,Dominican Republic,Dominican Republic,,Medium-Full,,,,,,,,,,,89,,,,,,
Arturo Fuente,img/icons/manufacturers/arturofuente.svg,Opus X,,img/icons/brands/opusx.svg,,Opus X OXO Oro Oscuro Robusto,,Robusto,5.25,50,Parejo,Dominican Republic,Dominican Republic,Dominican Republic,Dominican Republic,,Medium-Full,,,,,,,,,,,89,,,,,,
Arturo Fuente,img/icons/manufacturers/arturofuente.svg,Opus X,,img/icons/brands/opusx.svg,,Opus X Forbidden X El Beso Prohibido,,Robusto,5.75,52,Parejo,Dominican Republic,Dominican Republic,Dominican Republic,Dominican Republic,,Medium-Full,,,,,,,,,,,89,,,,,,
Arturo Fuente,img/icons/manufacturers/arturofuente.svg,Opus X,,img/icons/brands/opusx.svg,,Opus X OXO Oro Oscuro Double Robusto,,Robusto,5.75,52,Parejo,Dominican Republic,Dominican Republic,Dominican Republic,Dominican Republic,,Medium-Full,,,,,,,,,,,89,,,,,,
Arturo Fuente,img/icons/manufacturers/arturofuente.svg,Opus X,,img/icons/brands/opusx.svg,,Opus X Double Robusto,,Robusto,5.75,52,Parejo,Dominican Republic,Dominican Republic,Dominican Republic,Dominican Republic,,Medium-Full,,,,,,,,,,,89,,,,,,
Arturo Fuente,img/icons/manufacturers/arturofuente.svg,Opus X,,img/icons/brands/opusx.svg,,Opus X Forbidden X Amor Sensual,,Robusto,6.13,54,Parejo,Dominican Republic,Dominican Republic,Dominican Republic,Dominican Republic,,Medium-Full,,,,,,,,,,,89,,,,,,
Arturo Fuente,img/icons/manufacturers/arturofuente.svg,Opus X,,img/icons/brands/opusx.svg,,Opus X OXO Oro Oscuro PerfecXion #4,,Toro,5.13,43,Parejo,Dominican Republic,Dominican Republic,Dominican Republic,Dominican Republic,,Medium-Full,,,,,,,,,,,89,,,,,,
Arturo Fuente,img/icons/manufacturers/arturofuente.svg,Opus X,,img/icons/brands/opusx.svg,,Opus X Angels Share Fuente Fuente,,Toro,5.63,46,Parejo,Dominican Republic,Dominican Republic,Dominican Republic,Dominican Republic,,Medium-Full,,,,,,,,,,,89,,,,,,
Arturo Fuente,img/icons/manufacturers/arturofuente.svg,Opus X,,img/icons/brands/opusx.svg,,Opus X 2020 Dubai Viento d'Amor,,Toro,6.00,58,Parejo,Dominican Republic,Dominican Republic,Dominican Republic,Dominican Republic,,Medium-Full,,,,,,,,,,,89,,,,,,
Arturo Fuente,img/icons/manufacturers/arturofuente.svg,Opus X,,img/icons/brands/opusx.svg,,Opus X 2020 Dubai Viento d'Amor,,Toro,6.00,58,Parejo,Dominican Republic,Dominican Republic,Dominican Republic,Dominican Republic,,Medium-Full,,,,,,,,,,,89,,,,,,
Arturo Fuente,img/icons/manufacturers/arturofuente.svg,Opus X,,img/icons/brands/opusx.svg,,Opus X 2020 Dubai Sol d'Amor,,Toro,6.13,55,Parejo,Dominican Republic,Dominican Republic,Dominican Republic,Dominican Republic,,Medium-Full,,,,,,,,,,,89,,,,,,
Arturo Fuente,img/icons/manufacturers/arturofuente.svg,Opus X,,img/icons/brands/opusx.svg,,Opus X Forbidden X Pasion d'Amor,,Toro,6.13,48,Parejo,Dominican Republic,Dominican Republic,Dominican Republic,Dominican Republic,,Medium-Full,,,,,,,,,,,89,,,,,,
Arturo Fuente,img/icons/manufacturers/arturofuente.svg,Opus X,,img/icons/brands/opusx.svg,,Opus X Angels Share Perfecxion X,,Toro,6.25,48,Parejo,Dominican Republic,Dominican Republic,Dominican Republic,Dominican Republic,,Medium-Full,,,,,,,,,,,89,,,,,,
Arturo Fuente,img/icons/manufacturers/arturofuente.svg,Opus X,,img/icons/brands/opusx.svg,,Opus X Forbidden X Keeper of the Flame 2013,,Toro,6.25,49,Parejo,Dominican Republic,Dominican Republic,Dominican Republic,Dominican Republic,,Medium-Full,,,,,,,,,,,89,,,,,,
Arturo Fuente,img/icons/manufacturers/arturofuente.svg,Opus X,,img/icons/brands/opusx.svg,,Fuente The Opus X Society by Manny Iriarte Toro ,,Toro,6.25,49,Parejo,Dominican Republic,Dominican Republic,Dominican Republic,Dominican Republic,,Medium-Full,,,,,,,,,,,89,,,,,,
Arturo Fuente,img/icons/manufacturers/arturofuente.svg,Opus X,,img/icons/brands/opusx.svg,,Opus X OXO Oro Oscuro PerfecXion X,,Toro,6.25,49,Parejo,Dominican Republic,Dominican Republic,Dominican Republic,Dominican Republic,,Medium-Full,,,,,,,,,,,89,,,,,,
Arturo Fuente,img/icons/manufacturers/arturofuente.svg,Opus X,,img/icons/brands/opusx.svg,,Opus X Perfecxion X,,Toro,6.25,48,Parejo,Dominican Republic,Dominican Republic,Dominican Republic,Dominican Republic,,Medium-Full,,,,,,,,,,,89,,,,,,
Arturo Fuente,img/icons/manufacturers/arturofuente.svg,Opus X,,img/icons/brands/opusx.svg,,Opus X OXO Oro Oscuro,,Torpedo,5.25,52,Torpedo,Dominican Republic,Dominican Republic,Dominican Republic,Dominican Republic,,Medium-Full,,,,,,,,,,,89,,,,,,
Arturo Fuente,img/icons/manufacturers/arturofuente.svg,Opus X,,img/icons/brands/opusx.svg,,Opus X Robusto,,Torpedo,5.25,50,Torpedo,Dominican Republic,Dominican Republic,Dominican Republic,Dominican Republic,,Medium-Full,,,,,,,,,,,89,,,,,,
Arturo Fuente,img/icons/manufacturers/arturofuente.svg,Opus X,,img/icons/brands/opusx.svg,,Opus X Perfecxion No. 77 Shark,,Torpedo,5.50,52,Torpedo,Dominican Republic,Dominican Republic,Dominican Republic,Dominican Republic,,Medium-Full,,,,,,,,,,,89,,,,,,
Arturo Fuente,img/icons/manufacturers/arturofuente.svg,Opus X,,img/icons/brands/opusx.svg,,Opus X Destino al Siglo Shark,,Torpedo,5.63,54,Torpedo,Dominican Republic,Dominican Republic,Dominican Republic,Dominican Republic,,Medium-Full,,,,,,,,,,,89,,,,,,
Arturo Fuente,img/icons/manufacturers/arturofuente.svg,Opus X,,img/icons/brands/opusx.svg,,Opus X OXO Oro Oscuro Belicoso XXX,,Belicoso,5.63,49,Belicoso,Dominican Republic,Dominican Republic,Dominican Republic,Dominican Republic,,Medium-Full,,,,,,,,,,,89,,,,,,
Arturo Fuente,img/icons/manufacturers/arturofuente.svg,Opus X,,img/icons/brands/opusx.svg,,Opus X Shark,,Torpedo,5.63,54,Torpedo,Dominican Republic,Dominican Republic,Dominican Republic,Dominican Republic,,Medium-Full,,,,,,,,,,,89,,,,,,
Arturo Fuente,img/icons/manufacturers/arturofuente.svg,Opus X,,img/icons/brands/opusx.svg,,Opus X Perfecxion #2,,Torpedo,6.38,52,Torpedo,Dominican Republic,Dominican Republic,Dominican Republic,Dominican Republic,,Medium-Full,,,,,,,,,,,89,,,,,,
Arturo Fuente,img/icons/manufacturers/arturofuente.svg,Opus X,,img/icons/brands/opusx.svg,,Opus X Forbidden X El Trece Magistral 13,,Torpedo,6.88,56,Torpedo,Dominican Republic,Dominican Republic,Dominican Republic,Dominican Republic,,Medium-Full,,,,,,,,,,,89,,,,,,
Oscar Valladares,img/icons/manufacturers/oscarvalladares.svg,Oscar Valladares,oscar,img/icons/brands/oscarvalladares.svg,2012,Barberpole,,Lancero,7.00,38,Parejo,"Mexican San Andreas, Candela",Nicaragua,"Honduras, Nicaragua",Honduras,Mixed,Medium,,,,,,Barber,,10.59,211.80,20,89,11.60,101.22,5.30,5.29,,
Oscar Valladares,img/icons/manufacturers/oscarvalladares.svg,Oscar Valladares,oscar,img/icons/brands/oscarvalladares.svg,2012,Connecticut,,Torpedo,6.50,52,Torpedo,USA Connecticut Shade,Honduras,"Honduras, Nicaragua",Honduras,Claro,Mild,,,,,,,,12.01,240.20,20,89,12.18,111.82,5.59,6.42,,
Oscar Valladares,img/icons/manufacturers/oscarvalladares.svg,Oscar Valladares,oscar,img/icons/brands/oscarvalladares.svg,2012,Corojo,,Torpedo,6.50,52,Torpedo,Honduras,Nicaragua,"Honduras, Nicaragua",Honduras,Natural,Medium,,,,,,,,12.01,240.20,20,89,12.18,111.82,5.59,6.42,,
Oscar Valladares,img/icons/manufacturers/oscarvalladares.svg,Oscar Valladares,oscar,img/icons/brands/oscarvalladares.svg,2012,Maduro,,Torpedo,6.50,52,Torpedo,Mexican San Andreas Maduro,Honduras,Nicaragua,Honduras,Maduro,Medium-Full,,,,,,,,12.01,240.20,20,89,12.18,111.82,5.59,6.42,,
Oscar Valladares,img/icons/manufacturers/oscarvalladares.svg,Oscar Valladares,oscar,img/icons/brands/oscarvalladares.svg,2012,Connecticut,,Short Robusto,5.00,50,Parejo,USA Connecticut Shade,Honduras,"Honduras, Nicaragua",Honduras,Claro,Mild,,,,,,,,13.91,278.20,20,89,14.90,76.51,6.95,6.96,,
Oscar Valladares,img/icons/manufacturers/oscarvalladares.svg,Oscar Valladares,oscar,img/icons/brands/oscarvalladares.svg,2012,Maduro,,Short Robusto,5.00,50,Parejo,Mexican San Andreas Maduro,Honduras,Nicaragua,Honduras,Maduro,Medium-Full,,,,,,,,13.91,278.20,20,89,14.90,76.51,6.95,6.96,,
Oscar Valladares,img/icons/manufacturers/oscarvalladares.svg,Oscar Valladares,oscar,img/icons/brands/oscarvalladares.svg,2012,Sumatra,,Short Robusto,5.00,50,Parejo,Ecuadorian Sumatra-Seed,Honduras,"Honduras, Nicaragua",Honduras,Natural,Mild,,,,,,,,13.91,278.20,20,89,14.90,76.51,6.95,6.96,,
Oscar Valladares,img/icons/manufacturers/oscarvalladares.svg,Oscar Valladares,oscar,img/icons/brands/oscarvalladares.svg,2012,Connecticut,,Toro,6.00,52,Parejo,USA Connecticut Shade,Honduras,"Honduras, Nicaragua",Honduras,Claro,Mild,,,,,,,FAV,15.18,303.60,20,89,16.18,83.57,7.59,7.59,,
Oscar Valladares,img/icons/manufacturers/oscarvalladares.svg,Oscar Valladares,oscar,img/icons/brands/oscarvalladares.svg,2012,Maduro,,Toro,6.00,52,Parejo,Mexican San Andreas Maduro,Honduras,Nicaragua,Honduras,Maduro,Medium-Full,,,,,,,,15.18,303.60,20,89,16.18,83.57,7.59,7.59,,
Oscar Valladares,img/icons/manufacturers/oscarvalladares.svg,Oscar Valladares,oscar,img/icons/brands/oscarvalladares.svg,2012,Sumatra,,Toro,6.00,52,Parejo,Ecuadorian Sumatra-Seed,Honduras,"Honduras, Nicaragua",Honduras,Natural,Mild,,,,,,,,15.18,303.60,20,89,16.18,83.57,7.59,7.59,,
Oscar Valladares,img/icons/manufacturers/oscarvalladares.svg,Oscar Valladares,oscar,img/icons/brands/oscarvalladares.svg,2012,Connecticut,,Gordo,6.00,60,Parejo,USA Connecticut Shade,Honduras,"Honduras, Nicaragua",Honduras,Claro,Mild,,,,,,,,16.48,329.60,20,89,17.48,90.63,8.24,8.24,,
Oscar Valladares,img/icons/manufacturers/oscarvalladares.svg,Oscar Valladares,oscar,img/icons/brands/oscarvalladares.svg,2012,Maduro,,Gordo,6.00,60,Parejo,Mexican San Andreas Maduro,Honduras,Nicaragua,Honduras,Maduro,Medium-Full,,,,,,,,16.48,329.60,20,89,17.48,90.63,8.24,8.24,,
Oscar Valladares,img/icons/manufacturers/oscarvalladares.svg,Oscar Valladares,oscar,img/icons/brands/oscarvalladares.svg,2012,Sumatra,,Gordo,6.00,60,Parejo,Ecuadorian Sumatra-Seed,Honduras,"Honduras, Nicaragua",Honduras,Natural,Mild,,,,,,,,16.48,329.60,20,89,17.48,90.63,8.24,8.24,,
Oscar Valladares,img/icons/manufacturers/oscarvalladares.svg,Oscar Valladares,oscar,img/icons/brands/oscarvalladares.svg,Altar Q Sumatra,Toro,,Toro,6.00,52,Parejo,Ecuadorian Sumatra,Honduras,Honduras,Honduras,Natural,Medium,,,,,,,,13.39,214.24,16,89,14.38,107.11,6.69,6.70,,
Oscar Valladares,img/icons/manufacturers/oscarvalladares.svg,Oscar Valladares,oscar,img/icons/brands/oscarvalladares.svg,Big Johnny,Gigante,,Gigante,8.00,66,Parejo,Nicaraguan Maduro,Honduras,Honduras,Honduras,Maduro,Medium,,,,,,,FAV,16.48,263.68,16,89,17.48,131.82,8.24,8.24,,
Oscar Valladares,img/icons/manufacturers/oscarvalladares.svg,Oscar Valladares,oscar,img/icons/brands/oscarvalladares.svg,Ciseron Edition Corojo,Black,,Toro,6.00,52,Parejo,Ecuadorian Sungrown,Honduras,Honduras,Honduras,Natural,Medium,,,,,,,,11.77,235.40,20,89,12.78,117.70,5.89,5.88,,
Oscar Valladares,img/icons/manufacturers/oscarvalladares.svg,Oscar Valladares,oscar,img/icons/brands/oscarvalladares.svg,Ciseron Edition Corojo,Blue,,Toro,6.00,52,Parejo,Ecuadorian Sungrown,Honduras,Honduras,Honduras,Natural,Medium,,,,,,,,11.77,235.40,20,89,12.78,117.70,5.89,5.88,,
Oscar Valladares,img/icons/manufacturers/oscarvalladares.svg,Oscar Valladares,oscar,img/icons/brands/oscarvalladares.svg,Ciseron Edition Corojo,Deep Purple,,Toro,6.00,52,Parejo,Ecuadorian Sungrown,Honduras,Honduras,Honduras,Natural,Medium,,,,,,,,11.77,235.40,20,89,12.78,117.70,5.89,5.88,,
Oscar Valladares,img/icons/manufacturers/oscarvalladares.svg,Oscar Valladares,oscar,img/icons/brands/oscarvalladares.svg,Ciseron Edition Corojo,Green,,Toro,6.00,52,Parejo,Ecuadorian Sungrown,Honduras,Honduras,Honduras,Natural,Medium,,,,,,,,11.77,235.40,20,89,12.78,117.70,5.89,5.88,,
Oscar Valladares,img/icons/manufacturers/oscarvalladares.svg,Oscar Valladares,oscar,img/icons/brands/oscarvalladares.svg,Ciseron Edition Corojo,Yellow,,Toro,6.00,52,Parejo,Ecuadorian Sungrown,Honduras,Honduras,Honduras,Natural,Medium,,,,,,,,11.77,235.40,20,89,12.78,117.70,5.89,5.88,,
Oscar Valladares,img/icons/manufacturers/oscarvalladares.svg,Oscar Valladares,oscar,img/icons/brands/oscarvalladares.svg,Heaven and Hell Connecticut,Toro,,Toro,6.00,52,Parejo,Honduras,Mexico,Honduras,Honduras,Natural,Medium,,,,,,,,11.77,235.40,20,89,12.78,117.70,5.89,5.88,,
Oscar Valladares,img/icons/manufacturers/oscarvalladares.svg,Oscar Valladares,oscar,img/icons/brands/oscarvalladares.svg,Heaven and Hell Maduro,Toro,,Toro,6.00,52,Parejo,Nicaragua,Mexico,Honduras,Honduras,Maduro,Medium,,,,,,,,11.77,235.40,20,89,12.78,117.70,5.89,5.88,,
Oscar Valladares,img/icons/manufacturers/oscarvalladares.svg,Oscar Valladares,oscar,img/icons/brands/oscarvalladares.svg,Leaf by Oscar,Connecticut,,Robusto,5.00,50,Parejo,Ecuadorian Connecticut Shade,Honduras,Honduras,Honduras,Natural,Medium,,,,,,,,11.30,226.00,20,89,12.30,112.99,5.65,5.65,,
Oscar Valladares,img/icons/manufacturers/oscarvalladares.svg,Oscar Valladares,oscar,img/icons/brands/oscarvalladares.svg,Leaf by Oscar,Corojo,,Robusto,5.00,50,Parejo,Corojo,Honduras,Honduras,Honduras,Natural,Medium,,,,,,,,11.30,226.00,20,89,12.30,112.99,5.65,5.65,,
Oscar Valladares,img/icons/manufacturers/oscarvalladares.svg,Oscar Valladares,oscar,img/icons/brands/oscarvalladares.svg,Leaf by Oscar,Maduro,,Robusto,5.00,50,Parejo,Nicaraguan Maduro,Honduras,Honduras,Honduras,Maduro,Medium,,,,,,,,11.30,226.00,20,89,12.30,112.99,5.65,5.65,,
Oscar Valladares,img/icons/manufacturers/oscarvalladares.svg,Oscar Valladares,oscar,img/icons/brands/oscarvalladares.svg,Leaf by Oscar,Sumatra,,Robusto,5.00,50,Parejo,Ecuadorian Sumatra-Seed,Honduras,Honduras,Honduras,Natural,Medium,,,,,,,,11.30,226.00,20,89,12.30,112.99,5.65,5.65,,
Oscar Valladares,img/icons/manufacturers/oscarvalladares.svg,Oscar Valladares,oscar,img/icons/brands/oscarvalladares.svg,Leaf by Oscar,32,,Lancero,7.00,38,Parejo,Ecuadorian Connecticut Shade,Honduras,Honduras,Honduras,Natural,Medium,,,,,,,,11.65,233.00,20,89,12.66,116.52,5.83,5.82,,
Oscar Valladares,img/icons/manufacturers/oscarvalladares.svg,Oscar Valladares,oscar,img/icons/brands/oscarvalladares.svg,Leaf by Oscar,Corojo,,Lancero,7.00,38,Parejo,Corojo,Honduras,Honduras,Honduras,Natural,Medium,,,,,,,,11.65,233.00,20,89,12.66,116.52,5.83,5.82,,
Oscar Valladares,img/icons/manufacturers/oscarvalladares.svg,Oscar Valladares,oscar,img/icons/brands/oscarvalladares.svg,Leaf by Oscar,Maduro,,Lancero,7.00,38,Parejo,Nicaraguan Maduro,Honduras,Honduras,Honduras,Maduro,Medium,,,,,,,,11.65,233.00,20,89,12.66,116.52,5.83,5.82,,
Oscar Valladares,img/icons/manufacturers/oscarvalladares.svg,Oscar Valladares,oscar,img/icons/brands/oscarvalladares.svg,Leaf by Oscar,Sumatra,,Lancero,7.00,38,Parejo,Ecuadorian Sumatra-Seed,Honduras,Honduras,Honduras,Natural,Medium,,,,,,,,11.65,233.00,20,89,12.66,116.52,5.83,5.82,,
Oscar Valladares,img/icons/manufacturers/oscarvalladares.svg,Oscar Valladares,oscar,img/icons/brands/oscarvalladares.svg,Leaf by Oscar,Connecticut,,Toro,6.00,52,Parejo,Ecuadorian Connecticut Shade,Honduras,Honduras,Honduras,Natural,Medium,,,,,,,,12.36,247.20,20,89,13.36,123.59,6.18,6.18,,
Oscar Valladares,img/icons/manufacturers/oscarvalladares.svg,Oscar Valladares,oscar,img/icons/brands/oscarvalladares.svg,Leaf by Oscar,Corojo,,Toro,6.00,52,Parejo,Corojo,Honduras,Honduras,Honduras,Natural,Medium,,,,,,,,12.36,247.20,20,89,13.36,123.59,6.18,6.18,,
Oscar Valladares,img/icons/manufacturers/oscarvalladares.svg,Oscar Valladares,oscar,img/icons/brands/oscarvalladares.svg,Leaf by Oscar,Maduro,,Toro,6.00,52,Parejo,Nicaraguan Maduro,Honduras,Honduras,Honduras,Maduro,Medium,,,,,,,,12.36,247.20,20,89,13.36,123.59,6.18,6.18,,
Oscar Valladares,img/icons/manufacturers/oscarvalladares.svg,Oscar Valladares,oscar,img/icons/brands/oscarvalladares.svg,Leaf by Oscar,Sumatra,,Toro,6.00,52,Parejo,Ecuadorian Sumatra-Seed,Honduras,Honduras,Honduras,Natural,Medium,,,,,,,,12.36,247.20,20,89,13.36,123.59,6.18,6.18,,
Oscar Valladares,img/icons/manufacturers/oscarvalladares.svg,Oscar Valladares,oscar,img/icons/brands/oscarvalladares.svg,Leaf by Oscar,Connecticut,,Gordo,6.00,60,Parejo,Ecuadorian Connecticut Shade,Honduras,Honduras,Honduras,Natural,Medium,,,,,,,FAV,13.54,270.80,20,89,14.54,135.36,6.77,6.77,,
Oscar Valladares,img/icons/manufacturers/oscarvalladares.svg,Oscar Valladares,oscar,img/icons/brands/oscarvalladares.svg,Leaf by Oscar,Corojo,,Gordo,6.00,60,Parejo,Corojo,Honduras,Honduras,Honduras,Natural,Medium,,,,,,,,13.54,270.80,20,89,14.54,135.36,6.77,6.77,,
Oscar Valladares,img/icons/manufacturers/oscarvalladares.svg,Oscar Valladares,oscar,img/icons/brands/oscarvalladares.svg,Leaf by Oscar,Maduro,,Gordo,6.00,60,Parejo,Nicaraguan Maduro,Honduras,Honduras,Honduras,Maduro,Medium,,,,,,,,13.54,270.80,20,89,14.54,135.36,6.77,6.77,,
Oscar Valladares,img/icons/manufacturers/oscarvalladares.svg,Oscar Valladares,oscar,img/icons/brands/oscarvalladares.svg,McFly,Toro ,,Toro,6.00,52,Parejo,Mexico,Honduras,"Dominican Republic, Honduras, Nicaragua",Honduras,Natural,Medium,,,,,,,,14.59,291.80,20,89,15.68,145.95,7.34,7.25,,
Oscar Valladares,img/icons/manufacturers/oscarvalladares.svg,Oscar Valladares,oscar,img/icons/brands/oscarvalladares.svg,McFly,Sixty,,Gordo,6.00,60,Parejo,Mexico,Honduras,"Dominican Republic, Honduras, Nicaragua",Honduras,Natural,Medium,,,,,,,,15.30,306.00,20,89,16.88,158.90,7.94,7.36,,
Oscar Valladares,img/icons/manufacturers/oscarvalladares.svg,Oscar Valladares,oscar,img/icons/brands/oscarvalladares.svg,McFly,Churchill,,Churchill,7.00,48,Parejo,Mexico,Honduras,"Dominican Republic, Honduras, Nicaragua",Honduras,Natural,Medium,,,,,,,,15.89,317.80,20,89,16.30,153.01,7.65,8.24,,
Oscar Valladares,img/icons/manufacturers/oscarvalladares.svg,Oscar Valladares,oscar,img/icons/brands/oscarvalladares.svg,Oscar Valladares 10th Anniversary,Toro,,Toro,6.00,52,Parejo,"Honduras, Mexico",Honduras,Nicaragua,Honduras,Maduro,Medium,,,,,,,,22.60,226.00,10,89,23.60,112.99,11.30,11.30,,
Oscar Valladares,img/icons/manufacturers/oscarvalladares.svg,Oscar Valladares,oscar,img/icons/brands/oscarvalladares.svg,Oscar Valladares 10th Anniversary,Sixty,,Gordo,6.00,60,Parejo,"Honduras, Mexico",Honduras,Nicaragua,Honduras,Maduro,Medium,,,,,,,,25.19,251.90,10,89,26.18,125.94,12.59,12.60,,
Oscar Valladares,img/icons/manufacturers/oscarvalladares.svg,Oscar Valladares,oscar,img/icons/brands/oscarvalladares.svg,Oscar Valladares 10th Anniversary,Salomon,,Salomon,7.00,52-60,Salomon,"Honduras, Mexico",Honduras,Nicaragua,Honduras,Maduro,Medium,,,,,,,,28.95,289.50,10,89,29.96,144.77,14.48,14.47,,
Oscar Valladares,img/icons/manufacturers/oscarvalladares.svg,Oscar Valladares,oscar,img/icons/brands/oscarvalladares.svg,Oscar Valladares 10th Anniversary Criollo,Toro,,Toro,6.00,52,Parejo,Honduran Criollo,Honduras,Honduras,Honduras,Honduras,Medium,,,,,,,,13.54,270.80,20,89,14.54,135.36,6.77,6.77,,
Oscar Valladares,img/icons/manufacturers/oscarvalladares.svg,Oscar Valladares,oscar,img/icons/brands/oscarvalladares.svg,Oscar Valladares 10th Anniversary Criollo,Sixty,,Gordo,6.00,60,Parejo,Honduran Criollo,Honduras,Honduras,Honduras,Maduro,Medium,,,,,,,,14.71,294.20,20,89,15.72,147.13,7.36,7.35,,
Oscar Valladares,img/icons/manufacturers/oscarvalladares.svg,Oscar Valladares,oscar,img/icons/brands/oscarvalladares.svg,Plan B,Connecticut,,Toro,6.00,52,Parejo,Ecuadorian Connecticut Shade,Honduras,"Honduras, Nicaragua",Honduras,Claro,Mild,,,,,,,,3.65,73.00,20,89,4.66,36.49,1.83,1.82,,
Oscar Valladares,img/icons/manufacturers/oscarvalladares.svg,Oscar Valladares,oscar,img/icons/brands/oscarvalladares.svg,Plan B,Habano,,Toro,6.00,52,Parejo,Ecuadorian Connecticut Shade,Honduras,"Honduras, Nicaragua",Honduras,Colorado Maduro,Medium,,,,,,,,3.65,73.00,20,89,4.66,36.49,1.83,1.82,,
Oscar Valladares,img/icons/manufacturers/oscarvalladares.svg,Oscar Valladares,oscar,img/icons/brands/oscarvalladares.svg,Plan B,Maduro,,Toro,6.00,52,Parejo,Honduras,Honduras,"Honduras, Nicaragua",Honduras,Maduro,Medium,,,,,,,,3.65,73.00,20,89,4.66,36.49,1.83,1.82,,
Oscar Valladares,img/icons/manufacturers/oscarvalladares.svg,Oscar Valladares,oscar,img/icons/brands/oscarvalladares.svg,Raw Dog,Raw Dog,,Gordo,5.00,60,Parejo,Undisclosed,Honduras,Honduras,Honduras,Natural,Medium,,,,,,,,7.53,376.50,50,89,8.54,188.32,3.77,3.76,,
Oscar Valladares,img/icons/manufacturers/oscarvalladares.svg,Oscar Valladares,oscar,img/icons/brands/oscarvalladares.svg,Santiago Valladares LE,Habano Ecuador Toro,,Toro,6.00,52,Parejo,Ecuadorian Habano,Honduras,Honduras,Honduras,Maduro,Medium,,,,,,,,27.50,275.00,10,89,28.50,137.50,13.75,13.75,,
Oscar Valladares,img/icons/manufacturers/oscarvalladares.svg,Oscar Valladares,oscar,img/icons/brands/oscarvalladares.svg,SuperFly,Connecticut,,Corona,5.25,45,Parejo,Honduras,Honduras,"Dominican Republic, Honduras, Nicaragua",Honduras,Natural,Mild,,,,,,,,11.77,117.70,10,89,12.78,58.85,5.89,5.88,,
Oscar Valladares,img/icons/manufacturers/oscarvalladares.svg,Oscar Valladares,oscar,img/icons/brands/oscarvalladares.svg,SuperFly,Maduro,,Corona,5.25,45,Parejo,Mexican San Andreas Maduro,Honduras,"Dominican Republic, Honduras, Nicaragua",Honduras,Maduro,Medium,,,,,,,,11.53,230.60,20,89,12.54,115.35,5.77,5.76,,
Oscar Valladares,img/icons/manufacturers/oscarvalladares.svg,Oscar Valladares,oscar,img/icons/brands/oscarvalladares.svg,SuperFly,Connecticut,,Toro,6.00,54,Parejo,Honduras,Honduras,"Dominican Republic, Honduras, Nicaragua",Honduras,Natural,Mild,,,,,,,,13.54,270.80,20,89,14.54,135.36,6.77,6.77,,
Oscar Valladares,img/icons/manufacturers/oscarvalladares.svg,Oscar Valladares,oscar,img/icons/brands/oscarvalladares.svg,SuperFly,Maduro,,Toro,6.00,54,Parejo,Mexican San Andreas Maduro,Honduras,"Dominican Republic, Honduras, Nicaragua",Honduras,Maduro,Medium,,,,,,,,13.54,270.80,20,89,14.54,135.36,6.77,6.77,,
Oscar Valladares,img/icons/manufacturers/oscarvalladares.svg,Oscar Valladares,oscar,img/icons/brands/oscarvalladares.svg,SuperFly,Maduro,,Gordo,6.50,60,Parejo,Mexican San Andreas Maduro,Honduras,"Dominican Republic, Honduras, Nicaragua",Honduras,Maduro,Medium,,,,,,,,14.71,294.20,20,89,15.72,147.13,7.36,7.35,,
Oscar Valladares,img/icons/manufacturers/oscarvalladares.svg,Oscar Valladares,oscar,img/icons/brands/oscarvalladares.svg,The Oscar,Habano,,Corona,5.25,44,Parejo,Ecuadorian Habano,Honduras,"Honduras, Nicaragua",Honduras,Maduro,Medium,,,,,,,,12.20,134.20,11,89,13.20,67.09,6.10,6.10,,
Oscar Valladares,img/icons/manufacturers/oscarvalladares.svg,Oscar Valladares,oscar,img/icons/brands/oscarvalladares.svg,The Oscar,Maduro,,Corona,5.25,44,Parejo,Mexican San Andreas Maduro,Honduras,"Honduras, Nicaragua",Honduras,Maduro,Medium,,,,,,,,12.20,134.20,11,89,13.20,67.09,6.10,6.10,,
Oscar Valladares,img/icons/manufacturers/oscarvalladares.svg,Oscar Valladares,oscar,img/icons/brands/oscarvalladares.svg,The Oscar,Connecticut,,Robusto,5.00,50,Parejo,Honduras,Honduras,"Honduras, Nicaragua",Honduras,Natural,Medium,,,,,,,,13.91,153.01,11,89,14.90,76.51,6.95,6.96,,
Oscar Valladares,img/icons/manufacturers/oscarvalladares.svg,Oscar Valladares,oscar,img/icons/brands/oscarvalladares.svg,The Oscar,Habano,,Robusto,5.00,50,Parejo,Ecuadorian Habano,Honduras,"Honduras, Nicaragua",Honduras,Maduro,Medium,,,,,,,,13.91,153.01,11,89,14.90,76.51,6.95,6.96,,
Oscar Valladares,img/icons/manufacturers/oscarvalladares.svg,Oscar Valladares,oscar,img/icons/brands/oscarvalladares.svg,The Oscar,Maduro,,Robusto,5.00,50,Parejo,Mexican San Andreas Maduro,Honduras,"Honduras, Nicaragua",Honduras,Maduro,Medium,,,,,,,,13.91,153.01,11,89,14.90,76.51,6.95,6.96,,
Oscar Valladares,img/icons/manufacturers/oscarvalladares.svg,Oscar Valladares,oscar,img/icons/brands/oscarvalladares.svg,The Oscar,Connecticut,,Toro,6.00,52,Parejo,Honduras,Honduras,"Honduras, Nicaragua",Honduras,Natural,Medium,,,,,,,FAV,15.18,166.98,11,89,16.18,83.57,7.59,7.59,,
Oscar Valladares,img/icons/manufacturers/oscarvalladares.svg,Oscar Valladares,oscar,img/icons/brands/oscarvalladares.svg,The Oscar,Habano,,Toro,6.00,52,Parejo,Ecuadorian Habano,Honduras,"Honduras, Nicaragua",Honduras,Maduro,Medium,,,,,,,,15.18,166.98,11,89,16.18,83.57,7.59,7.59,,
Oscar Valladares,img/icons/manufacturers/oscarvalladares.svg,Oscar Valladares,oscar,img/icons/brands/oscarvalladares.svg,The Oscar,Maduro,,Toro,6.00,52,Parejo,Mexican San Andreas Maduro,Honduras,"Honduras, Nicaragua",Honduras,Maduro,Medium,,,,,,,,15.18,166.98,11,89,16.18,83.57,7.59,7.59,,
Oscar Valladares,img/icons/manufacturers/oscarvalladares.svg,Oscar Valladares,oscar,img/icons/brands/oscarvalladares.svg,The Oscar,Connecticut,,Gordo,6.00,60,Parejo,Honduras,Honduras,"Honduras, Nicaragua",Honduras,Natural,Medium,,,,,,,,16.48,181.28,11,89,17.48,90.63,8.24,8.24,,
Oscar Valladares,img/icons/manufacturers/oscarvalladares.svg,Oscar Valladares,oscar,img/icons/brands/oscarvalladares.svg,The Oscar,Habano,,Gordo,6.00,60,Parejo,Ecuadorian Habano,Honduras,"Honduras, Nicaragua",Honduras,Maduro,Medium,,,,,,,,16.48,181.28,11,89,17.48,90.63,8.24,8.24,,
Oscar Valladares,img/icons/manufacturers/oscarvalladares.svg,Oscar Valladares,oscar,img/icons/brands/oscarvalladares.svg,The Oscar,Maduro,,Gordo,6.00,60,Parejo,Mexican San Andreas Maduro,Honduras,"Honduras, Nicaragua",Honduras,Maduro,Medium,,,,,,,,16.48,181.28,11,89,17.48,90.63,8.24,8.24,,
Oscar Valladares,img/icons/manufacturers/oscarvalladares.svg,Oscar Valladares,oscar,img/icons/brands/oscarvalladares.svg,The Woody,Maduro,,Gigante,21.00,80,Parejo,,,,Honduras,Maduro,,,,,,,,,70.62,,1,89,71.62,35.31,35.31,35.31,,
Oscar Valladares,img/icons/manufacturers/oscarvalladares.svg,Oscar Valladares,oscar,img/icons/brands/oscarvalladares.svg,Wild Hunter,Toro,,Toro,6.00,52,Parejo,Honduras,Honduras,Honduras,Honduras,Maduro,Full,,,,,,,,12.78,255.60,20,89,12.78,117.70,5.89,6.89,,
Padron,img/icons/manufacturers/padron.svg,Padron,,img/icons/brands/padron.svg,1926,1926 40 Years Torpedo Maduro,,Torpedo,6.50,54,Figurado,Nicaragua,Nicaragua,Nicaragua,Nicaragua,Maduro,Full ,,,,,,,,32.50,650.00,20,89,32.40,314.00,15.70,16.70,,
Padron,img/icons/manufacturers/padron.svg,Padron,,img/icons/brands/padron.svg,1926,1926 80 Years Perfecto Maduro,,Perfecto,6.75,54,Figurado,Nicaragua,Nicaragua,Nicaragua,Nicaragua,Maduro,Full ,,,,,,,,37.70,301.60,8,89,37.70,146.80,18.35,19.35,,
Padron,img/icons/manufacturers/padron.svg,Padron,,img/icons/brands/padron.svg,1926,1926 80 Years Perfecto Natural,,Perfecto,6.75,54,Figurado,Nicaragua,Nicaragua,Nicaragua,Nicaragua,Colorado Maduro,Full ,,,,,,,,37.70,301.60,8,89,37.70,146.80,18.35,19.35,,
Padron,img/icons/manufacturers/padron.svg,Padron,,img/icons/brands/padron.svg,1926,1926 No. 1 Maduro,,Churchill,6.75,54,Parejo,Nicaragua,Nicaragua,Nicaragua,Nicaragua,Maduro,Full ,,,,,,,,29.25,702.00,24,89,32.14,373.68,15.57,16.57,,
Padron,img/icons/manufacturers/padron.svg,Padron,,img/icons/brands/padron.svg,1926,1926 No. 1 Natural,,Churchill,6.75,54,Parejo,Nicaragua,Nicaragua,Nicaragua,Nicaragua,Colorado Maduro,Full ,,,,,,,,29.25,702.00,24,89,32.14,373.68,15.57,16.57,,
Padron,img/icons/manufacturers/padron.svg,Padron,,img/icons/brands/padron.svg,1926,1926 No. 2 Maduro,,Belicoso,5.50,52,Figurado,Nicaragua,Nicaragua,Nicaragua,Nicaragua,Maduro,Full ,,,,,,,,27.28,654.72,24,89,27.28,315.36,13.14,14.14,,
Padron,img/icons/manufacturers/padron.svg,Padron,,img/icons/brands/padron.svg,1926,1926 No. 2 Natural,,Belicoso,5.50,52,Figurado,Nicaragua,Nicaragua,Nicaragua,Nicaragua,Colorado Maduro,Full ,,,,,,,,27.28,654.72,24,89,27.28,315.36,13.14,14.14,,
Padron,img/icons/manufacturers/padron.svg,Padron,,img/icons/brands/padron.svg,1926,1926 No. 35 Maduro,,Corona,4.00,48,Parejo,Nicaragua,Nicaragua,Nicaragua,Nicaragua,Maduro,Full ,,,,,,,,22.48,539.52,24,89,22.48,257.76,10.74,11.74,,
Padron,img/icons/manufacturers/padron.svg,Padron,,img/icons/brands/padron.svg,1926,1926 No. 35 Natural,,Corona,4.00,48,Parejo,Nicaragua,Nicaragua,Nicaragua,Nicaragua,Colorado Maduro,Full ,,,,,,,,22.48,539.52,24,89,22.48,257.76,10.74,11.74,,
Padron,img/icons/manufacturers/padron.svg,Padron,,img/icons/brands/padron.svg,1926,1926 No. 47 Maduro,,Robusto,5.50,50,Parejo,Nicaragua,Nicaragua,Nicaragua,Nicaragua,Maduro,Medium,,,,,,,,24.88,597.12,24,89,24.88,286.56,11.94,12.94,,
Padron,img/icons/manufacturers/padron.svg,Padron,,img/icons/brands/padron.svg,1926,1926 No. 47 Natural,,Robusto,5.50,50,Parejo,Nicaragua,Nicaragua,Nicaragua,Nicaragua,Colorado Maduro,Medium,,,,,,,,24.88,597.12,24,89,24.88,286.56,11.94,12.94,,
Padron,img/icons/manufacturers/padron.svg,Padron,,img/icons/brands/padron.svg,1926,1926 No. 48 Maduro,,Gordo,5.50,60,Parejo,Nicaragua,Nicaragua,Nicaragua,Nicaragua,Maduro,Full ,,,,,,,FAV,27.40,274.00,10,89,27.40,132.00,13.20,14.20,,
Padron,img/icons/manufacturers/padron.svg,Padron,,img/icons/brands/padron.svg,1926,1926 No. 48 Natural,,Gordo,5.50,60,Parejo,Nicaragua,Nicaragua,Nicaragua,Nicaragua,Colorado Maduro,Full ,,,,,,,FAV,27.40,274.00,10,89,27.40,132.00,13.20,14.20,,
Padron,img/icons/manufacturers/padron.svg,Padron,,img/icons/brands/padron.svg,1926,1926 No. 9 Maduro,,Toro,5.25,54,Parejo,Nicaragua,Nicaragua,Nicaragua,Nicaragua,Maduro,Full ,,,,,,,FAV,26.95,646.80,24,89,29.74,344.88,14.37,15.37,,
Padron,img/icons/manufacturers/padron.svg,Padron,,img/icons/brands/padron.svg,1926,1926 No. 9 Natural,,Toro,5.25,54,Parejo,Nicaragua,Nicaragua,Nicaragua,Nicaragua,Colorado Maduro,Full ,,,,,,,FAV,26.95,646.80,24,89,29.74,344.88,14.37,15.37,,
Padron,img/icons/manufacturers/padron.svg,Padron,,img/icons/brands/padron.svg,1926,1926 No. 90 Maduro,,Robusto Gordo,5.50,52,Parejo,Nicaragua,Nicaragua,Nicaragua,Nicaragua,Maduro,Full ,,,,,,,,30.76,307.60,10,89,30.76,148.80,14.88,15.88,,
Padron,img/icons/manufacturers/padron.svg,Padron,,img/icons/brands/padron.svg,1926,1926 No. 90 Natural,,Robusto Gordo,5.50,52,Parejo,Nicaragua,Nicaragua,Nicaragua,Nicaragua,Colorado Maduro,Full ,,,,,,,,30.76,307.60,10,89,30.76,148.80,14.88,15.88,,
Padron,img/icons/manufacturers/padron.svg,Padron,,img/icons/brands/padron.svg,1964 Anniversary,1964 A Natural,,A,8.25,50,Parejo,Nicaragua,Nicaragua,Nicaragua,Nicaragua,Colorado Maduro,Medium,,,,,,,,46.90,469.00,10,89,46.90,229.50,22.95,23.95,,
Padron,img/icons/manufacturers/padron.svg,Padron,,img/icons/brands/padron.svg,1964 Anniversary,1964 Belicoso Maduro,,Belicoso,5.00,52,Belicoso,Nicaragua,Nicaragua,Nicaragua,Nicaragua,Maduro,Medium,,,,,,,,23.20,580.00,25,89,23.20,277.50,11.10,12.10,,
Padron,img/icons/manufacturers/padron.svg,Padron,,img/icons/brands/padron.svg,1964 Anniversary,1964 Belicoso Natural,,Belicoso,5.00,52,Belicoso,Nicaragua,Nicaragua,Nicaragua,Nicaragua,Colorado Maduro,Medium,,,,,,,,23.20,580.00,25,89,23.20,277.50,11.10,12.10,,
Padron,img/icons/manufacturers/padron.svg,Padron,,img/icons/brands/padron.svg,1964 Anniversary,1964 Corona Maduro,,Corona,6.00,42,Parejo,Nicaragua,Nicaragua,Nicaragua,Nicaragua,Maduro,Medium,,,,,,,,18.28,457.00,25,89,18.28,216.00,8.64,9.64,,
Padron,img/icons/manufacturers/padron.svg,Padron,,img/icons/brands/padron.svg,1964 Anniversary,1964 Diplomatico Maduro,,Churchill,7.00,50,Parejo,Nicaragua,Nicaragua,Nicaragua,Nicaragua,Maduro,Medium,,,,,,,FAV,18.95,473.75,25,89,24.22,290.25,11.61,12.61,,
Padron,img/icons/manufacturers/padron.svg,Padron,,img/icons/brands/padron.svg,1964 Anniversary,1964 Diplomatico Natural,,Churchill,7.00,50,Parejo,Nicaragua,Nicaragua,Nicaragua,Nicaragua,Colorado Maduro,Medium,,,,,,,FAV,18.95,473.75,25,89,24.22,290.25,11.61,12.61,,
Padron,img/icons/manufacturers/padron.svg,Padron,,img/icons/brands/padron.svg,1964 Anniversary,1964 No. 4 Maduro,,Gordo,6.50,60,Parejo,Nicaragua,Nicaragua,Nicaragua,Nicaragua,Maduro,Medium,,,,,,,,31.00,620.00,20,89,31.00,300.00,15.00,16.00,,
Padron,img/icons/manufacturers/padron.svg,Padron,,img/icons/brands/padron.svg,1964 Anniversary,1964 No. 4 Natural,,Gordo,6.50,60,Parejo,Nicaragua,Nicaragua,Nicaragua,Nicaragua,Colorado Maduro,Medium,,,,,,,,31.00,620.00,20,89,31.00,300.00,15.00,16.00,,
Padron,img/icons/manufacturers/padron.svg,Padron,,img/icons/brands/padron.svg,1964 Anniversary,1964 Presidente Maduro Tubo,,Toro,6.00,50,Parejo,Nicaragua,Nicaragua,Nicaragua,Nicaragua,Maduro,Medium,,Tubo,,,,,,26.07,391.00,15,89,26.07,188.00,12.53,13.53,,
Padron,img/icons/manufacturers/padron.svg,Padron,,img/icons/brands/padron.svg,1964 Anniversary,1964 Presidente Natural Tubo,,Toro,6.00,50,Parejo,Nicaragua,Nicaragua,Nicaragua,Nicaragua,Colorado Maduro,Medium,,Tubo,,,,,,26.07,391.00,15,89,26.07,188.00,12.53,13.53,,
Padron,img/icons/manufacturers/padron.svg,Padron,,img/icons/brands/padron.svg,1964 Anniversary,1964 Principe Maduro,,Petit Corona,4.50,46,Parejo,Nicaragua,Nicaragua,Nicaragua,Nicaragua,Maduro,Medium,,,,,,,FAV,17.32,433.00,25,89,17.32,204.00,8.16,9.16,,
Padron,img/icons/manufacturers/padron.svg,Padron,,img/icons/brands/padron.svg,1964 Anniversary,1964 Principe Natural,,Petit Corona,4.50,46,Parejo,Nicaragua,Nicaragua,Nicaragua,Nicaragua,Colorado Maduro,Medium,,,,,,,FAV,17.32,433.00,25,89,17.32,204.00,8.16,9.16,,
Padron,img/icons/manufacturers/padron.svg,Padron,,img/icons/brands/padron.svg,1964 Anniversary,1964 Series A Maduro,,A,8.25,50,Parejo,Nicaragua,Nicaragua,Nicaragua,Nicaragua,Maduro,Medium,,,,,,,,46.90,469.00,10,89,46.90,229.50,22.95,23.95,,
Padron,img/icons/manufacturers/padron.svg,Padron,,img/icons/brands/padron.svg,1964 Anniversary,1964 Soberano Maduro Tubo,,Robusto,5.00,52,Parejo,Nicaragua,Nicaragua,Nicaragua,Nicaragua,Maduro,Medium,,Tubo,,,,,,24.88,373.20,15,89,24.88,179.10,11.94,12.94,,
Padron,img/icons/manufacturers/padron.svg,Padron,,img/icons/brands/padron.svg,1964 Anniversary,1964 Soberano Natural Tubo,,Robusto,5.00,52,Parejo,Nicaragua,Nicaragua,Nicaragua,Nicaragua,Colorado Maduro,Medium,,Tubo,,,,,,24.88,373.20,15,89,24.88,179.10,11.94,12.94,,
Padron,img/icons/manufacturers/padron.svg,Padron,,img/icons/brands/padron.svg,1964 Anniversary,1964 Torpedo Maduro,,Torpedo,6.00,52,Torpedo,Nicaragua,Nicaragua,Nicaragua,Nicaragua,Maduro,Medium,,,,,,,,25.78,515.60,20,89,25.78,247.80,12.39,13.39,,
Padron,img/icons/manufacturers/padron.svg,Padron,,img/icons/brands/padron.svg,1964 Anniversary,1964 Torpedo Natural,,Torpedo,6.00,52,Torpedo,Nicaragua,Nicaragua,Nicaragua,Nicaragua,Colorado Maduro,Medium,,,,,,,,25.78,515.60,20,89,25.78,247.80,12.39,13.39,,
Padron,img/icons/manufacturers/padron.svg,Padron,,img/icons/brands/padron.svg,Damaso,Damaso No. 12,,Robusto,5.00,50,Parejo,Ecuadorian Connecticut Shade,Nicaragua,Nicaragua,Nicaragua,Claro,Mild,,,,,,,,17.06,341.20,20,89,17.06,160.60,8.03,9.03,,
Padron,img/icons/manufacturers/padron.svg,Padron,,img/icons/brands/padron.svg,Damaso,Damaso No. 15,,Toro,6.00,52,Parejo,Ecuadorian Connecticut Shade,Nicaragua,Nicaragua,Nicaragua,Claro,Mild,,,,,,,,18.56,371.20,20,89,18.56,175.60,8.78,9.78,,
Padron,img/icons/manufacturers/padron.svg,Padron,,img/icons/brands/padron.svg,Damaso,Damaso No. 17,,Churchill,7.00,54,Parejo,Ecuadorian Connecticut Shade,Nicaragua,Nicaragua,Nicaragua,Claro,Mild,,,,,,,,21.06,421.20,20,89,21.06,200.60,10.03,11.03,,
Padron,img/icons/manufacturers/padron.svg,Padron,,img/icons/brands/padron.svg,Damaso,Damaso No. 32 Red Label,,Robusto,5.25,52,Parejo,Ecuadorian Connecticut Shade,Nicaragua,Nicaragua,Nicaragua,Claro,Mild,,,,,,,,17.30,346.00,20,89,17.30,163.00,8.15,9.15,,
Padron,img/icons/manufacturers/padron.svg,Padron,,img/icons/brands/padron.svg,Damaso,Damaso No. 34 Red Label,,Torpedo,6.00,52,Torpedo,Ecuadorian Connecticut Shade,Nicaragua,Nicaragua,Nicaragua,Claro,Mild,,,,,,,,18.06,361.20,20,89,18.06,170.60,8.53,9.53,,
Padron,img/icons/manufacturers/padron.svg,Padron,,img/icons/brands/padron.svg,Damaso,Damaso No. 8,,Corona,5.50,46,Parejo,Ecuadorian Connecticut Shade,Nicaragua,Nicaragua,Nicaragua,Claro,Mild,,,,,,,,16.06,321.20,20,89,16.06,150.60,7.53,8.53,,
Padron,img/icons/manufacturers/padron.svg,Padron,,img/icons/brands/padron.svg,Family Reserve,Family Reserve #44 Maduro Torpedo,,Torpedo,6.00,52,Torpedo,Nicaragua,Nicaragua,Nicaragua,Nicaragua,Maduro,Medium-Full,,,,,,,,36.95,369.50,10,89,37.16,180.80,18.08,19.08,,
Padron,img/icons/manufacturers/padron.svg,Padron,,img/icons/brands/padron.svg,Family Reserve,Family Reserve #44 Natural Torpedo,,Torpedo,6.00,52,Torpedo,Nicaragua,Nicaragua,Nicaragua,Nicaragua,Colorado Maduro,Medium-Full,,,,,,,,36.95,369.50,10,89,37.16,180.80,18.08,19.08,,
Padron,img/icons/manufacturers/padron.svg,Padron,,img/icons/brands/padron.svg,Family Reserve,Family Reserve #45 Maduro,,Toro,6.00,52,Figurado,Nicaragua,Nicaragua,Nicaragua,Nicaragua,Maduro,Medium-Full,,,,,,,,31.95,319.50,10,89,35.26,171.30,17.13,18.13,,
Padron,img/icons/manufacturers/padron.svg,Padron,,img/icons/brands/padron.svg,Family Reserve,Family Reserve #45 Natural,,Toro,6.00,52,Figurado,Nicaragua,Nicaragua,Nicaragua,Nicaragua,Colorado Maduro,Medium-Full,,,,,,,,31.95,319.50,10,89,35.26,171.30,17.13,18.13,,
Padron,img/icons/manufacturers/padron.svg,Padron,,img/icons/brands/padron.svg,Family Reserve,Family Reserve #46 Maduro,,Toro,5.50,56,Parejo,Nicaragua,Nicaragua,Nicaragua,Nicaragua,Maduro,Medium-Full,,,,,,,,31.95,319.50,10,89,32.16,155.80,15.58,16.58,,
Padron,img/icons/manufacturers/padron.svg,Padron,,img/icons/brands/padron.svg,Family Reserve,Family Reserve #46 Natural,,Toro,5.50,56,Parejo,Nicaragua,Nicaragua,Nicaragua,Nicaragua,Colorado Maduro,Medium-Full,,,,,,,,31.95,319.50,10,89,32.16,155.80,15.58,16.58,,
Padron,img/icons/manufacturers/padron.svg,Padron,,img/icons/brands/padron.svg,Family Reserve,Family Reserve #50 Maduro,,Robusto,5.00,54,Parejo,Nicaragua,Nicaragua,Nicaragua,Nicaragua,Maduro,Full ,,,,,,,,29.95,299.50,10,89,30.86,149.30,14.93,15.93,,
Padron,img/icons/manufacturers/padron.svg,Padron,,img/icons/brands/padron.svg,Family Reserve,Family Reserve #50 Natural,,Robusto,5.00,54,Parejo,Nicaragua,Nicaragua,Nicaragua,Nicaragua,Colorado Maduro,Full ,,,,,,,,29.95,299.50,10,89,30.86,149.30,14.93,15.93,,
Padron,img/icons/manufacturers/padron.svg,Padron,,img/icons/brands/padron.svg,Family Reserve,Family Reserve #85 Maduro,,Robusto,5.25,50,Parejo,Nicaragua,Nicaragua,Nicaragua,Nicaragua,Maduro,Medium-Full,,,,,,,,26.26,262.60,10,89,26.26,126.30,12.63,13.63,,
Padron,img/icons/manufacturers/padron.svg,Padron,,img/icons/brands/padron.svg,Family Reserve,Family Reserve #85 Natural,,Robusto,5.25,50,Parejo,Nicaragua,Nicaragua,Nicaragua,Nicaragua,Colorado Maduro,Medium-Full,,,,,,,,26.26,262.60,10,89,26.26,126.30,12.63,13.63,,
Padron,img/icons/manufacturers/padron.svg,Padron,,img/icons/brands/padron.svg,Family Reserve,Family Reserve #95 Maduro,,Short Gordo,4.75,60,Parejo,Nicaragua,Nicaragua,Nicaragua,Nicaragua,Maduro,Full ,,,,,,,,33.10,331.00,10,89,33.10,160.50,16.05,17.05,,
Padron,img/icons/manufacturers/padron.svg,Padron,,img/icons/brands/padron.svg,Family Reserve,Family Reserve #95 Natural,,Short Gordo,4.75,60,Parejo,Nicaragua,Nicaragua,Nicaragua,Nicaragua,Colorado Maduro,Full ,,,,,,,,33.10,331.00,10,89,33.10,160.50,16.05,17.05,,
Padron,img/icons/manufacturers/padron.svg,Padron,,img/icons/brands/padron.svg,Family Reserve,Family Reserve #96 Maduro,,Robusto Gordo,5.75,52,Parejo,Nicaragua,Nicaragua,Nicaragua,Nicaragua,Colorado Maduro,Medium-Full,,,,,,,,31.95,319.50,10,89,33.10,160.50,16.05,17.05,,
Padron,img/icons/manufacturers/padron.svg,Padron,,img/icons/brands/padron.svg,Family Reserve,Family Reserve #96 Natural,,Robusto Gordo,5.75,52,Parejo,Nicaragua,Nicaragua,Nicaragua,Nicaragua,Maduro,Full,,,,,,,,31.95,319.50,10,89,33.10,160.50,16.05,17.05,,
Padron,img/icons/manufacturers/padron.svg,Padron,,img/icons/brands/padron.svg,1964 Anniversary,1964 Corona Natural,,Corona,6.00,42,Parejo,Nicaragua,Nicaragua,Nicaragua,Nicaragua,Colorado Maduro,Medium,,,,,,,,18.28,457.00,25,89,18.28,216.00,8.64,9.64,,
Padron,img/icons/manufacturers/padron.svg,Padron,,img/icons/brands/padron.svg,1964 Anniversary,1964 Exclusivo Maduro,,Toro,5.50,50,Parejo,Nicaragua,Nicaragua,Nicaragua,Nicaragua,Maduro,Medium,,,,,,,FAV,20.08,502.00,25,89,20.08,238.50,9.54,10.54,,
Padron,img/icons/manufacturers/padron.svg,Padron,,img/icons/brands/padron.svg,1964 Anniversary,1964 Exclusivo Natural,,Toro,5.50,50,Parejo,Nicaragua,Nicaragua,Nicaragua,Nicaragua,Colorado Maduro,Medium,,,,,,,FAV,20.08,502.00,25,89,20.08,238.50,9.54,10.54,,
Padron,img/icons/manufacturers/padron.svg,Padron,,img/icons/brands/padron.svg,1964 Anniversary,1964 Hermoso Maduro,,Short Robusto,4.00,56,Parejo,Nicaragua,Nicaragua,Nicaragua,Nicaragua,Maduro,Medium,,,,,,,FAV,21.47,536.68,25,89,21.47,255.84,10.23,11.23,,
Padron,img/icons/manufacturers/padron.svg,Padron,,img/icons/brands/padron.svg,1964 Anniversary,1964 Hermoso Natural,,Short Robusto,4.00,56,Parejo,Nicaragua,Nicaragua,Nicaragua,Nicaragua,Colorado Maduro,Medium,,,,,,,FAV,21.47,536.68,25,89,21.47,255.84,10.23,11.23,,
Padron,img/icons/manufacturers/padron.svg,Padron,,img/icons/brands/padron.svg,1964 Anniversary,1964 Imperial Maduro,,Toro,6.00,54,Parejo,Nicaragua,Nicaragua,Nicaragua,Nicaragua,Maduro,Medium,,,,,,,,24.58,614.50,25,89,24.58,294.75,11.79,12.79,,
Padron,img/icons/manufacturers/padron.svg,Padron,,img/icons/brands/padron.svg,1964 Anniversary,1964 Imperial Natural,,Toro,6.00,54,Parejo,Nicaragua,Nicaragua,Nicaragua,Nicaragua,Colorado Maduro,Medium,,,,,,,,24.58,614.50,25,89,24.58,294.75,11.79,12.79,,
Padron,img/icons/manufacturers/padron.svg,Padron,,img/icons/brands/padron.svg,1964 Anniversary,1964 Monarca Maduro,,Toro,6.50,46,Parejo,Nicaragua,Nicaragua,Nicaragua,Nicaragua,Maduro,Medium,,,,,,,,19.90,497.50,25,89,19.90,236.25,9.45,10.45,,
Padron,img/icons/manufacturers/padron.svg,Padron,,img/icons/brands/padron.svg,1964 Anniversary,1964 Monarca Natural,,Toro,6.50,46,Parejo,Nicaragua,Nicaragua,Nicaragua,Nicaragua,Colorado Maduro,Medium,,,,,,,,19.90,497.50,25,89,19.90,236.25,9.45,10.45,,
Padron,img/icons/manufacturers/padron.svg,Padron,,img/icons/brands/padron.svg,1964 Anniversary,1964 Piramide Maduro,,Pyramid,6.88,52,Pyramid,Nicaragua,Nicaragua,Nicaragua,Nicaragua,Maduro,Medium,,,,,,,,24.16,604.00,25,89,24.16,289.50,11.58,12.58,,
Padron,img/icons/manufacturers/padron.svg,Padron,,img/icons/brands/padron.svg,1964 Anniversary,1964 Piramide Natural,,Pyramid,6.88,52,Pyramid,Nicaragua,Nicaragua,Nicaragua,Nicaragua,Colorado Maduro,Medium,,,,,,,,24.16,604.00,25,89,24.16,289.50,11.58,12.58,,
Padron,img/icons/manufacturers/padron.svg,Padron,,img/icons/brands/padron.svg,1964 Anniversary,1964 Superior Maduro,,Lonsdale,6.50,42,Parejo,Nicaragua,Nicaragua,Nicaragua,Nicaragua,Maduro,Medium,,,,,,,,18.52,463.00,25,89,18.52,219.00,8.76,9.76,,
Padron,img/icons/manufacturers/padron.svg,Padron,,img/icons/brands/padron.svg,1964 Anniversary,1964 Superior Natural,,Lonsdale,6.50,42,Parejo,Nicaragua,Nicaragua,Nicaragua,Nicaragua,Colorado Maduro,Medium,,,,,,,,18.52,463.00,25,89,18.52,219.00,8.76,9.76,,
Padron,img/icons/manufacturers/padron.svg,Padron,,img/icons/brands/padron.svg,Padron Series,2000 Maduro,,Robusto,5.00,50,Parejo,Nicaragua,Nicaragua,Nicaragua,Nicaragua,Maduro,Medium-Full,,,,,,,,9.25,240.50,26,89,11.44,135.72,5.22,6.22,,
Padron,img/icons/manufacturers/padron.svg,Padron,,img/icons/brands/padron.svg,Padron Series,2000 Natural,,Robusto,5.00,50,Parejo,Nicaragua,Nicaragua,Nicaragua,Nicaragua,Colorado Maduro,Medium-Full,,,,,,,,9.25,240.50,26,89,11.44,135.72,5.22,6.22,,
Padron,img/icons/manufacturers/padron.svg,Padron,,img/icons/brands/padron.svg,Padron Series,3000 Maduro,,Robusto,5.50,52,Parejo,Nicaragua,Nicaragua,Nicaragua,Nicaragua,Maduro,Medium-Full,,,,,,,,10.25,266.50,26,89,12.52,149.76,5.76,6.76,,
Padron,img/icons/manufacturers/padron.svg,Padron,,img/icons/brands/padron.svg,Padron Series,3000 Natural,,Robusto,5.50,52,Parejo,Nicaragua,Nicaragua,Nicaragua,Nicaragua,Colorado Maduro,Medium-Full,,,,,,,,10.25,266.50,26,89,12.52,149.76,5.76,6.76,,
Padron,img/icons/manufacturers/padron.svg,Padron,,img/icons/brands/padron.svg,Padron Series,4000 Maduro,,Toro,6.50,54,Parejo,Nicaragua,Nicaragua,Nicaragua,Nicaragua,Maduro,Medium-Full,,,,,,,FAV,11.25,292.50,26,89,14.50,175.50,6.75,7.75,,
Padron,img/icons/manufacturers/padron.svg,Padron,,img/icons/brands/padron.svg,Padron Series,4000 Natural,,Toro,6.50,54,Parejo,Nicaragua,Nicaragua,Nicaragua,Nicaragua,Colorado Maduro,Medium-Full,,,,,,,FAV,11.25,292.50,26,89,14.50,175.50,6.75,7.75,,
Padron,img/icons/manufacturers/padron.svg,Padron,,img/icons/brands/padron.svg,,Padron 50 Years Toro Maduro,,Toro,6.50,52,Parejo,Nicaragua,Nicaragua,Nicaragua,Nicaragua,Maduro,Medium-Full,,,,,,,,50.00,"2,500.00",50,89,48.76,"1,194.00",23.88,24.88,,
Padron,img/icons/manufacturers/padron.svg,Padron,,img/icons/brands/padron.svg,,Padron 50 Years Toro Natural,,Toro,6.50,52,Parejo,Nicaragua,Nicaragua,Nicaragua,Nicaragua,Colorado Maduro,Medium,,,,,,,,50.00,"2,500.00",50,89,48.76,"1,194.00",23.88,24.88,,
Padron,img/icons/manufacturers/padron.svg,Padron,,img/icons/brands/padron.svg,Padron Series,5000 Maduro,,Robusto Gordo,5.50,56,Parejo,Nicaragua,Nicaragua,Nicaragua,Nicaragua,Maduro,Medium-Full,,,,,,,,11.25,292.50,26,89,14.08,170.04,6.54,7.54,,
Padron,img/icons/manufacturers/padron.svg,Padron,,img/icons/brands/padron.svg,Padron Series,5000 Natural,,Robusto Gordo,5.50,56,Parejo,Nicaragua,Nicaragua,Nicaragua,Nicaragua,Colorado Maduro,Medium-Full,,,,,,,,11.25,292.50,26,89,14.08,170.04,6.54,7.54,,
Padron,img/icons/manufacturers/padron.svg,Padron,,img/icons/brands/padron.svg,Padron Series,6000 Maduro Torpedo,,Torpedo,5.50,52,Pyramid,Nicaragua,Nicaragua,Nicaragua,Nicaragua,Maduro,Medium-Full,,,,,,,,11.95,310.70,26,89,14.92,180.96,6.96,7.96,,
Padron,img/icons/manufacturers/padron.svg,Padron,,img/icons/brands/padron.svg,Padron Series,6000 Natural Torpedo,,Torpedo,5.50,52,Pyramid,Nicaragua,Nicaragua,Nicaragua,Nicaragua,Colorado Maduro,Medium-Full,,,,,,,,11.95,310.70,26,89,14.92,180.96,6.96,7.96,,
Padron,img/icons/manufacturers/padron.svg,Padron,,img/icons/brands/padron.svg,Padron Series,7000 Maduro,,Gordo,6.25,60,Parejo,Nicaragua,Nicaragua,Nicaragua,Nicaragua,Maduro,Medium-Full,,,,,,,,12.95,336.70,26,89,16.12,196.56,7.56,8.56,,
Padron,img/icons/manufacturers/padron.svg,Padron,,img/icons/brands/padron.svg,Padron Series,7000 Natural,,Gordo,6.25,60,Parejo,Nicaragua,Nicaragua,Nicaragua,Nicaragua,Colorado Maduro,Medium-Full,,,,,,,,12.95,336.70,26,89,16.12,196.56,7.56,8.56,,
Padron,img/icons/manufacturers/padron.svg,Padron,,img/icons/brands/padron.svg,Padron Series,Ambassador Maduro,,Lonsdale,6.88,42,Parejo,Nicaragua,Nicaragua,Nicaragua,Nicaragua,Maduro,Medium-Full,,,,,,,,11.20,291.20,26,89,11.20,132.60,5.10,6.10,,
Padron,img/icons/manufacturers/padron.svg,Padron,,img/icons/brands/padron.svg,Padron Series,Ambassador Natural,,Lonsdale,6.88,42,Parejo,Nicaragua,Nicaragua,Nicaragua,Nicaragua,Colorado Maduro,Medium-Full,,,,,,,,11.20,291.20,26,89,11.20,132.60,5.10,6.10,,
Padron,img/icons/manufacturers/padron.svg,Padron,,img/icons/brands/padron.svg,Padron Series,Churchill Maduro,,Churchill,6.88,46,Parejo,Nicaragua,Nicaragua,Nicaragua,Nicaragua,Maduro,Medium-Full,,,,,,,,12.52,325.52,26,89,12.52,149.76,5.76,6.76,,
Padron,img/icons/manufacturers/padron.svg,Padron,,img/icons/brands/padron.svg,Padron Series,Churchill Natural,,Churchill,6.88,46,Parejo,Nicaragua,Nicaragua,Nicaragua,Nicaragua,Colorado Maduro,Medium-Full,,,,,,,,12.52,325.52,26,89,12.52,149.76,5.76,6.76,,
Padron,img/icons/manufacturers/padron.svg,Padron,,img/icons/brands/padron.svg,Padron Series,Corticos Maduro Box,,Cigarillo,4.25,35,Parejo,Nicaragua,Nicaragua,Nicaragua,Nicaragua,Maduro,Medium-Full,,,,,,,,7.90,237.00,30,89,7.90,103.50,3.45,4.45,,
Padron,img/icons/manufacturers/padron.svg,Padron,,img/icons/brands/padron.svg,Padron Series,Corticos Maduro Tin,,Cigarillo,,,,,,,,Maduro,,,,,Tin,,,,7.90,284.40,36,89,7.90,124.20,3.45,4.45,,
Padron,img/icons/manufacturers/padron.svg,Padron,,img/icons/brands/padron.svg,Padron Series,Corticos Natural Box,,Cigarillo,4.25,35,Parejo,Nicaragua,Nicaragua,Nicaragua,Nicaragua,Colorado Maduro,Medium-Full,,,,,,,,7.90,237.00,30,89,7.90,103.50,3.45,4.45,,
Padron,img/icons/manufacturers/padron.svg,Padron,,img/icons/brands/padron.svg,Padron Series,Corticos Natural Tin,,Cigarillo,,,,,,,,Colorado Maduro,,,,,Tin,,,,7.90,284.40,36,89,7.90,124.20,3.45,4.45,,
Padron,img/icons/manufacturers/padron.svg,Padron,,img/icons/brands/padron.svg,Padron Series,Executive Maduro,,Churchill,7.50,50,Parejo,Nicaragua,Nicaragua,Nicaragua,Nicaragua,Maduro,Medium-Full,,,,,,,,15.16,394.16,26,89,15.16,184.08,7.08,8.08,,
Padron,img/icons/manufacturers/padron.svg,Padron,,img/icons/brands/padron.svg,Padron Series,Executive Natural,,Churchill,7.50,50,Parejo,Nicaragua,Nicaragua,Nicaragua,Nicaragua,Colorado Maduro,Medium-Full,,,,,,,,15.16,394.16,26,89,15.16,184.08,7.08,8.08,,
Padron,img/icons/manufacturers/padron.svg,Padron,,img/icons/brands/padron.svg,Padron Series,Londres Maduro,,Corona,5.50,42,Parejo,Nicaragua,Nicaragua,Nicaragua,Nicaragua,Maduro,Medium-Full,,,,,,,,10.36,269.36,26,89,10.36,121.68,4.68,5.68,,
Padron,img/icons/manufacturers/padron.svg,Padron,,img/icons/brands/padron.svg,Padron Series,Londres Natural,,Corona,5.50,42,Parejo,Nicaragua,Nicaragua,Nicaragua,Nicaragua,Colorado Maduro,Medium-Full,,,,,,,,10.36,269.36,26,89,10.36,121.68,4.68,5.68,,
Padron,img/icons/manufacturers/padron.svg,Padron,,img/icons/brands/padron.svg,Padron Series,Magnum Maduro,,Gigante,9.00,50,Parejo,Nicaragua,Nicaragua,Nicaragua,Nicaragua,Colorado Maduro,Medium-Full,,,,,,,,17.98,467.48,26,89,17.98,220.74,8.49,9.49,,
Padron,img/icons/manufacturers/padron.svg,Padron,,img/icons/brands/padron.svg,Padron Series,Magnum Natural,,Gigante,9.00,50,Parejo,Nicaragua,Nicaragua,Nicaragua,Nicaragua,Maduro,Medium-Full,,,,,,,,17.98,467.48,26,89,17.98,220.74,8.49,9.49,,
Padron,img/icons/manufacturers/padron.svg,Padron,,img/icons/brands/padron.svg,Padron Series,Palmas Maduro,,Long Corona,6.31,42,Parejo,Nicaragua,Nicaragua,Nicaragua,Nicaragua,Maduro,Medium-Full,,,,,,,,11.20,291.20,26,89,11.20,132.60,5.10,6.10,,
Padron,img/icons/manufacturers/padron.svg,Padron,,img/icons/brands/padron.svg,Padron Series,Palmas Natural,,Long Corona,6.31,42,Parejo,Nicaragua,Nicaragua,Nicaragua,Nicaragua,Colorado Maduro,Medium-Full,,,,,,,,11.20,291.20,26,89,11.20,132.60,5.10,6.10,,
Padron,img/icons/manufacturers/padron.svg,Padron,,img/icons/brands/padron.svg,Padron Series,Panetela Maduro,,Panetela ,6.88,36,Parejo,Nicaragua,Nicaragua,Nicaragua,Nicaragua,Maduro,Medium-Full,,,,,,,,11.32,294.32,26,89,11.32,134.16,5.16,6.16,,
Padron,img/icons/manufacturers/padron.svg,Padron,,img/icons/brands/padron.svg,Padron Series,Panetela Natural,,Panetela ,6.88,36,Parejo,Nicaragua,Nicaragua,Nicaragua,Nicaragua,Colorado Maduro,Medium-Full,,,,,,,,11.32,294.32,26,89,11.32,134.16,5.16,6.16,,
Drew Estate,img/icons/manufacturers/drewestate.svg,Pappy Van Winkle,pvw,img/icons/brands/pappyvanwinkle.svg,,Family Reserve Barrel Fermented Churchill,,Churchill,7,48,Parejo,"Mexican San Andres Maduro, USA Kentucky",Nicaragua,Nicaragua,Nicaragua,Maduro,Medium,,,,,,,,17.55,,,,,,,,,
Drew Estate,img/icons/manufacturers/drewestate.svg,Pappy Van Winkle,pvw,img/icons/brands/pappyvanwinkle.svg,,Family Reserve Barrel Fermented Robusto,,Robusto,5.25,52,Parejo,"Mexican San Andres Maduro, USA Kentucky",Nicaragua,Nicaragua,Nicaragua,Maduro,Medium,,,,,,,,16.55,,,,,,,,,
Drew Estate,img/icons/manufacturers/drewestate.svg,Pappy Van Winkle,pvw,img/icons/brands/pappyvanwinkle.svg,,Family Reserve Barrel Fermented Toro,,Toro,6,54,Parejo,"Mexican San Andres Maduro, USA Kentucky",Nicaragua,Nicaragua,Nicaragua,Maduro,Medium,,,,,,,,17.55,,,,,,,,,
Drew Estate,img/icons/manufacturers/drewestate.svg,Pappy Van Winkle,pvw,img/icons/brands/pappyvanwinkle.svg,,Family Reserve Barrel Fermented Gordo,,Gordo,6,60,Parejo,"Mexican San Andres Maduro, USA Kentucky",Nicaragua,Nicaragua,Nicaragua,Maduro,Medium,,,,,,,,,,,,,,,,,
Drew Estate,img/icons/manufacturers/drewestate.svg,Pappy Van Winkle,pvw,img/icons/brands/pappyvanwinkle.svg,,Tradition Belicoso Fino,,Torpedo,5,50,Torpedo,Ecuadorian Habano,Indonesia,"Dominican Republic, Nicaragua",Nicaragua,Colorado Maduro,Medium,,,,,,,,,,,,,,,,,
Drew Estate,img/icons/manufacturers/drewestate.svg,Pappy Van Winkle,pvw,img/icons/brands/pappyvanwinkle.svg,,Tradition Coronita,,Petite Corona,4,46,Parejo,Ecuadorian Habano,Indonesia,"Dominican Republic, Nicaragua",Nicaragua,Colorado Maduro,Medium,,,,,,,,,,,,,,,,,
Drew Estate,img/icons/manufacturers/drewestate.svg,Pappy Van Winkle,pvw,img/icons/brands/pappyvanwinkle.svg,,Tradition Robusto Grande,,Robusto Extra,5.5,54,Parejo,Ecuadorian Habano,Indonesia,"Dominican Republic, Nicaragua",Nicaragua,Colorado Maduro,Medium,,,,,,,,,,,,,,,,,
Drew Estate,img/icons/manufacturers/drewestate.svg,Pappy Van Winkle,pvw,img/icons/brands/pappyvanwinkle.svg,,Tradition Toro,,Toro,6,50,Parejo,Ecuadorian Habano,Indonesia,"Dominican Republic, Nicaragua",Nicaragua,Colorado Maduro,Medium,,,,,,,,,,,,,,,,,
Drew Estate,img/icons/manufacturers/drewestate.svg,Pappy Van Winkle,pvw,img/icons/brands/pappyvanwinkle.svg,,Flying Pig,,Perfecto,4.00,60,Perfecto,"Mexican San Andreas, USA",Nicaragua,"Nicaragua, USA",Nicaragua,Mixed,Medium-Full,,,,,,,,13.99,,,89,,,,,,
Perdomo,img/icons/manufacturers/perdomo.svg,Perdomo,,img/icons/brands/perdomo.svg,Limited Cameroon Edition,Limited Cameroon Edition Petit Corona,,Petit Corona,4.50,44,Parejo,,,,,,,,,,,,,,10.00,100.00,10,89,10.00,45.00,4.50,5.50,,
Perdomo,img/icons/manufacturers/perdomo.svg,Perdomo,,img/icons/brands/perdomo.svg,Reserve 10th Anniversary,Reserve 10th Anniversary Tubo,,Toro,6.00,50,Parejo,,,,,,,,Tubo,,,,,,12.50,150.00,12,89,12.50,69.00,5.75,6.75,,
Perdomo,img/icons/manufacturers/perdomo.svg,Perdomo,,img/icons/brands/perdomo.svg,Inmenso 70,Inmenso 70 Maduro Churchill,,Churchill,7.00,70,Parejo,,,,,,,,,,,,,,,,16,89,,,0.00,,,
Perdomo,img/icons/manufacturers/perdomo.svg,Perdomo,,img/icons/brands/perdomo.svg,Inmenso 70,Inmenso 70 Sungrown Churchill,,Churchill,7.00,70,Parejo,,,,,,,,,,,,,,,,16,89,,,0.00,,,
Perdomo,img/icons/manufacturers/perdomo.svg,Perdomo,,img/icons/brands/perdomo.svg,Inmenso 70,Inmenso 70 Maduro Toro,,Toro,6.00,70,Parejo,,,,,,,,,,,,,,,,16,89,,,0.00,,,
Perdomo,img/icons/manufacturers/perdomo.svg,Perdomo,,img/icons/brands/perdomo.svg,Inmenso 70,Inmenso 70 Sungrown Toro,,Toro,6.00,70,Parejo,,,,,,,,,,,,,,,,16,89,,,0.00,,,
Perdomo,img/icons/manufacturers/perdomo.svg,Perdomo,,img/icons/brands/perdomo.svg,Lot 23,Lot 23 Connecticut Belicoso,,Belicoso,6.00,54,Belicoso,,,,,,,,,,,,,,11.25,270.00,24,89,11.25,123.00,5.13,6.13,,
Perdomo,img/icons/manufacturers/perdomo.svg,Perdomo,,img/icons/brands/perdomo.svg,Lot 23,Lot 23 Maduro Belicoso,,Belicoso,6.00,54,Belicoso,,,,,,,,,,,,,,11.25,270.00,24,89,11.25,123.00,5.13,6.13,,
Perdomo,img/icons/manufacturers/perdomo.svg,Perdomo,,img/icons/brands/perdomo.svg,Lot 23,Lot 23 Sungrown Belicoso,,Belicoso,6.00,54,Belicoso,,,,,,,,,,,,,,11.25,270.00,24,89,11.25,123.00,5.13,6.13,,
Perdomo,img/icons/manufacturers/perdomo.svg,Perdomo,,img/icons/brands/perdomo.svg,20th Anniversary,20th Anniversary Corona Grande,,Corona Gorda,6.50,48,Parejo,,,,,,,,,,,,,,12.75,306.00,24,89,12.75,141.00,5.88,6.88,,
Perdomo,img/icons/manufacturers/perdomo.svg,Perdomo,,img/icons/brands/perdomo.svg,20th Anniversary,20th Anniversary Corona Grande ,,Corona Gorda,6.50,48,Parejo,,,,,,,,,,,,,,12.75,306.00,24,89,12.75,141.00,5.88,6.88,,
Perdomo,img/icons/manufacturers/perdomo.svg,Perdomo,,img/icons/brands/perdomo.svg,20th Anniversary,20th Anniversary Corona Grande,,Corona Gorda,6.50,48,Parejo,,,,,,,,,,,,,,12.75,306.00,24,89,12.75,141.00,5.88,6.88,,
Perdomo,img/icons/manufacturers/perdomo.svg,Perdomo,,img/icons/brands/perdomo.svg,20th Anniversary,20th Anniversary Corona Grande ,,Corona Gorda,6.50,48,Parejo,,,,,,,,,,,,,,12.75,306.00,24,89,12.75,141.00,5.88,6.88,,
Perdomo,img/icons/manufacturers/perdomo.svg,Perdomo,,img/icons/brands/perdomo.svg,20th Anniversary,20th Anniversary Robusto,,Robusto Gordo,5.00,56,Parejo,,,,,,,,,,,,,,13.00,312.00,24,89,13.00,144.00,6.00,7.00,,
Perdomo,img/icons/manufacturers/perdomo.svg,Perdomo,,img/icons/brands/perdomo.svg,20th Anniversary,20th Anniversary Robusto,,Robusto Gordo,5.00,56,Parejo,,,,,,,,,,,,,,13.00,312.00,24,89,13.00,144.00,6.00,7.00,,
Perdomo,img/icons/manufacturers/perdomo.svg,Perdomo,,img/icons/brands/perdomo.svg,20th Anniversary,20th Anniversary Epicure 6x56,,Toro Gordo,6.00,56,Parejo,,,,,,,,,,,,,,13.50,324.00,24,89,13.50,150.00,6.25,7.25,,
Perdomo,img/icons/manufacturers/perdomo.svg,Perdomo,,img/icons/brands/perdomo.svg,20th Anniversary,20th Anniversary Gordo,,Gordo,6.00,60,Parejo,,,,,,,,,,,,,,14.50,348.00,24,89,14.50,162.00,6.75,7.75,,
Perdomo,img/icons/manufacturers/perdomo.svg,Perdomo,,img/icons/brands/perdomo.svg,20th Anniversary,20th Anniversary Gordo,,Gordo,6.00,60,Parejo,,,,,,,,,,,,,,14.50,348.00,24,89,14.50,162.00,6.75,7.75,,
Perdomo,img/icons/manufacturers/perdomo.svg,Perdomo,,img/icons/brands/perdomo.svg,20th Anniversary,20th Anniversary Churchill,,Churchill,7.00,56,Parejo,,,,,,,,,,,,,,15.00,360.00,24,89,15.00,168.00,7.00,8.00,,
Perdomo,img/icons/manufacturers/perdomo.svg,Perdomo,,img/icons/brands/perdomo.svg,20th Anniversary,20th Anniversary Churchill,,Churchill,7.00,56,Parejo,,,,,,,,,,,,,,15.00,360.00,24,89,15.00,168.00,7.00,8.00,,
Perdomo,img/icons/manufacturers/perdomo.svg,Perdomo,,img/icons/brands/perdomo.svg,Habano Bourbon-Barrel Aged,Habano BBA Churchill,,Churchill,7.00,54,Parejo,,,,,,,,,,,,,,1.00,24.00,24,89,1.00,,0.00,1.00,,
Perdomo,img/icons/manufacturers/perdomo.svg,Perdomo,,img/icons/brands/perdomo.svg,Habano Bourbon-Barrel Aged,Habano BBA Gordo,,Gordo,6.00,60,Parejo,,,,,,,,,,,,,,1.00,24.00,24,89,1.00,,0.00,1.00,,
Perdomo,img/icons/manufacturers/perdomo.svg,Perdomo,,img/icons/brands/perdomo.svg,Habano Bourbon-Barrel Aged,Habano BBA Robusto,,Robusto                            ,5.00,54,Parejo,,,,,,,,,,,,,,1.00,24.00,24,89,1.00,,0.00,1.00,,
Perdomo,img/icons/manufacturers/perdomo.svg,Perdomo,,img/icons/brands/perdomo.svg,Habano Bourbon-Barrel Aged,Habano BBA Epicure,,Toro Gordo,6.00,54,Parejo,,,,,,,,,,,,,,1.00,24.00,24,89,1.00,,0.00,1.00,,
Perdomo,img/icons/manufacturers/perdomo.svg,Perdomo,,img/icons/brands/perdomo.svg,Lot 23,Lot 23 Connecticut Robusto,,Robusto,5.00,50,Parejo,,,,,,,,,,,,,,10.50,252.00,24,89,10.50,114.00,4.75,5.75,,
Perdomo,img/icons/manufacturers/perdomo.svg,Perdomo,,img/icons/brands/perdomo.svg,Lot 23,Lot 23 Maduro Robusto,,Robusto,5.00,50,Parejo,,,,,,,,,,,,,,10.50,252.00,24,89,10.50,114.00,4.75,5.75,,
Perdomo,img/icons/manufacturers/perdomo.svg,Perdomo,,img/icons/brands/perdomo.svg,Lot 23,Lot 23 Sungrown Robusto,,Robusto,5.00,50,Parejo,,,,,,,,,,,,,,10.50,252.00,24,89,10.50,114.00,4.75,5.75,,
Perdomo,img/icons/manufacturers/perdomo.svg,Perdomo,,img/icons/brands/perdomo.svg,Lot 23,Lot 23 Connecticut Gordito,,Short Gordo,4.50,60,Parejo,,,,,,,,,,,,,,10.75,258.00,24,89,10.75,117.00,4.88,5.88,,
Perdomo,img/icons/manufacturers/perdomo.svg,Perdomo,,img/icons/brands/perdomo.svg,Lot 23,Lot 23 Maduro Gordito,,Short Gordo,4.50,60,Parejo,,,,,,,,,,,,,,10.75,258.00,24,89,10.75,117.00,4.88,5.88,,
Perdomo,img/icons/manufacturers/perdomo.svg,Perdomo,,img/icons/brands/perdomo.svg,Lot 23,Lot 23 Sungrown Gordito,,Short Gordo,4.50,60,Parejo,,,,,,,,,,,,,,10.75,258.00,24,89,10.75,117.00,4.88,5.88,,
Perdomo,img/icons/manufacturers/perdomo.svg,Perdomo,,img/icons/brands/perdomo.svg,Lot 23,Lot 23 Sungrown Toro,,Cigarillo,6.00,50,Parejo,,,,,,,,,,,,,,11.00,264.00,24,89,11.00,120.00,5.00,6.00,,
Perdomo,img/icons/manufacturers/perdomo.svg,Perdomo,,img/icons/brands/perdomo.svg,Lot 23,Lot 23 Connecticut Toro,,Toro,6.00,50,Parejo,,,,,,,,,,,,,,11.00,264.00,24,89,11.00,120.00,5.00,6.00,,
Perdomo,img/icons/manufacturers/perdomo.svg,Perdomo,,img/icons/brands/perdomo.svg,Lot 23,Lot 23 Maduro Toro,,Toro,6.00,50,Parejo,,,,,,,,,,,,,,11.00,264.00,24,89,11.00,120.00,5.00,6.00,,
Perdomo,img/icons/manufacturers/perdomo.svg,Perdomo,,img/icons/brands/perdomo.svg,Lot 23,Lot 23 Connecticut Churchill,,Churchill,7.00,50,Parejo,,,,,,,,,,,,,,11.50,276.00,24,89,11.50,126.00,5.25,6.25,,
Perdomo,img/icons/manufacturers/perdomo.svg,Perdomo,,img/icons/brands/perdomo.svg,Lot 23,Lot 23 Maduro Churchill,,Churchill,7.00,50,Parejo,,,,,,,,,,,,,,11.50,276.00,24,89,11.50,126.00,5.25,6.25,,
Perdomo,img/icons/manufacturers/perdomo.svg,Perdomo,,img/icons/brands/perdomo.svg,Lot 23,Lot 23 Sungrown Churchill,,Churchill,7.00,50,Parejo,,,,,,,,,,,,,,11.50,276.00,24,89,11.50,126.00,5.25,6.25,,
Perdomo,img/icons/manufacturers/perdomo.svg,Perdomo,,img/icons/brands/perdomo.svg,20th Anniversary,20th Anniversary Torpedo,,Torpedo,6.50,54,Torpedo,,,,,,,,,,,,,,14.00,336.00,24,89,14.00,156.00,6.50,7.50,,
Perdomo,img/icons/manufacturers/perdomo.svg,Perdomo,,img/icons/brands/perdomo.svg,Habano Bourbon-Barrel Aged,Habano BBA Torpedo,,Torpedo,6.50,54,Torpedo,,,,,,,,,,,,,,1.00,24.00,24,89,1.00,,0.00,1.00,,
Perdomo,img/icons/manufacturers/perdomo.svg,Perdomo,,img/icons/brands/perdomo.svg,Reserve 10th Anniversary,Reserve 10th Anniversary Figurado,,Figurado,4.75,56,Figurado,,,,,,,,,,,,,,11.25,281.26,25,89,11.25,128.13,5.13,6.13,,
Perdomo,img/icons/manufacturers/perdomo.svg,Perdomo,,img/icons/brands/perdomo.svg,Fresco,Fresco Maduro,,Robusto,5.00,50,Parejo,,,,,,,,,,,,,,7.00,175.00,25,89,7.00,75.00,3.00,4.00,,
Perdomo,img/icons/manufacturers/perdomo.svg,Perdomo,,img/icons/brands/perdomo.svg,Fresco,Fresco Sungrown,,Robusto,5.00,50,Parejo,,,,,,,,,,,,,,7.00,175.00,25,89,7.00,75.00,3.00,4.00,,
Perdomo,img/icons/manufacturers/perdomo.svg,Perdomo,,img/icons/brands/perdomo.svg,Fresco,Fresco Maduro,,Toro,6.00,50,Parejo,,,,,,,,,,,,,,7.10,177.50,25,89,7.10,76.25,3.05,4.05,,
Perdomo,img/icons/manufacturers/perdomo.svg,Perdomo,,img/icons/brands/perdomo.svg,Fresco,Fresco Sungrown,,Toro,6.00,50,Parejo,,,,,,,,,,,,,,7.10,177.50,25,89,7.10,76.25,3.05,4.05,,
Perdomo,img/icons/manufacturers/perdomo.svg,Perdomo,,img/icons/brands/perdomo.svg,Fresco,Fresco Maduro,,Churchill,7.00,50,Parejo,,,,,,,,,,,,,,7.20,180.00,25,89,7.20,77.50,3.10,4.10,,
Perdomo,img/icons/manufacturers/perdomo.svg,Perdomo,,img/icons/brands/perdomo.svg,Fresco,Fresco Sungrown,,Churchill,7.00,50,Parejo,,,,,,,,,,,,,,7.20,180.00,25,89,7.20,77.50,3.10,4.10,,
Perdomo,img/icons/manufacturers/perdomo.svg,Perdomo,,img/icons/brands/perdomo.svg,Reserve 10th Anniversary,Puritos (5x5 Tins),,Cigarillo,4.00,4 x 38,Parejo,,,,,,,,,,Tin,,,,6.50,162.50,25,89,6.50,68.75,2.75,3.75,,
Perdomo,img/icons/manufacturers/perdomo.svg,Perdomo,,img/icons/brands/perdomo.svg,Reserve 10th Anniversary,Reserve 10th Anniversary Corona Extra,,Corona Extra,5.63,46,Parejo,,,,,,,,,,,,,,11.75,293.76,25,89,11.75,134.38,5.38,6.38,,
Perdomo,img/icons/manufacturers/perdomo.svg,Perdomo,,img/icons/brands/perdomo.svg,Reserve 10th Anniversary,Reserve 10th Anniversary Robusto,,Robusto,5.00,54,Parejo,,,,,,,,,,,,,,12.25,306.26,25,89,12.25,140.63,5.63,6.63,,
Perdomo,img/icons/manufacturers/perdomo.svg,Perdomo,,img/icons/brands/perdomo.svg,Reserve 10th Anniversary,Reserve 10th Anniversary Epicure 6x54,,Toro Gordo,6.00,54,Parejo,,,,,,,,,,,,,,12.75,318.76,25,89,12.75,146.88,5.88,6.88,,
Perdomo,img/icons/manufacturers/perdomo.svg,Perdomo,,img/icons/brands/perdomo.svg,Reserve 10th Anniversary,Reserve 10th Anniversary Churchill,,Churchill,7.00,54,Parejo,,,,,,,,,,,,,,13.25,331.26,25,89,13.25,153.13,6.13,7.13,,
Perdomo,img/icons/manufacturers/perdomo.svg,Perdomo,,img/icons/brands/perdomo.svg,Reserve 10th Anniversary,Reserve 10th Anniversary Super Toro 6x60,,Gordo,6.00,60,Parejo,,,,,,,,,,,,,,13.75,343.76,25,89,13.75,159.38,6.38,7.38,,
Perdomo,img/icons/manufacturers/perdomo.svg,Perdomo,,img/icons/brands/perdomo.svg,Fresco,Fresco Maduro,,Torpedo,6.50,54,Torpedo,,,,,,,,,,,,,,7.30,182.50,25,89,7.30,78.75,3.15,4.15,,
Perdomo,img/icons/manufacturers/perdomo.svg,Perdomo,,img/icons/brands/perdomo.svg,Fresco,Fresco Sungrown,,Torpedo,6.50,54,Torpedo,,,,,,,,,,,,,,7.30,182.50,25,89,7.30,78.75,3.15,4.15,,
Perdomo,img/icons/manufacturers/perdomo.svg,Perdomo,,img/icons/brands/perdomo.svg,Reserve 10th Anniversary,Reserve 10th Anniversary Torpedo,,Torpedo,7.00,54,Torpedo,,,,,,,,,,,,,,13.50,337.50,25,89,13.50,156.25,6.25,7.25,,
Perdomo,img/icons/manufacturers/perdomo.svg,Perdomo,,img/icons/brands/perdomo.svg,Reserve 10th Anniversary,Puritos (50 ct boxes),,Cigarillo,4.00,4 x 38,Parejo,,,,,,,,,,,,,,6.50,325.00,50,89,6.50,137.50,2.75,3.75,,
Perdomo,img/icons/manufacturers/perdomo.svg,Perdomo,,img/icons/brands/perdomo.svg,Humidified Bags,Champagne 4-Pack Bags,,Toro Gordo,6.00,54,Parejo,,,,,,,,,,,,,,,,1 (4 sticks),89,,20.50,,,,
Perdomo,img/icons/manufacturers/perdomo.svg,Perdomo,,img/icons/brands/perdomo.svg,Humidified Bags,Sungrown Fresh Pack,,Toro Gordo,6.00,54,Parejo,,,,,,,,,,,Pack,,,,,1 (4 sticks),89,,20.50,,,,
Perdomo,img/icons/manufacturers/perdomo.svg,Perdomo,,img/icons/brands/perdomo.svg,Humidified Bags,Maduro Fresh Pack,,Toro Gordo,6.00,54,Parejo,,,,,,,,,,,Pack,,,,,1 (4 sticks),89,,20.50,,,,
Perdomo,img/icons/manufacturers/perdomo.svg,Perdomo,,img/icons/brands/perdomo.svg,Humidified Bags,Connecticut Fresh Pack,,Toro Gordo,6.00,54,Parejo,,,,,,,,,,,Pack,,,,,1 (4 sticks),89,,20.50,,,,
General Cigar Co.,img/icons/manufacturers/generalcigarco.svg,Punch,,img/icons/brands/punch.svg,EMS,London Club EMS,,Petit Corona,5.00,40,Parejo,,,,,,,,,,,,,,7.04,176.00,25,89,7.04,75.50,3.02,4.02,50309,
General Cigar Co.,img/icons/manufacturers/generalcigarco.svg,Punch,,img/icons/brands/punch.svg,EMS,Elites EMS,,Corona,5.25,45,Parejo,,,,,,,,,,,,,,7.54,188.50,25,89,7.54,81.75,3.27,4.27,50299,
General Cigar Co.,img/icons/manufacturers/generalcigarco.svg,Punch,,img/icons/brands/punch.svg,EMS,Punch EMS,,Corona,6.25,44,Parejo,,,,,,,,,,,,,,11.10,277.50,25,89,11.10,126.25,5.05,6.05,50328,
General Cigar Co.,img/icons/manufacturers/generalcigarco.svg,Punch,,img/icons/brands/punch.svg,EMS,After Dinner EMS,,Corona Gorda,7.25,45,Parejo,,,,,,,,,,,,,,11.22,280.50,25,89,11.22,127.75,5.11,6.11,50242,
General Cigar Co.,img/icons/manufacturers/generalcigarco.svg,Punch,,img/icons/brands/punch.svg,EMS,Pitas EMS,,Toro,6.12,50,Parejo,,,,,,,,,,,,,,12.20,305.00,25,89,12.20,140.00,5.60,6.60,50313,
General Cigar Co.,img/icons/manufacturers/generalcigarco.svg,Punch,,img/icons/brands/punch.svg,EMS,Double Corona EMS,,Double Corona,6.75,48,Parejo,,,,,,,,,,,,,,12.46,311.50,25,89,12.46,143.25,5.73,6.73,50294,
General Cigar Co.,img/icons/manufacturers/generalcigarco.svg,Punch,,img/icons/brands/punch.svg,EMS,Magnum EMS,,Robusto Gordo,5.25,54,Parejo,,,,,,,,,,,,,,13.06,326.50,25,89,13.06,150.75,6.03,7.03,53851,
General Cigar Co.,img/icons/manufacturers/generalcigarco.svg,Punch,,img/icons/brands/punch.svg,EMS,Presidente EMS,,Gigante,8.50,52,Parejo,,,,,,,,,,,,,,15.70,392.50,25,89,15.70,183.75,7.35,8.35,50323,
General Cigar Co.,img/icons/manufacturers/generalcigarco.svg,Punch,,img/icons/brands/punch.svg,Gran Puro,Punch Gran Puro Santa Rita,,Robusto,4.50,52,Parejo,,,,,,,,,,,,,,11.70,292.50,25,89,11.70,133.75,5.35,6.35,53718,
General Cigar Co.,img/icons/manufacturers/generalcigarco.svg,Punch,,img/icons/brands/punch.svg,Gran Puro,Pico Bonito,,Toro,6.00,50,Parejo,,,,,,,,,,,,,,13.20,330.00,25,89,13.20,152.50,6.10,7.10,53719,
General Cigar Co.,img/icons/manufacturers/generalcigarco.svg,Punch,,img/icons/brands/punch.svg,Gran Puro,Rancho,,Robusto Gordo,5.50,54,Parejo,,,,,,,,,,,,,,13.20,330.00,25,89,13.20,152.50,6.10,7.10,53717,
General Cigar Co.,img/icons/manufacturers/generalcigarco.svg,Punch,,img/icons/brands/punch.svg,Gran Puro,Sierra,,Corona Extra,6.50,48,Parejo,,,,,,,,,,,,,,13.20,330.00,25,89,13.20,152.50,6.10,7.10,53720,
General Cigar Co.,img/icons/manufacturers/generalcigarco.svg,Punch,,img/icons/brands/punch.svg,Knuckle Buster,Robusto,,Robusto,4.50,52,Parejo,,,,,,,,,,,,,,6.68,167.00,25,89,6.68,71.00,2.84,3.84,55985,
General Cigar Co.,img/icons/manufacturers/generalcigarco.svg,Punch,,img/icons/brands/punch.svg,Knuckle Buster,Toro,,Toro,6.00,50,Parejo,,,,,,,,,,,,,,7.38,184.50,25,89,7.38,79.75,3.19,4.19,55986,
General Cigar Co.,img/icons/manufacturers/generalcigarco.svg,Punch,,img/icons/brands/punch.svg,Knuckle Buster Maduro,Robusto,,Robusto,5.00,52,Parejo,,,,,,,,,,,,,,6.68,167.00,25,89,6.68,71.00,2.84,3.84,56109,
General Cigar Co.,img/icons/manufacturers/generalcigarco.svg,Punch,,img/icons/brands/punch.svg,Knuckle Buster Maduro,Toro,,Toro,6.00,50,Parejo,,,,,,,,,,,,,,7.16,179.00,25,89,7.16,77.00,3.08,4.08,56110,
General Cigar Co.,img/icons/manufacturers/generalcigarco.svg,Punch,,img/icons/brands/punch.svg,Knuckle Buster Shade,Robusto,,Robusto,5.50,50,Parejo,,,,,,,,,,,,,,6.44,161.00,25,89,6.44,68.00,2.72,3.72,56291,
General Cigar Co.,img/icons/manufacturers/generalcigarco.svg,Punch,,img/icons/brands/punch.svg,Knuckle Buster Shade,Toro,,Toro,6.00,52,Parejo,,,,,,,,,,,,,,7.14,178.50,25,89,7.14,76.75,3.07,4.07,56292,
General Cigar Co.,img/icons/manufacturers/generalcigarco.svg,Punch,,img/icons/brands/punch.svg,,Café Royales NAT Tubo,,Corona Extra,5.62,44,Parejo,,,,,,,,Tubo,,,,,,12.46,99.68,8,89,12.46,45.84,5.73,6.73,50246,
General Cigar Co.,img/icons/manufacturers/generalcigarco.svg,Punch,,img/icons/brands/punch.svg,,Champions,,Figurado,4.50,60,Figurado,,,,,,,,,,,,,FAV,11.70,292.50,25,89,11.70,133.75,5.35,6.35,53386,
General Cigar Co.,img/icons/manufacturers/generalcigarco.svg,Punch,,img/icons/brands/punch.svg,Deluxe,Chateau L EMS,,Gigante,7.25,54,Parejo,,,,,,,,,,,,,,17.20,430.00,25,89,17.20,202.50,8.10,9.10,50255,
General Cigar Co.,img/icons/manufacturers/generalcigarco.svg,Punch,,img/icons/brands/punch.svg,Deluxe,Chateau L MAD,,Gigante,7.25,54,Parejo,,,,,,,,,,,,,,17.20,430.00,25,89,17.20,202.50,8.10,9.10,50256,
General Cigar Co.,img/icons/manufacturers/generalcigarco.svg,Punch,,img/icons/brands/punch.svg,Deluxe,Punch Deluxe Royal Coronations EMS Tubo,,Corona,5.25,44,Parejo,,,,,,,,Tubo,,,,,,14.06,421.80,30,89,14.06,195.90,6.53,7.53,50268,
General Cigar Co.,img/icons/manufacturers/generalcigarco.svg,Punch,,img/icons/brands/punch.svg,Diablo,Brute,,Gordo,6.00,60,Parejo,,,,,,,,,,,,,,11.96,239.20,20,89,11.96,109.60,5.48,6.48,56085,
General Cigar Co.,img/icons/manufacturers/generalcigarco.svg,Punch,,img/icons/brands/punch.svg,Diablo,Gusto Tubo,,Robusto,5.00,52,Parejo,,,,,,,,Tubo,,,,,,12.32,246.40,20,89,12.32,113.20,5.66,6.66,56088,
General Cigar Co.,img/icons/manufacturers/generalcigarco.svg,Punch,,img/icons/brands/punch.svg,Diablo,El Diablo,,Gigante,6.50,66,Parejo,,,,,,,,,,,,,,12.96,259.20,20,89,12.96,119.60,5.98,6.98,55866,
General Cigar Co.,img/icons/manufacturers/generalcigarco.svg,Punch,,img/icons/brands/punch.svg,Diablo,Stump Figurado,,Figurado,4.50,60,Figurado,,,,,,,,,,,,,,10.86,271.50,25,89,10.86,123.25,4.93,5.93,55865,
General Cigar Co.,img/icons/manufacturers/generalcigarco.svg,Punch,,img/icons/brands/punch.svg,Diablo,Punch Diablo Scamp,,Toro,6.12,50,Parejo,,,,,,,,,,,,,,10.86,271.50,25,89,10.86,123.25,4.93,5.93,55843,
General Cigar Co.,img/icons/manufacturers/generalcigarco.svg,Punch,,img/icons/brands/punch.svg,Diablo,Diabolus,,Robusto Gordo,5.25,54,Parejo,,,,,,,,,,,,,,11.96,299.00,25,89,11.96,137.00,5.48,6.48,55844,
General Cigar Co.,img/icons/manufacturers/generalcigarco.svg,Punch,,img/icons/brands/punch.svg,Double Maduro,Grandote MM,,Gordo,5.88,60,Parejo,,,,,Maduro,,,,,,,,,14.68,293.60,20,89,14.68,136.80,6.84,7.84,56060,
General Cigar Co.,img/icons/manufacturers/generalcigarco.svg,Punch,,img/icons/brands/punch.svg,Double Maduro,Champions MM,,Figurado,4.50,60,Figurado,,,,,Maduro,,,,,,,,FAV,11.70,292.50,25,89,11.70,133.75,5.35,6.35,56064,
General Cigar Co.,img/icons/manufacturers/generalcigarco.svg,Punch,,img/icons/brands/punch.svg,Double Maduro,Elites MM,,Corona,5.25,45,Parejo,,,,,Maduro,,,,,,,,,7.54,188.50,25,89,7.54,81.75,3.27,4.27,50298,
General Cigar Co.,img/icons/manufacturers/generalcigarco.svg,Punch,,img/icons/brands/punch.svg,Double Maduro,Punch After Dinner MM,,Corona Gorda,7.25,45,Parejo,,,,,Maduro,,,,,,,,,11.22,280.50,25,89,11.22,127.75,5.11,6.11,50244,
General Cigar Co.,img/icons/manufacturers/generalcigarco.svg,Punch,,img/icons/brands/punch.svg,Double Maduro,Pitas  MM,,Toro,6.12,50,Parejo,,,,,Maduro,,,,,,,,,12.20,305.00,25,89,12.20,140.00,5.60,6.60,50316,
General Cigar Co.,img/icons/manufacturers/generalcigarco.svg,Punch,,img/icons/brands/punch.svg,Double Maduro,Magnum MM,,Robusto Gordo,5.25,54,Parejo,,,,,Maduro,,,,,,,,,13.06,326.50,25,89,13.06,150.75,6.03,7.03,53855,
General Cigar Co.,img/icons/manufacturers/generalcigarco.svg,Punch,,img/icons/brands/punch.svg,Double Maduro,Rothschilds Cello MM,,Rothschild,4.50,50,Parejo,,,,,Maduro,,,,,,,,,9.26,463.00,50,89,9.26,206.50,4.13,5.13,50341,
General Cigar Co.,img/icons/manufacturers/generalcigarco.svg,Punch,,img/icons/brands/punch.svg,EMS,Gusto Tubo EMS Tubo,,Robusto,5.00,52,Parejo,,,,,,,,Tubo,,,,,,13.08,261.60,20,89,13.08,120.80,6.04,7.04,54044,
General Cigar Co.,img/icons/manufacturers/generalcigarco.svg,Punch,,img/icons/brands/punch.svg,EMS,Grandote EMS,,Gordo,5.88,60,Parejo,,,,,,,,,,,,,,14.68,293.60,20,89,14.68,136.80,6.84,7.84,56045,
General Cigar Co.,img/icons/manufacturers/generalcigarco.svg,Punch,,img/icons/brands/punch.svg,EMS,Rothschilds Cello EMS,,Rothschild,4.50,50,Parejo,,,,,,,,,,,,,,9.26,463.00,50,89,9.26,206.50,4.13,5.13,50334,
General Cigar Co.,img/icons/manufacturers/generalcigarco.svg,Punch,,img/icons/brands/punch.svg,Golden Era,Robusto,,Robusto,5.00,50,Parejo,,,,,,,,,,,,,,11.42,228.40,20,89,11.42,104.20,5.21,6.21,56270,
General Cigar Co.,img/icons/manufacturers/generalcigarco.svg,Punch,,img/icons/brands/punch.svg,Golden Era,Toro,,Toro,6.00,52,Parejo,,,,,,,,,,,,,,11.92,238.40,20,89,11.92,109.20,5.46,6.46,56271,
General Cigar Co.,img/icons/manufacturers/generalcigarco.svg,Punch,,img/icons/brands/punch.svg,Golden Era,Churchill,,Churchill,7.00,48,Parejo,,,,,,,,,,,,,,12.42,248.40,20,89,12.42,114.20,5.71,6.71,56272,
General Cigar Co.,img/icons/manufacturers/generalcigarco.svg,Punch,,img/icons/brands/punch.svg,Golden Era,Lancero,,Lancero,7.00,38,Parejo,,,,,,,,,,,,,,12.42,248.40,20,89,12.42,114.20,5.71,6.71,56268,
General Cigar Co.,img/icons/manufacturers/generalcigarco.svg,Punch,,img/icons/brands/punch.svg,Gran Puro,Sesenta,,Gordo,6.00,60,Parejo,,,,,,,,,,,,,,13.44,268.80,20,89,13.44,124.40,6.22,7.22,56059,
General Cigar Co.,img/icons/manufacturers/generalcigarco.svg,Punch,,img/icons/brands/punch.svg,Gran Puro Nicaragua,Robusto,,Robusto,4.88,48,Parejo,,,,,,,,,,,,,,9.46,189.20,20,89,9.46,84.60,4.23,5.23,55603,
General Cigar Co.,img/icons/manufacturers/generalcigarco.svg,Punch,,img/icons/brands/punch.svg,Gran Puro Nicaragua,Toro,,Toro Gordo,6.00,54,Parejo,,,,,,,,,,,,,,10.56,211.20,20,89,10.56,95.60,4.78,5.78,55604,
General Cigar Co.,img/icons/manufacturers/generalcigarco.svg,Punch,,img/icons/brands/punch.svg,Gran Puro Nicaragua,Rancho,,Robusto Gordo,5.50,54,Parejo,,,,,,,,,,,,,,10.86,217.20,20,89,10.86,98.60,4.93,5.93,55602,
General Cigar Co.,img/icons/manufacturers/generalcigarco.svg,Punch,,img/icons/brands/punch.svg,Gran Puro Nicaragua,Double Corona,,Double Corona,7.50,54,Parejo,,,,,,,,,,,,,,11.26,225.20,20,89,11.26,102.60,5.13,6.13,55605,
General Cigar Co.,img/icons/manufacturers/generalcigarco.svg,Punch,,img/icons/brands/punch.svg,Grand Cru,Punch Grand Cru No. II EMS,,Toro Gordo,6.12,54,Parejo,,,,,,,,,,,,,,17.30,346.00,20,89,17.30,163.00,8.15,9.15,50277,
General Cigar Co.,img/icons/manufacturers/generalcigarco.svg,Punch,,img/icons/brands/punch.svg,Grand Cru,Punch Grand Cru No. II MAD,,Toro Gordo,6.12,54,Parejo,,,,,,,,,,,,,,17.30,346.00,20,89,17.30,163.00,8.15,9.15,52617,
General Cigar Co.,img/icons/manufacturers/generalcigarco.svg,Punch,,img/icons/brands/punch.svg,Knuckle Buster,Stubby,,Short Gordo,4.50,60,Parejo,,,,,,,,,,,,,,6.52,130.40,20,89,6.52,55.20,2.76,3.76,56213,
General Cigar Co.,img/icons/manufacturers/generalcigarco.svg,Punch,,img/icons/brands/punch.svg,Knuckle Buster,Gordo,,Gordo,6.25,60,Parejo,,,,,,,,,,,,,,7.98,159.60,20,89,7.98,69.80,3.49,4.49,55987,
General Cigar Co.,img/icons/manufacturers/generalcigarco.svg,Punch,,img/icons/brands/punch.svg,Knuckle Buster Maduro,Stubby,,Short Gordo,4.50,60,Parejo,,,,,,,,,,,,,,6.52,130.40,20,89,6.52,55.20,2.76,3.76,56285,
General Cigar Co.,img/icons/manufacturers/generalcigarco.svg,Punch,,img/icons/brands/punch.svg,Knuckle Buster Maduro,Gordo,,Gordo,6.00,60,Parejo,,,,,,,,,,,,,,7.66,153.20,20,89,7.66,66.60,3.33,4.33,56111,
General Cigar Co.,img/icons/manufacturers/generalcigarco.svg,Punch,,img/icons/brands/punch.svg,Knuckle Buster Shade,Stubby,,Short Gordo,4.50,60,Parejo,,,,,,,,,,,,,,6.52,130.40,20,89,6.52,55.20,2.76,3.76,56294,
General Cigar Co.,img/icons/manufacturers/generalcigarco.svg,Punch,,img/icons/brands/punch.svg,Knuckle Buster Shade,Gordo,,Gordo,6.00,60,Parejo,,,,,,,,,,,,,,7.64,152.80,20,89,7.64,66.40,3.32,4.32,56293,
General Cigar Co.,img/icons/manufacturers/generalcigarco.svg,Punch,,img/icons/brands/punch.svg,Maduro,London Club,,Petit Corona,5.00,40,Parejo,,,,,Maduro,,,,,,,,,7.04,176.00,25,89,7.04,75.50,3.02,4.02,50307,
General Cigar Co.,img/icons/manufacturers/generalcigarco.svg,Punch,,img/icons/brands/punch.svg,Maduro,Elites MAD,,Corona,5.25,45,Parejo,,,,,Maduro,,,,,,,,,7.54,188.50,25,89,7.54,81.75,3.27,4.27,50301,
General Cigar Co.,img/icons/manufacturers/generalcigarco.svg,Punch,,img/icons/brands/punch.svg,Maduro,Punch After Dinner MAD,,Corona Gorda,7.25,45,Parejo,,,,,Maduro,,,,,,,,,11.22,280.50,25,89,11.22,127.75,5.11,6.11,50243,
General Cigar Co.,img/icons/manufacturers/generalcigarco.svg,Punch,,img/icons/brands/punch.svg,Maduro,Pitas MAD,,Toro,6.12,50,Parejo,,,,,Maduro,,,,,,,,,12.20,305.00,25,89,12.20,140.00,5.60,6.60,50315,
General Cigar Co.,img/icons/manufacturers/generalcigarco.svg,Punch,,img/icons/brands/punch.svg,Maduro,Double Corona MAD,,Double Corona,6.75,48,Parejo,,,,,Maduro,,,,,,,,,12.46,311.50,25,89,12.46,143.25,5.73,6.73,50296,
General Cigar Co.,img/icons/manufacturers/generalcigarco.svg,Punch,,img/icons/brands/punch.svg,Maduro,Presidente MAD,,Gigante,8.50,52,Parejo,,,,,Maduro,,,,,,,,,15.70,392.50,25,89,15.70,183.75,7.35,8.35,50325,
General Cigar Co.,img/icons/manufacturers/generalcigarco.svg,Punch,,img/icons/brands/punch.svg,Maduro,Rothschilds Cello MAD,,Rothschild,4.50,50,Parejo,,,,,Maduro,,,,,,,,,9.26,463.00,50,89,9.26,206.50,4.13,5.13,50335,
General Cigar Co.,img/icons/manufacturers/generalcigarco.svg,Punch,,img/icons/brands/punch.svg,Rare Corojo,El Doble,,Gordo,5.88,60,Parejo,,,,,,,,,,,,,,15.66,313.20,20,89,15.66,146.60,7.33,8.33,56132,
General Cigar Co.,img/icons/manufacturers/generalcigarco.svg,Punch,,img/icons/brands/punch.svg,Rare Corojo,Champion Figurado,,Figurado,4.50,60,Figurado,,,,,,,,,,,,,,12.60,315.00,25,89,12.60,145.00,5.80,6.80,55910,
General Cigar Co.,img/icons/manufacturers/generalcigarco.svg,Punch,,img/icons/brands/punch.svg,Rare Corojo,Elite,,Corona,5.25,45,Parejo,,,,,,,,,,,,,,9.38,234.50,25,89,9.38,104.75,4.19,5.19,55914,
General Cigar Co.,img/icons/manufacturers/generalcigarco.svg,Punch,,img/icons/brands/punch.svg,Rare Corojo,Pita,,Toro,6.12,50,Parejo,,,,,,,,,,,,,,13.08,327.00,25,89,13.08,151.00,6.04,7.04,55916,
General Cigar Co.,img/icons/manufacturers/generalcigarco.svg,Punch,,img/icons/brands/punch.svg,Rare Corojo,Magnum,,Robusto Gordo,5.25,54,Parejo,,,,,,,,,,,,,,14.46,361.50,25,89,14.46,168.25,6.73,7.73,55915,
General Cigar Co.,img/icons/manufacturers/generalcigarco.svg,Punch,,img/icons/brands/punch.svg,Rare Corojo,Rothschild,,Rothschild,4.50,50,Parejo,,,,,,,,,,,,,,11.70,585.00,50,89,11.70,267.50,5.35,6.35,55917,
General Cigar Co.,img/icons/manufacturers/generalcigarco.svg,Punch,,img/icons/brands/punch.svg,Signature,Rothschild,,Rothschild,4.50,50,Parejo,,,,,,,,,,,,,,9.86,177.48,18,89,9.86,79.74,4.43,5.43,55412,
General Cigar Co.,img/icons/manufacturers/generalcigarco.svg,Punch,,img/icons/brands/punch.svg,Signature,Pita,,Toro,6.00,50,Parejo,,,,,,,,,,,,,,11.46,206.28,18,89,11.46,94.14,5.23,6.23,55542,
General Cigar Co.,img/icons/manufacturers/generalcigarco.svg,Punch,,img/icons/brands/punch.svg,Signature,Robusto,,Robusto,5.00,54,Parejo,,,,,,,,,,,,,,11.96,215.28,18,89,11.96,98.64,5.48,6.48,55410,
General Cigar Co.,img/icons/manufacturers/generalcigarco.svg,Punch,,img/icons/brands/punch.svg,Signature,Gigante,,Gordo,6.00,60,Parejo,,,,,,,,,,,,,,12.46,224.28,18,89,12.46,103.14,5.73,6.73,55411,
General Cigar Co.,img/icons/manufacturers/generalcigarco.svg,Punch,,img/icons/brands/punch.svg,Signature,Torpedo,,Torpedo,5.75,52,Torpedo,,,,,,,,,,,,,,12.46,224.28,18,89,12.46,103.14,5.73,6.73,55413,
General Cigar Co.,img/icons/manufacturers/generalcigarco.svg,Punch,,img/icons/brands/punch.svg,Signature,Gusto Tubo,,Robusto,5.00,52,Parejo,,,,,,,,Tubo,,,,,,13.82,276.40,20,89,13.82,128.20,6.41,7.41,55919,
Rocky Patel,img/icons/manufacturers/rockypatel.svg,Rocky Patel,rp,img/icons/brands/rockypatel.svg,13th Anniversary,Robusto,,Robusto,5.00,50,Parejo,Mexican San Andrés,Nicaragua,"Honduras, Nicaragua",Nicaragua,Maduro,Medium-Full,,,,,,,,18.00,360.00,20,89,,,0.00,0.00,,
Rocky Patel,img/icons/manufacturers/rockypatel.svg,Rocky Patel,rp,img/icons/brands/rockypatel.svg,13th Anniversary,Toro,,Toro,6.50,52,Parejo,Mexican San Andrés,Nicaragua,"Honduras, Nicaragua",Nicaragua,Maduro,Medium-Full,,,,,,,,19.00,380.00,20,89,,,0.00,0.00,,
Rocky Patel,img/icons/manufacturers/rockypatel.svg,Rocky Patel,rp,img/icons/brands/rockypatel.svg,13th Anniversary,Sixty,,Gordo,6.00,60,Parejo,Mexican San Andrés,Nicaragua,"Honduras, Nicaragua",Nicaragua,Maduro,Medium-Full,,,,,,,,20.00,400.00,20,89,,,0.00,0.00,,
Rocky Patel,img/icons/manufacturers/rockypatel.svg,Rocky Patel,rp,img/icons/brands/rockypatel.svg,13th Anniversary LE,Toro,,Toro,6.50,52,Parejo,Mexican San Andrés,Nicaragua,"Honduras, Nicaragua",Nicaragua,Maduro,Medium-Full,,,,,,,,47.50,475.00,10,89,,,0.00,0.00,,
Rocky Patel,img/icons/manufacturers/rockypatel.svg,Rocky Patel,rp,img/icons/brands/rockypatel.svg,ALR Second Edition,ALR Second Edition Robusto,,Robusto,5.50,50,Parejo,,,,,,,,,,,,,,15.85,317.00,20,89,16.10,151.00,7.55,8.55,,
Rocky Patel,img/icons/manufacturers/rockypatel.svg,Rocky Patel,rp,img/icons/brands/rockypatel.svg,ALR Second Edition,ALR Second Edition Toro,,Toro,6.50,52,Parejo,,,,,,,,,,,,,,17.05,341.00,20,89,17.25,162.50,8.13,9.13,,
Rocky Patel,img/icons/manufacturers/rockypatel.svg,Rocky Patel,rp,img/icons/brands/rockypatel.svg,ALR Second Edition,ALR Second Edition Sixty,,Gordo,6.00,60,Parejo,,,,,,,,,,,,,,18.25,365.00,20,89,18.40,174.00,8.70,9.70,,
Rocky Patel,img/icons/manufacturers/rockypatel.svg,Rocky Patel,rp,img/icons/brands/rockypatel.svg,Bold by Nish Patel,Bold by Nish Robusto,,Robusto,5.00,50,Parejo,,,,,,,,,,,,,,11.80,247.80,21,89,11.80,113.40,5.40,6.40,,
Rocky Patel,img/icons/manufacturers/rockypatel.svg,Rocky Patel,rp,img/icons/brands/rockypatel.svg,Bold by Nish Patel,Bold by Nish Toro,,Toro,6.50,52,Parejo,,,,,,,,,,,,,,12.00,252.00,21,89,12.00,115.50,5.50,6.50,,
Rocky Patel,img/icons/manufacturers/rockypatel.svg,Rocky Patel,rp,img/icons/brands/rockypatel.svg,Bold by Nish Patel,Bold by Nish Sixty,,Gordo,6.00,60,Parejo,,,,,,,,,,,,,,13.20,277.20,21,89,13.20,128.10,6.10,7.10,,
Rocky Patel,img/icons/manufacturers/rockypatel.svg,Rocky Patel,rp,img/icons/brands/rockypatel.svg,Bold by Nish Patel,Bold by Nish Torpedo,,Torpedo,6.13,52,Torpedo,,,,,,,,,,,,,,12.30,258.30,21,89,12.30,118.65,5.65,6.65,,
Rocky Patel,img/icons/manufacturers/rockypatel.svg,Rocky Patel,rp,img/icons/brands/rockypatel.svg,Catch 22,Catch 22 Toro,,Toro,6.00,52,Parejo,,,,,,,,,,,,,,7.30,160.60,22,89,7.30,69.30,3.15,4.15,,
Rocky Patel,img/icons/manufacturers/rockypatel.svg,Rocky Patel,rp,img/icons/brands/rockypatel.svg,Catch 22,Catch 22 Double Corona,,Double Corona,7.50,52,Parejo,,,,,,,,,,,,,,7.55,166.10,22,89,7.55,72.05,3.28,4.28,,
Rocky Patel,img/icons/manufacturers/rockypatel.svg,Rocky Patel,rp,img/icons/brands/rockypatel.svg,Catch 22,Catch 22 Sixty,,Gordo,6.00,60,Parejo,,,,,,,,,,,,,,8.20,180.40,22,89,8.20,79.20,3.60,4.60,,
Rocky Patel,img/icons/manufacturers/rockypatel.svg,Rocky Patel,rp,img/icons/brands/rockypatel.svg,Catch 22,Catch 22 Rothschild,,Rothschild,4.50,50,Parejo,,,,,,,,,,,,,,7.00,350.00,50,89,7.00,150.00,3.00,4.00,,
Rocky Patel,img/icons/manufacturers/rockypatel.svg,Rocky Patel,rp,img/icons/brands/rockypatel.svg,Catch 22 Connecticut,Catch 22 Connecticut Toro,,Toro,6.00,52,Parejo,,,,,,,,,,,,,,7.55,166.10,22,89,7.55,72.05,3.28,4.28,,
Rocky Patel,img/icons/manufacturers/rockypatel.svg,Rocky Patel,rp,img/icons/brands/rockypatel.svg,Catch 22 Connecticut,Catch 22 Connecticut Double Corona,,Double Corona,7.50,52,Parejo,,,,,,,,,,,,,,7.85,172.70,22,89,7.85,75.35,3.43,4.43,,
Rocky Patel,img/icons/manufacturers/rockypatel.svg,Rocky Patel,rp,img/icons/brands/rockypatel.svg,Catch 22 Connecticut,Catch 22 Connecticut Sixty,,Gordo,6.00,60,Parejo,,,,,,,,,,,,,,8.65,190.30,22,89,8.65,84.15,3.83,4.83,,
Rocky Patel,img/icons/manufacturers/rockypatel.svg,Rocky Patel,rp,img/icons/brands/rockypatel.svg,Catch 22 Connecticut,Catch 22 Connecticut Rothschild,,Rothschild,4.50,50,Parejo,,,,,,,,,,,,,,7.10,355.00,50,89,7.10,152.50,3.05,4.05,,
Rocky Patel,img/icons/manufacturers/rockypatel.svg,Rocky Patel,rp,img/icons/brands/rockypatel.svg,Cigar Smoking World Championship,Mareva,,Mareva,5.13,42,Parejo,,,,,,,,,,,,,,10.70,107.00,10,89,10.70,48.50,4.85,5.85,,
Rocky Patel,img/icons/manufacturers/rockypatel.svg,Rocky Patel,rp,img/icons/brands/rockypatel.svg,Cigar Smoking World Championship,Robusto,,Robusto,5.00,50,Parejo,,,,,,,,,,,,,,11.80,236.00,20,89,11.80,108.00,5.40,6.40,,
Rocky Patel,img/icons/manufacturers/rockypatel.svg,Rocky Patel,rp,img/icons/brands/rockypatel.svg,Cigar Smoking World Championship,Toro,,Toro,6.00,52,Parejo,,,,,,,,,,,,,,12.90,258.00,20,89,12.90,119.00,5.95,6.95,,
Rocky Patel,img/icons/manufacturers/rockypatel.svg,Rocky Patel,rp,img/icons/brands/rockypatel.svg,Dark Star,Toro,,Toro,6.00,52,Parejo,,,,,,,,,,,,,,12.05,241.00,20,89,12.50,115.00,5.75,6.75,,
Rocky Patel,img/icons/manufacturers/rockypatel.svg,Rocky Patel,rp,img/icons/brands/rockypatel.svg,Dark Star,Sixty,,Gordo,6.00,60,Parejo,,,,,,,,,,,,,,13.15,263.00,20,89,13.50,125.00,6.25,7.25,,
Rocky Patel,img/icons/manufacturers/rockypatel.svg,Rocky Patel,rp,img/icons/brands/rockypatel.svg,Dark Star,Robusto,,Robusto,5.50,50,Parejo,,,,,,,,,,,,,,11.50,230.00,20,89,11.50,105.00,5.25,6.25,,
Rocky Patel,img/icons/manufacturers/rockypatel.svg,Rocky Patel,rp,img/icons/brands/rockypatel.svg,Dark Star,Short Gordo,,Short Gordo,4.00,60,Parejo,,,,,,,,,,,,,,12.25,245.00,20,89,12.25,112.50,5.63,6.63,,
Rocky Patel,img/icons/manufacturers/rockypatel.svg,Rocky Patel,rp,img/icons/brands/rockypatel.svg,DBS,Robusto,,Robusto,5.50,50,Parejo,,,,,,,,,,,,,,20.95,419.00,20,89,18.00,170.00,8.50,9.50,,
Rocky Patel,img/icons/manufacturers/rockypatel.svg,Rocky Patel,rp,img/icons/brands/rockypatel.svg,DBS,Toro,,Toro,6.50,52,Parejo,,,,,,,,,,,,,,22.05,441.00,20,89,19.00,180.00,9.00,10.00,,
Rocky Patel,img/icons/manufacturers/rockypatel.svg,Rocky Patel,rp,img/icons/brands/rockypatel.svg,DBS,Sixty,,Gordo,6.00,60,Parejo,,,,,,,,,,,,,,23.05,461.00,20,89,20.00,190.00,9.50,10.50,,
Rocky Patel,img/icons/manufacturers/rockypatel.svg,Rocky Patel,rp,img/icons/brands/rockypatel.svg,DBS,DBS LE Humidor w Toros,,Toro,6.50,52,Parejo,,,,,,,,,,,,,,24.80,"2,480.00",100,89,24.80,"1,190.00",11.90,12.90,,
Rocky Patel,img/icons/manufacturers/rockypatel.svg,Rocky Patel,rp,img/icons/brands/rockypatel.svg,Decade,Toro Tubos,,Toro,6.50,52,Parejo,,,,,,,,Tubo,,,,,,17.80,178.00,10,89,17.80,84.00,8.40,9.40,,
Rocky Patel,img/icons/manufacturers/rockypatel.svg,Rocky Patel,rp,img/icons/brands/rockypatel.svg,Decade,Robusto,,Robusto,5.00,50,Parejo,,,,,,,,,,,,,,13.55,271.00,20,89,13.92,129.15,6.46,7.46,,
Rocky Patel,img/icons/manufacturers/rockypatel.svg,Rocky Patel,rp,img/icons/brands/rockypatel.svg,Decade,Toro,,Toro,6.50,52,Parejo,,,,,,,,,,,,,,14.95,299.00,20,89,15.28,142.80,7.14,8.14,,
Rocky Patel,img/icons/manufacturers/rockypatel.svg,Rocky Patel,rp,img/icons/brands/rockypatel.svg,Decade,The Forty-Six Corona,,Corona,4.50,46,Parejo,,,,,,,,,,,,,,12.61,252.10,20,89,12.61,116.05,5.80,6.80,,
Rocky Patel,img/icons/manufacturers/rockypatel.svg,Rocky Patel,rp,img/icons/brands/rockypatel.svg,Decade,Lonsdale,,Lonsdale,6.50,44,Parejo,,,,,,,,,,,,,,13.92,278.30,20,89,13.92,129.15,6.46,7.46,,
Rocky Patel,img/icons/manufacturers/rockypatel.svg,Rocky Patel,rp,img/icons/brands/rockypatel.svg,Decade,Emperor Sixty,,Gordo,6.00,60,Parejo,,,,,,,,,,,,,,17.91,358.10,20,89,17.91,169.05,8.45,9.45,,
Rocky Patel,img/icons/manufacturers/rockypatel.svg,Rocky Patel,rp,img/icons/brands/rockypatel.svg,Decade,Torpedo,,Torpedo,6.50,52,Torpedo,,,,,,,,,,,,,,15.86,317.20,20,89,15.86,148.60,7.43,8.43,,
Rocky Patel,img/icons/manufacturers/rockypatel.svg,Rocky Patel,rp,img/icons/brands/rockypatel.svg,Disciple,Robusto,,Robusto,5.00,50,Parejo,,,,,,,,,,,,,,12.25,245.00,20,89,12.65,116.50,5.83,6.83,,
Rocky Patel,img/icons/manufacturers/rockypatel.svg,Rocky Patel,rp,img/icons/brands/rockypatel.svg,Disciple,Toro,,Toro,6.00,52,Parejo,,,,,,,,,,,,,,13.35,267.00,20,89,13.75,127.50,6.38,7.38,,
Rocky Patel,img/icons/manufacturers/rockypatel.svg,Rocky Patel,rp,img/icons/brands/rockypatel.svg,Disciple,Gordo,,Gordo,6.00,60,Parejo,,,,,,,,,,,,,,15.05,301.00,20,89,15.35,143.50,7.18,8.18,,
Rocky Patel,img/icons/manufacturers/rockypatel.svg,Rocky Patel,rp,img/icons/brands/rockypatel.svg,Disciple,Half Corona,,Half Corona,3.50,46,Parejo,,,,,,,,,,,,,,8.75,175.00,20,89,8.75,77.50,3.88,4.88,,
Rocky Patel,img/icons/manufacturers/rockypatel.svg,Rocky Patel,rp,img/icons/brands/rockypatel.svg,Disciple,Bala,,Bala,5.75,58-50,,,,,,,,,,,,,,,14.25,285.00,20,89,14.25,132.50,6.63,7.63,,
Rocky Patel,img/icons/manufacturers/rockypatel.svg,Rocky Patel,rp,img/icons/brands/rockypatel.svg,Edición Unica,Edición Unica Toro,,Toro,6.00,52,Parejo,,,,,,,,,,,,,,10.61,"1,060.80",100,89,10.61,480.40,4.80,5.80,,
Rocky Patel,img/icons/manufacturers/rockypatel.svg,Rocky Patel,rp,img/icons/brands/rockypatel.svg,Emerald,Emerald Robusto,,Robusto,5.50,50,Parejo,,,,,,,,,,,,,,12.35,247.00,20,89,12.75,117.50,5.88,6.88,,
Rocky Patel,img/icons/manufacturers/rockypatel.svg,Rocky Patel,rp,img/icons/brands/rockypatel.svg,Emerald,Emerald Toro,,Toro,6.50,50,Parejo,,,,,,,,,,,,,,13.35,267.00,20,89,13.75,127.50,6.38,7.38,,
Rocky Patel,img/icons/manufacturers/rockypatel.svg,Rocky Patel,rp,img/icons/brands/rockypatel.svg,Emerald,Emerald Sixty,,Gordo,6.00,60,Parejo,,,,,,,,,,,,,,14.45,289.00,20,89,14.75,137.50,6.88,7.88,,
Rocky Patel,img/icons/manufacturers/rockypatel.svg,Rocky Patel,rp,img/icons/brands/rockypatel.svg,Fifteenth Anniversary,Fifteenth Anniversary Toro Tubos,,Toro,6.00,50,Parejo,,,,,,,,Tubo,,,,,,15.35,153.50,10,89,15.35,71.75,7.18,8.18,,
Rocky Patel,img/icons/manufacturers/rockypatel.svg,Rocky Patel,rp,img/icons/brands/rockypatel.svg,Fifteenth Anniversary,Robusto,,Robusto,5.50,50,Parejo,,,,,,,,,,,,,,13.40,268.00,20,89,13.40,124.00,6.20,7.20,,
Rocky Patel,img/icons/manufacturers/rockypatel.svg,Rocky Patel,rp,img/icons/brands/rockypatel.svg,Fifteenth Anniversary,Toro,,Toro,6.50,52,Parejo,,,,,,,,,,,,,,14.65,293.00,20,89,14.65,136.50,6.83,7.83,,
Rocky Patel,img/icons/manufacturers/rockypatel.svg,Rocky Patel,rp,img/icons/brands/rockypatel.svg,Fifteenth Anniversary,Sixty,,Gordo,6.00,60,Parejo,,,,,,,,,,,,,,16.70,334.00,20,89,16.70,157.00,7.85,8.85,,
Rocky Patel,img/icons/manufacturers/rockypatel.svg,Rocky Patel,rp,img/icons/brands/rockypatel.svg,Fifteenth Anniversary,Torpedo,,Torpedo,6.25,52,Torpedo,,,,,,,,,,,,,,15.10,302.00,20,89,15.10,141.00,7.05,8.05,,
Rocky Patel,img/icons/manufacturers/rockypatel.svg,Rocky Patel,rp,img/icons/brands/rockypatel.svg,Fifty-Five,Robusto,,Robusto,5.50,55,Parejo,,,,,,,,,,,,,,13.15,263.00,20,89,13.55,125.50,6.28,7.28,,
Rocky Patel,img/icons/manufacturers/rockypatel.svg,Rocky Patel,rp,img/icons/brands/rockypatel.svg,Fifty-Five,Toro,,Toro,6.50,55,Parejo,,,,,,,,,,,,,,14.55,291.00,20,89,14.90,139.00,6.95,7.95,,
Rocky Patel,img/icons/manufacturers/rockypatel.svg,Rocky Patel,rp,img/icons/brands/rockypatel.svg,Fifty-Five,Corona,,Corona,4.00,55,Parejo,,,,,,,,,,,,,,12.30,246.00,20,89,12.30,113.00,5.65,6.65,,
Rocky Patel,img/icons/manufacturers/rockypatel.svg,Rocky Patel,rp,img/icons/brands/rockypatel.svg,Fifty-Five,Titan 8x55,,Gigante,8.00,55,Parejo,,,,,,,,,,,,,,17.45,349.00,20,89,17.45,164.50,8.23,9.23,,
Rocky Patel,img/icons/manufacturers/rockypatel.svg,Rocky Patel,rp,img/icons/brands/rockypatel.svg,Gold Label,Robusto,,Robusto,5.50,50,Parejo,,,,,,,,,,,,,,11.75,235.00,20,89,12.75,117.50,5.88,6.88,,
Rocky Patel,img/icons/manufacturers/rockypatel.svg,Rocky Patel,rp,img/icons/brands/rockypatel.svg,Gold Label,Half Corona,,Half Corona,3.50,46,Parejo,,,,,,,,,,,,,,10.70,214.00,20,89,10.70,97.00,4.85,5.85,,
Rocky Patel,img/icons/manufacturers/rockypatel.svg,Rocky Patel,rp,img/icons/brands/rockypatel.svg,Gold Label,Toro,,Toro,6.50,54,Parejo,,,,,,,,,,,,,,14.00,280.00,20,89,14.00,130.00,6.50,7.50,,
Rocky Patel,img/icons/manufacturers/rockypatel.svg,Rocky Patel,rp,img/icons/brands/rockypatel.svg,Gold Label,Sixty,,Gordo,6.00,60,Parejo,,,,,,,,,,,,,,15.00,300.00,20,89,15.00,140.00,7.00,8.00,,
Rocky Patel,img/icons/manufacturers/rockypatel.svg,Rocky Patel,rp,img/icons/brands/rockypatel.svg,Grand Reserve,Robusto,,Robusto,5.50,50,Parejo,,,,,,,,,,,,,,14.92,149.20,10,89,14.92,69.60,6.96,7.96,,
Rocky Patel,img/icons/manufacturers/rockypatel.svg,Rocky Patel,rp,img/icons/brands/rockypatel.svg,Grand Reserve,Toro,,Toro,6.00,52,Parejo,,,,,,,,,,,,,,16.07,160.70,10,89,16.07,75.35,7.54,8.54,,
Rocky Patel,img/icons/manufacturers/rockypatel.svg,Rocky Patel,rp,img/icons/brands/rockypatel.svg,Grand Reserve,Sixty,,Gordo,6.00,60,Parejo,,,,,,,,,,,,,,17.23,172.30,10,89,17.23,81.15,8.12,9.12,,
Rocky Patel,img/icons/manufacturers/rockypatel.svg,Rocky Patel,rp,img/icons/brands/rockypatel.svg,,HR500 Gary Sheffield Toro,,Toro,6.50,52,Parejo,,,,,,,,,,,,,,15.05,150.50,10,89,15.05,70.25,7.03,8.03,,
Rocky Patel,img/icons/manufacturers/rockypatel.svg,Rocky Patel,rp,img/icons/brands/rockypatel.svg,,It’s a Boy Toro,,Toro,6.00,52,Parejo,,,,,,,,,,,,,,6.15,123.00,20,89,6.15,51.50,2.58,3.58,,
Rocky Patel,img/icons/manufacturers/rockypatel.svg,Rocky Patel,rp,img/icons/brands/rockypatel.svg,,It’s a Girl Toro,,Toro,6.00,52,Parejo,,,,,,,,,,,,,,6.15,123.00,20,89,6.15,51.50,2.58,3.58,,
Rocky Patel,img/icons/manufacturers/rockypatel.svg,Rocky Patel,rp,img/icons/brands/rockypatel.svg,LB1,Corona,,Corona,6.00,44,Parejo,,,,,,,,,,,,,,11.08,221.60,20,89,11.08,100.80,5.04,6.04,,
Rocky Patel,img/icons/manufacturers/rockypatel.svg,Rocky Patel,rp,img/icons/brands/rockypatel.svg,LB1,Robusto,,Robusto,5.50,50,Parejo,,,,,,,,,,,,,,11.71,234.20,20,89,11.71,107.10,5.36,6.36,,
Rocky Patel,img/icons/manufacturers/rockypatel.svg,Rocky Patel,rp,img/icons/brands/rockypatel.svg,LB1,Churchill Shaggy Foot,,Churchill Shaggy Foot,7.00,48,Parejo,,,,,,,,,,,,,,12.61,252.10,20,89,12.61,116.05,5.80,6.80,,
Rocky Patel,img/icons/manufacturers/rockypatel.svg,Rocky Patel,rp,img/icons/brands/rockypatel.svg,LB1,Sixty,,Gordo,6.00,60,Parejo,,,,,,,,,,,,,,5.45,326.70,60,89,5.45,133.35,2.22,3.22,,
Rocky Patel,img/icons/manufacturers/rockypatel.svg,Rocky Patel,rp,img/icons/brands/rockypatel.svg,LB1,Toro,,Toro,6.50,52,Parejo,,,,,,,,,,,,,,12.61,252.10,20,89,12.61,116.05,5.80,6.80,,
Rocky Patel,img/icons/manufacturers/rockypatel.svg,Rocky Patel,rp,img/icons/brands/rockypatel.svg,Legends 52 Ray Lewis,Legends 52 Ray Lewis Toro,,Toro,6.50,52,Parejo,,,,,,,,,,,,,,17.02,170.20,10,89,17.02,80.10,8.01,9.01,,
Rocky Patel,img/icons/manufacturers/rockypatel.svg,Rocky Patel,rp,img/icons/brands/rockypatel.svg,Number 6,Number 6 Toro Tubos,,Toro,6.00,50,Parejo,,,,,,,,,,,,,,14.05,140.50,10,89,14.05,65.25,6.53,7.53,,
Rocky Patel,img/icons/manufacturers/rockypatel.svg,Rocky Patel,rp,img/icons/brands/rockypatel.svg,Number 6,Number 6 Robusto,,Robusto,5.50,50,Parejo,,,,,,,,,,,,,,11.65,233.00,20,89,12.61,116.05,5.80,6.80,,
Rocky Patel,img/icons/manufacturers/rockypatel.svg,Rocky Patel,rp,img/icons/brands/rockypatel.svg,Number 6,Number 6 Toro,,Toro,6.50,52,Parejo,,,,,,,,,,,,,,12.35,247.00,20,89,13.34,123.40,6.17,7.17,,
Rocky Patel,img/icons/manufacturers/rockypatel.svg,Rocky Patel,rp,img/icons/brands/rockypatel.svg,Number 6,Number 6 Sixty,,Gordo,6.00,60,Parejo,,,,,,,,,,,,,,14.35,287.00,20,89,15.34,143.40,7.17,8.17,,
Rocky Patel,img/icons/manufacturers/rockypatel.svg,Rocky Patel,rp,img/icons/brands/rockypatel.svg,Number 6,Number 6 Corona,,Corona,6.00,44,Parejo,,,,,,,,,,,,,,11.87,237.40,20,89,11.87,108.70,5.44,6.44,,
Rocky Patel,img/icons/manufacturers/rockypatel.svg,Rocky Patel,rp,img/icons/brands/rockypatel.svg,Quarter Century,Quarter Century Toro,,Toro,6.50,52,Parejo,,,,,,,,,,,,,,23.15,463.00,20,89,15.95,149.50,7.48,8.48,,
Rocky Patel,img/icons/manufacturers/rockypatel.svg,Rocky Patel,rp,img/icons/brands/rockypatel.svg,Quarter Century,Quarter Century Robusto,,Robusto,5.50,50,Parejo,,,,,,,,,,,,,,14.85,297.00,20,89,14.85,138.50,6.93,7.93,,
Rocky Patel,img/icons/manufacturers/rockypatel.svg,Rocky Patel,rp,img/icons/brands/rockypatel.svg,Sixty,Sixty Robusto,,Robusto,5.50,50,Parejo,,,,,,,,,,,,,,18.53,370.60,20,89,18.65,176.50,8.83,9.83,,
Rocky Patel,img/icons/manufacturers/rockypatel.svg,Rocky Patel,rp,img/icons/brands/rockypatel.svg,Sixty,Sixty Toro,,Toro,6.50,52,Parejo,,,,,,,,,,,,,,19.65,393.00,20,89,19.75,187.50,9.38,10.38,,
Rocky Patel,img/icons/manufacturers/rockypatel.svg,Rocky Patel,rp,img/icons/brands/rockypatel.svg,Sixty,Sixty Gordo,,Gordo,6.00,60,Parejo,,,,,,,,,,,,,,20.85,417.00,20,89,20.85,198.50,9.93,10.93,,
Rocky Patel,img/icons/manufacturers/rockypatel.svg,Rocky Patel,rp,img/icons/brands/rockypatel.svg,Sixty,Sixty LE Humidor w Gordos,,Gordo,6.00,60,Parejo,,,,,,,,,,,,,,27.00,"2,700.00",100,89,27.00,"1,300.00",13.00,14.00,,
Rocky Patel,img/icons/manufacturers/rockypatel.svg,Rocky Patel,rp,img/icons/brands/rockypatel.svg,Special Edition,Special Edition Robusto,,Robusto,5.50,50,Parejo,,,,,,,,,,,,,,13.15,131.50,10,89,13.15,60.75,6.08,7.08,,
Rocky Patel,img/icons/manufacturers/rockypatel.svg,Rocky Patel,rp,img/icons/brands/rockypatel.svg,Special Edition,Special Edition Toro,,Toro,6.50,52,Parejo,,,,,,,,,,,,,,13.60,136.00,10,89,13.60,63.00,6.30,7.30,,
Rocky Patel,img/icons/manufacturers/rockypatel.svg,Rocky Patel,rp,img/icons/brands/rockypatel.svg,Special Edition,Special Edition Sixty,,Gordo,6.00,60,Parejo,,,,,,,,,,,,,,15.05,150.50,10,89,15.05,70.25,7.03,8.03,,
Rocky Patel,img/icons/manufacturers/rockypatel.svg,Rocky Patel,rp,img/icons/brands/rockypatel.svg,Sun Grown,Sun Grown Toro Tubos,,Toro,6.00,50,Parejo,,,,,,,,Tubo,,,,,,12.50,125.00,10,89,12.50,57.50,5.75,6.75,,
Rocky Patel,img/icons/manufacturers/rockypatel.svg,Rocky Patel,rp,img/icons/brands/rockypatel.svg,Sun Grown,Sun Grown,,Petit Corona,4.50,44,Parejo,,,,,,,,,,,,,,9.22,184.40,20,89,9.22,82.20,4.11,5.11,,
Rocky Patel,img/icons/manufacturers/rockypatel.svg,Rocky Patel,rp,img/icons/brands/rockypatel.svg,Sun Grown,Sun Grown Robusto,,Robusto,5.50,50,Parejo,,,,,,,,,,,,,,10.57,211.40,20,89,10.57,95.70,4.79,5.79,,
Rocky Patel,img/icons/manufacturers/rockypatel.svg,Rocky Patel,rp,img/icons/brands/rockypatel.svg,Sun Grown,Sun Grown Toro,,Toro,6.50,52,Parejo,,,,,,,,,,,,,,12.03,240.50,20,89,12.03,110.25,5.51,6.51,,
Rocky Patel,img/icons/manufacturers/rockypatel.svg,Rocky Patel,rp,img/icons/brands/rockypatel.svg,Sun Grown,Sun Grown Sixty,,Gordo,6.00,60,Parejo,,,,,,,,,,,,,,14.58,291.50,20,89,14.58,135.75,6.79,7.79,,
Rocky Patel,img/icons/manufacturers/rockypatel.svg,Rocky Patel,rp,img/icons/brands/rockypatel.svg,Sun Grown,Sun Grown Torpedo,,Torpedo,6.25,52,Torpedo,,,,,,,,,,,,,,13.43,268.60,20,89,13.43,124.30,6.22,7.22,,
Rocky Patel,img/icons/manufacturers/rockypatel.svg,Rocky Patel,rp,img/icons/brands/rockypatel.svg,Sun Grown,Sun Grown Juniors,,Cigarillo,4.00,38,Parejo,,,,,,,,,,,,,,5.21,260.60,50,89,5.21,105.30,2.11,3.11,,
Rocky Patel,img/icons/manufacturers/rockypatel.svg,Rocky Patel,rp,img/icons/brands/rockypatel.svg,Sun Grown Maduro,Sun Grown Maduro Robusto,,Robusto,5.00,50,Parejo,,,,,,,,,,,,,,11.85,237.00,20,89,12.25,112.50,5.63,6.63,,
Rocky Patel,img/icons/manufacturers/rockypatel.svg,Rocky Patel,rp,img/icons/brands/rockypatel.svg,Sun Grown Maduro,Sun Grown Maduro Toro,,Toro,6.50,52,Parejo,,,,,,,,,,,,,,12.05,241.00,20,89,12.50,115.00,5.75,6.75,,
Rocky Patel,img/icons/manufacturers/rockypatel.svg,Rocky Patel,rp,img/icons/brands/rockypatel.svg,Sun Grown Maduro,Sun Grown Maduro Sixty,,Gordo,6.00,60,Parejo,,,,,,,,,,,,,,14.25,285.00,20,89,14.60,136.00,6.80,7.80,,
Rocky Patel,img/icons/manufacturers/rockypatel.svg,Rocky Patel,rp,img/icons/brands/rockypatel.svg,Sun Grown Maduro,Sun Grown Maduro Lancero,,Lancero,7.50,38,Parejo,,,,,,,,,,,,,,12.25,245.00,20,89,12.25,112.50,5.63,6.63,,
Rocky Patel,img/icons/manufacturers/rockypatel.svg,Rocky Patel,rp,img/icons/brands/rockypatel.svg,,Tavicusa Robusto,,Robusto,5.50,50,Parejo,,,,,,,,,,,,,,13.30,266.00,20,89,13.30,123.00,6.15,7.15,,
Rocky Patel,img/icons/manufacturers/rockypatel.svg,Rocky Patel,rp,img/icons/brands/rockypatel.svg,The 1865 Project,1865 Project Robusto,,Robusto,5.00,50,Parejo,,,,,,,,,,,,,,14.65,293.00,20,89,14.65,136.50,6.83,7.83,,
Rocky Patel,img/icons/manufacturers/rockypatel.svg,Rocky Patel,rp,img/icons/brands/rockypatel.svg,The 1865 Project,1865 Project Toro,,Toro,6.50,52,Parejo,,,,,,,,,,,,,,15.70,314.00,20,89,15.70,147.00,7.35,8.35,,
Rocky Patel,img/icons/manufacturers/rockypatel.svg,Rocky Patel,rp,img/icons/brands/rockypatel.svg,The 1865 Project,1865 Project Sixty,,Gordo,6.00,60,Parejo,,,,,,,,,,,,,,16.75,335.00,20,89,16.75,157.50,7.88,8.88,,
Rocky Patel,img/icons/manufacturers/rockypatel.svg,Rocky Patel,rp,img/icons/brands/rockypatel.svg,The Edge 10th Anniversary,Edge 10th Anniversary A-10 Barberpole Toro,,Toro,6.00,52,Parejo,,,,,,,,,,,,,,10.95,219.00,20,89,11.45,104.50,5.23,6.23,,
Rocky Patel,img/icons/manufacturers/rockypatel.svg,Rocky Patel,rp,img/icons/brands/rockypatel.svg,The Edge 10th Anniversary,Edge 10th Anniversary A-10 Barberpole Sixty,,Gordo,6.00,60,Parejo,,,,,,,,,,,,,,13.75,275.00,20,89,14.13,131.25,6.56,7.56,,
Rocky Patel,img/icons/manufacturers/rockypatel.svg,Rocky Patel,rp,img/icons/brands/rockypatel.svg,The Edge 20th Anniversary,Edge 20th Anniversary Robusto,,Robusto,5.50,50,Parejo,,,,,,,,,,,,,,12.75,255.00,20,89,13.13,121.30,6.07,7.07,,
Rocky Patel,img/icons/manufacturers/rockypatel.svg,Rocky Patel,rp,img/icons/brands/rockypatel.svg,The Edge 20th Anniversary,Edge 20th Anniversary Toro,,Toro,6.00,52,Parejo,,,,,,,,,,,,,,13.85,277.00,20,89,14.23,132.30,6.62,7.62,,
Rocky Patel,img/icons/manufacturers/rockypatel.svg,Rocky Patel,rp,img/icons/brands/rockypatel.svg,The Edge 20th Anniversary,Edge 20th Anniversary Sixty,,Gordo,6.00,60,Parejo,,,,,,,,,,,,,,15.65,313.00,20,89,15.89,148.85,7.44,8.44,,
Rocky Patel,img/icons/manufacturers/rockypatel.svg,Rocky Patel,rp,img/icons/brands/rockypatel.svg,The Edge Candela,The Edge Candela Toro,,Toro,6.00,52,Parejo,,,,,,,,,,,,,,10.38,207.50,20,89,10.38,93.75,4.69,5.69,,
Rocky Patel,img/icons/manufacturers/rockypatel.svg,Rocky Patel,rp,img/icons/brands/rockypatel.svg,The Edge Connecticut,The Edge Connecticut Howitzer 7x70,,Gigante,7.00,70,Parejo,,,,,,,,,,,,,,14.55,145.50,10,89,14.55,67.75,6.78,7.78,,
Rocky Patel,img/icons/manufacturers/rockypatel.svg,Rocky Patel,rp,img/icons/brands/rockypatel.svg,The Edge Connecticut,The Edge Connecticut Battalion Gordo,,Gordo,6.00,60,Parejo,,,,,,,,,,,,,,12.18,243.60,20,89,12.18,111.80,5.59,6.59,,
Rocky Patel,img/icons/manufacturers/rockypatel.svg,Rocky Patel,rp,img/icons/brands/rockypatel.svg,The Edge Connecticut,The Edge Connecticut Robusto,,Robusto,5.50,50,Parejo,,,,,,,,,,,,,,9.45,472.30,50,89,9.45,211.15,4.22,5.22,,
Rocky Patel,img/icons/manufacturers/rockypatel.svg,Rocky Patel,rp,img/icons/brands/rockypatel.svg,The Edge Connecticut,The Edge Connecticut Toro,,Toro,6.00,52,Parejo,,,,,,,,,,,,,,10.37,518.70,50,89,10.37,234.35,4.69,5.69,,
Rocky Patel,img/icons/manufacturers/rockypatel.svg,Rocky Patel,rp,img/icons/brands/rockypatel.svg,The Edge Connecticut,The Edge Connecticut Double Corona,,Double Corona,7.50,52,Parejo,,,,,,,,,,,,,,11.04,552.20,50,89,11.04,251.10,5.02,6.02,,
Rocky Patel,img/icons/manufacturers/rockypatel.svg,Rocky Patel,rp,img/icons/brands/rockypatel.svg,The Edge Connecticut,The Edge Connecticut Torpedo,,Torpedo,6.00,52,Torpedo,,,,,,,,,,,,,,10.63,531.60,50,89,10.63,240.80,4.82,5.82,,
Rocky Patel,img/icons/manufacturers/rockypatel.svg,Rocky Patel,rp,img/icons/brands/rockypatel.svg,The Edge Sumatra,The Edge Sumatra Toro (tray of 100),,Toro,6.00,52,Parejo,,,,,,,,,,,,,,8.85,885.00,100,89,9.65,432.60,4.33,5.33,,
Rocky Patel,img/icons/manufacturers/rockypatel.svg,Rocky Patel,rp,img/icons/brands/rockypatel.svg,The Edge Sumatra,The Edge Sumatra Torpedo (tray of 100),,Torpedo,6.00,52,Torpedo,,,,,,,,,,,,,,10.06,"1,006.40",100,89,10.06,453.20,4.53,5.53,,
Rocky Patel,img/icons/manufacturers/rockypatel.svg,Rocky Patel,rp,img/icons/brands/rockypatel.svg,Vintage Series 1990,Vintage Series 1990 Toro Tubos,,Toro,6.00,50,Parejo,,,,,,,,Tubo,,,,,,13.73,137.30,10,89,13.73,63.65,6.37,7.37,,
Rocky Patel,img/icons/manufacturers/rockypatel.svg,Rocky Patel,rp,img/icons/brands/rockypatel.svg,Vintage Series 1990,Vintage Series 1990 Toro,,Toro,5.50,52,Parejo,,,,,,,,,,,,,,12.65,253.00,20,89,12.45,114.50,5.73,6.73,,
Rocky Patel,img/icons/manufacturers/rockypatel.svg,Rocky Patel,rp,img/icons/brands/rockypatel.svg,Vintage Series 1990,Vintage Series 1990 Sixty,,Gordo,6.00,60,Parejo,,,,,,,,,,,,,,14.75,295.00,20,89,14.30,133.00,6.65,7.65,,
Rocky Patel,img/icons/manufacturers/rockypatel.svg,Rocky Patel,rp,img/icons/brands/rockypatel.svg,Vintage Series 1990,Vintage Series 1990 Petit Corona,,Petit Corona,4.50,44,Parejo,,,,,,,,,,,,,,9.84,196.70,20,89,9.84,88.35,4.42,5.42,,
Rocky Patel,img/icons/manufacturers/rockypatel.svg,Rocky Patel,rp,img/icons/brands/rockypatel.svg,Vintage Series 1990,Vintage Series 1990 Robusto,,Robusto,5.50,50,Parejo,,,,,,,,,,,,,,11.83,236.60,20,89,11.83,108.30,5.42,6.42,,
Rocky Patel,img/icons/manufacturers/rockypatel.svg,Rocky Patel,rp,img/icons/brands/rockypatel.svg,Vintage Series 1990,Vintage Series 1990 Churchill,,Churchill,7.00,48,Parejo,,,,,,,,,,,,,,12.45,249.00,20,89,12.45,114.50,5.73,6.73,,
Rocky Patel,img/icons/manufacturers/rockypatel.svg,Rocky Patel,rp,img/icons/brands/rockypatel.svg,Vintage Series 1990,Vintage Series 1990 Torpedo,,Torpedo,6.25,52,Torpedo,,,,,,,,,,,,,,12.78,255.60,20,89,12.78,117.80,5.89,6.89,,
Rocky Patel,img/icons/manufacturers/rockypatel.svg,Rocky Patel,rp,img/icons/brands/rockypatel.svg,Vintage Series 1990,Vintage Series 1990 Juniors,,Cigarillo,4.00,38,Parejo,,,,,,,,,,,,,,5.35,267.50,50,89,5.35,108.75,2.18,3.18,,
Rocky Patel,img/icons/manufacturers/rockypatel.svg,Rocky Patel,rp,img/icons/brands/rockypatel.svg,Vintage Series 1992,Vintage Series 1992 Toro Tubos (Box of 10),,Toro,6.00,50,Parejo,,,,,,,,Tubo,,,,,,13.73,137.30,10,89,13.73,63.65,6.37,7.37,,
Rocky Patel,img/icons/manufacturers/rockypatel.svg,Rocky Patel,rp,img/icons/brands/rockypatel.svg,Vintage Series 1992,Vintage Series 1992 Churchill Tubos (Box of 10),,Churchill,7.00,48,Parejo,,,,,,,,Tubo,,,,,,16.11,161.10,10,89,16.11,75.55,7.56,8.56,,
Rocky Patel,img/icons/manufacturers/rockypatel.svg,Rocky Patel,rp,img/icons/brands/rockypatel.svg,Vintage Series 1992,Vintage Series 1992 Petit Corona,,Petit Corona,4.50,44,Parejo,,,,,,,,,,,,,,9.84,196.70,20,89,9.84,88.35,4.42,5.42,,
Rocky Patel,img/icons/manufacturers/rockypatel.svg,Rocky Patel,rp,img/icons/brands/rockypatel.svg,Vintage Series 1992,Vintage Series 1992 Robusto,,Robusto,5.50,50,Parejo,,,,,,,,,,,,,,11.83,236.60,20,89,11.83,108.30,5.42,6.42,,
Rocky Patel,img/icons/manufacturers/rockypatel.svg,Rocky Patel,rp,img/icons/brands/rockypatel.svg,Vintage Series 1992,Vintage Series 1992 Churchill,,Churchill,7.00,48,Parejo,,,,,,,,,,,,,,12.45,249.00,20,89,12.45,114.50,5.73,6.73,,
Rocky Patel,img/icons/manufacturers/rockypatel.svg,Rocky Patel,rp,img/icons/brands/rockypatel.svg,Vintage Series 1992,Vintage Series 1992 Toro,,Toro,6.50,52,Parejo,,,,,,,,,,,,,,12.45,249.00,20,89,12.45,114.50,5.73,6.73,,
Rocky Patel,img/icons/manufacturers/rockypatel.svg,Rocky Patel,rp,img/icons/brands/rockypatel.svg,Vintage Series 1992,Vintage Series 1992 Sixty,,Gordo,6.00,60,Parejo,,,,,,,,,,,,,,14.30,286.00,20,89,14.30,133.00,6.65,7.65,,
Rocky Patel,img/icons/manufacturers/rockypatel.svg,Rocky Patel,rp,img/icons/brands/rockypatel.svg,Vintage Series 1992,Vintage Series 1992 Torpedo,,Torpedo,6.25,52,Torpedo,,,,,,,,,,,,,,12.78,255.60,20,89,12.78,117.80,5.89,6.89,,
Rocky Patel,img/icons/manufacturers/rockypatel.svg,Rocky Patel,rp,img/icons/brands/rockypatel.svg,Vintage Series 1992,Vintage Series 1992 Juniors (10 tins/5),,Cigarillo,4.00,38,Parejo,,,,,,,,,,Tin,,,,3.18,317.50,100,89,3.18,108.75,1.09,2.09,,
Rocky Patel,img/icons/manufacturers/rockypatel.svg,Rocky Patel,rp,img/icons/brands/rockypatel.svg,Vintage Series 1999 Connecticut,Vintage Series 1999 Connecticut Toro Tubos,,Toro,6.00,50,Parejo,,,,,,,,Tubo,,,,,FAV,13.73,137.30,10,89,13.73,63.65,6.37,7.37,,
Rocky Patel,img/icons/manufacturers/rockypatel.svg,Rocky Patel,rp,img/icons/brands/rockypatel.svg,Vintage Series 1999 Connecticut,Vintage Series 1999 Connecticut Robusto Tubos,,Robusto,5.00,50,Parejo,,,,,,,,Tubo,,,,,,14.83,148.30,10,89,14.83,69.15,6.92,7.92,,
Rocky Patel,img/icons/manufacturers/rockypatel.svg,Rocky Patel,rp,img/icons/brands/rockypatel.svg,Vintage Series 1999 Connecticut,Vintage Series 1999 Connecticut Churchill Tubos (10),,Churchill,7.00,48,Parejo,,,,,,,,Tubo,,,,,,16.11,161.10,10,89,16.11,75.55,7.56,8.56,,
Rocky Patel,img/icons/manufacturers/rockypatel.svg,Rocky Patel,rp,img/icons/brands/rockypatel.svg,Vintage Series 1999 Connecticut,Vintage Series 1999 Connecticut Robusto,,Robusto,5.50,50,Parejo,,,,,,,,,,,,,,11.95,239.00,20,89,11.83,108.30,5.42,6.42,,
Rocky Patel,img/icons/manufacturers/rockypatel.svg,Rocky Patel,rp,img/icons/brands/rockypatel.svg,Vintage Series 1999 Connecticut,Vintage Series 1999 Connecticut Churchill,,Churchill,7.00,48,Parejo,,,,,,,,,,,,,,12.65,253.00,20,89,12.45,114.50,5.73,6.73,,
Rocky Patel,img/icons/manufacturers/rockypatel.svg,Rocky Patel,rp,img/icons/brands/rockypatel.svg,Vintage Series 1999 Connecticut,Vintage Series 1999 Connecticut Toro,,Toro,6.50,52,Parejo,,,,,,,,,,,,,FAV,12.65,253.00,20,89,12.45,114.50,5.73,6.73,,
Rocky Patel,img/icons/manufacturers/rockypatel.svg,Rocky Patel,rp,img/icons/brands/rockypatel.svg,Vintage Series 1999 Connecticut,Vintage Series 1999 Connecticut Torpedo,,Torpedo,6.25,52,Torpedo,,,,,,,,,,,,,,13.05,261.00,20,89,12.78,117.80,5.89,6.89,,
Rocky Patel,img/icons/manufacturers/rockypatel.svg,Rocky Patel,rp,img/icons/brands/rockypatel.svg,Vintage Series 1999 Connecticut,Vintage Series 1999 Connecticut Sixty,,Gordo,6.00,60,Parejo,,,,,,,,,,,,,FAV,14.75,295.00,20,89,14.30,133.00,6.65,7.65,,
Rocky Patel,img/icons/manufacturers/rockypatel.svg,Rocky Patel,rp,img/icons/brands/rockypatel.svg,Vintage Series 1999 Connecticut,Vintage Series 1999 Connecticut Petit Corona,,Petit Corona,4.50,44,Parejo,,,,,,,,,,,,,,9.84,196.70,20,89,9.84,88.35,4.42,5.42,,
Rocky Patel,img/icons/manufacturers/rockypatel.svg,Rocky Patel,rp,img/icons/brands/rockypatel.svg,Vintage Series 1999 Connecticut,Vintage Series 1999 Connecticut Perfecto,,Perfecto,4.00,48,Perfecto,,,,,,,,,,,,,,9.84,196.70,20,89,9.84,88.35,4.42,5.42,,
Rocky Patel,img/icons/manufacturers/rockypatel.svg,Rocky Patel,rp,img/icons/brands/rockypatel.svg,Vintage Series 1999 Connecticut,Vintage Series 1999 Connecticut Juniors (10 tins/5),,Cigarillo,4.00,38,Parejo,,,,,,,,,,Tin,,,,,,50,89,5.35,108.75,2.18,3.18,,
Rocky Patel,img/icons/manufacturers/rockypatel.svg,Rocky Patel,rp,img/icons/brands/rockypatel.svg,Vintage Series 1999 Connecticut,Vintage Series 1999 Connecticut MINIS (10 tins/10),,Cigarillo,4.25,32,Parejo,,,,,,,,,,Tin,,,,,`,100,89,3.05,102.50,1.03,2.03,,
Rocky Patel,img/icons/manufacturers/rockypatel.svg,Rocky Patel,rp,img/icons/brands/rockypatel.svg,Vintage Series 2003 Cameroon,Vintage Series 2003 Cameroon Toro,,Toro,6.50,52,Parejo,,,,,,,,,,,,,,12.65,253.00,20,89,13.05,120.50,6.03,7.03,,
Rocky Patel,img/icons/manufacturers/rockypatel.svg,Rocky Patel,rp,img/icons/brands/rockypatel.svg,Vintage Series 2003 Cameroon,Vintage Series 2003 Cameroon Sixty,,Gordo,6.00,60,Parejo,,,,,,,,,,,,,,14.75,295.00,20,89,15.00,140.00,7.00,8.00,,
Rocky Patel,img/icons/manufacturers/rockypatel.svg,Rocky Patel,rp,img/icons/brands/rockypatel.svg,Vintage Series 2003 Cameroon,Vintage Series 2003 Cameroon Robusto,,Robusto,5.50,50,Parejo,,,,,,,,,,,,,FAV,12.40,248.00,20,89,12.40,114.00,5.70,6.70,,
Rocky Patel,img/icons/manufacturers/rockypatel.svg,Rocky Patel,rp,img/icons/brands/rockypatel.svg,Vintage Series 2003 Cameroon,Vintage Series 2003 Cameroon Churchill,,Churchill,7.00,48,Parejo,,,,,,,,,,,,,,13.05,261.00,20,89,13.05,120.50,6.03,7.03,,
Rocky Patel,img/icons/manufacturers/rockypatel.svg,Rocky Patel,rp,img/icons/brands/rockypatel.svg,Vintage Series 2003 Cameroon,Vintage Series 2003 Cameroon Torpedo,,Torpedo,6.25,52,Torpedo,,,,,,,,,,,,,,13.40,268.00,20,89,13.40,124.00,6.20,7.20,,
Rocky Patel,img/icons/manufacturers/rockypatel.svg,Rocky Patel,rp,img/icons/brands/rockypatel.svg,Vintage Series 2003 Cameroon,Vintage Series 2003 Cameroon Juniors,,Cigarillo,4.00,38,Parejo,,,,,,,,,,,,,,3.18,317.50,100,89,3.18,108.75,1.09,2.09,,
Rocky Patel,img/icons/manufacturers/rockypatel.svg,Rocky Patel,rp,img/icons/brands/rockypatel.svg,Vintage Series 2006 San Andreas,Vintage Series 2006 San Andreas Toro,,Toro,6.50,52,Parejo,,,,,,,,,,,,,,14.75,295.00,20,89,13.05,120.50,6.03,7.03,,
Rocky Patel,img/icons/manufacturers/rockypatel.svg,Rocky Patel,rp,img/icons/brands/rockypatel.svg,Vintage Series 2006 San Andreas,Vintage Series 2006 San Andreas Sixty,,Gordo,6.00,60,Parejo,,,,,,,,,,,,,,15.75,315.00,20,89,15.00,140.00,7.00,8.00,,
Rocky Patel,img/icons/manufacturers/rockypatel.svg,Rocky Patel,rp,img/icons/brands/rockypatel.svg,Vintage Series 2006 San Andreas,Vintage Series 2006 San Andreas Robusto,,Robusto,5.50,50,Parejo,,,,,,,,,,,,,,12.40,248.00,20,89,12.40,114.00,5.70,6.70,,
Rocky Patel,img/icons/manufacturers/rockypatel.svg,Rocky Patel,rp,img/icons/brands/rockypatel.svg,Vintage Series 2006 San Andreas,Vintage Series 2006 San Andreas Churchill,,Churchill,7.00,48,Parejo,,,,,,,,,,,,,,13.05,261.00,20,89,13.05,120.50,6.03,7.03,,
Rocky Patel,img/icons/manufacturers/rockypatel.svg,Rocky Patel,rp,img/icons/brands/rockypatel.svg,White Label,RP White Label Robusto,,Robusto,5.00,50,Parejo,,,,,,,,,,,,,,21.95,439.00,20,89,21.95,209.50,10.48,11.48,,
Rocky Patel,img/icons/manufacturers/rockypatel.svg,Rocky Patel,rp,img/icons/brands/rockypatel.svg,White Label,RP White Label Churchill,,Churchill,7.00,48,Parejo,,,,,,,,,,,,,,23.15,463.00,20,89,23.05,220.50,11.03,12.03,,
Rocky Patel,img/icons/manufacturers/rockypatel.svg,Rocky Patel,rp,img/icons/brands/rockypatel.svg,White Label,RP White Label Toro,,Toro,6.50,52,Parejo,,,,,,,,,,,,,,23.15,463.00,20,89,23.05,220.50,11.03,12.03,,
Rocky Patel,img/icons/manufacturers/rockypatel.svg,Rocky Patel,rp,img/icons/brands/rockypatel.svg,White Label,RP White Label Sixty,,Gordo,6.00,60,Parejo,,,,,,,,,,,,,,24.35,487.00,20,89,24.20,232.00,11.60,12.60,,
Rocky Patel,img/icons/manufacturers/rockypatel.svg,Rocky Patel,rp,img/icons/brands/rockypatel.svg,White Label,RP White Label Gift Set w/ Lighter,,Robusto,5.00,50,Parejo,,,,,,,,,,,,,,24.10,482.00,20,89,24.10,231.00,11.55,12.55,,
Rocky Patel,img/icons/manufacturers/rockypatel.svg,Rocky Patel,rp,img/icons/brands/rockypatel.svg,White Label,White Label LE Humidor w Toros,,Toro Gordo,6.50,55,Parejo,,,,,,,,,,,,,,30.00,"3,000.00",100,89,30.00,"1,450.00",14.50,15.50,,
Rocky Patel,img/icons/manufacturers/rockypatel.svg,Rocky Patel,rp,img/icons/brands/rockypatel.svg,,Year of the Dragon Toro,,Toro,6.50,52,Parejo,,,,,,,,,,,,,,23.15,463.00,20,89,18.50,175.00,8.75,9.75,,
Rocky Patel,img/icons/manufacturers/rockypatel.svg,Rocky Patel,rp,img/icons/brands/rockypatel.svg,,Conviction Toro,,Toro,6.50,52,Parejo,,,,,,,,Tubo,,,,,,100.00,"1,000.00",10,89,101.00,500.00,50.00,51.00,,
Ashton Distributors,img/icons/manufacturers/ashtondistributors.svg,San Cristobal,,img/icons/brands/sancristobal.svg,Samplers,San Cristobal 5-Cigar Sampler,,Sampler,0.00,0,,,,,,,,,,,,Pack,,,12.86,64.32,5,89,12.86,29.66,5.93,6.93,,
Ashton Distributors,img/icons/manufacturers/ashtondistributors.svg,San Cristobal,,img/icons/brands/sancristobal.svg,Samplers,San Cristobal Paradise + Lighter,,Sampler,0.00,0,,,,,,,,,,,,Pack,,,19.50,97.50,5,89,19.50,46.25,9.25,10.25,,
Ashton Distributors,img/icons/manufacturers/ashtondistributors.svg,San Cristobal,,img/icons/brands/sancristobal.svg,Samplers,San Cristobal 60-Ring Sampler (6ct),,Gordo,0.00,60,Parejo,,,,,,,,,,,Pack,,,13.09,78.52,6,89,13.09,36.26,6.04,7.04,,
Ashton Distributors,img/icons/manufacturers/ashtondistributors.svg,San Cristobal,,img/icons/brands/sancristobal.svg,Ovation,Opulence Robusto,,Robusto Extra,5.50,50,Parejo,,,,,,,,,,,,,,19.00,418.00,22,89,19.00,198.00,9.00,10.00,,
Ashton Distributors,img/icons/manufacturers/ashtondistributors.svg,San Cristobal,,img/icons/brands/sancristobal.svg,Ovation,Eminence Toro,,Toro Gordo,5.75,54,Parejo,,,,,,,,,,,,,,20.00,440.00,22,89,20.00,209.00,9.50,10.50,,
Ashton Distributors,img/icons/manufacturers/ashtondistributors.svg,San Cristobal,,img/icons/brands/sancristobal.svg,Ovation,Decadence Toro,,Toro Extra,6.50,52,Parejo,,,,,,,,,,,,,,21.00,462.00,22,89,21.00,220.00,10.00,11.00,,
Ashton Distributors,img/icons/manufacturers/ashtondistributors.svg,San Cristobal,,img/icons/brands/sancristobal.svg,Quintessence,Belicoso,,Belicoso,6.50,54,Belicoso,,,,,,,,,,,,,,13.00,312.00,24,89,13.00,144.00,6.00,7.00,,
Ashton Distributors,img/icons/manufacturers/ashtondistributors.svg,San Cristobal,,img/icons/brands/sancristobal.svg,Quintessence,Corona Gorda,,Corona Gorda,5.63,46,Parejo,,,,,,,,,,,,,,11.85,284.40,24,89,11.85,130.20,5.43,6.43,,
Ashton Distributors,img/icons/manufacturers/ashtondistributors.svg,San Cristobal,,img/icons/brands/sancristobal.svg,Quintessence,Robusto,,Robusto,5.50,50,Parejo,,,,,,,,,,,,,,12.25,294.00,24,89,12.25,135.00,5.63,6.63,,
Ashton Distributors,img/icons/manufacturers/ashtondistributors.svg,San Cristobal,,img/icons/brands/sancristobal.svg,Quintessence,Churchill,,Churchill,7.00,49,Parejo,,,,,,,,,,,,,,12.75,306.00,24,89,12.75,141.00,5.88,6.88,,
Ashton Distributors,img/icons/manufacturers/ashtondistributors.svg,San Cristobal,,img/icons/brands/sancristobal.svg,Quintessence,Epicure Toro,,Toro,6.00,52,Parejo,,,,,,,,,,,,,,12.75,306.00,24,89,12.75,141.00,5.88,6.88,,
Ashton Distributors,img/icons/manufacturers/ashtondistributors.svg,San Cristobal,,img/icons/brands/sancristobal.svg,Quintessence,Majestic,,Gordo,6.00,60,Parejo,,,,,,,,,,,,,,13.95,334.80,24,89,13.95,155.40,6.48,7.48,,
Ashton Distributors,img/icons/manufacturers/ashtondistributors.svg,San Cristobal,,img/icons/brands/sancristobal.svg,Revelation,Mystic Corona,,Corona,5.63,48,Parejo,,,,,,,,,,,,,,11.50,276.00,24,89,11.50,126.00,5.25,6.25,,
Ashton Distributors,img/icons/manufacturers/ashtondistributors.svg,San Cristobal,,img/icons/brands/sancristobal.svg,Revelation,Prophet Robusto,,Robusto Gordo,5.25,54,Parejo,,,,,,,,,,,,,,12.00,288.00,24,89,12.00,132.00,5.50,6.50,,
Ashton Distributors,img/icons/manufacturers/ashtondistributors.svg,San Cristobal,,img/icons/brands/sancristobal.svg,Revelation,Legend Toro,,Toro Extra,6.25,52,Parejo,,,,,,,,,,,,,,12.25,294.00,24,89,12.25,135.00,5.63,6.63,,
Ashton Distributors,img/icons/manufacturers/ashtondistributors.svg,San Cristobal,,img/icons/brands/sancristobal.svg,Revelation,Triumph Churchill,,Churchill,7.00,50,Parejo,,,,,,,,,,,,,,12.50,300.00,24,89,12.50,138.00,5.75,6.75,,
Ashton Distributors,img/icons/manufacturers/ashtondistributors.svg,San Cristobal,,img/icons/brands/sancristobal.svg,Revelation,Odyssey Gordo,,Gordo,6.00,60,Parejo,,,,,,,,,,,,,,13.00,312.00,24,89,13.00,144.00,6.00,7.00,,
Ashton Distributors,img/icons/manufacturers/ashtondistributors.svg,San Cristobal,,img/icons/brands/sancristobal.svg,Revelation,Leviathan Gordo,,Gordo,6.50,64,Parejo,,,,,,,,,,,,,,13.75,330.00,24,89,13.75,153.00,6.38,7.38,,
Ashton Distributors,img/icons/manufacturers/ashtondistributors.svg,San Cristobal,,img/icons/brands/sancristobal.svg,San Cristobal,Clasico Robusto,,Robusto,5.00,50,Parejo,,,,,,,,,,,,,,12.25,294.00,24,89,12.25,135.00,5.63,6.63,,
Ashton Distributors,img/icons/manufacturers/ashtondistributors.svg,San Cristobal,,img/icons/brands/sancristobal.svg,San Cristobal,Coloso Gordo,,Gordo,6.75,62,Parejo,,,,,,,,,,,,,,13.95,334.80,24,89,13.95,155.40,6.48,7.48,,
Ashton Distributors,img/icons/manufacturers/ashtondistributors.svg,San Cristobal,,img/icons/brands/sancristobal.svg,San Cristobal,Fabuloso Torpedo,,Torpedo,6.13,52,Torpedo,,,,,,,,,,,,,,13.25,318.00,24,89,13.25,147.00,6.13,7.13,,
Ashton Distributors,img/icons/manufacturers/ashtondistributors.svg,San Cristobal,,img/icons/brands/sancristobal.svg,San Cristobal,Monumento Double Corona,,Double Corona,7.25,49,Parejo,,,,,,,,,,,,,,14.50,348.00,24,89,14.50,162.00,6.75,7.75,,
Ashton Distributors,img/icons/manufacturers/ashtondistributors.svg,San Cristobal,,img/icons/brands/sancristobal.svg,San Cristobal,Papagayo Toro,,Toro Gordo,5.75,55,Parejo,,,,,,,,,,,,,,13.00,312.00,24,89,13.00,144.00,6.00,7.00,,
Ashton Distributors,img/icons/manufacturers/ashtondistributors.svg,San Cristobal,,img/icons/brands/sancristobal.svg,San Cristobal,Papagayo XXL 6x60,,Gordo,6.00,60,Parejo,,,,,,,,,,,,,,13.50,324.00,24,89,13.50,150.00,6.25,7.25,,
Ashton Distributors,img/icons/manufacturers/ashtondistributors.svg,San Cristobal,,img/icons/brands/sancristobal.svg,San Cristobal,Supremo Toro,,Toro,6.00,50,Parejo,,,,,,,,,,,,,,12.75,306.00,24,89,12.75,141.00,5.88,6.88,,
Ashton Distributors,img/icons/manufacturers/ashtondistributors.svg,San Cristobal,,img/icons/brands/sancristobal.svg,Elegancia,SC Elegancia Corona,,Corona,5.50,46,Parejo,,,,,,,,,,,,,,11.41,285.16,25,89,11.41,130.08,5.20,6.20,,
Ashton Distributors,img/icons/manufacturers/ashtondistributors.svg,San Cristobal,,img/icons/brands/sancristobal.svg,Elegancia,SC Elegancia Robusto ,,Robusto,5.00,50,Parejo,,,,,,,,,,,,,,11.86,296.40,25,89,11.86,135.70,5.43,6.43,,
Ashton Distributors,img/icons/manufacturers/ashtondistributors.svg,San Cristobal,,img/icons/brands/sancristobal.svg,Elegancia,SC Elegancia Imperial Toro,,Toro,6.00,52,Parejo,,,,,,,,,,,,,,12.08,302.04,25,89,12.08,138.52,5.54,6.54,,
Ashton Distributors,img/icons/manufacturers/ashtondistributors.svg,San Cristobal,,img/icons/brands/sancristobal.svg,Elegancia,SC Elegancia Churchill,,Churchill,7.00,50,Parejo,,,,,,,,,,,,,,12.19,304.84,25,89,12.19,139.92,5.60,6.60,,
Ashton Distributors,img/icons/manufacturers/ashtondistributors.svg,San Cristobal,,img/icons/brands/sancristobal.svg,Elegancia,SC Elegancia Pyramid,,Pyramid,6.13,52,Parejo,,,,,,,,,,,,,,12.53,313.28,25,89,12.53,144.14,5.77,6.77,,
Ashton Distributors,img/icons/manufacturers/ashtondistributors.svg,San Cristobal,,img/icons/brands/sancristobal.svg,Elegancia,SC Elegancia Grandioso,,Gordo,6.00,60,Parejo,,,,,,,,,,,,,,12.76,318.90,25,89,12.76,146.95,5.88,6.88,,
Ashton Distributors,img/icons/manufacturers/ashtondistributors.svg,San Cristobal,,img/icons/brands/sancristobal.svg,Fresh Packs San Cristobal,San Cristobal Fresh Pack,,Sampler,0.00,0,,,,,,,,,,,,Pack,,,12.50,625.00,50,89,12.50,287.50,5.75,6.75,,
General Cigar Co.,img/icons/manufacturers/generalcigarco.svg,Sancho Panza,,img/icons/brands/sanchopanza.svg,,Sancho Panzo Robusto,,Robusto,5.50,50,Parejo,,,,,,,,,,,,,,8.88,177.60,20,89,8.88,78.80,3.94,4.94,56223,
General Cigar Co.,img/icons/manufacturers/generalcigarco.svg,Sancho Panza,,img/icons/brands/sanchopanza.svg,,Sancho Panzo Toro,,Toro,6.50,52,Parejo,,,,,,,,,,,,,,9.78,195.60,20,89,9.78,87.80,4.39,5.39,56226,
General Cigar Co.,img/icons/manufacturers/generalcigarco.svg,Sancho Panza,,img/icons/brands/sanchopanza.svg,,Sancho Panzo Gigante,,Gordo,6.00,60,Parejo,,,,,,,,,,,,,,10.68,213.60,20,89,10.68,96.80,4.84,5.84,56227,
General Cigar Co.,img/icons/manufacturers/generalcigarco.svg,Sancho Panza,,img/icons/brands/sanchopanza.svg,,Sancho Panzo Double Maduro Robusto,,Robusto,5.00,50,Parejo,,,,,,,,,,,,,,9.88,197.60,20,89,9.88,88.80,4.44,5.44,56220,
General Cigar Co.,img/icons/manufacturers/generalcigarco.svg,Sancho Panza,,img/icons/brands/sanchopanza.svg,,Sancho Panzo Double Maduro Toro,,Toro,6.00,52,Parejo,,,,,,,,,,,,,,10.66,213.20,20,89,10.66,96.60,4.83,5.83,56221,
General Cigar Co.,img/icons/manufacturers/generalcigarco.svg,Sancho Panza,,img/icons/brands/sanchopanza.svg,,Sancho Panzo Double Maduro Gigante,,Gordo,6.00,60,Parejo,,,,,,,,,,,,,,11.86,237.20,20,89,11.86,108.60,5.43,6.43,56222,
General Cigar Co.,img/icons/manufacturers/generalcigarco.svg,Sancho Panza,,img/icons/brands/sanchopanza.svg,,Sancho Panzo Extra Chido Robusto,,Robusto,5.00,50,Parejo,,,,,,,,,,,,,,10.02,200.40,20,89,10.02,90.20,4.51,5.51,56354,
General Cigar Co.,img/icons/manufacturers/generalcigarco.svg,Sancho Panza,,img/icons/brands/sanchopanza.svg,,Sancho Panzo Extra Chido Toro,,Toro,6.00,52,Parejo,,,,,,,,,,,,,,11.02,220.40,20,89,11.02,100.20,5.01,6.01,56355,
General Cigar Co.,img/icons/manufacturers/generalcigarco.svg,Sancho Panza,,img/icons/brands/sanchopanza.svg,,Sancho Panzo Extra Chido Gigante,,Gordo,6.00,60,Parejo,,,,,,,,,,,,,,12.02,240.40,20,89,12.02,110.20,5.51,6.51,56356,
General Cigar Co.,img/icons/manufacturers/generalcigarco.svg,Sancho Panza,,img/icons/brands/sanchopanza.svg,,Sancho Panzo Extra Fuerte Robusto,,Robusto,5.00,50,Parejo,,,,,,,,,,,,,,9.88,197.60,20,89,9.88,88.80,4.44,5.44,56228,
General Cigar Co.,img/icons/manufacturers/generalcigarco.svg,Sancho Panza,,img/icons/brands/sanchopanza.svg,,Sancho Panzo Extra Fuerte Toro,,Toro,6.00,52,Parejo,,,,,,,,,,,,,,10.66,213.20,20,89,10.66,96.60,4.83,5.83,56231,
General Cigar Co.,img/icons/manufacturers/generalcigarco.svg,Sancho Panza,,img/icons/brands/sanchopanza.svg,,Sancho Panzo Extra Fuerte Gigante,,Gordo,5.88,60,Parejo,,,,,,,,,,,,,,11.86,237.20,20,89,11.86,108.60,5.43,6.43,56232,
Drew Estate,img/icons/manufacturers/drewestate.svg,Sweet Jane,,img/icons/brands/sweetjane.svg,Sweet Jane,Tin,,Cigarillo,4.00,32,Parejo,,,,,,,,,FS,Tin,,,,21.00,105.00,5,89,27.00,65.00,13.00,14.00,Q-01-02-119,50
Drew Estate,img/icons/manufacturers/drewestate.svg,Sweet Jane,,img/icons/brands/sweetjane.svg,Sweet Jane,Corona,,Corona,5.00,46,Parejo,,,,,,,,,FS,,,,,10.00,240.00,24,89,11.65,127.83,5.33,6.33,Q-01-14-052,30
Drew Estate,img/icons/manufacturers/drewestate.svg,Tabak,,img/icons/brands/tabak.svg,Dulce,Cafecita,,Cigarillo,4.00,32,Parejo,,,,,,,,,FS,,,,,21.00,105.00,5,89,27.00,65.00,13.00,14.00,Q-01-32-032,50
Drew Estate,img/icons/manufacturers/drewestate.svg,Tabak,,img/icons/brands/tabak.svg,Negra,Cafecita,,Cigarillo,4.00,32,Parejo,,,,,,,,,FS,,,,,21.00,105.00,5,89,27.00,65.00,13.00,14.00,Q-01-32-031,50
Drew Estate,img/icons/manufacturers/drewestate.svg,Tabak,,img/icons/brands/tabak.svg,Dulce,Gordito,,Gordo,6.00,60,Parejo,,,,,,,,,FS,,,,FAV,12.20,122.00,10,89,13.85,64.27,6.43,7.43,Q-01-32-035,30
Drew Estate,img/icons/manufacturers/drewestate.svg,Tabak,,img/icons/brands/tabak.svg,Negra,Gordito,,Gordo,6.00,60,Parejo,,,,,,,,,FS,,,,,12.20,122.00,10,89,13.85,64.27,6.43,7.43,Q-01-32-034,30
Drew Estate,img/icons/manufacturers/drewestate.svg,Tabak,,img/icons/brands/tabak.svg,Dulce,Corona,,Corona,4.75,46,Parejo,,,,,,,,,FS,,,,,9.75,234.00,24,89,11.40,124.82,5.20,6.20,Q-01-32-018,30
Drew Estate,img/icons/manufacturers/drewestate.svg,Tabak,,img/icons/brands/tabak.svg,Negra,Corona,,Corona,4.75,46,Parejo,,,,,,,,,FS,,,,,9.75,234.00,24,89,11.40,124.82,5.20,6.20,Q-01-32-003,30
Drew Estate,img/icons/manufacturers/drewestate.svg,Tabak,,img/icons/brands/tabak.svg,Dulce,Robusto,,Robusto,5.00,54,Parejo,,,,,,,,,FS,,,,,11.20,268.80,24,89,12.85,142.20,5.93,6.93,Q-01-32-016,22
Drew Estate,img/icons/manufacturers/drewestate.svg,Tabak,,img/icons/brands/tabak.svg,Negra,Robusto,,Robusto,5.00,54,Parejo,,,,,,,,,FS,,,,,11.20,268.80,24,89,12.85,142.20,5.93,6.93,Q-01-32-001,22
Drew Estate,img/icons/manufacturers/drewestate.svg,Tabak,,img/icons/brands/tabak.svg,Dulce,Toro,,Toro,6.00,52,Parejo,,,,,,,,,FS,,,,,11.75,282.00,24,89,13.40,148.80,6.20,7.20,Q-01-32-017,22
Drew Estate,img/icons/manufacturers/drewestate.svg,Tabak,,img/icons/brands/tabak.svg,Negra,Toro,,Toro,6.00,52,Parejo,,,,,,,,,FS,,,,,11.75,282.00,24,89,13.40,148.80,6.20,7.20,Q-01-32-002,22
Drew Estate,img/icons/manufacturers/drewestate.svg,Tabak,,img/icons/brands/tabak.svg,Dulce,Toro Tubo,,Toro,6.00,52,Parejo,,,,,,,,Tubo,FS,,,,,12.20,12.20,25,89,13.85,160.63,6.43,7.43,Q-01-32-068,12
Drew Estate,img/icons/manufacturers/drewestate.svg,Tabak,,img/icons/brands/tabak.svg,Negra,Toro Tubo,,Toro,6.00,52,Parejo,,,,,,,,Tubo,FS,,,,,12.20,12.20,25,89,13.85,160.63,6.43,7.43,Q-01-32-067,12
JRE Tobacco Co,img/icons/manufacturers/jre.svg,Tatascan,,img/icons/brands/tatascan.svg,Tatascan Sweet Tip Connecticut,Corona,,Corona,5.00,44,Parejo,Ecuador,Honduras Corojo,Honduras,Honduras,Natural,Medium,,,FS,,,,,7.00,140.00,20,89,8.00,70.00,3.50,4.50,TTC01,
JRE Tobacco Co,img/icons/manufacturers/jre.svg,Tatascan,,img/icons/brands/tatascan.svg,Tatascan Sweet Tip Connecticut,Robusto,,Robusto,5.00,50,Parejo,Ecuador,Honduras Corojo,Honduras,Honduras,Natural,Medium,,,FS,,,,,7.50,150.00,20,89,8.50,75.00,3.75,4.75,TTC02,
JRE Tobacco Co,img/icons/manufacturers/jre.svg,Tatascan,,img/icons/brands/tatascan.svg,Tatascan Sweet Tip Connecticut,Toro,,Toro,6.00,50,Parejo,Ecuador,Honduras Corojo,Honduras,Honduras,Natural,Medium,,,FS,,,,,8.30,166.00,20,89,9.30,83.00,4.15,5.15,TTC03,
JRE Tobacco Co,img/icons/manufacturers/jre.svg,Tatascan,,img/icons/brands/tatascan.svg,Tatascan Sweet Tip Connecticut,Gran Churchill,,Churchill,7.00,52,Parejo,Ecuador,Honduras Corojo,Honduras,Honduras,Natural,Medium,,,FS,,,,,9.00,180.00,20,89,10.00,90.00,4.50,5.50,TTC05,
JRE Tobacco Co,img/icons/manufacturers/jre.svg,Tatascan,,img/icons/brands/tatascan.svg,Tatascan Sweet Tip Connecticut,Gordo,,Gordo,6.50,60,Parejo,Ecuador,Honduras Corojo,Honduras,Honduras,Natural,Medium,,,FS,,,,,9.50,190.00,20,89,10.50,95.00,4.75,5.75,TTC07,
JRE Tobacco Co,img/icons/manufacturers/jre.svg,Tatascan,,img/icons/brands/tatascan.svg,Tatascan Sweet Tip Habano,Corona,,Corona,5.00,44,Parejo,Habano,Corojo,"Corojo, Honduran Habano",Honduras,Natural,Mild,,,FS,,,,,7.00,140.00,20,89,8.00,70.00,3.50,4.50,TTH01,
JRE Tobacco Co,img/icons/manufacturers/jre.svg,Tatascan,,img/icons/brands/tatascan.svg,Tatascan Sweet Tip Habano,Robusto,,Robusto,5.00,50,Parejo,Habano,Corojo,"Corojo, Honduran Habano",Honduras,Natural,Mild,,,FS,,,,,7.50,150.00,20,89,8.50,75.00,3.75,4.75,TTH02,
JRE Tobacco Co,img/icons/manufacturers/jre.svg,Tatascan,,img/icons/brands/tatascan.svg,Tatascan Sweet Tip Habano,Toro,,Toro,6.00,50,Parejo,Habano,Corojo,"Corojo, Honduran Habano",Honduras,Natural,Mild,,,FS,,,,,8.30,166.00,20,89,9.30,83.00,4.15,5.15,TTH03,
JRE Tobacco Co,img/icons/manufacturers/jre.svg,Tatascan,,img/icons/brands/tatascan.svg,Tatascan Sweet Tip Habano,Gran Churchill,,Churchill,7.00,52,Parejo,Habano,Corojo,"Corojo, Honduran Habano",Honduras,Natural,Mild,,,FS,,,,,9.00,180.00,20,89,10.00,90.00,4.50,5.50,TTH05,
JRE Tobacco Co,img/icons/manufacturers/jre.svg,Tatascan,,img/icons/brands/tatascan.svg,Tatascan Sweet Tip Habano,Gordo,,Gordo,6.50,60,Parejo,Habano,Corojo,"Corojo, Honduran Habano",Honduras,Natural,Mild,,,FS,,,,,9.50,190.00,20,89,10.50,95.00,4.75,5.75,TTH07,
Drew Estate,img/icons/manufacturers/drewestate.svg,Undercrown,,img/icons/brands/undercrown.svg,Undercrown 10,Corona Viva,,Corona Extra,5.00,43,Parejo,,,,,,,,,,,,,,12.00,240.00,20,89,13.65,126.53,6.33,7.33,Q-01-77-054,27
Drew Estate,img/icons/manufacturers/drewestate.svg,Undercrown,,img/icons/brands/undercrown.svg,Undercrown 10,Robusto,,Robusto,5.00,50,Parejo,,,,,,,,,,,,,,13.25,265.00,20,89,14.91,139.07,6.95,7.95,Q-01-77-056,24
Drew Estate,img/icons/manufacturers/drewestate.svg,Undercrown,,img/icons/brands/undercrown.svg,Undercrown 10,Toro,,Toro,6.00,52,Parejo,,,,,,,,,,,,,,13.50,270.00,20,89,15.15,141.50,7.08,8.08,Q-01-77-053,20
Drew Estate,img/icons/manufacturers/drewestate.svg,Undercrown,,img/icons/brands/undercrown.svg,Undercrown 10,Corona Doble,,Double Corona,7.00,50,Parejo,,,,,,,,,,,,,,15.00,300.00,20,89,16.65,156.49,7.82,8.82,Q-01-77-055,20
Drew Estate,img/icons/manufacturers/drewestate.svg,Undercrown,,img/icons/brands/undercrown.svg,Undercrown Maduro,Coronets,,Cigarillo,4.00,32,Parejo,,,,,,,,,,,,,,21.00,105.00,5,89,27.00,65.00,13.00,14.00,Q-01-36-020,50
Drew Estate,img/icons/manufacturers/drewestate.svg,Undercrown,,img/icons/brands/undercrown.svg,Undercrown Maduro,Gran Toro Pack,,Toro,6.00,52,Parejo,,,,,,,,,,,Pack,,,49.95,249.75,5,89,56.78,139.45,27.89,28.89,Q-01-36-039,15
Drew Estate,img/icons/manufacturers/drewestate.svg,Undercrown,,img/icons/brands/undercrown.svg,Undercrown Maduro,Flying Pig Seasonal Release,,Perfecto,3.94,60,Perfecto,,,,,,,,,,,,,,15.95,191.40,12,89,17.35,98.12,8.18,9.18,Q-01-36-007,30
Drew Estate,img/icons/manufacturers/drewestate.svg,Undercrown,,img/icons/brands/undercrown.svg,Undercrown Maduro,Corona Viva,,Corona Extra,5.63,46,Parejo,,,,,,,,,,,,,,9.20,230.00,25,89,10.86,123.22,4.93,5.93,Q-01-36-067,36
Drew Estate,img/icons/manufacturers/drewestate.svg,Undercrown,,img/icons/brands/undercrown.svg,Undercrown Maduro,Robusto,,Robusto,5.00,54,Parejo,,,,,,,,,,,,,,9.70,242.50,25,89,11.36,129.44,5.18,6.18,Q-01-36-063,35
Drew Estate,img/icons/manufacturers/drewestate.svg,Undercrown,,img/icons/brands/undercrown.svg,Undercrown Maduro,Gran Toro,,Toro,6.00,52,Parejo,,,,,,,,,,,,,,10.50,262.50,25,89,12.16,139.45,5.58,6.58,Q-01-36-062,30
Drew Estate,img/icons/manufacturers/drewestate.svg,Undercrown,,img/icons/brands/undercrown.svg,Undercrown Maduro,Gran Toro Tubo,,Toro,6.00,50,Parejo,,,,,,,,Tubo,,,,,,11.00,11.00,25,89,12.65,145.66,5.83,6.83,Q-01-36-044,12
Drew Estate,img/icons/manufacturers/drewestate.svg,Undercrown,,img/icons/brands/undercrown.svg,Undercrown Maduro,Corona Doble,,Double Corona,7.00,54,Parejo,,,,,,,,,,,,,,12.00,300.00,25,89,13.66,158.19,6.33,7.33,Q-01-36-065,28
Drew Estate,img/icons/manufacturers/drewestate.svg,Undercrown,,img/icons/brands/undercrown.svg,Undercrown Maduro,Gordito,,Gordo,6.00,60,Parejo,,,,,,,,,,,,,,12.70,317.50,25,89,14.35,166.93,6.68,7.68,Q-01-36-066,20
Drew Estate,img/icons/manufacturers/drewestate.svg,Undercrown,,img/icons/brands/undercrown.svg,Undercrown Shade,Coronets,,Cigarillo,4.00,32,Parejo,,,,,,,,,,,,,,21.00,105.00,5,89,27.00,65.00,13.00,14.00,Q-01-74-018,50
Drew Estate,img/icons/manufacturers/drewestate.svg,Undercrown,,img/icons/brands/undercrown.svg,Undercrown Shade,Gran Toro Pack,,Toro,6.00,52,Parejo,,,,,,,,,,,,,,49.95,249.75,5,89,56.78,139.45,27.89,28.89,Q-01-74-039,15
Drew Estate,img/icons/manufacturers/drewestate.svg,Undercrown,,img/icons/brands/undercrown.svg,Undercrown Shade,Flying Pig Seasonal Release,,Perfecto,3.94,60,Perfecto,,,,,,,,,,,,,,15.95,191.40,12,89,17.35,98.12,8.18,9.18,Q-01-74-015,30
Drew Estate,img/icons/manufacturers/drewestate.svg,Undercrown,,img/icons/brands/undercrown.svg,Undercrown Shade,Corona,,Corona,5.63,46,Parejo,,,,,,,,,,,,,,9.20,230.00,25,89,10.86,123.22,4.93,5.93,Q-01-74-058,36
Drew Estate,img/icons/manufacturers/drewestate.svg,Undercrown,,img/icons/brands/undercrown.svg,Undercrown Shade,Robusto,,Robusto,5.00,54,Parejo,,,,,,,,,,,,,,9.70,242.50,25,89,11.36,129.44,5.18,6.18,Q-01-74-059,35
Drew Estate,img/icons/manufacturers/drewestate.svg,Undercrown,,img/icons/brands/undercrown.svg,Undercrown Shade,Gran Toro,,Toro,6.00,52,Parejo,,,,,,,,,,,,,,10.50,262.50,25,89,12.16,139.45,5.58,6.58,Q-01-74-057,30
Drew Estate,img/icons/manufacturers/drewestate.svg,Undercrown,,img/icons/brands/undercrown.svg,Undercrown Shade,Gran Toro Tubo,,Toro,6.00,50,Parejo,,,,,,,,,,,,,,11.00,11.00,25,89,12.65,145.66,5.83,6.83,Q-01-74-044,12
Drew Estate,img/icons/manufacturers/drewestate.svg,Undercrown,,img/icons/brands/undercrown.svg,Undercrown Shade,Corona Doble,,Double Corona,7.00,54,Parejo,,,,,,,,,,,,,,12.00,300.00,25,89,13.66,158.19,6.33,7.33,Q-01-74-061,28
Drew Estate,img/icons/manufacturers/drewestate.svg,Undercrown,,img/icons/brands/undercrown.svg,Undercrown Shade,Gordito,,Gordo,6.00,60,Parejo,,,,,,,,,,,,,,12.70,317.50,25,89,14.35,166.93,6.68,7.68,Q-01-74-060,20
,,,,,,,,,,,,,,,,,,,,,,,,,,,,,,,,,,
,,,,,,,,,,,,,,,,,,,,,,,,,,,,,,,,,,
,,,,,,,,,,,,,,,,,,,,,,,,,,,,,,,,,,
,,,,,,,,,,,,,,,,,,,,,,,,,,,,,,,,,,
,,,,,,,,,,,,,,,,,,,,,,,,,,,,,,,,,,
,,,,,,,,,,,,,,,,,,,,,,,,,,,,,,,,,,
,,,,,,,,,,,,,,,,,,,,,,,,,,,,,,,,,,
,,,,,,,,,,,,,,,,,,,,,,,,,,,,,,,,,,
,,,,,,,,,,,,,,,,,,,,,,,,,,,,,,,,,,
,,,,,,,,,,,,,,,,,,,,,,,,,,,,,,,,,,
,,,,,,,,,,,,,,,,,,,,,,,,,,,,,,,,,,
,,,,,,,,,,,,,,,,,,,,,,,,,,,,,,,,,,
,,,,,,,,,,,,,,,,,,,,,,,,,,,,,,,,,,
,,,,,,,,,,,,,,,,,,,,,,,,,,,,,,,,,,
,,,,,,,,,,,,,,,,,,,,,,,,,,,,,,,,,,
,,,,,,,,,,,,,,,,,,,,,,,,,,,,,,,,,,
,,,,,,,,,,,,,,,,,,,,,,,,,,,,,,,,,,
,,,,,,,,,,,,,,,,,,,,,,,,,,,,,,,,,,
,,,,,,,,,,,,,,,,,,,,,,,,,,,,,,,,,,
,,,,,,,,,,,,,,,,,,,,,,,,,,,,,,,,,,
,,,,,,,,,,,,,,,,,,,,,,,,,,,,,,,,,,
,,,,,,,,,,,,,,,,,,,,,,,,,,,,,,,,,,
,,,,,,,,,,,,,,,,,,,,,,,,,,,,,,,,,,
,,,,,,,,,,,,,,,,,,,,,,,,,,,,,,,,,,
,,,,,,,,,,,,,,,,,,,,,,,,,,,,,,,,,,
,,,,,,,,,,,,,,,,,,,,,,,,,,,,,,,,,,
,,,,,,,,,,,,,,,,,,,,,,,,,,,,,,,,,,
,,,,,,,,,,,,,,,,,,,,,,,,,,,,,,,,,,
,,,,,,,,,,,,,,,,,,,,,,,,,,,,,,,,,,
,,,,,,,,,,,,,,,,,,,,,,,,,,,,,,,,,,
,,,,,,,,,,,,,,,,,,,,,,,,,,,,,,,,,,
,,,,,,,,,,,,,,,,,,,,,,,,,,,,,,,,,,
,,,,,,,,,,,,,,,,,,,,,,,,,,,,,,,,,,
,,,,,,,,,,,,,,,,,,,,,,,,,,,,,,,,,,
,,,,,,,,,,,,,,,,,,,,,,,,,,,,,,,,,,
,,,,,,,,,,,,,,,,,,,,,,,,,,,,,,,,,,
,,,,,,,,,,,,,,,,,,,,,,,,,,,,,,,,,,
,,,,,,,,,,,,,,,,,,,,,,,,,,,,,,,,,,
,,,,,,,,,,,,,,,,,,,,,,,,,,,,,,,,,,
,,,,,,,,,,,,,,,,,,,,,,,,,,,,,,,,,,
,,,,,,,,,,,,,,,,,,,,,,,,,,,,,,,,,,
,,,,,,,,,,,,,,,,,,,,,,,,,,,,,,,,,,
,,,,,,,,,,,,,,,,,,,,,,,,,,,,,,,,,,
,,,,,,,,,,,,,,,,,,,,,,,,,,,,,,,,,,
,,,,,,,,,,,,,,,,,,,,,,,,,,,,,,,,,,
,,,,,,,,,,,,,,,,,,,,,,,,,,,,,,,,,,
,,,,,,,,,,,,,,,,,,,,,,,,,,,,,,,,,,
,,,,,,,,,,,,,,,,,,,,,,,,,,,,,,,,,,
,,,,,,,,,,,,,,,,,,,,,,,,,,,,,,,,,,
,,,,,,,,,,,,,,,,,,,,,,,,,,,,,,,,,,
,,,,,,,,,,,,,,,,,,,,,,,,,,,,,,,,,,
,,,,,,,,,,,,,,,,,,,,,,,,,,,,,,,,,,
,,,,,,,,,,,,,,,,,,,,,,,,,,,,,,,,,,
,,,,,,,,,,,,,,,,,,,,,,,,,,,,,,,,,,
,,,,,,,,,,,,,,,,,,,,,,,,,,,,,,,,,,
,,,,,,,,,,,,,,,,,,,,,,,,,,,,,,,,,,
,,,,,,,,,,,,,,,,,,,,,,,,,,,,,,,,,,
,,,,,,,,,,,,,,,,,,,,,,,,,,,,,,,,,,
,,,,,,,,,,,,,,,,,,,,,,,,,,,,,,,,,,
,,,,,,,,,,,,,,,,,,,,,,,,,,,,,,,,,,
,,,,,,,,,,,,,,,,,,,,,,,,,,,,,,,,,,
,,,,,,,,,,,,,,,,,,,,,,,,,,,,,,,,,,
,,,,,,,,,,,,,,,,,,,,,,,,,,,,,,,,,,
,,,,,,,,,,,,,,,,,,,,,,,,,,,,,,,,,,
,,,,,,,,,,,,,,,,,,,,,,,,,,,,,,,,,,
,,,,,,,,,,,,,,,,,,,,,,,,,,,,,,,,,,
,,,,,,,,,,,,,,,,,,,,,,,,,,,,,,,,,,
,,,,,,,,,,,,,,,,,,,,,,,,,,,,,,,,,,
,,,,,,,,,,,,,,,,,,,,,,,,,,,,,,,,,,
,,,,,,,,,,,,,,,,,,,,,,,,,,,,,,,,,,
,,,,,,,,,,,,,,,,,,,,,,,,,,,,,,,,,,
,,,,,,,,,,,,,,,,,,,,,,,,,,,,,,,,,,
,,,,,,,,,,,,,,,,,,,,,,,,,,,,,,,,,,